score,gender,region,highest_education,imd_band,age_band,studied_credits,date_registration,late_ratio,completion_ratio,navigation_mean_click_interval,navigation_std_click_interval,navigation_mean_clicks,navigation_click_variance,input_mean_click_interval,input_std_click_interval,input_mean_clicks,input_click_variance,output_mean_click_interval,output_std_click_interval,output_mean_clicks,output_click_variance,early_score,late_score,mid_score,module_presentation
group1,F,North Western Region,A Level or Equivalent,10-20,0-35,90,-74.0,0.75,1.0,1.505813953488372,1.1622577998251742,5.040462427745664,1.060018943585858,7.366666666666666,9.271697137854103,16.548387096774192,3.793730913093736,2.098360655737705,2.2431155873636883,11.926829268292684,0.9967278205600298,51.666666666666664,27.5,19.0,CCC_2014B
group3,M,East Midlands Region,Lower Than A Level,60-70%,0-35,30,-22.0,0.5,1.0,4.754716981132075,5.40976915609216,8.555555555555555,0.9052795801477115,7.096774193548387,11.361792225729406,12.4375,1.0755060270927215,9.625,12.6930741128689,22.84,1.2142729239003638,47.0,66.5,60.0,CCC_2014B
group1,M,South East Region,HE Qualification,90-100%,35-55,60,-22.0,0.5,1.0,1.446927374301676,1.055339047857053,5.705555555555556,0.9999819857317499,4.053571428571429,5.299810092162455,3.1228070175438596,1.4657000828054034,1.6830985915492958,1.1321837200853802,23.944055944055943,1.8643759538044367,65.33333333333333,55.0,67.0,CCC_2014B
group3,M,East Anglian Region,Lower Than A Level,50-60%,0-35,60,-28.0,0.875,1.0,2.443396226415094,3.672498017579926,6.252336448598131,1.0065974462997056,4.784313725490196,6.9435256908582,5.846153846153846,1.842105263157895,3.9692307692307693,6.351597315757545,31.939393939393938,1.8187333636649567,93.33333333333333,88.5,94.0,CCC_2014B
group3,M,London Region,A Level or Equivalent,30-40%,0-35,90,-46.0,0.6666666666666666,0.75,2.1880341880341883,1.437980048370198,3.7796610169491527,0.9396090298625143,7.454545454545454,7.293365602942295,2.411764705882353,1.1946240874398497,3.8484848484848486,3.0896473497667567,11.432835820895523,1.6439686070352593,91.5,75.5,76.0,CCC_2014B
group3,M,Scotland,Post Graduate Qualification,80-90%,35-55,60,-29.0,0.5,1.0,5.95,7.455681021018768,4.804878048780488,0.8276758319817985,6.076923076923077,7.098497303486939,6.375,1.5019915012473606,11.777777777777779,16.972488311297322,21.42105263157895,0.7141640180476605,72.66666666666667,70.0,78.33333333333333,CCC_2014B
group1,M,South Region,HE Qualification,40-50%,35-55,60,-123.0,0.75,1.0,3.436619718309859,3.504007478653946,5.180555555555555,1.1127491098835454,5.066666666666666,6.450510902951092,14.23913043478261,1.962820317220209,6.833333333333333,10.648241989702543,37.67741935483871,1.0634271643735482,80.66666666666667,65.0,75.33333333333333,CCC_2014B
group1,F,South Region,A Level or Equivalent,10-20,0-35,120,-79.0,1.0,0.5,4.046875,3.4934391455258047,3.169230769230769,0.912104790800625,13.5,12.467605081593987,8.0,2.222048604328897,11.166666666666666,18.359962834769508,26.68421052631579,0.847189979079679,78.0,61.0,88.0,CCC_2014B
group1,M,East Midlands Region,HE Qualification,90-100%,35-55,60,-22.0,0.8333333333333334,0.75,6.742857142857143,6.6081182564143255,5.027777777777778,0.8126431424791611,8.772727272727273,9.355069001205496,2.391304347826087,1.0298038006186394,14.533333333333333,14.865428092757785,19.3125,0.7683954738241919,65.33333333333333,40.5,67.0,CCC_2014B
group1,M,East Anglian Region,A Level or Equivalent,50-60%,0-35,60,-85.0,0.7142857142857143,0.875,5.042553191489362,6.759719079603282,3.4166666666666665,1.098102847267359,13.705882352941176,16.769632918919072,2.5555555555555554,0.905768115478246,11.444444444444445,15.170490791324887,16.68421052631579,1.2320378987645946,63.333333333333336,51.0,62.5,CCC_2014B
group3,M,London Region,HE Qualification,0-10%,0-35,30,-17.0,0.6666666666666666,0.75,2.234234234234234,1.9162223962547436,5.285714285714286,0.986764122352902,3.310810810810811,2.880856397003415,3.493333333333333,0.7017712985999938,5.239130434782608,6.64056484414356,34.808510638297875,1.1500094282521496,100.0,89.0,100.0,CCC_2014B
group1,F,West Midlands Region,A Level or Equivalent,0-10%,35-55,120,-268.0,0.875,1.0,4.0,4.4472213547087796,4.3076923076923075,1.1773261819799603,9.347826086956522,14.32610045163015,6.333333333333333,0.9719044901378627,8.444444444444445,9.625020812498311,16.714285714285715,1.0740532920219996,55.333333333333336,48.0,41.0,CCC_2014B
group3,M,Scotland,A Level or Equivalent,10-20,35-55,60,-176.0,0.5,1.0,2.016949152542373,2.2531385549539085,3.764705882352941,1.1403956471956813,2.574712643678161,2.6264848907965312,28.09090909090909,1.73135680332845,3.0,3.3082388735465345,19.256756756756758,1.0562382655550087,79.66666666666667,69.0,80.0,CCC_2014B
group3,M,South West Region,A Level or Equivalent,50-60%,0-35,60,-22.0,0.5,1.0,7.714285714285714,10.323856381314618,5.551724137931035,0.603156441555787,10.944444444444445,14.806485948522388,2.8947368421052633,0.6620778711284772,21.6,26.978180483906286,42.09090909090909,1.0517404970946358,90.66666666666667,88.0,90.0,CCC_2014B
group1,M,West Midlands Region,Lower Than A Level,0-10%,35-55,60,-108.0,1.0,0.5,2.727272727272727,3.164920048479998,8.438202247191011,0.9152017589497118,3.9833333333333334,4.9282708029637154,19.40983606557377,0.9224898633244974,7.181818181818182,8.029066514291003,31.029411764705884,1.1089662568767857,74.5,85.0,75.0,CCC_2014B
group3,M,East Midlands Region,A Level or Equivalent,20-30%,0-35,120,-150.0,0.5,1.0,2.86046511627907,2.3771599005717845,3.6206896551724137,0.9421995462123945,8.48,8.665640964945025,1.8846153846153846,0.9228913513955113,8.571428571428571,8.685571566635868,19.137931034482758,1.5878996218252517,85.66666666666667,88.0,89.33333333333333,CCC_2014B
group3,M,London Region,A Level or Equivalent,10-20,0-35,30,-122.0,0.5,1.0,2.0483870967741935,1.7337155865702736,6.632,1.2072577400818951,3.4166666666666665,4.297886804688496,5.767123287671233,2.1958511923681705,3.2465753424657535,4.751551857369595,44.21621621621622,1.4638069014877297,97.33333333333333,96.5,97.0,CCC_2014B
group3,M,South East Region,A Level or Equivalent,70-80%,0-35,30,-45.0,0.5,1.0,2.5,2.1143076951340287,4.135922330097087,0.9960744214788272,4.686274509803922,5.56233834310151,5.461538461538462,1.4102805015446735,6.057142857142857,7.18226106108514,29.86111111111111,1.5095616647511678,98.66666666666667,96.0,97.33333333333333,CCC_2014B
group1,F,London Region,A Level or Equivalent,30-40%,0-35,90,-92.0,0.5,1.0,3.0,2.756809750418044,4.012195121951219,0.9272708894231287,5.170212765957447,5.549458057896755,2.1041666666666665,0.6737767437960034,10.947368421052632,19.20206494743766,24.0,0.8691271163900276,60.0,52.0,61.333333333333336,CCC_2014B
group1,F,London Region,Lower Than A Level,30-40%,35-55,60,-157.0,1.0,0.5,3.4166666666666665,3.7218426452573645,5.068493150684931,0.8127094886422487,5.5813953488372094,7.461751862919818,3.1363636363636362,1.1264329015549592,7.5,10.75350784788307,26.93548387096774,1.2890756722475696,77.0,35.0,73.0,CCC_2014B
group3,M,Scotland,HE Qualification,90-100%,35-55,30,-29.0,0.5,1.0,1.4153005464480874,1.0441810463359182,12.222826086956522,0.7272766263502568,2.7666666666666666,3.054008233802724,2.934065934065934,1.1619061712150784,1.579268292682927,1.5742746156926513,28.024242424242424,1.0342398716899965,99.33333333333333,98.5,97.66666666666667,CCC_2014B
group3,F,East Anglian Region,HE Qualification,20-30%,0-35,90,-128.0,1.0,0.625,3.3205128205128207,3.2413464804502166,5.974683544303797,0.8892401189125447,8.814814814814815,14.166691804904795,2.0,0.8556534679079242,4.636363636363637,4.34342259805788,14.357142857142858,1.2557631802305134,94.0,100.0,100.0,CCC_2014B
group1,M,East Midlands Region,Lower Than A Level,20-30%,0-35,120,-218.0,0.625,1.0,2.7906976744186047,2.7099653962182635,3.4022988505747125,0.855417146924241,3.6363636363636362,3.656969588802533,4.522388059701493,1.1968054287658594,5.676470588235294,5.54169095862688,25.97142857142857,1.2613921064039204,72.33333333333333,64.0,65.66666666666667,CCC_2014B
group1,M,Scotland,HE Qualification,90-100%,0-35,90,-136.0,0.5,1.0,4.428571428571429,6.014700605734534,3.543859649122807,0.868639090318014,9.26923076923077,13.548601971591586,3.4814814814814814,0.8541168643263424,9.037037037037036,13.486407634473714,19.178571428571427,1.0527510964705706,60.0,60.5,73.33333333333333,CCC_2014B
group1,M,West Midlands Region,A Level or Equivalent,10-20,0-35,120,-269.0,0.5,0.75,5.96969696969697,5.587289417087952,3.2058823529411766,1.036697247706422,12.461538461538462,18.550001727831837,1.5,0.549169647365276,12.5,21.047565179849187,34.0,0.7687674942449196,34.666666666666664,26.0,34.5,CCC_2014B
group3,F,South East Region,A Level or Equivalent,40-50%,0-35,90,-29.0,0.5,1.0,2.58,2.2164672956593052,4.376237623762377,0.8633289694917494,4.339285714285714,4.477323818022165,5.052631578947368,0.8142786798870019,5.0638297872340425,5.565437813627451,84.02083333333333,1.3057943003254473,91.66666666666667,89.0,91.66666666666667,CCC_2014B
group1,M,Yorkshire Region,A Level or Equivalent,60-70%,0-35,60,-137.0,0.5,1.0,6.205128205128205,5.454015841462177,6.0,0.932440048713291,11.736842105263158,10.524268806816398,6.7,1.5432431646891451,7.862068965517241,7.567430862070479,21.1,1.141340733716346,68.0,54.0,57.333333333333336,CCC_2014B
group1,M,South East Region,Lower Than A Level,70-80%,0-35,60,-148.0,0.5714285714285714,0.875,4.421052631578948,5.493331569214014,7.017241379310345,1.3450489622599662,7.303030303030303,10.023362860352957,7.0,1.207221169952413,6.478260869565218,7.768640721266911,16.75,1.3488276965742019,76.0,26.0,35.0,CCC_2014B
group1,M,North Region,A Level or Equivalent,50-60%,0-35,60,-95.0,0.5,1.0,2.5473684210526315,2.676805102040735,5.770833333333333,1.0949465030272725,3.1025641025641026,3.9791330504897457,7.886075949367089,1.3572166572403173,5.627906976744186,7.371189914324919,27.613636363636363,1.5410631982923104,53.0,53.0,56.666666666666664,CCC_2014B
group3,M,London Region,HE Qualification,60-70%,0-35,30,-44.0,0.5,1.0,3.2531645569620253,4.336690083788586,5.4625,1.0532059919155536,4.333333333333333,4.786209504236073,3.8979591836734695,0.8361241791697227,12.7,16.006906404161263,28.714285714285715,1.0971474745341716,98.0,87.5,98.0,CCC_2014B
group3,F,Wales,A Level or Equivalent,80-90%,0-35,90,-99.0,0.5,1.0,1.9694656488549618,1.4408273867560633,3.8636363636363638,1.0555723505816985,4.96078431372549,5.10670455113168,2.6538461538461537,1.5250481620789444,3.7761194029850746,4.1844622243173655,48.5,1.0905815544411492,79.33333333333333,77.0,81.0,CCC_2014B
group3,M,Wales,A Level or Equivalent,40-50%,0-35,150,-93.0,0.8333333333333334,0.75,1.9615384615384615,1.6301607194928542,4.221374045801527,1.048955532139579,3.7936507936507935,3.746648955028627,3.375,0.891200697445627,7.7,10.065817883072016,17.548387096774192,1.647579848000191,88.33333333333333,70.5,100.0,CCC_2014B
group3,F,South East Region,A Level or Equivalent,90-100%,0-35,120,-149.0,0.5,1.0,1.6470588235294117,1.4023973282397078,3.811688311688312,0.9022803338983537,6.457142857142857,9.71760941657511,2.8055555555555554,1.0179739455546277,2.0,1.7811271131234423,12.567796610169491,1.086378499078257,93.33333333333333,100.0,93.33333333333333,CCC_2014B
group3,M,North Region,A Level or Equivalent,10-20,0-35,120,-268.0,1.0,0.625,1.15625,0.5337541547921172,5.84,0.8624759746347778,2.3333333333333335,3.3644164792150852,3.8969072164948453,1.2909727639236577,1.2617801047120418,0.6685057759243369,26.588541666666668,2.0768713719725134,89.0,100.0,85.0,CCC_2014B
group3,F,North Region,A Level or Equivalent,0-10%,35-55,120,-67.0,0.8,0.625,1.8905109489051095,1.998818886966487,6.5,0.9677502805150339,2.8043478260869565,3.4585111782377145,5.516129032258065,0.8966776845094845,3.707692307692308,4.47815209141518,26.727272727272727,1.1039969621445762,76.5,68.0,83.0,CCC_2014B
group1,M,East Anglian Region,A Level or Equivalent,80-90%,0-35,60,-40.0,0.5,1.0,3.967741935483871,5.6480599946178645,4.333333333333333,0.7525667546489642,8.961538461538462,15.873199473907633,1.5925925925925926,0.46044162495868207,8.583333333333334,17.839664323871283,25.2,0.806795901768287,71.33333333333333,41.5,32.0,CCC_2014B
group3,M,East Anglian Region,A Level or Equivalent,30-40%,0-35,120,-209.0,0.6666666666666666,0.75,2.466666666666667,2.3658900856624547,4.39622641509434,0.9086253515458944,4.553191489361702,4.937912385148632,2.5625,0.7962085447905852,6.45945945945946,10.177847935029714,75.13157894736842,1.3118061890945107,95.33333333333333,80.0,94.5,CCC_2014B
group3,M,South Region,HE Qualification,90-100%,35-55,90,-260.0,0.625,1.0,3.223684210526316,3.0923504941948887,4.428571428571429,1.0980672040106183,7.090909090909091,8.632654705982816,3.0,0.6617465502229884,6.647058823529412,9.048295848059496,45.4,1.1285765363772802,93.33333333333333,100.0,98.0,CCC_2014B
group3,F,West Midlands Region,A Level or Equivalent,90-100%,0-35,60,-127.0,1.0,0.5,2.5555555555555554,1.7509310772238322,4.74,0.9047755584054901,6.17948717948718,7.566796565020779,2.475,0.8758804802320144,3.4857142857142858,2.7649087682768867,14.267605633802816,1.0795462569326457,86.5,74.0,88.0,CCC_2014B
group1,M,South Region,Lower Than A Level,80-90%,0-35,60,-25.0,0.5,1.0,2.2920353982300883,3.4399995222414628,7.684210526315789,1.1925153879603816,3.0869565217391304,3.1749901826378215,10.614285714285714,1.2200232131497715,3.328125,4.239102508711611,49.76923076923077,1.2333821415952189,66.66666666666667,57.0,55.333333333333336,CCC_2014B
group3,M,Scotland,HE Qualification,0-10%,0-35,120,-29.0,0.5714285714285714,0.875,4.636363636363637,4.440402202185262,4.732142857142857,0.8753985005183988,7.387096774193548,7.337926225461972,4.5,1.5010284540118106,11.833333333333334,14.617676648094092,34.68421052631579,1.272137835579112,63.0,89.5,81.5,CCC_2014B
group3,F,Wales,A Level or Equivalent,20-30%,0-35,90,-107.0,1.0,0.625,2.54,2.455338442799051,4.514851485148514,0.8308596711642277,5.825,7.571496820481674,2.1707317073170733,0.9963954731413646,3.6875,3.9435500886367985,32.738461538461536,1.6264522042506675,88.5,76.0,85.0,CCC_2014B
group3,F,Ireland,A Level or Equivalent,60-70%,0-35,150,-138.0,0.5,1.0,2.098360655737705,1.8737412791656038,7.382113821138211,0.9875459221324158,2.8795180722891565,3.469018242931473,5.238095238095238,1.4421202251551888,3.8,5.174251767737265,59.32786885245902,1.2259195854540688,58.666666666666664,81.5,68.33333333333333,CCC_2014B
group3,M,West Midlands Region,A Level or Equivalent,10-20,0-35,90,-123.0,0.5,1.0,5.0625,4.642111817660102,4.673469387755102,0.9245274758301987,6.394736842105263,8.1656481303284,8.128205128205128,1.209983777976751,16.071428571428573,16.27865183283018,19.466666666666665,0.9777142356872052,80.33333333333333,70.0,85.0,CCC_2014B
group1,M,Wales,Lower Than A Level,20-30%,35-55,135,-36.0,0.5,0.75,1.976923076923077,1.6209165012777462,3.351145038167939,0.9187666684718698,2.741573033707865,2.6221438569493634,5.766666666666667,1.6267440592857452,6.275,7.193257170291405,21.853658536585368,1.0821726923044157,54.0,28.0,42.0,CCC_2014B
group1,M,Wales,A Level or Equivalent,20-30%,0-35,120,-54.0,0.7142857142857143,0.875,4.473684210526316,4.762597067469351,5.327586206896552,0.8221657211387335,10.608695652173912,10.334140815915083,4.083333333333333,1.1933105229423444,10.409090909090908,13.549412536585491,23.608695652173914,1.0460534847327172,65.33333333333333,40.5,87.0,CCC_2014B
group3,F,London Region,HE Qualification,50-60%,35-55,90,-29.0,1.0,0.5,3.342857142857143,2.9727541238295068,4.535211267605634,0.9542099190308133,5.921052631578948,7.70532135867144,2.8974358974358974,0.7197035614636269,12.941176470588236,12.789011827714125,43.5,0.6128471959062549,100.0,87.0,88.0,CCC_2014B
group1,M,East Anglian Region,A Level or Equivalent,90-100%,0-35,120,-273.0,0.42857142857142855,0.875,4.69811320754717,4.963656010133819,4.925925925925926,1.2501116463227626,6.925925925925926,11.57226766530134,12.285714285714286,1.0409737193983795,12.4,17.708754896942924,60.09090909090909,0.7691636180932259,61.0,26.0,60.666666666666664,CCC_2014B
group1,M,Scotland,Lower Than A Level,40-50%,0-35,90,-131.0,1.0,0.5,1.5605095541401275,1.3025496674315655,5.886075949367089,0.6968173357146953,1.7067669172932332,1.2357181379558206,50.55223880597015,4.29104379729511,2.4489795918367347,2.470954775938616,20.87878787878788,1.2451950534089185,78.5,65.0,59.0,CCC_2014B
group1,M,London Region,A Level or Equivalent,10-20,0-35,90,-268.0,0.5,1.0,4.592592592592593,4.9125120135952525,5.163636363636364,0.9528796186014904,7.903225806451613,11.660059573060158,3.25,0.8320502943378437,9.791666666666666,12.510792442376777,20.36,1.2423029296228354,82.0,64.0,67.66666666666667,CCC_2014B
group3,M,East Anglian Region,Lower Than A Level,40-50%,35-55,90,-51.0,0.5,1.0,2.59,3.5135955281383113,5.653465346534653,0.8941445867964903,3.4057971014492754,5.233710978386712,11.242857142857142,1.323671933188626,5.382978723404255,7.3972767947264435,13.375,1.4281340183577929,73.33333333333333,81.5,77.33333333333333,CCC_2014B
group3,M,Scotland,HE Qualification,30-40%,0-35,90,-29.0,0.5,1.0,2.9770114942528734,3.4539394814800692,3.727272727272727,0.8812610617141301,5.311111111111111,5.363268263348987,7.304347826086956,3.652948596231819,4.934782608695652,5.92697102298015,14.425531914893616,1.0182867783004175,81.0,87.0,91.66666666666667,CCC_2014B
group3,M,Scotland,HE Qualification,50-60%,0-35,60,-155.0,0.5,1.0,3.6,4.136791447276606,4.605633802816901,1.2594637030538078,9.0,9.60832971957145,4.666666666666667,1.0546302185880998,7.32258064516129,8.263926011181344,83.65625,1.5391714600895878,84.66666666666667,51.0,81.0,CCC_2014B
group3,F,Scotland,HE Qualification,90-100%,0-35,60,-75.0,0.5,1.0,2.5544554455445545,2.4636365297046265,3.0588235294117645,1.0244785078359386,7.0285714285714285,7.6060568522945005,5.194444444444445,2.302938553273589,2.7157894736842105,3.1273098965804014,7.71875,1.2041591175790625,77.33333333333333,72.0,72.0,CCC_2014B
group3,M,London Region,A Level or Equivalent,30-40%,0-35,30,-17.0,0.5,1.0,2.2410714285714284,1.8220151981362234,5.079646017699115,0.828272174254101,4.0,4.794064126339741,2.918032786885246,0.8693899638416771,4.120689655172414,3.361691231669573,27.8135593220339,1.1346497607332058,95.33333333333333,96.0,97.33333333333333,CCC_2014B
group3,M,South East Region,A Level or Equivalent,40-50%,0-35,120,-242.0,0.5,1.0,5.409090909090909,7.065534367513903,4.511111111111111,0.8700684443018863,8.884615384615385,12.50704416903346,3.4444444444444446,1.277354185369247,8.538461538461538,12.493936991135401,14.148148148148149,1.2329148166861943,83.66666666666667,66.0,79.33333333333333,CCC_2014B
group3,M,South West Region,A Level or Equivalent,60-70%,0-35,60,-74.0,0.5,1.0,1.0889830508474576,0.3397831344179814,10.38396624472574,0.7892373238794138,2.1842105263157894,2.130959273264741,4.469565217391304,0.8613954666231995,1.1681818181818182,0.6508767277575724,30.76923076923077,0.9284506385561346,96.0,97.5,97.0,CCC_2014B
group3,M,East Anglian Region,A Level or Equivalent,90-100%,0-35,60,-17.0,0.625,1.0,2.110169491525424,2.5445900323167088,7.243697478991597,1.0138268683600933,2.5416666666666665,4.072802388803759,7.329896907216495,0.8601088704204645,3.410958904109589,4.078519667580779,33.770270270270274,1.0013332982940686,78.33333333333333,84.0,90.0,CCC_2014B
group3,M,Scotland,A Level or Equivalent,90-100%,0-35,60,-208.0,0.5,1.0,2.963855421686747,2.6889375140475016,4.142857142857143,1.240980140164938,5.219512195121951,5.981271583542881,2.738095238095238,0.9762781840375209,5.55,8.341893039782965,41.34146341463415,0.7344329486589725,83.33333333333333,84.0,85.33333333333333,CCC_2014B
group3,M,South West Region,A Level or Equivalent,60-70%,0-35,90,-181.0,0.625,1.0,3.6307692307692307,4.435542634395308,3.772727272727273,0.9121418253943383,6.628571428571429,9.197460372892309,13.166666666666666,3.5071515737864223,16.25,22.978745119625817,48.15384615384615,1.3947635536815837,98.66666666666667,99.0,96.33333333333333,CCC_2014B
group3,F,South West Region,A Level or Equivalent,40-50%,0-35,90,-109.0,1.0,0.625,1.4230769230769231,0.8932623086536219,4.46448087431694,1.2581250014789414,9.708333333333334,11.30786246923743,2.04,0.945252611230898,1.4311377245508983,0.9280049978843894,21.732142857142858,1.3282327003364267,81.66666666666667,80.0,83.0,CCC_2014B
group3,M,East Anglian Region,Lower Than A Level,80-90%,0-35,120,-24.0,0.5,1.0,2.1880341880341883,2.3669113583173,4.211864406779661,1.137746458235139,3.5652173913043477,4.836984539704479,3.5,0.9988331384590546,3.890625,4.6602581422471605,17.923076923076923,1.376247029457686,89.33333333333333,92.5,95.66666666666667,CCC_2014B
group3,M,East Midlands Region,A Level or Equivalent,20-30%,0-35,60,-178.0,1.0,0.5,1.4597701149425288,0.959342232522743,6.462857142857143,1.0123741790419758,2.4019607843137254,2.2918702809246243,5.932038834951456,0.9016384288866893,1.7046979865771812,1.2330107938015198,14.513333333333334,1.4182409213652518,82.0,87.0,67.0,CCC_2014B
group1,M,South East Region,Lower Than A Level,50-60%,0-35,90,-236.0,0.5,1.0,4.591836734693878,4.348938411396792,3.16,0.8846281118813238,12.714285714285714,19.225098064883717,1.4666666666666666,0.6523954588366966,9.409090909090908,14.578716028476618,19.565217391304348,0.9357693078589745,43.0,43.0,47.666666666666664,CCC_2014B
group3,M,West Midlands Region,A Level or Equivalent,70-80%,35-55,120,-178.0,0.5,1.0,1.295,0.9231663885262085,10.621890547263682,0.894256460961178,4.622641509433962,6.152630504021272,3.0185185185185186,1.287013628499244,1.4438202247191012,1.2886690068850744,30.720670391061454,1.4471690824878396,100.0,97.5,98.0,CCC_2014B
group1,M,Wales,Lower Than A Level,60-70%,35-55,60,-28.0,0.875,1.0,3.3661971830985915,3.562661271015244,6.069444444444445,1.089896061320761,4.14,4.857184873767848,12.0,1.1265270439842474,8.04,11.096095409347079,27.46153846153846,1.1158659804313085,72.33333333333333,48.0,66.66666666666667,CCC_2014B
group3,M,East Anglian Region,HE Qualification,20-30%,0-35,30,-25.0,0.5,1.0,4.063492063492063,4.4245393996584035,6.671875,0.9728163592356556,7.205882352941177,7.065835050115218,3.7142857142857144,0.8884532134142098,7.866666666666666,11.211857434271842,21.516129032258064,0.8007372599956959,92.66666666666667,88.0,92.33333333333333,CCC_2014B
group3,M,Scotland,HE Qualification,70-80%,0-35,60,-82.0,0.5,1.0,7.264705882352941,7.21660049040725,3.257142857142857,0.5605805371463319,12.894736842105264,14.677627483282567,1.4,0.47380354147934295,16.333333333333332,24.350969117669568,21.846153846153847,0.8686698932596107,58.666666666666664,58.0,63.0,CCC_2014B
group3,F,Wales,A Level or Equivalent,60-70%,0-35,150,-68.0,0.5,1.0,5.304347826086956,6.26407593687969,6.425531914893617,0.9981892293764173,10.083333333333334,9.95169492519028,6.08,1.9813010918637528,8.785714285714286,16.22608129788934,44.6551724137931,1.7872950115208293,90.66666666666667,80.0,90.66666666666667,CCC_2014B
group1,M,North Western Region,HE Qualification,90-100%,0-35,60,-17.0,1.0,0.375,7.4375,10.260910794007549,3.757575757575758,0.6682365318021483,9.869565217391305,13.063844442603921,1.75,0.723746864455746,18.727272727272727,21.166439989241976,33.083333333333336,1.022095978655176,70.0,26.0,32.0,CCC_2014B
group3,F,South West Region,Lower Than A Level,30-40%,0-35,90,-228.0,1.0,0.5,2.311320754716981,2.094724473515811,3.7663551401869158,1.0698099008224267,4.959183673469388,5.53383224535474,6.48,1.0834344506289397,6.051282051282051,6.039121223753972,22.875,1.217986084168152,92.0,74.0,88.0,CCC_2014B
group3,F,East Midlands Region,A Level or Equivalent,60-70%,0-35,60,-172.0,0.5,1.0,3.4078947368421053,3.1205881137116767,5.012987012987013,0.8701115734079902,9.25925925925926,10.025324059955494,2.857142857142857,1.0062305898749053,6.475,7.87071006473221,26.073170731707318,1.2476504725450555,100.0,97.5,97.33333333333333,CCC_2014B
group1,F,West Midlands Region,A Level or Equivalent,40-50%,0-35,60,-23.0,0.8571428571428571,0.875,10.318181818181818,14.38380823683142,3.739130434782609,0.9271752083371895,21.0,21.6794833886788,4.1,0.7272220251646623,16.5,19.523878154245335,42.46153846153846,0.844327290704871,61.666666666666664,20.5,55.0,CCC_2014B
group3,M,Scotland,A Level or Equivalent,80-90%,35-55,60,-204.0,0.5,1.0,6.684210526315789,8.84125851124086,4.641025641025641,0.9873903558901703,12.764705882352942,13.613088425136606,6.722222222222222,1.877634296810187,8.96,12.095040305844375,21.807692307692307,0.8791086627429184,100.0,97.0,95.33333333333333,CCC_2014B
group3,M,West Midlands Region,HE Qualification,60-70%,0-35,60,-218.0,0.5,1.0,2.56,2.857985445743349,4.851485148514851,0.9660975312134604,6.96,9.632756614801394,1.7692307692307692,0.5929644216080807,3.6551724137931036,4.714857904271481,10.11864406779661,1.3351271150555535,94.0,90.0,92.0,CCC_2014B
group3,M,South Region,Lower Than A Level,90-100%,0-35,60,-171.0,1.0,0.5,3.746268656716418,3.4786939537274164,4.014705882352941,0.8559444990116113,9.037037037037036,9.099794932099723,2.607142857142857,1.1245398967392077,8.461538461538462,16.514795231502617,33.48148148148148,0.9570777026316193,81.5,85.0,92.0,CCC_2014B
group1,M,North Western Region,A Level or Equivalent,50-60%,0-35,120,-82.0,0.75,1.0,3.84375,4.462253505708337,4.476923076923077,0.9788326671361306,6.96875,8.042164589855307,2.8484848484848486,1.1105690041153522,9.181818181818182,12.938080978025273,28.26086956521739,1.3719972053036211,47.333333333333336,40.5,33.0,CCC_2014B
group1,M,Yorkshire Region,HE Qualification,80-90%,0-35,30,-103.0,0.5,1.0,2.1147540983606556,2.1520573332230097,3.991869918699187,1.2699386852820391,6.9714285714285715,7.785679592860798,3.6666666666666665,0.9642365197998375,5.487179487179487,8.780576035748917,23.5,0.7868314093994752,82.0,82.5,78.33333333333333,CCC_2014B
group3,M,North Western Region,HE Qualification,40-50%,35-55,60,-24.0,0.5714285714285714,0.875,2.3035714285714284,2.008267980907997,4.522123893805309,0.902986400025991,2.8351648351648353,2.486692297739828,3.4239130434782608,1.1140053009441295,4.6909090909090905,6.1760371067080175,23.017857142857142,0.9890019528297725,95.33333333333333,95.5,92.5,CCC_2014B
group3,M,West Midlands Region,HE Qualification,60-70%,35-55,60,-214.0,1.0,0.5,3.859375,4.0702840566215155,13.2,0.9084302183487173,5.5813953488372094,5.508575816892606,13.454545454545455,1.7695415768659186,5.040816326530612,5.718971293253817,70.5,1.0734215346529936,98.0,100.0,100.0,CCC_2014B
group3,M,East Anglian Region,HE Qualification,60-70%,35-55,90,-95.0,0.5,1.0,1.1217391304347826,0.43126352569296544,4.922077922077922,0.8203895628394872,2.926829268292683,2.866496497123568,5.192771084337349,0.9875981199684466,1.305699481865285,0.9654546925594937,11.489690721649485,1.369887319734811,93.66666666666667,85.0,87.0,CCC_2014B
group1,M,North Western Region,A Level or Equivalent,50-60%,0-35,60,-210.0,0.5,1.0,4.135593220338983,3.6457704692473447,3.433333333333333,0.7929727176789424,9.76,9.675053832752905,2.5384615384615383,1.1419056776616228,6.757575757575758,9.300639437124417,26.941176470588236,1.04544120457228,79.0,69.5,76.66666666666667,CCC_2014B
group3,M,Yorkshire Region,A Level or Equivalent,70-80%,0-35,60,-92.0,0.5,1.0,2.5247524752475248,2.3004089175880904,4.911764705882353,0.9843153041690668,4.350877192982456,3.943761928078749,5.448275862068965,1.057227284231709,4.537037037037037,6.175768114973482,27.181818181818183,1.5092026514882035,91.0,91.0,92.33333333333333,CCC_2014B
group3,M,Wales,HE Qualification,80-90%,0-35,90,-22.0,0.625,1.0,2.386138613861386,2.2714325745207717,4.1568627450980395,0.829075690473432,7.2727272727272725,8.235869441324665,3.411764705882353,0.8354511337645324,3.08974358974359,3.299688680458413,16.20253164556962,1.3181852315541622,88.0,79.0,63.0,CCC_2014B
group1,M,East Midlands Region,A Level or Equivalent,70-80%,0-35,120,-204.0,0.5,1.0,4.6,6.34385091600082,3.75,0.6156684327197709,15.466666666666667,20.677339793899527,1.375,0.5677270907634907,7.027777777777778,8.76840468015252,9.405405405405405,2.1446717367088017,68.33333333333333,47.0,77.66666666666667,CCC_2014B
group3,M,Scotland,A Level or Equivalent,90-100%,35-55,60,-143.0,0.5,1.0,3.0,3.922784125352509,10.183908045977011,1.0686884445743934,5.478260869565218,6.765070847735389,4.425531914893617,1.1697225054024438,3.6857142857142855,4.52542849966609,27.830985915492956,1.0360974206459006,91.33333333333333,82.0,94.33333333333333,CCC_2014B
group3,M,Yorkshire Region,A Level or Equivalent,0-10%,0-35,90,-25.0,0.5,1.0,5.809523809523809,7.924146780993923,3.13953488372093,0.7480381290576074,20.4,19.155503995805837,1.7272727272727273,0.7021928454803332,16.416666666666668,21.458028094328,16.0,1.122058119295486,68.0,54.0,66.33333333333333,CCC_2014B
group1,F,North Region,A Level or Equivalent,30-40%,0-35,60,-193.0,1.0,0.5,3.0,3.6002812829632767,3.753086419753086,0.92160462782459,6.416666666666667,9.986776971862056,1.6756756756756757,0.6366372372900179,5.944444444444445,10.031221103404949,30.135135135135137,0.8411274726250528,60.5,78.0,53.0,CCC_2014B
group3,M,Wales,HE Qualification,0-10%,0-35,120,-138.0,0.5,1.0,5.395348837209302,4.816338932088212,3.0681818181818183,1.0501551260417266,27.625,21.55350485254246,2.5555555555555554,1.0614396187594524,8.909090909090908,11.405550406998344,10.217391304347826,0.8127102576436025,78.66666666666667,89.0,79.0,CCC_2014B
group1,M,South West Region,A Level or Equivalent,80-90%,0-35,120,-200.0,0.625,1.0,3.5,3.6265926036768277,2.816901408450704,1.105576772549062,24.77777777777778,22.70890672058971,1.7,0.7463869141440894,12.333333333333334,20.651164331225832,24.105263157894736,1.284362548149305,68.33333333333333,51.0,51.0,CCC_2014B
group1,M,London Region,Lower Than A Level,40-50%,0-35,240,-64.0,0.75,1.0,1.5740740740740742,1.096609996836697,6.245398773006135,1.0768224683180394,2.2358490566037736,2.127157221191176,43.18691588785047,2.078593503858935,7.275862068965517,9.277070626489106,18.9,1.413688890435077,75.66666666666667,57.0,66.33333333333333,CCC_2014B
group1,F,Yorkshire Region,Lower Than A Level,10-20,0-35,120,-110.0,1.0,0.5,7.029411764705882,8.20009347366401,6.6571428571428575,0.9872737338155724,9.826086956521738,11.344410613774215,18.041666666666668,1.8832681008447505,15.142857142857142,16.883570269790248,19.933333333333334,1.1165961439535106,55.0,35.0,23.0,CCC_2014B
group1,M,East Anglian Region,Lower Than A Level,80-90%,0-35,90,-67.0,0.5,0.75,9.0,11.47170431975999,4.136363636363637,0.8876645286485446,23.625,18.692530975919613,1.4444444444444444,0.6617173282340482,7.4375,10.899350133532426,18.470588235294116,0.9821214063927143,55.666666666666664,67.0,72.0,CCC_2014B
group1,M,North Western Region,A Level or Equivalent,10-20,0-35,90,-139.0,0.6666666666666666,0.75,5.377777777777778,6.339948698132304,3.369565217391304,0.9371731133194254,14.133333333333333,13.292676107362206,3.4375,1.0587689717484121,9.761904761904763,13.772816567081557,23.09090909090909,0.7550745925239972,72.33333333333333,51.0,71.0,CCC_2014B
group3,F,South Region,A Level or Equivalent,90-100%,0-35,240,-22.0,0.5,1.0,4.627450980392157,4.84958053573183,3.173076923076923,0.8262675656171052,9.238095238095237,7.968091125889324,3.6818181818181817,1.2129590362139187,9.823529411764707,16.047722946409124,24.77777777777778,0.7620284281463148,97.0,98.0,98.66666666666667,CCC_2014B
group3,M,South Region,HE Qualification,80-90%,35-55,60,-50.0,0.5,1.0,3.391891891891892,2.788516410024237,4.253333333333333,0.8628608503138008,5.4772727272727275,6.166257152659729,3.1777777777777776,0.9801691568888461,10.9,14.212300084230227,17.714285714285715,1.0454466622223515,73.0,74.0,89.0,CCC_2014B
group3,F,Scotland,A Level or Equivalent,90-100%,0-35,60,-178.0,0.75,1.0,7.0588235294117645,8.845273267685721,5.228571428571429,0.962369397278746,10.761904761904763,10.899104375611612,1.7727272727272727,0.6116338688141827,9.863636363636363,15.138394752119382,20.130434782608695,1.3783217896008737,73.66666666666667,60.5,66.33333333333333,CCC_2014B
group3,F,London Region,Lower Than A Level,20-30%,0-35,90,-68.0,0.625,1.0,1.3650793650793651,1.6402671094904602,7.963157894736842,1.0405324321791087,4.267857142857143,5.965022506788513,11.894736842105264,0.9944503642087841,1.5620915032679739,2.339112701092911,17.655844155844157,1.240338994908361,91.33333333333333,86.0,94.66666666666667,CCC_2014B
group1,M,Scotland,A Level or Equivalent,90-100%,0-35,90,-15.0,0.5714285714285714,0.875,6.153846153846154,9.23818865117269,5.0,0.9241212041718339,9.23076923076923,11.21180696340315,4.222222222222222,0.8363288727405634,14.0625,20.814958563494667,31.764705882352942,1.2126335430538646,72.0,76.5,77.0,CCC_2014B
group3,M,South Region,Lower Than A Level,40-50%,0-35,180,-129.0,1.0,0.5,1.5911949685534592,1.0076532234398405,4.1,1.0646138907915814,3.984126984126984,3.862524928375819,6.515625,2.300237758082861,4.214285714285714,4.942264058705689,52.26315789473684,1.1385900191031908,100.0,96.0,96.0,CCC_2014B
group1,M,Scotland,A Level or Equivalent,90-100%,0-35,60,-144.0,0.5,1.0,2.8555555555555556,2.8266830965531975,4.461538461538462,0.8724011370019898,4.979166666666667,6.406411626572087,11.142857142857142,1.2735616346859122,4.916666666666667,6.797475543086952,14.673469387755102,1.4457096622174046,85.0,61.0,79.0,CCC_2014B
group1,M,North Western Region,A Level or Equivalent,0-10%,0-35,60,-124.0,0.625,1.0,3.5245901639344264,3.8279958088493653,2.5161290322580645,0.8438196242002223,6.0625,9.41494179654118,1.9393939393939394,0.9322771181360184,13.0,22.132716572014896,22.5,1.0833190882254315,78.33333333333333,56.0,56.666666666666664,CCC_2014B
group1,M,Scotland,HE Qualification,90-100%,0-35,90,-130.0,0.5,1.0,3.9242424242424243,4.389885598861953,6.626865671641791,1.0940290683089768,10.590909090909092,11.798543456953816,4.782608695652174,1.0092956385273908,6.0,8.216580500545907,27.41860465116279,1.1112386539854404,72.0,65.5,79.66666666666667,CCC_2014B
group1,F,South Region,A Level or Equivalent,70-80%,35-55,30,-110.0,1.0,0.5,3.5538461538461537,3.535669885391103,7.590909090909091,0.9019681588478942,4.8125,4.57865654364693,3.0408163265306123,1.1352404045360467,5.564102564102564,6.365180246320691,32.025,0.7306220244949686,85.0,76.0,79.0,CCC_2014B
group1,M,Scotland,HE Qualification,40-50%,35-55,30,-22.0,0.5,1.0,4.568627450980392,5.42680348625518,5.346153846153846,0.9466106020445315,5.421052631578948,7.250839947419953,5.17948717948718,1.0045236375800293,7.0344827586206895,8.711579972413935,30.766666666666666,1.1923572846109884,46.333333333333336,54.0,45.0,CCC_2014B
group3,M,South West Region,A Level or Equivalent,60-70%,0-35,60,-156.0,1.0,0.625,2.1794871794871793,2.0367967778004648,3.76271186440678,1.1294994520828678,3.7384615384615385,4.988351816597727,4.318181818181818,2.1910840906162026,5.558139534883721,7.5602416362914,24.795454545454547,1.1819121618826518,75.0,78.0,85.0,CCC_2014B
group1,M,Scotland,Post Graduate Qualification,50-60%,0-35,60,-163.0,0.875,1.0,4.4363636363636365,4.536941523078998,3.607142857142857,0.8555624232586115,7.741935483870968,9.17593861478844,3.21875,1.1301821607454041,8.185185185185185,11.139110021890083,15.321428571428571,0.9409947779793781,57.666666666666664,46.5,40.666666666666664,CCC_2014B
group1,F,Yorkshire Region,Lower Than A Level,80-90%,0-35,90,-24.0,0.5,1.0,5.311111111111111,7.0350493382718495,10.173913043478262,0.841869495352923,6.823529411764706,8.302867661729872,11.085714285714285,1.0726295087918498,9.363636363636363,12.85281312377976,39.21739130434783,1.3401498030386714,84.33333333333333,65.0,83.33333333333333,CCC_2014B
group1,F,Yorkshire Region,A Level or Equivalent,30-40%,35-55,90,-25.0,0.5,1.0,7.0606060606060606,7.753786953560958,4.529411764705882,0.8264884455427179,18.5,20.53157214013224,2.6153846153846154,1.0555504967603744,17.0,17.320508075688775,25.833333333333332,0.7417110459973093,71.33333333333333,45.5,80.33333333333333,CCC_2014B
group3,M,South Region,HE Qualification,60-70%,0-35,60,-17.0,1.0,0.5,2.6595744680851063,2.4031931781244973,3.8421052631578947,0.9042341134668695,4.351851851851852,5.911796353781261,4.0181818181818185,1.272080829097288,10.789473684210526,16.504473963707945,23.75,1.8071878645673047,79.5,89.0,79.0,CCC_2014B
group1,M,Scotland,Lower Than A Level,60-70%,0-35,60,-46.0,0.5,1.0,3.436619718309859,4.2652495970046695,3.513888888888889,0.8860722131644513,4.764705882352941,9.111724831872651,9.807692307692308,1.8792171593172398,10.619047619047619,14.790118966648613,23.5,0.9362361503067038,71.0,67.5,66.0,CCC_2014B
group3,M,South Region,A Level or Equivalent,90-100%,0-35,90,-115.0,0.6666666666666666,0.75,16.266666666666666,13.920522705019104,7.9375,1.100532790217922,19.4,22.598918361530295,4.181818181818182,0.7951887460074731,34.5,2.1213203435596424,34.666666666666664,0.5619861229308638,75.5,81.0,90.33333333333333,CCC_2014B
group3,M,Scotland,HE Qualification,80-90%,0-35,90,-151.0,0.75,1.0,5.3125,5.717298313014635,5.26530612244898,1.049249934550743,8.129032258064516,8.849640050999705,4.40625,1.8322458604439604,12.65,19.534786785036637,44.476190476190474,1.619982633002278,92.33333333333333,41.5,70.0,CCC_2014B
group3,F,London Region,A Level or Equivalent,40-50%,0-35,90,-163.0,0.5,1.0,2.5463917525773194,2.8687272822510113,5.448979591836735,1.3365959745238902,4.875,7.499290746605819,4.346938775510204,1.0705254871831915,7.633333333333334,9.970588933366018,43.645161290322584,1.5442804141691997,90.66666666666667,81.5,79.66666666666667,CCC_2014B
group3,M,South Region,A Level or Equivalent,30-40%,35-55,60,-36.0,0.5,1.0,4.254545454545455,4.506037849860684,5.178571428571429,0.7827814063218634,9.24,7.795725324389855,4.576923076923077,0.8088644538375221,6.882352941176471,8.744746321952062,39.457142857142856,1.3167480031062806,94.0,77.5,82.0,CCC_2014B
group3,M,London Region,A Level or Equivalent,40-50%,0-35,90,-46.0,0.5,1.0,2.3398058252427183,1.973120341868469,3.298076923076923,0.9201334307309725,6.71875,8.524100084939436,1.7272727272727273,0.6257036666711231,12.333333333333334,18.400767247430682,18.63157894736842,1.3827330143275065,80.33333333333333,76.0,93.33333333333333,CCC_2014B
group3,F,North Western Region,Lower Than A Level,40-50%,0-35,90,-22.0,0.5,1.0,3.0987654320987654,3.433674920080543,4.182926829268292,0.9636219064765769,5.173913043478261,6.226482323559897,4.1063829787234045,1.0199492064782139,7.645161290322581,7.744023016050396,22.0,1.5969851502903631,89.66666666666667,86.5,93.0,CCC_2014B
group1,M,North Western Region,A Level or Equivalent,20-30%,0-35,90,-27.0,0.5,1.0,4.584905660377358,4.285188992619503,5.7592592592592595,0.9574275577041649,5.743589743589744,5.852205831173263,8.8,1.1480085163965503,13.875,13.65222814537368,20.058823529411764,1.4681220046900518,61.0,36.5,47.666666666666664,CCC_2014B
group3,M,East Midlands Region,A Level or Equivalent,10-20,35-55,90,-24.0,0.625,1.0,4.96,4.065584778581887,5.254901960784314,0.9487596104367426,8.172413793103448,5.928556590877034,4.666666666666667,1.1070276437748212,9.84,11.085576214162256,26.23076923076923,1.0511059223157508,78.0,86.5,85.0,CCC_2014B
group3,M,Scotland,A Level or Equivalent,20-30%,0-35,90,-40.0,0.875,1.0,4.709090909090909,5.283351655323041,3.5,0.9035079029052513,10.0,9.94768926631358,1.96,0.7967029100384952,10.391304347826088,17.711678557162585,14.458333333333334,1.3998972511808077,93.33333333333333,81.0,91.0,CCC_2014B
group1,M,Wales,A Level or Equivalent,60-70%,0-35,60,-28.0,0.42857142857142855,0.875,4.350877192982456,4.860523296600067,4.275862068965517,0.7316076406478533,6.764705882352941,8.079374501476947,4.114285714285714,1.2280872536058405,10.0,12.600075585563157,24.043478260869566,1.1481325812868908,55.333333333333336,35.0,54.333333333333336,CCC_2014B
group3,M,South Region,A Level or Equivalent,80-90%,0-35,60,-155.0,0.5,1.0,3.0,2.924038303442689,4.2439024390243905,0.8927675813375081,4.0701754385964914,5.209399640220438,5.275862068965517,1.1976310505669396,5.571428571428571,7.590568143339204,14.255813953488373,1.29857279809398,83.33333333333333,87.0,92.66666666666667,CCC_2014B
group1,F,Scotland,HE Qualification,90-100%,0-35,60,-108.0,0.5,1.0,5.444444444444445,4.712437873019729,4.630434782608695,0.7376870276803168,6.8,7.11584809545897,4.305555555555555,1.4284022495335218,11.842105263157896,15.44619031740958,20.9,0.747683249766664,49.333333333333336,42.5,57.0,CCC_2014B
group1,M,East Midlands Region,A Level or Equivalent,40-50%,0-35,120,-122.0,0.5714285714285714,0.875,4.566037735849057,3.7851401455726235,4.462962962962963,0.8844795213519939,9.583333333333334,11.828178097300079,2.32,0.7079470747464762,17.90909090909091,17.711321494764558,32.166666666666664,1.0286377007201328,69.66666666666667,55.0,58.333333333333336,CCC_2014B
group3,M,Scotland,A Level or Equivalent,20-30%,0-35,60,-78.0,0.625,1.0,3.2375,3.5013333807333984,4.197530864197531,0.6763426989084615,5.543478260869565,5.5003293709018735,3.0425531914893615,1.1742422796392928,5.395833333333333,5.131212719390145,9.040816326530612,1.0540721426333097,79.0,74.5,83.66666666666667,CCC_2014B
group3,M,South Region,A Level or Equivalent,50-60%,0-35,90,-107.0,1.0,0.5,3.276315789473684,2.701104387520168,6.064935064935065,0.9179629512666158,9.64,17.315407397267133,2.076923076923077,0.8748897637790901,5.928571428571429,8.028585688233646,39.81395348837209,1.2274268697866666,99.0,100.0,96.0,CCC_2014B
group1,M,South Region,A Level or Equivalent,90-100%,0-35,120,-27.0,0.875,1.0,2.6777777777777776,2.8118040823025763,4.373626373626373,0.9810327167240901,3.442857142857143,5.213237649569629,5.309859154929577,0.7225767997445697,11.35,18.238983697448425,40.857142857142854,1.0703413442369873,33.0,55.5,40.333333333333336,CCC_2014B
group1,M,West Midlands Region,HE Qualification,40-50%,0-35,60,-103.0,0.8571428571428571,0.875,3.1645569620253164,3.443426959335399,5.3125,0.7491633164674338,4.035087719298246,4.803142246342127,6.379310344827586,1.2103280891033066,5.113636363636363,7.311080819442114,16.91111111111111,0.9263557638123119,70.66666666666667,38.0,77.66666666666667,CCC_2014B
group3,M,West Midlands Region,A Level or Equivalent,0-10%,35-55,30,-47.0,0.8571428571428571,0.875,3.8620689655172415,5.266405531596527,6.338983050847458,1.166002283765199,7.466666666666667,9.02002879930158,2.5161290322580645,0.7409324757333277,6.354838709677419,7.8890150931396334,27.78125,0.8736667837546976,63.0,82.5,61.333333333333336,CCC_2014B
group1,M,South Region,HE Qualification,70-80%,35-55,60,-12.0,1.0,0.875,3.5,3.7793626565271876,4.3478260869565215,0.9509994742374994,4.203703703703703,5.144623974119038,10.290909090909091,1.381049196161575,7.133333333333334,8.451620262261626,18.483870967741936,1.5066389492317447,53.0,38.5,44.333333333333336,CCC_2014B
group3,M,London Region,A Level or Equivalent,20-30%,0-35,60,-57.0,0.5,1.0,1.9606299212598426,1.8318243781626413,5.421875,0.8865173507308572,5.2,6.77763702453618,3.4347826086956523,0.9098968037963012,2.7142857142857144,3.670560702810386,14.630434782608695,1.4527608233711717,96.0,98.5,98.0,CCC_2014B
group1,M,Scotland,Lower Than A Level,90-100%,0-35,90,-51.0,0.625,1.0,3.1818181818181817,3.1318704379637716,4.8076923076923075,1.0736206654742324,6.771428571428571,9.36855100317865,5.722222222222222,2.9986172073140023,8.76,10.381393612291816,21.46153846153846,1.2773139556419686,86.0,37.0,74.0,CCC_2014B
group1,M,South Region,HE Qualification,90-100%,35-55,90,-17.0,0.5714285714285714,0.875,3.693548387096774,5.2466654818034835,2.888888888888889,0.6170992595977665,8.178571428571429,8.944493739388959,2.206896551724138,1.174268389253496,10.090909090909092,13.092742776817753,19.782608695652176,1.046407763072101,61.0,75.5,63.0,CCC_2014B
group1,F,South Region,A Level or Equivalent,70-80%,0-35,60,-133.0,0.75,1.0,2.9655172413793105,2.699906440506777,7.0227272727272725,0.9442908750764526,3.464788732394366,3.392559025343944,4.625,1.169055608317955,6.733333333333333,8.741235347609562,39.54838709677419,1.441134172551758,68.66666666666667,51.0,63.333333333333336,CCC_2014B
group3,F,East Anglian Region,A Level or Equivalent,60-70%,0-35,90,-93.0,1.0,0.5,2.194915254237288,3.3646185051301827,4.966386554621849,1.0102925699083805,2.9647058823529413,4.478645253346387,21.186046511627907,1.622657350616583,8.413793103448276,12.29842394484324,28.7,1.8627302838264612,87.0,93.0,100.0,CCC_2014B
group1,M,Yorkshire Region,A Level or Equivalent,0-10%,0-35,60,-120.0,0.5714285714285714,0.875,2.8488372093023258,4.842258689934505,4.540229885057471,0.960818696996805,4.39622641509434,5.436131340185809,36.092592592592595,2.268911807171436,4.9,11.61148270516065,21.137254901960784,1.6395840821038854,85.33333333333333,38.0,75.66666666666667,CCC_2014B
group3,M,East Anglian Region,HE Qualification,10-20,0-35,30,-64.0,1.0,0.5,1.9090909090909092,1.3784300476457274,5.105263157894737,1.1302790061599561,2.8941176470588235,2.699310006243062,6.9186046511627906,0.9738926615280742,4.2727272727272725,5.038571760648585,43.839285714285715,1.4557207666230751,87.0,70.0,85.0,CCC_2014B
group3,F,South Region,Lower Than A Level,30-40%,0-35,60,-97.0,0.5,1.0,1.494186046511628,1.1108033709558904,5.358381502890174,1.162244417971182,4.315789473684211,5.763672857825127,3.103448275862069,0.8888888888888888,1.7346938775510203,1.4911911695947393,17.925675675675677,1.9558110126088768,87.33333333333333,87.5,80.33333333333333,CCC_2014B
group1,M,North Region,HE Qualification,30-40%,35-55,90,-57.0,0.875,1.0,3.6615384615384614,4.086092735872968,3.621212121212121,1.2025267656118594,13.0,16.261259835220994,9.1875,1.061725854008166,12.235294117647058,20.635313820501693,30.5,1.0699364244395835,60.0,36.0,66.33333333333333,CCC_2014B
group3,M,South West Region,A Level or Equivalent,70-80%,0-35,60,-74.0,1.0,0.5,3.5142857142857142,3.463025640079919,4.028169014084507,1.0816805279001558,6.305555555555555,8.031436251005687,3.324324324324324,0.8067236784654258,6.17948717948718,7.940143823673522,20.15,0.9323257933577688,96.5,83.0,90.0,CCC_2014B
group1,M,South Region,Lower Than A Level,50-60%,0-35,30,-114.0,0.75,1.0,2.480769230769231,2.9559246716848397,4.266666666666667,0.797771729345467,4.770833333333333,4.420645872389917,3.4285714285714284,1.162193806748446,3.7666666666666666,4.236110570837544,13.491803278688524,0.9399985044497885,55.0,79.5,87.33333333333333,CCC_2014B
group1,M,North Region,A Level or Equivalent,0-10%,35-55,60,-118.0,0.5,1.0,3.4166666666666665,3.2490518660324597,5.1506849315068495,1.0017244072794822,3.0,2.943920288775949,15.19277108433735,1.288014722948707,7.870967741935484,12.486638019589504,20.0,1.1108133281519446,75.33333333333333,68.5,62.666666666666664,CCC_2014B
group3,F,Wales,Lower Than A Level,0-10%,0-35,60,-79.0,0.5,1.0,2.1621621621621623,2.2584811490772063,3.9375,0.8466010005594253,2.9864864864864864,3.6320236377664634,2.5733333333333333,1.0526681741364947,6.647058823529412,9.028179295426865,12.8,1.0895646964171386,89.66666666666667,91.5,92.0,CCC_2014B
group3,M,South Region,A Level or Equivalent,80-90%,0-35,60,-81.0,0.625,1.0,2.0163934426229506,1.7952352296771592,4.097560975609756,1.8093475791377178,3.838709677419355,3.7205391306271416,1.7777777777777777,1.2292927699639802,5.609756097560975,11.83401463743494,21.80952380952381,1.560532145953728,95.33333333333333,64.0,78.33333333333333,CCC_2014B
group3,M,London Region,A Level or Equivalent,40-50%,35-55,60,-53.0,1.0,0.5,3.4324324324324325,3.2858396107276566,5.933333333333334,0.7925929028561077,7.59375,5.6617526922665125,5.121212121212121,1.2542424766884073,5.975609756097561,6.182587665686791,53.095238095238095,1.288212109155518,100.0,100.0,100.0,CCC_2014B
group3,F,Scotland,Post Graduate Qualification,60-70%,35-55,60,-78.0,0.5,1.0,2.5729166666666665,2.2230599663605766,5.051546391752577,0.9057684544782202,4.6415094339622645,4.637200496746359,4.0,1.8911342863183696,4.410714285714286,3.652031990869968,22.57894736842105,1.4478045442102674,98.66666666666667,92.5,95.0,CCC_2014B
group1,M,South Region,Lower Than A Level,90-100%,35-55,60,-100.0,0.7142857142857143,0.875,3.4328358208955225,5.208454317907351,6.6911764705882355,0.8673803953000941,4.804347826086956,6.978123164472716,6.51063829787234,0.915487748652746,6.388888888888889,10.513332427454138,14.45945945945946,1.0306441038288128,61.666666666666664,29.0,75.66666666666667,CCC_2014B
group3,M,Scotland,HE Qualification,80-90%,0-35,90,-80.0,0.5,1.0,1.635135135135135,1.9453368232169783,7.3624161073825505,0.7863745533278779,5.348837209302325,8.930642063331415,2.75,0.7561418937514973,1.7391304347826086,2.1318041700303834,14.899280575539569,1.3810991222712095,98.66666666666667,95.0,98.66666666666667,CCC_2014B
group3,F,South East Region,A Level or Equivalent,80-90%,0-35,120,-95.0,0.625,1.0,1.9523809523809523,1.7383078800127112,6.661417322834645,1.0335836906609017,7.724137931034483,13.69540212658493,2.433333333333333,0.747925133957189,1.9391304347826086,1.8557022434029824,24.646551724137932,1.1894378246560737,93.33333333333333,78.0,81.0,CCC_2014B
group1,M,London Region,Post Graduate Qualification,10-20,35-55,30,-22.0,0.5714285714285714,0.875,2.1652173913043478,2.4312672126576325,5.827586206896552,1.0867456330097978,3.1739130434782608,3.373584765319815,8.3,1.544311925065768,8.962962962962964,7.929892236543375,35.07142857142857,1.0347013938423908,97.0,92.5,98.0,CCC_2014B
group3,F,London Region,A Level or Equivalent,20-30%,35-55,90,-44.0,0.5,1.0,1.1719457013574661,0.8724731393323456,10.864864864864865,1.0798799422097307,4.830188679245283,6.74461565608678,2.7037037037037037,0.6924247647178142,1.4853801169590644,1.3519342358970627,21.552325581395348,1.03625436442644,98.66666666666667,93.5,92.66666666666667,CCC_2014B
group1,M,East Anglian Region,A Level or Equivalent,10-20,0-35,60,-53.0,0.75,1.0,4.095238095238095,4.679103462907169,4.78125,0.7380413457122109,10.363636363636363,9.658677098342366,1.9565217391304348,0.6301087501670144,5.375,7.0548760864911495,36.44897959183673,1.5356947418537241,69.66666666666667,66.0,67.66666666666667,CCC_2014B
group1,F,London Region,Lower Than A Level,10-20,0-35,60,-34.0,0.75,1.0,7.225806451612903,10.378534506115189,6.875,0.8479435502808014,10.181818181818182,13.779337062069782,6.434782608695652,1.7664493528797427,13.117647058823529,15.76341632126891,26.61111111111111,1.2309487614862686,71.33333333333333,52.0,56.666666666666664,CCC_2014B
group1,M,East Midlands Region,A Level or Equivalent,70-80%,0-35,60,-95.0,0.8,0.625,6.428571428571429,8.565614274479074,4.166666666666667,1.0252804494381038,12.5,16.38596960817394,1.8421052631578947,0.591090310445063,12.5,16.832217008218635,18.68421052631579,1.2084342886044837,94.66666666666667,40.0,59.0,CCC_2014B
group1,M,West Midlands Region,A Level or Equivalent,70-80%,0-35,60,-92.0,0.5,1.0,7.515151515151516,7.818732362574879,6.235294117647059,0.8819114972197858,13.5,10.13903348450926,7.235294117647059,1.4965092570295626,9.185185185185185,9.988597487739696,19.642857142857142,0.8495015553617212,87.33333333333333,55.0,79.33333333333333,CCC_2014B
group3,M,South East Region,A Level or Equivalent,30-40%,0-35,60,-82.0,0.5,1.0,4.784313725490196,4.721498598920457,4.596153846153846,1.2235543040928598,8.782608695652174,9.825553520096697,2.25,0.7617394000445604,9.478260869565217,12.727456238089767,17.25,0.9210598171267043,70.66666666666667,70.0,76.0,CCC_2014B
group3,M,London Region,A Level or Equivalent,50-60%,35-55,60,-22.0,0.5,1.0,1.505813953488372,0.9015716817580405,8.6878612716763,0.9743722409867742,2.466666666666667,2.382091302691602,7.59433962264151,1.4604559561524326,2.3181818181818183,2.004269837451475,30.765765765765767,1.3487401688567864,96.66666666666667,96.5,89.66666666666667,CCC_2014B
group1,F,North Region,Lower Than A Level,0-10%,35-55,60,-80.0,1.0,0.625,2.5247524752475248,2.8899621430252007,6.921568627450981,0.9631769704959066,4.509803921568627,5.116141315560421,5.730769230769231,1.2363028207744031,3.803030303030303,4.694414674645726,20.223880597014926,1.4122889176539912,63.0,61.0,58.5,CCC_2014B
group1,F,London Region,A Level or Equivalent,30-40%,35-55,60,-25.0,0.7142857142857143,0.875,4.224137931034483,4.891966574200747,4.6440677966101696,1.0562021095723668,6.0,6.862281624278407,5.228571428571429,1.021375649613646,7.103448275862069,11.427863278553016,15.433333333333334,1.2513603474392019,77.5,52.5,41.0,CCC_2014B
group3,M,London Region,A Level or Equivalent,30-40%,0-35,90,-86.0,0.5,1.0,3.1341463414634148,3.2575162663037247,4.819277108433735,1.0717567354581916,7.0588235294117645,7.8274620542254105,2.4571428571428573,0.8987401794855626,9.909090909090908,15.880233568238793,22.82608695652174,1.3359267295616815,89.66666666666667,81.5,87.0,CCC_2014B
group3,F,London Region,HE Qualification,20-30%,0-35,60,-45.0,1.0,0.5,2.3883495145631066,2.0780506028522185,4.0673076923076925,0.9270244811891533,7.454545454545454,8.602655509677335,1.6176470588235294,0.5408899920234005,3.84375,4.000867961385935,34.16923076923077,1.6702047579496608,82.0,100.0,94.0,CCC_2014B
group3,M,South West Region,HE Qualification,30-40%,0-35,30,-72.0,0.5,1.0,2.852272727272727,4.2952520505365515,5.224719101123595,0.8412863645266084,4.327586206896552,6.38360820543587,9.610169491525424,1.7237204178160255,6.05,9.356062068835234,40.02439024390244,0.8530321166581152,98.66666666666667,81.5,84.33333333333333,CCC_2014B
group1,F,East Anglian Region,Lower Than A Level,30-40%,0-35,60,-53.0,0.75,1.0,4.882352941176471,5.058248941376963,4.0576923076923075,0.7493998557194861,9.0,8.407871769497183,2.0,0.7791937224739796,8.625,10.82192822166099,23.04,1.0604129147499661,64.66666666666667,48.5,26.0,CCC_2014B
group3,M,Scotland,HE Qualification,50-60%,0-35,60,-23.0,0.42857142857142855,0.875,9.347826086956522,11.27994477602606,4.583333333333333,0.6264157518891715,16.833333333333332,21.69974165465543,1.9230769230769231,0.5184592558726288,21.5,27.383084803092096,32.0,1.0578105067458057,80.5,73.0,79.33333333333333,CCC_2014B
group3,M,South East Region,A Level or Equivalent,70-80%,0-35,30,-57.0,1.0,0.5,2.330275229357798,2.5131323448650016,3.2454545454545456,1.017855637265833,5.0,8.482825787043687,4.32,1.3317248528417078,5.291666666666667,6.900380295820685,20.26530612244898,1.1587449530958491,95.0,100.0,90.0,CCC_2014B
group3,F,Scotland,HE Qualification,70-80%,0-35,120,-45.0,1.0,0.5,3.703125,3.663113809012461,4.230769230769231,0.9351890249552196,5.9393939393939394,6.721883078513946,2.2058823529411766,0.6484168755086842,12.875,12.85236683779814,14.352941176470589,1.35814750051794,71.0,87.0,71.0,CCC_2014B
group3,F,South East Region,A Level or Equivalent,10-20,0-35,60,-23.0,1.0,0.5,1.488235294117647,0.8582232595566236,10.239766081871345,0.8542826515435977,3.1392405063291138,3.5760391253495123,6.2,1.4890774717795907,1.8602941176470589,1.3287297978960937,42.12408759124087,1.5500845015629925,94.0,91.0,100.0,CCC_2014B
group3,M,South Region,HE Qualification,40-50%,0-35,60,-57.0,0.5,1.0,5.545454545454546,6.009506211400616,6.066666666666666,0.8085702039185563,7.625,7.303335517242745,3.484848484848485,1.0191363703640774,15.0625,18.63498054734697,19.529411764705884,1.0277221429060026,93.66666666666667,86.5,91.0,CCC_2014B
group1,M,Scotland,A Level or Equivalent,90-100%,0-35,30,-40.0,0.5,1.0,2.9302325581395348,2.9537242599985474,7.574712643678161,0.9237224744289304,5.104166666666667,5.239943086150774,3.7346938775510203,1.3456388171909408,4.615384615384615,4.765701998178751,42.22641509433962,0.8090591867620243,71.0,78.5,78.0,CCC_2014B
group3,F,East Anglian Region,HE Qualification,60-70%,35-55,60,-29.0,1.0,0.5,3.3333333333333335,4.19244279347692,4.7368421052631575,0.8207569526410617,10.545454545454545,13.913772802265875,2.4782608695652173,1.3767179871448036,6.9714285714285715,8.846686698771384,44.916666666666664,1.1489054588284981,87.0,100.0,100.0,CCC_2014B
group3,M,Scotland,A Level or Equivalent,50-60%,35-55,60,-74.0,0.5,1.0,3.557142857142857,4.723164360203757,5.943661971830986,0.879865191182778,10.043478260869565,11.933445211861741,5.208333333333333,0.9503178415667046,9.576923076923077,11.458352680636347,60.370370370370374,1.2986940344784381,95.33333333333333,76.0,86.33333333333333,CCC_2014B
group1,M,East Anglian Region,HE Qualification,50-60%,0-35,90,-74.0,0.625,1.0,7.933333333333334,8.725441727118078,4.225806451612903,0.6924299523938057,17.5,20.20575975489977,1.8461538461538463,0.5137011669140813,15.571428571428571,20.285327345017272,23.6,1.449937013031956,71.33333333333333,46.5,54.333333333333336,CCC_2014B
group1,M,London Region,A Level or Equivalent,10-20,0-35,60,-78.0,0.625,1.0,2.0078740157480315,1.6642652365692177,5.1796875,1.1657466530732903,2.9518072289156625,3.1347914485338193,6.892857142857143,1.0895828135486152,7.0,8.663649550242193,15.38888888888889,1.3888410863514216,73.66666666666667,71.5,63.333333333333336,CCC_2014B
group3,M,Scotland,Post Graduate Qualification,90-100%,35-55,60,-34.0,1.0,0.5,3.903225806451613,4.075957807256625,3.9047619047619047,0.7367710959508886,8.11111111111111,6.381061723408473,2.0357142857142856,0.8144206588375551,6.025,6.095342904891005,45.51219512195122,1.053054798742181,97.0,100.0,100.0,CCC_2014B
group3,M,East Anglian Region,A Level or Equivalent,40-50%,0-35,30,-22.0,0.5,1.0,1.5033112582781456,1.142361134874785,7.078947368421052,1.0367482567825088,1.834710743801653,1.4568636829276818,4.516393442622951,1.0378475541683354,1.8487394957983194,1.5711307353287502,23.683333333333334,1.4702528386567235,95.33333333333333,92.0,94.66666666666667,CCC_2014B
group1,M,East Anglian Region,Lower Than A Level,0-10%,0-35,60,-78.0,0.42857142857142855,0.875,5.785714285714286,7.794731536188681,4.186046511627907,0.9262962222518368,10.521739130434783,11.873842776982105,2.0,0.7071067811865476,15.2,20.23504738954527,24.875,0.9543902958682859,77.0,47.5,60.0,CCC_2014B
group3,F,South East Region,A Level or Equivalent,30-40%,0-35,60,-25.0,0.8333333333333334,0.75,1.9365079365079365,1.9047142851190326,4.661417322834645,0.7610767441234693,2.9390243902439024,3.1714294046271267,2.855421686746988,1.1661305335290695,4.530612244897959,5.029504783509697,28.18,1.587079635307422,100.0,98.0,96.5,CCC_2014B
group3,M,East Anglian Region,HE Qualification,60-70%,35-55,30,-75.0,1.0,0.5,9.590909090909092,10.007897314521601,5.217391304347826,0.7911840634278614,23.75,15.544865941617417,2.3333333333333335,0.9035079029052511,16.23076923076923,22.361253118410897,40.42857142857143,0.6114605907087849,78.5,100.0,96.0,CCC_2014B
group1,M,West Midlands Region,A Level or Equivalent,70-80%,0-35,60,-74.0,0.5714285714285714,0.875,8.5,10.723805294763608,6.0344827586206895,0.7543722894038515,10.818181818181818,12.381385273817356,2.9565217391304346,0.9381845828080343,16.0,17.44000705716159,28.4,1.2161436955923568,83.66666666666667,43.0,63.333333333333336,CCC_2014B
group3,M,West Midlands Region,A Level or Equivalent,0-10%,0-35,60,-72.0,1.0,0.5,1.9236641221374047,1.2625878224484761,3.8636363636363638,1.0173806746442364,3.772727272727273,3.2993960032124043,8.373134328358208,1.1040475014611906,4.673076923076923,6.1889248134799635,39.22641509433962,1.1297389682307135,92.0,74.0,81.0,CCC_2014B
group1,F,East Anglian Region,A Level or Equivalent,60-70%,0-35,60,-8.0,0.5,1.0,5.0,6.94742158406028,4.76595744680851,0.7008786395282274,9.041666666666666,11.852276122136303,2.64,0.92709445701687,9.909090909090908,14.803182061104264,55.65217391304348,0.6930281999583423,72.0,62.0,68.0,CCC_2014B
group3,M,East Anglian Region,HE Qualification,70-80%,0-35,60,-29.0,1.0,0.5,2.1074380165289255,1.7925849719170082,2.4508196721311477,0.8061310793810789,4.423076923076923,5.932119793873753,4.037735849056604,1.101258223218948,2.8433734939759034,2.747424193724819,19.166666666666668,1.180062110166635,94.0,91.0,90.0,CCC_2014B
group3,M,East Midlands Region,A Level or Equivalent,60-70%,0-35,60,-25.0,0.5,1.0,3.5,2.9672121302810406,3.3380281690140845,0.793316273289585,8.714285714285714,10.926885438990627,2.3448275862068964,0.7107674102114454,9.909090909090908,9.709637288645558,41.65217391304348,1.0395223802712568,92.33333333333333,92.5,93.33333333333333,CCC_2014B
group3,M,Yorkshire Region,A Level or Equivalent,40-50%,0-35,60,-45.0,0.5,1.0,4.6923076923076925,5.035320195588015,3.5283018867924527,1.0175895909429928,12.631578947368421,10.520934296892657,1.85,0.7307300451132852,11.65,14.705083260023065,32.904761904761905,0.8614150037900976,94.66666666666667,93.0,78.33333333333333,CCC_2014B
group1,F,South West Region,Lower Than A Level,60-70%,0-35,60,-61.0,0.625,1.0,2.577319587628866,3.0985045167870626,3.857142857142857,0.7960809355631361,5.725,7.3169543194433375,2.902439024390244,0.598234343884292,4.333333333333333,6.6047438640293965,18.181818181818183,1.4608251093132265,98.0,88.5,86.66666666666667,CCC_2014B
group3,M,North Western Region,A Level or Equivalent,60-70%,0-35,60,-71.0,1.0,0.5,4.607843137254902,4.42302354220526,5.423076923076923,0.8897529877761448,8.115384615384615,9.412021772507426,2.7777777777777777,1.0613199329137282,8.863636363636363,8.39101250798084,25.434782608695652,1.5205394846395852,73.0,80.0,85.0,CCC_2014B
group1,M,West Midlands Region,HE Qualification,50-60%,0-35,60,-45.0,0.5,1.0,7.129032258064516,8.397388226839226,3.59375,0.8904874305087859,12.823529411764707,12.177003398402494,2.2222222222222223,0.6284902544988268,29.857142857142858,24.754989876982858,39.75,1.0511803006736504,53.666666666666664,63.0,35.333333333333336,CCC_2014B
group3,F,North Western Region,A Level or Equivalent,0-10%,0-35,60,-66.0,0.625,1.0,2.619565217391304,2.835576152491601,8.129032258064516,1.1282130567566262,4.3090909090909095,5.2063804419574735,9.392857142857142,1.4522076881068684,3.0125,3.4291887441548004,65.49382716049382,1.8772664530579577,75.33333333333333,92.5,81.0,CCC_2014B
group3,M,South East Region,A Level or Equivalent,10-20,35-55,30,-40.0,1.0,0.5,3.5806451612903225,3.16511925601742,6.380952380952381,1.1132167370623078,6.7272727272727275,6.587263882261394,2.176470588235294,0.8071991634090854,6.3428571428571425,7.108167866628367,19.61111111111111,0.9756934900450156,84.5,83.0,91.0,CCC_2014B
group1,F,Scotland,HE Qualification,40-50%,0-35,60,-51.0,1.0,0.75,5.970588235294118,9.133638440328436,4.428571428571429,1.0826413916595115,13.214285714285714,21.282634927342748,2.8666666666666667,0.8626621856275074,13.214285714285714,19.37555387368547,21.2,1.365286982273626,80.0,44.0,61.333333333333336,CCC_2014B
group3,M,East Midlands Region,A Level or Equivalent,10-20,35-55,60,-54.0,0.75,1.0,2.0806451612903225,2.1168959258477265,3.68,0.9423355131170975,7.6875,6.869462579345801,2.0303030303030303,0.7903404355148493,2.2427184466019416,2.5951161499468984,16.46153846153846,1.571532217963452,89.66666666666667,94.0,89.33333333333333,CCC_2014B
group3,F,North Western Region,A Level or Equivalent,10-20,0-35,30,-66.0,0.5,1.0,2.78494623655914,2.896209900983756,4.159574468085107,0.9385352966639552,7.235294117647059,7.996434142902856,3.6,1.1466537466972382,5.425531914893617,5.807583800705777,24.6875,1.1451893440675898,93.66666666666667,93.5,94.66666666666667,CCC_2014B
group1,M,West Midlands Region,HE Qualification,20-30%,0-35,30,-17.0,0.875,1.0,3.3376623376623376,3.6332180516450876,4.871794871794871,0.8617285983912328,4.923076923076923,5.8438711110525245,2.490566037735849,0.9116756185317016,6.9375,8.594587569154843,32.24242424242424,0.9813173312247967,75.0,69.5,83.0,CCC_2014B
group3,M,London Region,HE Qualification,20-30%,0-35,30,-34.0,0.5,1.0,1.5460122699386503,1.5799767695890696,5.036585365853658,1.0929756335116396,2.0847457627118646,2.1664744340223563,36.142857142857146,1.1748024064982698,2.5681818181818183,3.3141821846073984,44.03370786516854,1.0541325858190054,93.0,67.0,90.0,CCC_2014B
group3,M,Scotland,A Level or Equivalent,20-30%,0-35,90,-50.0,0.5,0.75,4.955555555555556,4.5922640264785395,5.6521739130434785,1.0481316146633517,12.933333333333334,14.689484415082525,5.375,0.9994590207881069,21.4,28.17485088198733,34.36363636363637,1.1357867219870839,58.333333333333336,74.0,76.0,CCC_2014B
group3,M,West Midlands Region,Lower Than A Level,20-30%,0-35,60,-50.0,0.5,1.0,1.579268292682927,1.2031898100418232,6.787878787878788,0.9163385505836334,1.8854961832061068,1.9120718580560552,14.477272727272727,2.1560649727384247,2.3398058252427183,2.277569215315743,23.817307692307693,2.061901306842032,93.33333333333333,91.5,97.33333333333333,CCC_2014B
group1,F,South Region,A Level or Equivalent,30-40%,0-35,60,-41.0,0.7142857142857143,0.875,5.045454545454546,7.070918316251089,4.911111111111111,1.2725635983448025,6.529411764705882,8.676807449879341,9.2,1.3575585303702535,15.857142857142858,14.706655441864212,25.266666666666666,1.0709411179257535,77.33333333333333,46.5,45.5,CCC_2014B
group3,M,London Region,A Level or Equivalent,50-60%,0-35,60,-44.0,1.0,0.5,5.674418604651163,4.858575777169969,4.295454545454546,0.9809215590781188,11.619047619047619,11.821489713552138,5.090909090909091,1.0919171961578893,24.4,27.154700841249895,79.0909090909091,1.0864665504893725,93.5,91.0,90.0,CCC_2014B
group1,M,London Region,HE Qualification,50-60%,0-35,30,-45.0,0.625,1.0,2.897727272727273,3.420827932073878,3.269662921348315,0.7544188112083201,5.761904761904762,6.119977378443461,9.883720930232558,1.7399136915316342,6.9655172413793105,12.76290036064544,20.966666666666665,0.7677209367812144,87.33333333333333,66.5,70.33333333333333,CCC_2014B
group1,M,South West Region,A Level or Equivalent,60-70%,0-35,60,-50.0,0.5714285714285714,0.875,3.9516129032258065,3.9564324854133495,4.507936507936508,0.9888036168721954,5.564102564102564,6.120693423886201,6.625,1.0961273621341745,11.31578947368421,18.648957765274556,18.65,0.8964651973942321,79.0,54.5,66.33333333333333,CCC_2014B
group1,M,East Anglian Region,A Level or Equivalent,30-40%,0-35,60,-43.0,1.0,0.625,2.9285714285714284,3.4633562463039227,5.729411764705882,0.9387285487046687,4.730769230769231,6.432501372443357,10.320754716981131,1.304266817715415,5.071428571428571,7.955341378344051,48.116279069767444,1.0779718430721135,63.333333333333336,35.0,54.0,CCC_2014B
group3,F,East Anglian Region,A Level or Equivalent,60-70%,0-35,90,-34.0,0.5714285714285714,0.875,2.1743119266055047,1.9524155821711182,7.090909090909091,1.005785368633912,3.3636363636363638,2.864296738153329,3.0597014925373136,0.9762193217653414,3.1184210526315788,2.771123022714355,23.87012987012987,1.7942496203532283,81.33333333333333,87.0,86.0,CCC_2014B
group1,F,East Anglian Region,A Level or Equivalent,60-70%,0-35,60,-45.0,1.0,1.0,2.329896907216495,2.3306010020867656,4.173469387755102,0.8760599664378946,3.108108108108108,3.7656252280352525,6.666666666666667,2.2479768682083896,5.609756097560975,7.272819428462691,33.023809523809526,1.2843731454597163,67.66666666666667,66.0,76.66666666666667,CCC_2014B
group3,M,North Region,A Level or Equivalent,40-50%,0-35,60,-45.0,0.625,1.0,2.480769230769231,2.5503883931545146,4.533333333333333,0.8578891544280182,5.565217391304348,7.079397883728196,2.617021276595745,0.995661153668016,3.909090909090909,3.813850356982368,25.492537313432837,1.427437930933736,96.66666666666667,100.0,100.0,CCC_2014B
group3,M,Scotland,HE Qualification,40-50%,35-55,30,-28.0,0.5,1.0,1.3096446700507614,0.8021389617222026,5.636363636363637,0.7831397684109075,1.5304878048780488,1.2650263970077622,6.903030303030303,1.0846750299823826,2.3454545454545452,2.4697671532945993,13.864864864864865,1.1404947066679627,98.66666666666667,78.0,91.33333333333333,CCC_2014B
group1,M,London Region,A Level or Equivalent,40-50%,0-35,60,-44.0,0.5,1.0,7.166666666666667,6.771790225423619,2.6216216216216215,0.7278087667926926,14.214285714285714,14.666437727150912,2.2,0.5300865358950272,18.636363636363637,27.332298576126842,23.916666666666668,1.1223785625424885,98.66666666666667,85.0,87.0,CCC_2014B
group1,M,South Region,A Level or Equivalent,50-60%,0-35,60,-29.0,0.5,1.0,2.9397590361445785,2.5631031001900677,3.4761904761904763,0.7643049991541545,9.916666666666666,13.328350518208616,4.44,1.4259869719775333,4.836734693877551,4.283431931949691,17.48,0.950706596229962,45.333333333333336,47.5,61.666666666666664,CCC_2014B
group3,M,London Region,Lower Than A Level,10-20,0-35,120,-22.0,0.5,1.0,1.559748427672956,1.0708519911471028,4.2625,1.1328875032385266,2.652173913043478,2.556761269497428,6.698924731182796,3.3795262377325033,2.6630434782608696,2.966024363615612,40.89247311827957,1.5645561111628488,96.66666666666667,90.5,95.33333333333333,CCC_2014B
group1,M,East Anglian Region,HE Qualification,80-90%,0-35,60,-29.0,0.5,1.0,3.6964285714285716,5.698228250500781,7.12280701754386,0.8906793552662201,4.9523809523809526,6.211525011886121,7.046511627906977,1.342118883932005,7.961538461538462,11.240927966073865,33.666666666666664,1.1206649568136708,71.66666666666667,65.0,80.0,CCC_2014B
group3,M,Scotland,Lower Than A Level,90-100%,35-55,30,-25.0,0.5,1.0,1.1072961373390557,0.3846045694680515,11.401709401709402,0.7165362063489585,1.6753246753246753,1.0345856856518827,5.232258064516129,1.1597736362653956,1.162162162162162,0.673217983436608,30.96412556053812,0.8591779683478216,94.66666666666667,98.0,94.0,CCC_2014B
group3,M,Scotland,Post Graduate Qualification,90-100%,0-35,60,-22.0,0.5,1.0,2.6739130434782608,2.6812687486049547,3.6881720430107525,1.0735436571543175,8.285714285714286,7.629655314078101,3.8275862068965516,0.7066187946352281,12.88888888888889,16.083930193131167,24.63157894736842,1.240336302864419,97.33333333333333,93.5,99.66666666666667,CCC_2014B
group1,M,North Western Region,A Level or Equivalent,50-60%,0-35,60,-29.0,0.5,1.0,4.518518518518518,4.312074931704194,3.8,0.8082301409346134,11.476190476190476,13.238651923889561,2.5454545454545454,0.7275553138379773,6.9714285714285715,8.74301642080431,19.166666666666668,1.6540721360871664,69.33333333333333,47.5,65.0,CCC_2014B
group3,M,North Western Region,A Level or Equivalent,80-90%,0-35,60,-23.0,0.6666666666666666,0.75,3.63768115942029,4.0218923497921075,2.8714285714285714,0.9398772385445192,13.166666666666666,17.71423488743047,2.9473684210526314,0.9563162742139918,12.352941176470589,20.01543522031993,19.666666666666668,1.0410974696905906,94.66666666666667,96.0,97.5,CCC_2014B
group1,M,London Region,A Level or Equivalent,90-100%,0-35,60,-28.0,0.5714285714285714,0.875,3.5846153846153848,5.071033880323086,6.151515151515151,0.9416343456169419,6.297297297297297,9.131340612493949,2.8684210526315788,0.7116451727852086,8.884615384615385,13.476874780384131,29.88888888888889,1.35035863493584,67.33333333333333,58.0,45.5,CCC_2014B
group3,M,East Anglian Region,HE Qualification,90-100%,0-35,90,-29.0,1.0,0.5,1.773972602739726,1.4983694491482287,8.115646258503402,0.9076929151312509,2.375,2.5050919018856788,2.6285714285714286,0.8222642291306831,4.111111111111111,3.860933829508386,30.5,1.9458453594413525,72.0,100.0,94.0,CCC_2014B
group1,M,Wales,A Level or Equivalent,50-60%,0-35,30,-24.0,0.5,1.0,15.214285714285714,17.294634879187118,3.7333333333333334,0.6667198108069453,17.666666666666668,17.660090256813184,2.0,0.5547001962252291,22.88888888888889,29.259376464837917,26.6,1.0544023773395825,75.66666666666667,62.5,69.33333333333333,CCC_2014B
group3,F,London Region,Lower Than A Level,20-30%,0-35,30,-27.0,0.5,1.0,4.901960784313726,5.9203206060509395,5.173076923076923,0.8977137144294514,6.131578947368421,7.4513595807548425,2.3333333333333335,1.064630447892999,11.6,14.858632082679113,43.76190476190476,1.3911638364899193,96.66666666666667,97.5,92.33333333333333,CCC_2014B
group3,F,West Midlands Region,A Level or Equivalent,70-80%,0-35,60,-25.0,1.0,0.5,5.068181818181818,4.592196248504416,3.7333333333333334,0.8190960672271225,10.631578947368421,8.945579456517365,2.85,1.186125806588447,9.391304347826088,12.964073190008197,22.375,0.8655492681019331,90.0,83.0,73.0,CCC_2014B
group3,F,London Region,A Level or Equivalent,90-100%,35-55,60,-25.0,1.0,0.5,2.272727272727273,1.9625348283432786,7.009009009009009,0.9918965756003514,4.979591836734694,4.793614658751643,3.08,1.0646974711199781,2.7472527472527473,3.5137615380842435,29.565217391304348,1.0782816852444284,100.0,70.0,100.0,CCC_2014B
group3,F,Scotland,A Level or Equivalent,20-30%,0-35,60,-24.0,1.0,0.5,2.752808988764045,2.710589079200667,3.3222222222222224,0.8605722266141975,6.617647058823529,8.838670906126625,1.8,0.6613544970158622,7.551724137931035,11.900138675352101,16.166666666666668,1.1356408294559832,79.5,61.0,73.0,CCC_2014B
group1,M,Yorkshire Region,A Level or Equivalent,70-80%,0-35,60,-25.0,0.5,1.0,1.5889570552147239,1.210703608047578,7.4817073170731705,1.1597306103102096,4.0,4.759804376748906,3.492063492063492,0.8129631547057289,1.9465648854961832,1.8200294887688648,26.12878787878788,1.5060939890470029,83.0,70.5,63.0,CCC_2014B
group3,F,South East Region,HE Qualification,70-80%,0-35,60,-24.0,0.6666666666666666,0.75,4.0,3.8751708546259445,3.8524590163934427,0.8803678394968097,8.241379310344827,10.469872329736653,2.1666666666666665,0.7158393922542673,9.826086956521738,16.02456118790222,16.791666666666668,1.1300734162652497,84.0,88.0,93.0,CCC_2014B
group3,M,Yorkshire Region,A Level or Equivalent,70-80%,0-35,60,-23.0,0.5,1.0,3.037037037037037,3.458483932463922,4.146341463414634,0.8745537665903905,8.678571428571429,7.267653202291857,2.8275862068965516,1.1602682821723216,4.826086956521739,5.76697243052997,21.78723404255319,1.078657378179908,100.0,96.0,96.66666666666667,CCC_2014B
group3,M,Scotland,HE Qualification,90-100%,35-55,30,-24.0,0.5,1.0,1.5889570552147239,1.3550548316986266,6.4817073170731705,1.0373913682786733,2.769230769230769,2.7328329748405897,4.0978260869565215,0.9574200652090528,3.5833333333333335,5.325331438471927,22.71232876712329,1.2903486406394935,100.0,91.5,97.0,CCC_2014B
group3,F,North Western Region,A Level or Equivalent,70-80%,0-35,30,-23.0,1.0,0.5,3.746268656716418,4.973698348318213,4.1911764705882355,0.7873656065246627,8.0,8.398412548412548,4.03125,1.3133302127879514,4.048387096774194,6.572240228277678,24.46031746031746,1.2097458370229972,83.0,91.0,96.0,CCC_2014B
group3,F,Scotland,HE Qualification,50-60%,55<=,60,-24.0,1.0,0.5,4.673913043478261,5.6531381563245695,4.48936170212766,0.765956544107561,5.527777777777778,6.40752286038444,12.432432432432432,2.7910791592761997,16.0,26.51928972036633,67.07692307692308,0.8175101512540485,76.5,87.0,94.0,CCC_2014B
group3,F,South West Region,A Level or Equivalent,40-50%,0-35,60,-23.0,0.5,0.75,9.25925925925926,10.331403183396327,3.607142857142857,0.7495383018332727,23.333333333333332,19.075289425501953,2.5714285714285716,0.773799348732451,17.916666666666668,16.053650580777475,34.53846153846154,1.0248232274430105,82.0,78.0,88.33333333333333,CCC_2014B
group3,M,Wales,A Level or Equivalent,70-80%,0-35,60,-22.0,1.0,0.5,4.385964912280702,4.463160259137786,4.379310344827586,0.6634763600926266,8.962962962962964,12.638407523471647,2.0714285714285716,0.8152820977611646,7.205882352941177,10.259598349290778,32.6,1.4863348083904728,95.0,80.0,94.0,CCC_2014B
group3,M,South West Region,HE Qualification,50-60%,0-35,60,-22.0,0.5,1.0,2.8555555555555556,2.59888096536948,3.978021978021978,0.9074995575896587,6.9393939393939394,9.253173083932458,2.6470588235294117,1.0797804989561195,4.568627450980392,4.382943768568263,19.634615384615383,1.2112635107474965,100.0,86.0,88.33333333333333,CCC_2014B
group3,M,Scotland,Lower Than A Level,70-80%,35-55,60,-22.0,0.5,1.0,4.064516129032258,3.2536031363072007,8.031746031746032,0.9221522609911345,6.315789473684211,6.312172980698848,4.9743589743589745,1.7693106560700607,8.689655172413794,7.681626726323115,31.6,1.0780446216013242,96.66666666666667,98.0,99.0,CCC_2014B
group3,M,West Midlands Region,A Level or Equivalent,30-40%,0-35,60,-23.0,0.5,1.0,2.642857142857143,3.7560947036357333,5.353535353535354,0.8505437709496053,5.3125,7.610620378996149,3.2244897959183674,0.9752176738022472,3.278481012658228,5.015199228756725,38.05,1.4073943195208696,82.0,32.5,80.33333333333333,CCC_2014B
group3,M,South Region,HE Qualification,50-60%,0-35,60,-22.0,0.5,1.0,3.464788732394366,3.328796375849869,5.208333333333333,1.3088498768002388,4.92,7.116637591745481,3.215686274509804,0.9386283612143345,10.08695652173913,13.911777363339116,32.416666666666664,0.9919515393461545,86.33333333333333,82.5,82.33333333333333,CCC_2014B
group3,M,North Western Region,Lower Than A Level,0-10%,0-35,30,-22.0,0.5,1.0,3.4285714285714284,3.9178943937185524,4.126760563380282,1.162435493072019,6.2631578947368425,9.075313144850602,2.8974358974358974,1.24756792141233,14.466666666666667,19.856149341366937,63.875,1.370197051808412,92.66666666666667,93.0,92.0,CCC_2014B
group3,F,North Western Region,A Level or Equivalent,70-80%,0-35,30,-22.0,0.5,1.0,7.03030303030303,6.993232659528999,3.323529411764706,0.818237190316022,8.0,12.575696726151921,4.586206896551724,1.445800341861283,13.117647058823529,12.83492478036576,27.61111111111111,1.2936749550234972,84.0,82.5,63.333333333333336,CCC_2014B
group3,M,Wales,HE Qualification,0-10%,0-35,120,5.0,0.625,1.0,3.8524590163934427,4.381156869951781,6.5,1.0011446016718897,7.161290322580645,10.162338228949569,4.46875,1.244657024489746,9.038461538461538,12.984547028620657,26.22222222222222,1.5510326832057109,83.0,96.0,86.66666666666667,CCC_2014B
group1,F,West Midlands Region,A Level or Equivalent,40-50%,0-35,60,-22.0,0.5714285714285714,0.875,3.220779220779221,3.3427981370142135,4.3076923076923075,1.0581518672429115,6.205128205128205,6.428470748734992,4.45,1.5282138085906285,8.25,9.709197624856468,50.41379310344828,1.0868847383883182,90.33333333333333,72.5,85.0,CCC_2014B
group3,M,East Midlands Region,HE Qualification,90-100%,0-35,60,-21.0,0.5,1.0,5.1521739130434785,7.387579339838961,8.808510638297872,0.9893243308271884,10.304347826086957,12.672212917922195,8.041666666666666,1.392838249481433,6.878787878787879,9.781224283536725,19.970588235294116,1.260850365966989,91.33333333333333,91.0,91.66666666666667,CCC_2014B
group1,M,Ireland,Lower Than A Level,50-60%,0-35,60,-17.0,0.5,1.0,3.739130434782609,4.313631518778046,4.614285714285714,1.0186699496373333,7.6923076923076925,9.023388413536152,2.740740740740741,0.9810103466422452,4.8,6.827316083056298,13.372549019607844,1.359573615472548,63.333333333333336,53.5,76.0,CCC_2014B
group3,M,South Region,HE Qualification,80-90%,35-55,60,-29.0,0.5,1.0,3.1463414634146343,3.174442504644965,5.843373493975903,1.015915436798913,6.461538461538462,9.081056493852156,3.3,1.0632002904756868,6.8108108108108105,8.764948620746406,25.55263157894737,1.0385876838921773,94.0,98.0,91.33333333333333,CCC_2014B
group3,M,London Region,HE Qualification,90-100%,55<=,120,-232.0,1.0,0.5,4.625,5.946924338757732,5.491228070175438,0.992258410834155,11.26086956521739,13.13294743385487,2.25,1.0980716355832292,11.411764705882353,17.193962688722355,25.88888888888889,1.6768323280008357,73.5,78.0,85.0,CCC_2014B
group1,M,London Region,A Level or Equivalent,80-90%,35-55,60,-95.0,0.5,1.0,2.504854368932039,2.5277820488378344,5.894230769230769,0.9142140952464217,3.6176470588235294,3.8128980311518132,8.869565217391305,1.3580938160808127,4.611111111111111,5.33205566456905,27.272727272727273,1.0413111393281496,75.0,66.0,67.66666666666667,CCC_2014B
group3,M,Scotland,Post Graduate Qualification,80-90%,35-55,180,-147.0,1.0,0.5,3.4166666666666665,4.002639973887657,3.328767123287671,0.8909631338794896,16.2,19.803478931182212,1.6363636363636365,0.4714045207910317,29.714285714285715,32.257889400446345,18.625,0.8598727283494085,95.0,98.0,92.0,CCC_2014B
group3,M,London Region,A Level or Equivalent,90-100%,35-55,60,-89.0,1.0,0.5,5.463414634146342,4.626540613544908,3.619047619047619,1.0337952829165984,14.692307692307692,11.309174854844002,2.7857142857142856,1.4811992937473009,9.55,9.422677013739946,18.80952380952381,1.073948996779952,52.5,67.0,69.0,CCC_2014B
group1,M,South Region,A Level or Equivalent,90-100%,35-55,30,-130.0,0.5714285714285714,0.875,1.8905109489051095,2.5107967803678797,4.1231884057971016,0.9481037560996844,6.513513513513513,8.342067494937336,3.3157894736842106,0.8589047148234085,1.9112903225806452,2.7937563859964296,19.664,0.8132104074215484,87.0,59.5,87.5,CCC_2014B
group3,M,Scotland,HE Qualification,80-90%,55<=,90,-184.0,0.5,1.0,3.1772151898734178,3.6541493579248674,3.9,1.0852849966701696,8.851851851851851,10.07549847479863,5.214285714285714,2.3123920656141785,4.75,6.13153689386691,20.183673469387756,1.2431131409581653,94.66666666666667,93.0,95.0,CCC_2014B
group3,F,South Region,Post Graduate Qualification,90-100%,35-55,60,-22.0,1.0,0.5,1.9147286821705427,1.6911119111767945,4.376923076923077,1.050915175869718,5.466666666666667,5.306942280036251,2.4347826086956523,1.4192778057152582,3.6865671641791047,3.6647748090058214,22.191176470588236,1.1241393802109054,84.0,85.0,85.0,CCC_2014B
group3,M,South Region,A Level or Equivalent,80-90%,35-55,60,-29.0,0.5,1.0,2.63265306122449,2.117125824007929,4.141414141414141,0.858009816223146,4.673076923076923,4.973345241980252,2.4339622641509435,0.7508583314315526,4.660377358490566,4.2604775654416205,17.72222222222222,0.9836119447311669,88.0,92.5,88.66666666666667,CCC_2014B
group3,M,East Anglian Region,A Level or Equivalent,30-40%,35-55,90,-39.0,0.5,1.0,1.2067307692307692,0.622099363434716,6.827751196172249,0.9245156949300327,2.5,3.5451968989932814,2.917525773195876,0.9124000618240289,1.4180790960451977,1.1408284143467837,22.297752808988765,1.4438322979235392,98.66666666666667,95.5,93.33333333333333,CCC_2014B
group3,F,South West Region,HE Qualification,70-80%,35-55,90,-66.0,1.0,0.5,9.37037037037037,9.624280784909624,4.714285714285714,0.7077558008561613,12.736842105263158,16.274868510351777,2.45,0.5238978633874871,18.615384615384617,13.225848816732972,20.214285714285715,1.5324489893975493,65.0,67.0,61.0,CCC_2014B
group3,M,Wales,HE Qualification,80-90%,35-55,30,-99.0,1.0,0.5,2.349056603773585,2.1736186761128207,4.663551401869159,1.0264590876217183,4.032786885245901,4.523889230572716,5.887096774193548,1.819559705804519,8.8,8.470537173048708,16.384615384615383,1.478426044615559,95.0,83.0,100.0,CCC_2014B
group1,M,Yorkshire Region,Lower Than A Level,70-80%,35-55,60,-45.0,0.75,1.0,2.625,2.9779894312491404,6.896907216494846,0.9790766667747871,3.7846153846153845,4.532839575297653,5.787878787878788,0.9589159243681653,5.6571428571428575,8.22815416775861,21.38888888888889,0.8392665601069863,81.0,76.0,81.33333333333333,CCC_2014B
group1,M,West Midlands Region,A Level or Equivalent,70-80%,35-55,90,-24.0,0.625,1.0,3.1842105263157894,3.572899947533896,5.48051948051948,1.1889265815423287,7.117647058823529,7.0571893533210135,8.542857142857143,1.7673742084548736,4.745098039215686,7.090396708943447,14.192307692307692,0.9282109861052805,74.0,38.5,66.0,CCC_2014B
group3,M,Scotland,A Level or Equivalent,40-50%,35-55,90,-220.0,0.75,1.0,2.6161616161616164,3.5705915325028483,6.7,1.3233176207950963,6.146341463414634,6.287133590157584,5.4523809523809526,1.51462930881985,3.6615384615384614,5.9300003242962696,18.924242424242426,1.4968768253797062,92.66666666666667,80.5,87.0,CCC_2014B
group3,M,South West Region,A Level or Equivalent,70-80%,35-55,60,-106.0,1.0,0.5,2.774193548387097,2.368860633566752,3.0,0.8193868433495705,4.957446808510638,5.698807834170654,1.5625,0.5528109984434102,6.027027027027027,7.811979712404982,10.131578947368421,0.8189895003312879,86.0,83.0,90.0,CCC_2014B
group1,M,Ireland,HE Qualification,30-40%,35-55,75,-25.0,0.5,1.0,1.2835820895522387,0.6278368454285014,10.747524752475247,1.153319403775368,1.9606299212598426,2.098380232476944,12.96875,1.0133296534199607,1.4021739130434783,0.9645042624691794,20.10810810810811,1.282305966058221,73.66666666666667,76.0,87.33333333333333,CCC_2014B
group3,F,Scotland,HE Qualification,40-50%,35-55,60,-103.0,0.5,1.0,4.867924528301887,3.8532590394319084,3.5555555555555554,1.0834334889599821,20.4,18.313322412325345,2.4545454545454546,0.6108304630544682,7.78125,6.4843950398058,14.909090909090908,1.1761287354283196,75.0,73.5,66.66666666666667,CCC_2014B
group3,F,South West Region,A Level or Equivalent,60-70%,35-55,120,-61.0,0.5,1.0,2.1025641025641026,2.0484839448110255,6.47457627118644,0.9968461271158163,4.315789473684211,5.405545745993652,4.068965517241379,0.7849855035192821,2.6923076923076925,3.16821824336753,32.02173913043478,0.859772053534284,82.33333333333333,78.0,90.0,CCC_2014B
group3,M,North Western Region,Lower Than A Level,0-10%,35-55,60,-297.0,1.0,1.0,2.4711538461538463,2.203072570933739,6.714285714285714,1.096519040572351,7.387096774193548,10.33014172008251,3.21875,1.049936148407095,4.315789473684211,6.990191839634104,32.3448275862069,1.0101351046996816,71.33333333333333,85.5,84.0,CCC_2014B
group3,F,London Region,A Level or Equivalent,10-20,35-55,60,-17.0,0.8,0.625,4.857142857142857,7.871361593354312,8.34,1.0360739135532697,8.5,15.120503616931206,4.379310344827586,0.8698560302136362,12.9375,14.803012080879576,67.17647058823529,1.2916064590185325,93.5,79.0,92.0,CCC_2014B
group1,M,Scotland,HE Qualification,60-70%,35-55,120,-133.0,0.3333333333333333,0.75,4.357142857142857,4.896858255986259,4.052631578947368,0.99715680593395,6.548387096774194,8.19690473970681,4.0625,1.4085957588443605,9.347826086956522,13.776160883774992,14.416666666666666,0.8103831847617164,41.0,28.0,53.0,CCC_2014B
group1,M,West Midlands Region,A Level or Equivalent,40-50%,35-55,45,-17.0,1.0,0.625,2.561224489795918,2.8286688666813253,4.383838383838384,0.9853941953081294,2.9146341463414633,3.330373573055068,11.373493975903614,1.2829295164627843,5.738095238095238,9.085124598282526,33.58139534883721,1.1209081460409769,25.0,49.0,56.0,CCC_2014B
group3,F,Scotland,A Level or Equivalent,50-60%,0-35,30,-25.0,0.5,1.0,1.511764705882353,1.033396395382507,5.333333333333333,1.0163142903856588,1.9841269841269842,1.9140914376659315,4.84251968503937,0.7150812072230148,7.0,12.34503948960877,16.0,1.0816292687422988,79.0,84.0,85.66666666666667,CCC_2014B
group1,F,North Western Region,HE Qualification,70-80%,35-55,90,-221.0,0.625,1.0,4.298245614035087,3.8635887845032557,6.551724137931035,0.8541409641877628,8.185185185185185,6.463132349881113,2.0714285714285716,0.9116761425105023,7.03125,9.753359636225271,25.21212121212121,0.9659304741249214,54.0,73.5,72.66666666666667,CCC_2014B
group3,M,Scotland,A Level or Equivalent,80-90%,0-35,60,-25.0,0.5,1.0,2.4285714285714284,2.6849192182989805,3.7264150943396226,1.1764091428575412,6.828571428571428,8.161911952642537,5.861111111111111,1.5165506512067783,2.696629213483146,3.12397071915485,40.43333333333333,2.130125551483159,99.33333333333333,97.5,82.0,CCC_2014B
group3,M,Scotland,A Level or Equivalent,0-10%,35-55,60,-162.0,0.5,1.0,1.01171875,0.13953485403366458,12.424124513618677,0.6864062744402859,3.324324324324324,3.7457120986869157,1.8533333333333333,0.9558874525296521,1.0948275862068966,0.6027131768992621,22.300429184549355,0.7880564398897639,95.66666666666667,95.0,95.66666666666667,CCC_2014B
group3,M,East Midlands Region,Lower Than A Level,30-40%,35-55,60,-54.0,0.5,1.0,1.5609756097560976,1.4869374873968326,5.157575757575757,1.349221230265627,2.0,2.0684990994898125,16.282258064516128,2.609014797949326,2.6122448979591835,3.9549855084938526,24.474747474747474,1.0069768535617567,86.0,82.5,90.66666666666667,CCC_2014B
group1,M,East Anglian Region,HE Qualification,40-50%,35-55,60,-23.0,0.5,1.0,3.4714285714285715,4.2039368318432615,8.549295774647888,1.0268257696772793,5.568181818181818,6.9630176807177016,11.777777777777779,1.7116338046553283,5.829268292682927,6.1963797455626874,18.023809523809526,1.1725552939030761,84.33333333333333,53.0,79.0,CCC_2014B
group3,M,East Anglian Region,A Level or Equivalent,30-40%,35-55,60,-81.0,1.0,0.5,3.6818181818181817,3.9580845830317433,4.223880597014926,0.7326512367142649,4.977777777777778,6.923244407885158,2.0652173913043477,0.8227378117755423,12.8,19.964969321288724,39.0625,0.8043386351531301,93.5,83.0,85.0,CCC_2014B
group3,F,East Anglian Region,HE Qualification,90-100%,0-35,60,-95.0,0.5,1.0,3.8208955223880596,4.01484130458979,5.985294117647059,1.0269300355080386,6.421052631578948,7.103982814942115,2.5128205128205128,1.1251359305171864,7.393939393939394,7.972371800236874,21.176470588235293,1.7537591899392277,87.66666666666667,93.0,92.0,CCC_2014B
group3,F,East Anglian Region,A Level or Equivalent,80-90%,35-55,90,-39.0,0.5,1.0,4.653846153846154,5.586695032631724,5.339622641509434,0.7852954434869802,5.658536585365853,7.986268703523445,18.714285714285715,1.9317502411624299,9.375,14.291415787716462,27.16,1.1133027049667457,85.0,79.0,72.33333333333333,CCC_2014B
group1,M,Wales,A Level or Equivalent,70-80%,35-55,150,-165.0,0.6666666666666666,0.75,2.8777777777777778,3.283694061820537,7.065934065934066,0.9967160899397416,6.588235294117647,10.126825004424227,3.5142857142857142,1.2659452948644858,4.17741935483871,7.282415815946007,13.587301587301587,1.2118005914428576,68.0,58.0,43.0,CCC_2014B
group3,M,East Anglian Region,HE Qualification,40-50%,35-55,30,-123.0,0.8571428571428571,0.875,7.757575757575758,7.245819066150765,7.235294117647059,0.6975780315158583,10.636363636363637,10.706230738377378,3.260869565217391,1.0784350802075304,17.5,22.98813923427787,31.846153846153847,1.2905198308714343,80.66666666666667,90.0,85.5,CCC_2014B
group3,M,Yorkshire Region,A Level or Equivalent,30-40%,35-55,30,-21.0,1.0,0.5,1.7619047619047619,1.3715970759712142,4.405405405405405,0.972707076949824,2.1709401709401708,1.9355592539883588,2.26271186440678,0.905042831216546,4.96,5.554773641120009,34.13725490196079,1.2263278390771308,82.0,100.0,92.0,CCC_2014B
group3,M,North Western Region,Lower Than A Level,90-100%,0-35,60,-29.0,0.5,1.0,3.356164383561644,4.066700351683231,4.662162162162162,0.9678078135007673,6.277777777777778,6.57532665613813,2.972972972972973,0.8655003807572296,7.758620689655173,9.697772838624168,60.8,1.1369514318573972,81.66666666666667,77.0,82.66666666666667,CCC_2014B
group3,M,Scotland,A Level or Equivalent,80-90%,0-35,100,-29.0,0.5,1.0,2.364485981308411,2.772481088165541,3.990740740740741,1.0317576119371323,7.066666666666666,12.51463511070231,4.161290322580645,2.2361351619954855,3.7058823529411766,6.501570013671237,18.17391304347826,1.2059124964368357,84.66666666666667,70.5,76.33333333333333,CCC_2014B
group3,F,London Region,A Level or Equivalent,10-20,0-35,30,-21.0,0.625,1.0,2.842696629213483,2.8078577907061852,4.977777777777778,0.9526727138660465,4.711538461538462,5.420862164484063,3.056603773584906,1.2780610409469988,5.975609756097561,9.41405280651763,36.30952380952381,1.028287257639941,91.33333333333333,98.5,92.0,CCC_2014B
group3,M,West Midlands Region,A Level or Equivalent,70-80%,0-35,90,-123.0,0.5,1.0,3.4166666666666665,3.44677845098011,4.726027397260274,0.9987852315029226,5.3478260869565215,6.677382691858133,2.595744680851064,0.9391597106493446,14.117647058823529,16.35115574256594,30.333333333333332,1.1115752629803772,99.33333333333333,91.0,96.0,CCC_2014B
group3,F,South Region,A Level or Equivalent,20-30%,35-55,90,-137.0,0.8,0.625,2.5918367346938775,3.5488831833914025,6.94949494949495,0.898596778066285,5.020408163265306,10.497003135654097,4.62,1.2753234997628762,4.298245614035087,7.966368845431,41.53448275862069,1.345273409952324,89.0,87.0,91.5,CCC_2014B
group3,M,East Anglian Region,A Level or Equivalent,50-60%,0-35,60,-66.0,0.875,1.0,2.6597938144329896,3.0750562255636895,5.1020408163265305,0.835550118185618,4.285714285714286,5.287083009869124,3.3684210526315788,1.0647953148375513,4.836734693877551,6.179087509412663,35.64,1.362882851953629,89.33333333333333,90.0,84.66666666666667,CCC_2014B
group1,M,Scotland,Post Graduate Qualification,90-100%,35-55,30,-21.0,1.0,0.5,6.219512195121951,5.433747303297934,5.166666666666667,0.8264794204914675,8.133333333333333,8.989393494685771,8.709677419354838,1.2838983845026035,11.090909090909092,10.272056829824859,21.434782608695652,0.9319289343846002,47.5,54.0,73.0,CCC_2014B
group3,M,Scotland,HE Qualification,80-90%,0-35,30,-52.0,0.5,1.0,3.935483870967742,4.6230745845692,2.619047619047619,0.9631216464108382,13.166666666666666,15.271079934076084,2.9473684210526314,0.8770020827006195,14.4375,16.16567866396789,26.058823529411764,1.2347072672010815,83.33333333333333,76.0,83.0,CCC_2014B
group3,M,East Midlands Region,A Level or Equivalent,10-20,0-35,90,-134.0,0.625,1.0,5.16,4.057545251674682,4.549019607843137,1.0386947299249385,12.411764705882353,18.5204576871409,2.2777777777777777,0.7288562340236066,11.380952380952381,8.691813334835203,15.727272727272727,1.3957113924526394,82.33333333333333,34.0,76.33333333333333,CCC_2014B
group3,F,Scotland,A Level or Equivalent,0-10%,35-55,60,-25.0,0.5,1.0,2.3125,1.7910249217334386,5.433628318584071,0.8752461786673879,4.9,6.550432296063072,3.0588235294117645,1.0487383234181522,4.015873015873016,3.7780864908048426,13.59375,1.457853751617255,88.0,86.5,92.33333333333333,CCC_2014B
group3,F,Wales,A Level or Equivalent,40-50%,35-55,30,-117.0,1.0,0.5,9.826086956521738,12.186625209306097,5.666666666666667,0.6713360123831369,13.117647058823529,14.810816794412355,5.944444444444445,1.1235572944773544,22.6,24.998666631109216,50.18181818181818,0.9284769346566752,89.5,65.0,88.0,CCC_2014B
group3,M,London Region,HE Qualification,0-10%,0-35,30,-22.0,0.5714285714285714,0.875,1.5449101796407185,1.1231763630374847,8.047619047619047,1.0954099560825334,2.4019607843137254,2.3090858159404983,8.815533980582524,1.8920679203851485,1.9022556390977443,1.8458169812018093,18.30597014925373,1.4206814947606694,87.0,76.5,79.66666666666667,CCC_2014B
group3,M,London Region,Lower Than A Level,60-70%,35-55,30,-12.0,0.5,1.0,1.6578947368421053,1.1854820639493566,5.254901960784314,0.8419617165820529,2.0973451327433628,2.091498957386405,7.815789473684211,4.220880846324073,2.47,2.5720133213598495,11.168316831683168,1.3179425201022412,87.66666666666667,85.5,96.0,CCC_2014B
group3,M,South West Region,A Level or Equivalent,10-20,0-35,60,-251.0,0.5,1.0,2.7888888888888888,2.8815353446681486,3.901098901098901,1.0104944276422176,9.72,12.064134172551851,2.1538461538461537,0.8704326862109958,5.042553191489362,8.566764512292005,27.458333333333332,1.0565369568039344,90.33333333333333,80.5,92.66666666666667,CCC_2014B
group1,M,Scotland,A Level or Equivalent,90-100%,0-35,60,-15.0,0.5714285714285714,0.875,4.472727272727273,4.928580839441421,5.571428571428571,0.9460287597114496,5.735294117647059,5.653150494806772,9.057142857142857,1.421785844391498,7.28125,7.984801591249021,16.939393939393938,0.8764521120020887,86.66666666666667,75.0,80.0,CCC_2014B
group1,M,South Region,Lower Than A Level,30-40%,35-55,40,-137.0,1.0,1.0,3.0609756097560976,3.8693080409095315,3.5542168674698793,0.807989407776844,4.891304347826087,4.238596522799946,3.297872340425532,1.6945526976028729,4.74468085106383,5.731181246731445,27.520833333333332,1.4390083539252367,86.33333333333333,41.5,67.66666666666667,CCC_2014B
group3,M,London Region,Post Graduate Qualification,10-20,35-55,120,-22.0,0.7142857142857143,0.875,4.155172413793103,4.372167651148794,4.186440677966102,0.9498565892801855,6.444444444444445,8.01585730000031,2.7027027027027026,1.0705138952858109,11.210526315789474,18.65350413124218,17.95,1.2381576432410457,88.0,95.0,93.66666666666667,CCC_2014B
group1,M,South West Region,A Level or Equivalent,60-70%,0-35,60,-80.0,0.7142857142857143,0.875,5.325581395348837,5.86239399430024,3.6363636363636362,0.8272696053887149,12.333333333333334,19.776127985408017,2.125,0.6629075099755672,16.384615384615383,36.00124641716928,25.785714285714285,0.9069177621754859,68.66666666666667,46.5,47.5,CCC_2014B
group3,M,North Region,A Level or Equivalent,40-50%,0-35,60,-136.0,0.625,1.0,5.444444444444445,5.794023392316178,5.913043478260869,1.0358256072241674,8.956521739130435,10.226873070803418,3.3333333333333335,1.3573871960498227,9.904761904761905,14.355851635847877,20.363636363636363,1.0729806466624854,69.33333333333333,57.0,62.0,CCC_2014B
group3,M,South Region,A Level or Equivalent,50-60%,0-35,60,-185.0,1.0,0.625,1.5542168674698795,1.2284803329484104,4.736526946107785,1.0116513537046257,3.1733333333333333,4.1406793192935405,7.197368421052632,0.9312230963918826,2.5,3.427458934469492,15.138613861386139,1.615556721908051,98.0,78.0,87.0,CCC_2014B
group3,M,South West Region,A Level or Equivalent,30-40%,0-35,60,-303.0,1.0,0.5,5.08,4.232237792786917,3.803921568627451,0.9500211161656308,12.0,6.523461930260309,2.85,0.8614374524344504,9.2,11.73314393786536,18.46153846153846,1.3981386435781924,90.0,89.0,98.0,CCC_2014B
group1,M,North Region,Lower Than A Level,20-30%,35-55,30,-45.0,0.8571428571428571,0.875,4.875,4.508266638643547,3.5714285714285716,1.205321533865549,9.904761904761905,9.653521439893122,2.1818181818181817,0.9637527921850315,16.714285714285715,17.255672741398456,14.466666666666667,1.0567574900553696,46.0,45.5,59.5,CCC_2014B
group1,M,Scotland,Post Graduate Qualification,50-60%,0-35,30,-23.0,0.625,1.0,5.688888888888889,6.734653335959882,4.521739130434782,0.8424306197619041,18.307692307692307,13.30027954207865,1.7142857142857142,0.5137011669140813,6.647058823529412,10.345200476816572,18.571428571428573,0.8205929448058207,59.666666666666664,64.0,75.0,CCC_2014B
group3,F,South West Region,A Level or Equivalent,30-40%,35-55,30,6.0,1.0,0.5,2.3877551020408165,2.9866805801525373,4.9393939393939394,0.700623166694844,6.470588235294118,7.731224741729484,2.9714285714285715,0.8607783391282717,3.283582089552239,4.100280737429446,25.073529411764707,1.1144786179021158,79.0,100.0,100.0,CCC_2014B
group3,F,Scotland,Lower Than A Level,30-40%,0-35,30,-51.0,1.0,0.5,4.777777777777778,3.7851081920015477,4.545454545454546,0.9934988676390123,7.555555555555555,6.308317667561756,3.4642857142857144,0.8182086564335864,17.2,15.694403005985468,19.5,1.112507341021366,58.5,54.0,81.0,CCC_2014B
group3,M,Scotland,A Level or Equivalent,60-70%,0-35,90,-23.0,0.5,1.0,2.38,2.41116929595111,2.9702970297029703,0.9668045878620516,6.277777777777778,8.917434323875614,2.5945945945945947,0.9288957004003313,3.5076923076923077,6.29514464915987,27.90909090909091,1.2024868689239836,87.0,94.5,94.66666666666667,CCC_2014B
group3,M,East Anglian Region,A Level or Equivalent,50-60%,0-35,90,-34.0,0.625,1.0,2.9651162790697674,2.9041458171890375,6.011494252873563,1.0657422019414187,4.1525423728813555,4.229671705374136,3.1333333333333333,1.1499207759039711,6.075,6.688633680567393,52.58536585365854,1.0872380902964702,90.33333333333333,83.5,90.66666666666667,CCC_2014B
group1,M,Scotland,HE Qualification,90-100%,35-55,60,-52.0,0.5,1.0,1.350785340314136,0.9219469735834874,7.864583333333333,0.8892370388672327,2.0080645161290325,2.2863894487271823,9.704,2.601052124722453,1.4855491329479769,1.3189448584846453,16.873563218390803,1.1241309449513188,70.33333333333333,66.0,75.0,CCC_2014B
group3,M,East Anglian Region,HE Qualification,60-70%,35-55,60,-54.0,0.5,1.0,1.251207729468599,0.6644115509728732,5.802884615384615,0.8709454705442662,7.454545454545454,8.407923751924836,2.676470588235294,0.7620544372565192,1.5286624203821657,0.9443523730791689,13.474683544303797,2.2140207007354396,94.0,90.5,93.66666666666667,CCC_2014B
group3,M,Yorkshire Region,Lower Than A Level,20-30%,0-35,120,-124.0,0.5,1.0,3.6470588235294117,3.3978250544967374,3.536231884057971,0.9671957486632142,12.894736842105264,12.359857680060278,3.55,1.2486056496109685,13.722222222222221,17.125163994253175,20.0,0.962863055246121,85.66666666666667,73.5,61.0,CCC_2014B
group3,M,Scotland,HE Qualification,30-40%,35-55,30,-37.0,0.5,1.0,3.984375,4.772581037751455,3.3230769230769233,0.984860535481254,7.709677419354839,10.536266095055044,3.1875,1.2802284974827784,16.0,25.427258101208132,33.61538461538461,0.5888170227080307,72.66666666666667,83.5,67.66666666666667,CCC_2014B
group3,M,West Midlands Region,HE Qualification,80-90%,0-35,30,-29.0,0.5,1.0,7.171428571428572,7.151658443144147,6.861111111111111,0.886658162600985,8.266666666666667,9.06654834270323,3.5161290322580645,0.7467912449529807,40.8,20.32732151563506,50.333333333333336,0.39977187477580317,92.0,92.5,94.0,CCC_2014B
group3,F,West Midlands Region,A Level or Equivalent,0-10%,0-35,60,-29.0,0.5,1.0,3.5652173913043477,3.8557758846481565,4.514285714285714,0.9085310215995822,5.857142857142857,7.3702481295604425,3.046511627906977,1.199178088084218,7.6875,8.286940756200336,18.424242424242426,1.392014939612813,72.33333333333333,46.0,72.33333333333333,CCC_2014B
group3,M,West Midlands Region,Lower Than A Level,20-30%,35-55,120,-107.0,1.0,0.5,3.090909090909091,2.646655377829765,5.1923076923076925,1.1723299737889445,8.72,9.93948355465883,12.76923076923077,1.4231792247713824,8.791666666666666,18.476728410452516,61.52,1.2783909644507359,87.0,74.0,100.0,CCC_2014B
group3,F,East Midlands Region,A Level or Equivalent,50-60%,0-35,120,-27.0,0.625,1.0,3.5492957746478875,4.077074344584314,4.444444444444445,0.8904879280484379,7.424242424242424,9.496809671642048,5.470588235294118,0.9088407143705566,5.3023255813953485,5.894044143681259,27.613636363636363,1.0005641180112117,94.0,95.5,94.66666666666667,CCC_2014B
group1,F,Scotland,HE Qualification,10-20,0-35,60,-178.0,0.625,1.0,2.243478260869565,2.254007364469927,4.836206896551724,0.9548961543135445,3.888888888888889,4.529869011533196,5.578125,0.9761693771355571,3.3698630136986303,5.28232600627126,19.7972972972973,1.4685132340540707,75.33333333333333,70.0,73.66666666666667,CCC_2014B
group1,M,East Midlands Region,HE Qualification,60-70%,0-35,30,-26.0,0.5,1.0,11.235294117647058,11.961027400294185,6.0,0.7049209744694177,15.916666666666666,19.420974291323347,2.3846153846153846,0.6888437581955684,29.833333333333332,29.795413517296026,56.857142857142854,0.7119115181300419,33.333333333333336,28.0,45.666666666666664,CCC_2014B
group1,M,London Region,A Level or Equivalent,10-20,35-55,60,-17.0,1.0,0.5,3.769230769230769,4.122231005358441,5.484848484848484,0.8464225436335636,5.694444444444445,6.145007006595771,3.135135135135135,1.1611400154817304,11.882352941176471,17.60994872558257,18.38888888888889,0.7291739657820304,51.0,52.0,68.0,CCC_2014B
group3,M,East Anglian Region,HE Qualification,40-50%,35-55,30,-29.0,0.5,1.0,3.225,3.700752574849224,4.444444444444445,0.9874208829065749,7.90625,13.303793722820377,2.303030303030303,1.1684625407522802,6.25,10.45319237215267,12.414634146341463,1.158296123068625,90.66666666666667,97.0,98.66666666666667,CCC_2014B
group3,M,Wales,A Level or Equivalent,90-100%,0-35,120,-17.0,0.625,1.0,2.802197802197802,2.5786291802677734,7.358695652173913,1.5277142381147102,10.08695652173913,14.002964113092954,4.25,1.1289418957242967,4.425925925925926,5.007925235486332,20.345454545454544,2.222824619009078,91.33333333333333,78.0,86.66666666666667,CCC_2014B
group3,M,South West Region,A Level or Equivalent,40-50%,0-35,90,-54.0,0.5,1.0,1.2647058823529411,0.6497664694279122,7.765853658536585,0.9035222692876527,1.9838709677419355,2.067887933022609,4.464,1.1777425457811488,2.0806451612903225,2.5838673170443984,21.952,1.643156227545207,84.66666666666667,84.0,82.66666666666667,CCC_2014B
group3,M,London Region,Lower Than A Level,10-20,0-35,120,-26.0,0.625,1.0,3.1392405063291138,3.754430467290987,3.9875,1.279054488836531,9.76,9.479275640399253,5.038461538461538,1.1579173900778175,5.897435897435898,7.181096792767699,25.475,1.6482075017800708,86.33333333333333,91.5,85.0,CCC_2014B
group1,F,London Region,Lower Than A Level,10-20,35-55,60,-23.0,1.0,0.5,1.5508982035928143,1.101251657191322,7.488095238095238,0.9600266631116898,2.2363636363636363,2.1371646857643887,20.945945945945947,1.863471523427828,2.504854368932039,2.2442684576396417,24.778846153846153,1.4065951030047044,82.0,74.0,73.0,CCC_2014B
group3,M,Yorkshire Region,Lower Than A Level,60-70%,0-35,60,-67.0,0.5,1.0,2.361904761904762,1.7382783786297642,5.254716981132075,1.236655479343674,6.621621621621622,7.048842896971544,2.8157894736842106,0.7593134428766206,5.341463414634147,6.227398156925414,21.142857142857142,0.8256616680960405,99.33333333333333,93.5,95.0,CCC_2014B
group3,M,North Region,A Level or Equivalent,10-20,0-35,60,-22.0,0.5,1.0,6.314285714285714,5.671245472564561,4.111111111111111,0.8224391380920509,12.6,11.709580936749433,3.0625,0.6875461439968579,18.454545454545453,20.50543165292375,21.25,1.0639743993590023,88.0,90.0,92.33333333333333,CCC_2014B
group1,M,London Region,A Level or Equivalent,40-50%,35-55,30,-109.0,0.625,1.0,4.535714285714286,4.805164970072348,4.2631578947368425,0.8365962640048106,5.666666666666667,5.396555106504876,6.75,1.1942937028049971,9.80952380952381,14.596640187450836,35.45454545454545,1.1556197195557747,49.0,40.0,46.666666666666664,CCC_2014B
group3,M,East Midlands Region,A Level or Equivalent,50-60%,35-55,60,-34.0,0.8,0.625,3.746268656716418,3.1734852439229417,3.8970588235294117,0.7521749643077017,6.911764705882353,5.501336735953631,8.82857142857143,2.352450313115197,6.617647058823529,8.82837953448939,11.971428571428572,0.7316271839569386,87.0,61.0,65.0,CCC_2014B
group3,M,Scotland,HE Qualification,90-100%,35-55,60,-26.0,1.0,0.5,1.24,0.790903052333821,6.1840796019900495,0.9843561203097141,3.5384615384615383,3.250369801446267,2.393939393939394,1.344515943116579,1.3191489361702127,0.9942375786129461,17.84656084656085,1.209869073131734,93.0,100.0,100.0,CCC_2014B
group3,M,Scotland,Post Graduate Qualification,60-70%,35-55,150,-166.0,0.5,1.0,4.9423076923076925,4.758536031004812,7.245283018867925,1.2394082509407465,10.434782608695652,10.303689043499825,8.208333333333334,1.6715158740865432,22.2,23.658684099783176,56.90909090909091,1.3182098559896052,97.33333333333333,93.5,94.33333333333333,CCC_2014B
group3,F,South Region,HE Qualification,40-50%,0-35,60,-40.0,0.625,1.0,2.146551724137931,2.135636796774239,6.068376068376068,0.954750907710827,3.6029411764705883,4.354238648195959,3.1159420289855073,0.9184132859253489,4.033333333333333,4.2980747233713394,23.524590163934427,1.5823256832457935,89.33333333333333,93.0,94.33333333333333,CCC_2014B
group3,M,Scotland,A Level or Equivalent,0-10%,0-35,30,-41.0,1.0,0.5,3.536231884057971,4.13940785103422,5.285714285714286,1.042696958217682,5.275,7.020071955216005,4.170731707317073,0.9962138921650212,11.823529411764707,16.129302891467624,12.444444444444445,1.266095355405584,58.0,96.0,67.0,CCC_2014B
group3,F,South Region,Lower Than A Level,50-60%,35-55,90,-1.0,0.75,1.0,3.5076923076923077,2.948108911462762,8.727272727272727,0.7499276585481799,4.612244897959184,4.367571438695519,5.28,1.0734075911550611,6.371428571428571,5.866583905706035,28.083333333333332,1.06363576806947,96.0,88.5,98.33333333333333,CCC_2014B
group3,F,South Region,Lower Than A Level,80-90%,0-35,30,-23.0,1.0,0.5,5.829268292682927,5.731066388659226,5.261904761904762,1.0878283545021936,10.863636363636363,14.871818842058143,3.0434782608695654,1.2003400878628574,17.53846153846154,19.64525126934999,30.285714285714285,1.0078236141142216,84.5,72.0,88.0,CCC_2014B
group1,M,West Midlands Region,A Level or Equivalent,60-70%,0-35,150,-73.0,0.75,1.0,2.0078125,2.1861989944438003,6.232558139534884,0.9540473942807546,3.2533333333333334,4.747953565807385,11.578947368421053,1.2959289402516705,4.862745098039215,5.751589720566436,25.134615384615383,1.4505976814358867,42.0,52.0,49.666666666666664,CCC_2014B
group1,F,North Western Region,A Level or Equivalent,80-90%,0-35,30,-27.0,0.75,1.0,5.326086956521739,7.202019308888575,5.340425531914893,0.864826361830447,9.23076923076923,13.261395680116609,6.925925925925926,1.4238865428265808,18.363636363636363,22.191316893202742,24.166666666666668,1.218739919620497,84.66666666666667,88.5,78.33333333333333,CCC_2014B
group3,M,East Anglian Region,A Level or Equivalent,50-60%,0-35,60,-244.0,0.5,1.0,3.0625,3.037086170174185,4.197530864197531,0.9495673755411151,3.6825396825396823,3.979079958602023,6.0625,0.8991558493190438,5.902439024390244,7.4659389163345695,24.0,1.6898438063759296,84.66666666666667,92.0,92.66666666666667,CCC_2014B
group3,M,North Western Region,HE Qualification,0-10%,35-55,40,-117.0,0.5,1.0,2.4411764705882355,2.4028593915746517,4.58252427184466,0.9761593627106393,7.838709677419355,8.676008199602505,4.09375,1.094748045187909,3.0365853658536586,3.0849900332040594,17.301204819277107,1.3913220316782762,87.33333333333333,86.0,95.33333333333333,CCC_2014B
group1,M,South West Region,A Level or Equivalent,90-100%,0-35,90,-24.0,0.625,1.0,3.5652173913043477,3.375858326017274,4.828571428571428,0.8931579769994419,6.0,7.137926869897169,6.785714285714286,1.9741543299751307,8.133333333333333,7.069767265999801,17.64516129032258,0.9531712885322663,62.333333333333336,52.0,65.0,CCC_2014B
group1,M,London Region,Lower Than A Level,60-70%,0-35,60,-23.0,0.625,1.0,3.0625,3.2891988559410708,5.753086419753086,1.1427638058790575,4.035714285714286,4.422933151466079,3.456140350877193,1.139545859500536,7.571428571428571,9.45331049765527,28.586206896551722,1.1837130516757854,73.66666666666667,56.5,76.33333333333333,CCC_2014B
group1,F,Yorkshire Region,Lower Than A Level,0-10%,35-55,30,-41.0,0.5714285714285714,0.875,2.681318681318681,3.061877132592289,4.456521739130435,0.9861262460913512,2.8846153846153846,3.5087303702605603,15.037974683544304,0.953752365021963,17.09090909090909,18.31641092274655,19.333333333333332,1.375209420869605,76.66666666666667,54.0,56.666666666666664,CCC_2014B
group1,M,North Region,A Level or Equivalent,80-90%,0-35,180,-12.0,0.8333333333333334,0.75,7.806451612903226,7.669938525780198,3.71875,0.9100107049300863,13.75,13.64551208273255,1.9411764705882353,0.8375924218839547,18.363636363636363,17.46008434843731,24.666666666666668,0.4985369390728842,69.66666666666667,74.0,71.0,CCC_2014B
group3,F,Scotland,Post Graduate Qualification,80-90%,0-35,60,-24.0,0.6666666666666666,0.75,2.597938144329897,2.4860435175463076,5.459183673469388,0.9196812535739687,5.625,7.461654109598089,6.512195121951219,1.4345498253722955,3.5652173913043477,3.591158509080343,25.271428571428572,2.098530068720103,96.5,90.5,88.0,CCC_2014B
group1,M,South East Region,Lower Than A Level,30-40%,0-35,60,-22.0,0.5,1.0,2.663157894736842,3.305734946821027,6.020833333333333,1.2398894878087579,4.03921568627451,6.887556270009633,4.923076923076923,0.9272881328098618,10.166666666666666,15.917359041014931,28.24,1.3172911145202006,79.33333333333333,60.5,67.0,CCC_2014B
group3,F,East Anglian Region,A Level or Equivalent,80-90%,0-35,60,-93.0,1.0,0.5,2.128205128205128,1.534311378383001,6.0508474576271185,0.9306298506730075,4.1525423728813555,3.740798178344377,17.233333333333334,2.1993300748362343,2.689655172413793,2.1529338815476797,22.431818181818183,1.78244406559194,84.5,85.0,94.0,CCC_2014B
group3,M,Scotland,A Level or Equivalent,90-100%,0-35,30,-45.0,0.5,1.0,1.9663865546218486,1.8269766314928826,3.5833333333333335,0.9791222435254755,2.463157894736842,2.512989769415508,4.90625,0.8362889961990999,6.636363636363637,8.173196214678585,20.205882352941178,1.2416097989645998,96.66666666666667,95.5,94.33333333333333,CCC_2014B
group1,M,East Anglian Region,Lower Than A Level,70-80%,0-35,120,-43.0,0.5,1.0,4.591836734693878,5.67860886480622,3.56,0.822146432805695,9.85,12.807378629853226,2.2857142857142856,0.67700320038633,7.576923076923077,11.32492146347365,53.55555555555556,1.2015009867380702,68.0,28.5,49.333333333333336,CCC_2014B
group1,M,Yorkshire Region,HE Qualification,20-30%,0-35,60,-29.0,0.875,1.0,1.3796791443850267,1.0108092700253377,5.787234042553192,0.8792300741878667,1.9097744360902256,2.2845284859858785,5.634328358208955,1.262196061401231,1.8041958041958042,1.986782880667097,17.729166666666668,1.240202399216285,72.33333333333333,66.0,83.0,CCC_2014B
group1,M,North Western Region,Lower Than A Level,20-30%,35-55,90,-17.0,0.75,0.5,2.245614035087719,2.8581862046910507,5.947826086956522,1.0963099265316345,2.6041666666666665,3.2329851503612166,31.90721649484536,1.676863235446384,6.2894736842105265,8.259009477736589,17.71794871794872,1.101252064546165,51.0,54.0,48.0,CCC_2014B
group3,M,Wales,Post Graduate Qualification,80-90%,35-55,30,-138.0,0.5,1.0,4.418181818181818,6.528260244366933,8.571428571428571,1.3423652425642003,5.804878048780488,7.291157357358029,17.666666666666668,2.221418395929202,7.838709677419355,12.905029443834545,23.34375,0.8536495985887457,95.66666666666667,87.5,94.0,CCC_2014B
group1,M,North Western Region,No Formal quals,20-30%,0-35,30,-29.0,1.0,0.625,1.578616352201258,0.9833013870149866,5.525,0.5552720237246596,1.8968253968253967,1.6915288473064363,42.669291338582674,2.4488988801721963,2.36,1.8341320574158242,16.00990099009901,1.0919729435022802,69.0,39.0,38.0,CCC_2014B
group3,M,London Region,Lower Than A Level,40-50%,35-55,60,-22.0,0.6666666666666666,0.75,5.23404255319149,4.540698882988822,4.020833333333333,1.264577804782943,12.947368421052632,10.532878071440694,3.7,0.8844901714569497,31.285714285714285,29.46022338518094,78.875,0.943903416377607,89.5,100.0,97.33333333333333,CCC_2014B
group3,M,Ireland,HE Qualification,80-90%,35-55,30,-34.0,0.5,1.0,2.2051282051282053,2.0700593925281865,6.389830508474576,0.8338663639195015,2.8,2.509308513013724,6.6923076923076925,1.3349743595954306,3.739130434782609,4.4611135971699065,28.6,1.3540661638755023,97.33333333333333,98.0,99.0,CCC_2014B
group3,M,Yorkshire Region,HE Qualification,30-40%,0-35,160,-29.0,0.5,1.0,3.0365853658536586,2.924756492770881,3.433734939759036,0.9266878572279688,7.785714285714286,7.866276557451236,1.6551724137931034,0.8436856971381913,6.052631578947368,11.767907270890314,20.358974358974358,1.387829316496264,87.66666666666667,77.0,79.0,CCC_2014B
group3,F,South Region,HE Qualification,80-90%,35-55,30,-123.0,0.5,1.0,1.2102803738317758,0.7300954441997115,15.17674418604651,0.7234027245352038,2.2212389380530975,1.935267207807012,2.8596491228070176,0.7980649562268312,1.324742268041237,1.0976688372342744,36.30769230769231,1.2673536852044582,94.0,97.5,97.33333333333333,CCC_2014B
group1,M,South Region,A Level or Equivalent,40-50%,0-35,180,-24.0,0.42857142857142855,0.875,9.692307692307692,12.537206166508488,4.0,0.7103728806969123,24.625,26.06002686107595,7.666666666666667,1.070307271747058,30.142857142857142,35.57353216193453,14.5,0.8938952687459117,45.0,48.5,54.0,CCC_2014B
group3,M,South West Region,HE Qualification,80-90%,0-35,30,-25.0,0.5,1.0,1.6821192052980132,1.2562954054263529,5.578947368421052,0.8358245662752308,2.4653465346534653,2.3688155539663427,3.6666666666666665,1.2969430420237305,2.2280701754385963,2.0308901562837502,10.521739130434783,1.1268709446121496,90.66666666666667,79.0,90.66666666666667,CCC_2014B
group3,M,North Region,HE Qualification,30-40%,0-35,30,-101.0,0.5,1.0,2.254385964912281,1.976908301814622,4.6,0.8609211189237715,4.296296296296297,3.7195537855208185,1.7818181818181817,0.602473037515327,3.463768115942029,3.640376960704383,12.857142857142858,1.2139518163196092,74.33333333333333,81.5,86.66666666666667,CCC_2014B
group3,M,West Midlands Region,HE Qualification,50-60%,35-55,30,-34.0,1.0,0.5,1.356020942408377,0.9727621441199236,6.515625,0.9862200816438834,3.4657534246575343,4.233078049326458,7.972972972972973,1.821881743745474,1.3764705882352941,1.1561665958479694,24.608187134502923,1.3917752625824784,100.0,100.0,94.0,CCC_2014B
group1,M,London Region,A Level or Equivalent,10-20,35-55,180,-29.0,1.0,0.625,1.8405797101449275,2.248264137570593,6.870503597122302,0.9501658613410624,2.8295454545454546,3.7637765056013928,4.910112359550562,1.2145620157025248,3.1549295774647885,5.069933466241215,35.55555555555556,1.2563189890882611,40.0,46.0,44.0,CCC_2014B
group1,M,London Region,A Level or Equivalent,0-10%,0-35,60,-34.0,0.6666666666666666,0.75,7.0,10.465630022349627,4.166666666666667,1.2464349160706305,15.857142857142858,18.571513102089956,1.4666666666666666,0.421528113431623,21.7,58.17798361732535,26.636363636363637,0.9641260677014016,50.0,51.5,41.0,CCC_2014B
group3,M,North Western Region,A Level or Equivalent,20-30%,35-55,60,-29.0,0.625,1.0,2.125,2.5422893804831985,4.479338842975206,1.0196594243681876,4.62,5.61662982688417,5.294117647058823,1.3601924337350666,4.708333333333333,5.283286909432033,18.510204081632654,1.9246505425741762,95.33333333333333,78.5,85.66666666666667,CCC_2014B
group1,M,Scotland,A Level or Equivalent,80-90%,0-35,210,-62.0,0.875,1.0,13.166666666666666,11.078596216021552,3.9473684210526314,0.6444291185917105,39.8,42.522934988074375,2.1666666666666665,0.6749972605686249,21.9,26.90910626535188,23.09090909090909,1.0595891871185223,74.33333333333333,34.0,62.666666666666664,CCC_2014B
group1,M,Scotland,Lower Than A Level,80-90%,0-35,60,-43.0,0.5,1.0,6.297297297297297,6.063849459730203,4.2631578947368425,1.114193256036394,16.0,14.016473824094934,3.1333333333333333,1.3280414071767859,11.0,14.946965066724493,18.473684210526315,1.070209253465203,51.0,57.0,33.333333333333336,CCC_2014B
group3,M,Scotland,HE Qualification,70-80%,0-35,30,-34.0,1.0,0.5,2.2547169811320753,3.129160303476278,6.08411214953271,0.7316505751734028,3.388059701492537,4.9480795903810355,3.926470588235294,0.7631907540637076,2.7325581395348837,3.5227810491299953,25.517241379310345,1.0464719212001048,63.5,83.0,92.0,CCC_2014B
group3,F,London Region,HE Qualification,0-10%,0-35,30,-29.0,0.5,1.0,3.111111111111111,3.664014192112252,4.475609756097561,0.8095394902725166,3.723076923076923,4.128815251935521,3.5,1.6018310487438592,5.794871794871795,9.000524801013396,22.2,1.0411740982959679,65.66666666666667,82.5,84.66666666666667,CCC_2014B
group1,F,Scotland,HE Qualification,40-50%,35-55,90,-218.0,0.5,1.0,1.3350515463917525,0.7793369358020754,6.753846153846154,0.9448151115137172,3.217948717948718,3.6738720714439683,6.6455696202531644,0.7951782127439583,1.5357142857142858,1.2375988783716605,20.650887573964496,1.9928137081313686,66.0,63.5,56.0,CCC_2014B
group1,M,North Western Region,HE Qualification,0-10%,35-55,30,-22.0,0.5,1.0,5.0,6.285786435372356,5.8936170212765955,0.9548582911829354,6.0,8.010707120562364,5.513513513513513,0.943496935206236,10.227272727272727,9.850945413569479,26.26086956521739,1.040320204878559,66.0,60.0,70.33333333333333,CCC_2014B
group1,M,West Midlands Region,Lower Than A Level,30-40%,0-35,60,-66.0,0.625,1.0,3.5942028985507246,3.8817780968933406,4.6,1.5595999958027422,9.826086956521738,9.188194866304578,2.875,1.2020251762170415,8.24,12.145918381634768,16.03846153846154,0.853935924298368,66.33333333333333,45.5,51.333333333333336,CCC_2014B
group1,M,North Region,Lower Than A Level,20-30%,0-35,30,-151.0,1.0,0.375,3.537313432835821,2.7487096598605616,3.5294117647058822,1.03360211558091,8.107142857142858,8.024680843840624,4.0344827586206895,0.8037824236245298,4.588235294117647,3.365569613531922,15.442307692307692,1.829644940230651,45.0,35.0,62.0,CCC_2014B
group1,M,East Midlands Region,Lower Than A Level,90-100%,0-35,60,-29.0,1.0,0.75,8.655172413793103,9.115433780403766,3.2333333333333334,0.930180312037693,25.666666666666668,14.3341085061704,3.142857142857143,1.0543103186130183,15.846153846153847,17.61555256890037,31.071428571428573,0.5967321942597081,70.5,51.0,66.0,CCC_2014B
group1,M,London Region,A Level or Equivalent,80-90%,0-35,150,-191.0,0.5714285714285714,0.875,3.072289156626506,2.883016427328647,2.9285714285714284,1.092309024297052,14.25,16.225494342751677,5.0,1.3105903474478704,17.0,20.784609690826528,18.466666666666665,1.4329719991252268,80.66666666666667,27.0,51.666666666666664,CCC_2014B
group3,M,London Region,Lower Than A Level,40-50%,0-35,30,-69.0,0.5,1.0,1.628930817610063,1.1829669796449687,5.5875,0.820486382579454,2.0330578512396693,1.5380392512195558,3.1065573770491803,0.8032253401217716,2.5670103092783507,2.6767020149758824,24.520408163265305,1.3100744058916145,92.66666666666667,96.5,95.66666666666667,CCC_2014B
group3,M,South West Region,A Level or Equivalent,50-60%,0-35,60,-90.0,1.0,0.625,3.984126984126984,3.5080187565801553,5.65625,0.8210881619321707,8.826086956521738,11.687803176089334,2.75,0.6232413273091858,5.897435897435898,6.315373355612693,19.45,1.0650835760798296,94.66666666666667,91.0,96.0,CCC_2014B
group3,F,North Western Region,A Level or Equivalent,40-50%,0-35,30,-40.0,0.5,1.0,3.8208955223880596,3.515874705313671,3.235294117647059,0.9028879285771011,7.65625,8.23685414032762,1.4545454545454546,0.4506939094329987,8.0,9.446765547548264,20.35483870967742,1.2270072335518605,100.0,90.0,92.66666666666667,CCC_2014B
group1,M,Scotland,HE Qualification,90-100%,0-35,30,-109.0,0.625,1.0,4.816326530612245,5.044276746091204,4.38,0.9445434780545162,18.0,17.99494878620614,1.4615384615384615,0.7405919620773838,7.166666666666667,9.131541899989529,40.41935483870968,0.8154792326873349,54.666666666666664,51.0,55.0,CCC_2014B
group1,F,Scotland,Lower Than A Level,0-10%,35-55,90,-185.0,0.875,1.0,2.1176470588235294,3.0592357265024663,6.066666666666666,0.8540554426914677,5.239130434782608,7.143558971731717,6.0212765957446805,1.2311838438292826,2.6808510638297873,4.661009088117613,14.715789473684211,0.9458075895309005,55.0,33.5,54.0,CCC_2014B
group1,F,Wales,A Level or Equivalent,10-20,0-35,60,-81.0,0.625,1.0,4.666666666666667,6.2162295190864905,8.272727272727273,1.0893652188881253,7.666666666666667,12.529505407123079,5.806451612903226,0.7531415685130003,7.303030303030303,11.223537901673563,27.705882352941178,0.838713748910261,78.33333333333333,42.5,28.666666666666668,CCC_2014B
group3,M,East Anglian Region,HE Qualification,70-80%,0-35,30,-29.0,1.0,0.5,2.1965811965811968,2.7519250824284,7.211864406779661,1.1578458863979189,3.0121951219512195,3.5153768125617626,17.771084337349397,1.6034421462780584,3.5942028985507246,4.73820157176722,21.957142857142856,1.530695859589116,81.0,87.0,100.0,CCC_2014B
group1,F,East Anglian Region,A Level or Equivalent,30-40%,35-55,30,-29.0,1.0,0.5,1.968503937007874,1.872681668869775,3.265625,1.0823025733934462,2.2710280373831777,2.766272928382308,5.12962962962963,0.6323050845306928,13.705882352941176,12.548728550546231,16.555555555555557,1.1485729645788672,73.5,63.0,77.0,CCC_2014B
group3,M,Ireland,A Level or Equivalent,50-60%,0-35,80,-114.0,0.42857142857142855,0.875,2.909090909090909,2.7022186016218024,3.741573033707865,1.1807493145111259,8.107142857142858,11.039790945800744,4.344827586206897,2.0239495749860392,14.1875,31.75997218722544,28.941176470588236,0.9345041309617554,90.0,91.5,94.66666666666667,CCC_2014B
group1,M,South East Region,A Level or Equivalent,50-60%,0-35,30,-75.0,0.5,1.0,4.0,4.57682951627572,4.779661016949152,0.7733586473328898,5.894736842105263,6.1634909101211885,9.23076923076923,2.6669010313678894,6.848484848484849,8.467294476842987,34.11764705882353,1.1924741713039786,53.333333333333336,53.0,46.0,CCC_2014B
group1,F,East Anglian Region,A Level or Equivalent,20-30%,35-55,60,-22.0,0.75,1.0,3.426470588235294,5.079417572883633,4.188405797101449,0.9413163950536483,6.7272727272727275,9.011356471394606,4.029411764705882,1.1155472327202725,8.73913043478261,17.886555111450072,38.041666666666664,0.7266448087027509,82.66666666666667,64.0,71.0,CCC_2014B
group3,M,Wales,A Level or Equivalent,30-40%,0-35,60,-180.0,0.625,1.0,2.47,2.5083899621111945,4.079207920792079,0.9990274750663325,3.411764705882353,4.302846312799419,3.9855072463768115,0.8042860393279565,10.894736842105264,14.794498740493243,11.5,1.0323683930917396,82.0,72.0,75.66666666666667,CCC_2014B
group3,F,South Region,HE Qualification,70-80%,35-55,30,-50.0,1.0,0.375,4.464285714285714,5.095325079162041,6.017543859649122,0.8589952416040417,6.648648648648648,11.702839674901833,5.921052631578948,0.8778987258445624,6.578947368421052,9.23164820558873,30.28205128205128,1.069538940405928,80.0,65.0,88.0,CCC_2014B
group3,M,South Region,HE Qualification,90-100%,35-55,30,-92.0,1.0,0.5,2.1322314049586777,1.7365778068773203,9.811475409836065,1.0689081860945016,4.266666666666667,3.9482528496756317,6.573770491803279,1.6821257622220447,2.57,2.3365994457110038,40.08910891089109,0.9439748344505262,93.5,96.0,88.0,CCC_2014B
group3,F,South East Region,A Level or Equivalent,70-80%,0-35,40,-24.0,0.5,1.0,2.064,2.1543055164169536,5.174603174603175,0.8122986668506003,2.1652173913043478,2.263092259527544,5.991379310344827,0.9809647327209557,3.5,4.58583152179282,13.246376811594203,1.055595155039894,96.66666666666667,100.0,97.33333333333333,CCC_2014B
group1,M,East Midlands Region,A Level or Equivalent,80-90%,0-35,150,-22.0,0.8571428571428571,0.875,4.189655172413793,3.720294727768756,5.288135593220339,0.9598596455310541,8.0,8.827566251573868,3.8620689655172415,1.0873812391170234,8.88,8.432674546073741,16.423076923076923,0.9678026680521966,96.0,93.0,94.66666666666667,CCC_2014B
group3,M,London Region,A Level or Equivalent,90-100%,0-35,60,-113.0,0.6666666666666666,0.75,10.375,13.037779552215703,3.72,0.5816399284429471,20.416666666666668,15.865676694351773,2.769230769230769,0.6961091158967593,35.57142857142857,48.61020860840222,31.875,0.9540862965602858,87.33333333333333,38.5,43.0,CCC_2014B
group3,M,South West Region,A Level or Equivalent,30-40%,0-35,90,-124.0,0.7142857142857143,0.875,2.5670103092783507,2.3580854544119645,3.938775510204082,0.86121097329238,6.5,7.054978899523887,6.142857142857143,1.4895344298603228,6.228571428571429,9.521139681799449,53.55555555555556,1.2347082939716112,85.0,67.0,59.333333333333336,CCC_2014B
group3,M,Ireland,A Level or Equivalent,70-80%,35-55,90,-29.0,0.625,1.0,1.992,2.069346164465263,4.563492063492063,0.8316771949030101,3.263157894736842,3.879410336817118,8.753246753246753,1.287543212707277,3.896551724137931,4.707924097125527,16.610169491525422,1.1659269585340248,91.33333333333333,93.5,91.33333333333333,CCC_2014B
group3,M,South West Region,HE Qualification,40-50%,35-55,30,-25.0,0.5,1.0,1.1719457013574661,0.5371053026448026,9.41891891891892,0.9454283790204241,3.4383561643835616,3.5433282430578954,7.891891891891892,1.5039862276931382,1.3147208121827412,0.893534913164692,29.439393939393938,1.1106656722442707,100.0,100.0,100.0,CCC_2014B
group3,M,South Region,A Level or Equivalent,40-50%,35-55,30,-22.0,1.0,0.5,2.9523809523809526,3.546268230006141,8.235294117647058,1.269139190835381,4.96,5.562116760473738,4.235294117647059,1.5728617335677697,3.492957746478873,4.335479012706406,51.736111111111114,1.063155546582436,96.0,89.0,83.0,CCC_2014B
group3,F,Scotland,A Level or Equivalent,50-60%,0-35,120,-25.0,0.625,1.0,3.6923076923076925,4.372939075021072,4.545454545454546,0.7042726744663602,10.434782608695652,11.866017509741926,2.2083333333333335,1.5187214273660936,6.742857142857143,10.787636870218494,77.19444444444444,1.0999245064669747,84.0,63.0,64.33333333333333,CCC_2014B
group1,F,Scotland,HE Qualification,90-100%,0-35,60,-45.0,0.8571428571428571,0.875,4.015873015873016,4.171686684072351,5.046875,0.9109903832748354,5.904761904761905,8.09037224808968,7.953488372093023,1.8715734509713755,7.636363636363637,9.50269100642741,20.647058823529413,0.9688662427041482,55.0,64.0,72.0,CCC_2014B
group1,M,East Anglian Region,A Level or Equivalent,90-100%,0-35,60,-17.0,0.8571428571428571,0.875,19.4,19.056640720640022,4.818181818181818,0.7856853891946043,64.66666666666667,15.534906930308058,1.25,0.34641016151377546,25.2,31.570555902612803,24.333333333333332,0.6907968045546832,93.33333333333333,32.0,78.33333333333333,CCC_2014B
group1,M,South West Region,A Level or Equivalent,30-40%,35-55,60,-96.0,0.5,1.0,1.6753246753246753,1.3080100981157488,3.5161290322580645,0.7667880907371268,2.9647058823529413,2.9091279122933105,3.895348837209302,0.6153092556287244,3.4864864864864864,4.329710178042206,10.32,1.3936574589596566,80.66666666666667,72.0,86.33333333333333,CCC_2014B
group1,M,West Midlands Region,A Level or Equivalent,90-100%,0-35,30,12.0,1.0,0.625,5.6,7.019387072372835,4.195121951219512,0.860622235812248,9.391304347826088,18.011963525377396,3.5416666666666665,0.9399256394058293,14.333333333333334,17.82721301296206,19.6875,1.2486768002868893,74.0,43.0,44.5,CCC_2014B
group3,M,Scotland,HE Qualification,80-90%,0-35,30,-29.0,0.6666666666666666,0.75,2.8555555555555556,2.9012245036319415,6.824175824175824,1.0102562155471768,6.052631578947368,4.826432673008495,3.4871794871794872,0.931765912803734,4.228070175438597,4.403803323182494,21.879310344827587,1.3142670170989468,84.5,99.0,94.5,CCC_2014B
group3,M,North Western Region,HE Qualification,90-100%,0-35,90,-164.0,0.5,1.0,3.0,3.5555555555555554,6.265060240963855,1.0503521528375206,4.92,6.362646093106425,3.411764705882353,1.1450491407275654,7.870967741935484,12.945377387273215,46.0,1.451188727908111,94.66666666666667,89.5,96.33333333333333,CCC_2014B
group3,M,East Anglian Region,Post Graduate Qualification,90-100%,0-35,60,-40.0,0.5,1.0,2.53,1.9511975084987465,3.891089108910891,0.9656010809974724,3.765625,4.308508332081888,2.2615384615384615,0.72874893827712,5.065217391304348,5.384761106484952,14.53191489361702,1.7015281242189646,99.33333333333333,89.5,97.0,CCC_2014B
group3,M,North Western Region,A Level or Equivalent,60-70%,0-35,60,-46.0,0.5,1.0,7.03030303030303,7.923402238325593,5.088235294117647,0.9945724605902257,11.6,11.918141854465315,3.0,0.6745564876468501,17.846153846153847,14.842765655621337,38.714285714285715,1.494218921938972,87.33333333333333,52.5,84.33333333333333,CCC_2014B
group1,M,West Midlands Region,A Level or Equivalent,0-10%,0-35,120,-219.0,0.75,1.0,5.019607843137255,6.188667695323223,6.173076923076923,0.9195204204327083,9.333333333333334,9.551479949765335,5.107142857142857,1.8986368140523608,11.789473684210526,18.560947495476213,36.5,1.3864069481698262,55.0,43.0,72.0,CCC_2014B
group3,M,East Anglian Region,A Level or Equivalent,0-10%,0-35,90,-64.0,0.625,1.0,5.886363636363637,6.206582811038199,3.911111111111111,0.8821285770488795,9.8,10.420332688227056,2.1153846153846154,0.7100226978096958,31.833333333333332,23.18117051977028,47.857142857142854,0.9105700920996803,93.33333333333333,95.0,74.0,CCC_2014B
group1,M,West Midlands Region,A Level or Equivalent,10-20,0-35,60,-16.0,0.625,1.0,6.484848484848484,7.462913355893646,2.6470588235294117,0.834147750183265,14.846153846153847,17.724023968642832,1.7142857142857142,0.6009252125773316,19.3,26.386233784557685,27.0,0.8089781773834993,58.666666666666664,43.5,40.0,CCC_2014B
group3,F,South West Region,A Level or Equivalent,90-100%,0-35,60,-110.0,0.5,1.0,2.9195402298850577,2.874176892504922,5.886363636363637,1.0511224027821433,4.220338983050848,5.66619679238251,24.816666666666666,2.784265425765733,6.083333333333333,7.342148381580342,40.972972972972975,1.2649806162586712,91.33333333333333,89.0,90.0,CCC_2014B
group1,M,North Western Region,Lower Than A Level,0-10%,35-55,30,-22.0,1.0,0.5,9.521739130434783,9.839020485326369,5.291666666666667,0.7568481655116112,11.95,7.591373220203381,5.571428571428571,0.8519614218377513,21.22222222222222,27.02673573416598,52.0,0.6862987084060143,86.0,80.0,88.0,CCC_2014B
group1,M,East Midlands Region,HE Qualification,30-40%,0-35,60,-178.0,0.875,1.0,3.315068493150685,3.226955532561987,5.378378378378378,1.0762336323227606,8.8,8.005206639015219,6.8076923076923075,1.9946383492601139,3.4776119402985075,4.186407329916248,13.338235294117647,0.921152027730104,54.666666666666664,55.5,60.666666666666664,CCC_2014B
group1,M,East Midlands Region,A Level or Equivalent,60-70%,35-55,60,-65.0,1.0,0.5,3.9523809523809526,3.625307868699863,3.734375,1.0745157646256867,8.333333333333334,10.589850213115948,4.68,1.2745077214604232,8.068965517241379,8.737975552081185,31.566666666666666,1.1055219846739994,58.0,54.0,69.0,CCC_2014B
group3,F,East Midlands Region,Lower Than A Level,80-90%,0-35,30,-27.0,0.5,1.0,3.037037037037037,3.490861084476309,4.609756097560975,1.0418847928167287,7.424242424242424,7.202561623436063,3.1470588235294117,0.9598908867446398,7.0,9.027735042633894,44.76470588235294,1.135833290550331,94.66666666666667,65.0,83.66666666666667,CCC_2014B
group3,F,South Region,A Level or Equivalent,80-90%,0-35,30,-34.0,0.8333333333333334,0.75,2.3125,2.561078214663039,4.610619469026549,0.9558849596889437,3.3421052631578947,4.84576139618656,2.168831168831169,0.7219977781890974,2.5913978494623655,3.873647194827546,28.04255319148936,1.7509942596025423,87.33333333333333,100.0,83.0,CCC_2014B
group1,M,East Anglian Region,A Level or Equivalent,10-20,0-35,60,-60.0,0.5714285714285714,0.875,1.9296875,2.38823755973569,7.170542635658915,0.8277213125321038,2.91025641025641,4.30700395289847,6.936708860759493,0.9599164587942178,2.411764705882353,4.787262268071015,21.553398058252426,1.6266158080798316,86.33333333333333,61.0,85.33333333333333,CCC_2014B
group3,M,South West Region,HE Qualification,60-70%,35-55,60,-194.0,0.625,1.0,1.9534883720930232,1.8108201919135596,5.538461538461538,0.7326174957382114,2.623529411764706,2.8072036187036282,4.8023255813953485,0.9246256582629553,6.709677419354839,5.894593841745145,18.71875,1.608793779246796,94.0,86.0,96.66666666666667,CCC_2014B
group1,M,South East Region,A Level or Equivalent,70-80%,0-35,60,-128.0,1.0,0.5,6.805555555555555,9.968004369537121,5.486486486486487,1.0607731294292841,8.166666666666666,12.570033696312702,16.548387096774192,1.3294204065931676,29.285714285714285,22.410669227805208,31.875,1.088862211224487,48.0,28.0,59.0,CCC_2014B
group1,F,London Region,No Formal quals,10-20,0-35,60,-34.0,1.0,0.5,3.0253164556962027,4.066670923319454,5.0875,0.7967320620900872,4.596153846153846,6.165239735442176,3.7169811320754715,1.1864498181187284,5.384615384615385,8.601148591032493,18.725,1.3172631818386356,82.5,65.0,81.0,CCC_2014B
group3,M,Scotland,HE Qualification,80-90%,0-35,90,-88.0,0.75,1.0,2.6161616161616164,2.4690205887135166,5.32,1.187601065796331,5.72093023255814,10.017426676013274,4.590909090909091,1.8928507682797806,8.413793103448276,11.968760651257655,46.666666666666664,1.4995849765987976,94.33333333333333,92.5,90.33333333333333,CCC_2014B
group3,F,London Region,A Level or Equivalent,20-30%,0-35,30,-54.0,0.625,1.0,1.773972602739726,1.6557967056008702,5.0476190476190474,0.7918910857144645,4.032258064516129,5.3222937922478,4.031746031746032,1.0851725002038664,2.4205607476635516,3.050015104130773,23.24074074074074,2.223121992270685,84.33333333333333,86.5,88.0,CCC_2014B
group1,M,North Western Region,A Level or Equivalent,10-20,0-35,30,-162.0,0.5,1.0,3.28,3.8469363029453607,4.092105263157895,0.9196534967859353,4.854166666666667,6.143633907440488,4.346938775510204,1.543237550600338,7.75,9.957781249224517,22.310344827586206,1.1800352538434684,42.0,56.5,35.0,CCC_2014B
group3,M,South Region,A Level or Equivalent,70-80%,0-35,90,-24.0,0.5,1.0,3.2125,2.8890616496000687,4.604938271604938,1.2438233714774278,8.296296296296296,8.964952335086359,3.25,0.9576845844606717,5.431818181818182,7.078949229845591,17.555555555555557,1.1459646846583962,74.0,70.5,72.33333333333333,CCC_2014B
group3,M,East Anglian Region,Lower Than A Level,50-60%,0-35,75,-34.0,0.5,1.0,5.042553191489362,5.841967531906378,6.333333333333333,0.982005692476068,8.481481481481481,7.943891559268236,8.857142857142858,2.1670601846539914,8.307692307692308,12.880277111209155,40.48148148148148,1.1644237948170375,79.66666666666667,97.0,82.0,CCC_2014B
group1,M,South East Region,A Level or Equivalent,60-70%,35-55,60,-213.0,0.5,1.0,3.436619718309859,4.05227412119663,4.222222222222222,0.8130258792513373,10.55,12.279529392662537,2.0952380952380953,1.1012764945077924,4.958333333333333,9.677696080082269,16.46938775510204,0.8212594367929059,65.66666666666667,64.5,59.666666666666664,CCC_2014B
group1,M,South West Region,A Level or Equivalent,70-80%,0-35,60,-67.0,0.5,1.0,6.685714285714286,7.991802522774522,3.611111111111111,0.9027243447495753,13.529411764705882,20.053421301173348,1.6666666666666667,0.6324555320336759,21.0,19.624248039380035,19.636363636363637,0.7261585511626313,62.0,52.0,61.0,CCC_2014B
group1,F,Scotland,A Level or Equivalent,10-20,0-35,60,-213.0,1.0,0.5,2.835294117647059,2.4681160099670074,3.9186046511627906,0.8034312998002716,5.828571428571428,5.813198543910604,6.277777777777778,2.487544349221009,3.721311475409836,3.9712766525849235,16.596774193548388,1.0849507770682492,53.0,39.0,46.0,CCC_2014B
group3,M,West Midlands Region,Lower Than A Level,20-30%,0-35,60,-155.0,1.0,0.5,2.831460674157303,2.4828317550740504,3.7111111111111112,0.8370606401312339,6.351351351351352,5.884141664093679,3.3157894736842106,1.277851718258967,5.7560975609756095,7.535849281285017,22.166666666666668,1.122346188870259,76.5,72.0,80.0,CCC_2014B
group1,M,Ireland,Lower Than A Level,70-80%,0-35,60,-148.0,0.5,1.0,5.282608695652174,6.252690242263763,3.5319148936170213,0.7566898139426779,13.083333333333334,11.057357347718826,1.6153846153846154,0.7882354932022306,14.0625,20.64128145246801,21.470588235294116,0.6414236370990013,55.333333333333336,49.5,52.333333333333336,CCC_2014B
group1,M,Yorkshire Region,HE Qualification,0-10%,0-35,30,-25.0,0.5,1.0,11.55,12.445565686747948,6.857142857142857,0.8471083712209393,20.363636363636363,13.843935331203534,3.3333333333333335,0.9110433579144297,21.875,21.787529198406794,33.77777777777778,1.1294732550153694,37.0,24.0,59.666666666666664,CCC_2014B
group1,M,Yorkshire Region,A Level or Equivalent,20-30%,0-35,60,-41.0,0.4,0.625,6.7631578947368425,8.53113284365078,2.051282051282051,0.9429011082823053,23.125,21.596544035695022,2.2222222222222223,0.6964194138592059,28.333333333333332,25.273503912200223,7.0,0.9124982527240749,57.0,18.0,43.5,CCC_2014B
group1,M,West Midlands Region,A Level or Equivalent,0-10%,35-55,30,-22.0,0.875,1.0,3.9206349206349205,3.734328921452901,5.359375,0.8508275709715416,6.371428571428571,7.662305421330313,8.694444444444445,1.6319437529472747,5.7368421052631575,6.57054940533202,32.38461538461539,0.9746361636890253,57.666666666666664,53.5,51.333333333333336,CCC_2014B
group1,F,Wales,A Level or Equivalent,50-60%,0-35,120,-62.0,1.0,0.375,4.767441860465116,6.20996591242207,3.227272727272727,0.6892779889150511,10.941176470588236,17.647487739885577,2.2222222222222223,0.6633249580710799,5.705882352941177,8.625295468859816,22.428571428571427,2.103732081067244,75.0,50.0,19.0,CCC_2014B
group1,M,North Western Region,A Level or Equivalent,10-20,35-55,30,-192.0,0.42857142857142855,0.875,3.036144578313253,2.563561656969869,4.75,0.8782199502206562,4.298245614035087,5.133798761571277,4.672413793103448,0.7576087002281957,9.52,14.997555356346133,63.69230769230769,0.9659971136501807,60.333333333333336,69.0,67.0,CCC_2014B
group3,M,South Region,HE Qualification,90-100%,35-55,60,-17.0,0.5,1.0,2.5670103092783507,2.4533447258065086,4.030612244897959,0.8892276678202903,4.087719298245614,3.4292892941040485,2.3275862068965516,1.0383325241593002,10.5,14.45106685796358,13.73913043478261,1.2768663823486213,98.66666666666667,93.0,97.33333333333333,CCC_2014B
group1,M,Yorkshire Region,A Level or Equivalent,70-80%,35-55,60,-225.0,0.625,1.0,3.2278481012658227,4.193858045995871,5.0875,0.840391821637456,5.456521739130435,7.151399309036987,10.574468085106384,1.5434261280152104,5.875,8.72422944948031,16.097560975609756,1.2756765971564261,71.0,62.5,73.33333333333333,CCC_2014B
group1,M,Yorkshire Region,A Level or Equivalent,90-100%,0-35,90,-108.0,0.5,1.0,5.465116279069767,3.88126659008372,7.818181818181818,1.2122894680982224,8.875,11.61450554825451,25.84,2.191528444095098,12.631578947368421,14.675037483638631,28.3,0.9482284586817871,56.666666666666664,28.0,51.0,CCC_2014B
group3,F,North Western Region,Lower Than A Level,40-50%,0-35,30,-124.0,0.5,1.0,1.7862068965517242,1.9443158140267045,6.287671232876712,0.6496284883548633,3.8125,4.777177887773133,6.630769230769231,0.9970699047612696,2.0393700787401574,2.5052376081054404,28.515625,1.4548471471016848,85.33333333333333,85.0,94.33333333333333,CCC_2014B
group3,M,South Region,Post Graduate Qualification,90-100%,35-55,60,-45.0,0.5,1.0,3.2,2.8524916933725666,3.5925925925925926,0.9904421545959134,9.444444444444445,9.69668195960046,8.821428571428571,1.7785172120578043,5.173913043478261,5.191036496055642,19.659574468085108,0.9682585381061741,83.33333333333333,80.5,86.0,CCC_2014B
group1,F,North Region,A Level or Equivalent,0-10%,0-35,60,-89.0,0.5,1.0,4.213114754098361,3.941720242476038,4.112903225806452,0.7825175511136129,5.3478260869565215,7.002277062354146,4.702127659574468,1.492183931931326,9.407407407407407,11.735086310387782,27.071428571428573,0.9494978756760248,73.66666666666667,54.5,69.0,CCC_2014B
group1,M,South East Region,A Level or Equivalent,70-80%,0-35,150,-253.0,0.625,1.0,1.5058823529411764,1.0391567975924503,4.894736842105263,1.0192454407468254,2.396039603960396,1.9394803836120234,4.147058823529412,0.9540786567128574,4.203389830508475,5.628681664159602,24.116666666666667,1.1866577509606573,71.33333333333333,69.0,75.0,CCC_2014B
group3,F,East Midlands Region,Lower Than A Level,70-80%,35-55,120,-81.0,1.0,0.5,1.8169014084507042,1.412305184254869,4.020979020979021,0.8672456017976853,4.2727272727272725,3.6740055114706207,5.892857142857143,1.2596004147248536,3.28,2.435991390389969,39.88157894736842,1.8172149408765301,90.0,100.0,94.0,CCC_2014B
group1,M,London Region,A Level or Equivalent,30-40%,0-35,60,-29.0,0.6,0.625,6.970588235294118,9.774689932670878,3.914285714285714,0.8337159687722551,10.4,13.816085209867367,3.380952380952381,1.0183790131000123,25.5,30.974644008100746,24.22222222222222,0.7115564629384651,57.333333333333336,67.0,38.0,CCC_2014B
group3,F,Scotland,A Level or Equivalent,60-70%,0-35,60,-103.0,1.0,0.5,2.988235294117647,2.9700654059138425,4.767441860465116,0.7648120927262135,3.7313432835820897,3.5487176068402717,25.676470588235293,1.3870978402241037,7.171428571428572,7.939053560001434,10.5,1.1418646484077903,66.5,50.0,58.0,CCC_2014B
group3,M,Scotland,Post Graduate Qualification,90-100%,35-55,30,-22.0,1.0,0.5,2.7032967032967035,2.483252819699309,4.815217391304348,1.0459898407630939,3.5,3.450477807702764,8.183098591549296,2.3628779848220307,6.0,9.553940431977676,27.13157894736842,0.7922730556449767,87.5,98.0,94.0,CCC_2014B
group3,F,London Region,A Level or Equivalent,0-10%,0-35,60,-40.0,0.625,1.0,7.352941176470588,9.370755129305461,6.6571428571428575,0.969482203628508,11.136363636363637,13.534067964621565,5.260869565217392,1.0092800737810423,13.157894736842104,15.428196257699142,25.0,1.106489945729287,90.66666666666667,85.0,87.66666666666667,CCC_2014B
group3,M,South Region,Lower Than A Level,40-50%,0-35,60,-171.0,1.0,0.625,2.2777777777777777,2.1696002187117944,4.110091743119266,0.865927592989749,3.155844155844156,3.498364035197231,8.0,1.8041085589031756,10.55,16.497128936814878,20.571428571428573,0.7982789164164751,65.5,57.0,69.0,CCC_2014B
group3,M,South West Region,Lower Than A Level,20-30%,0-35,60,-179.0,0.5,1.0,3.1527777777777777,5.006080027895719,2.8219178082191783,0.7310621591074448,5.159090909090909,7.357777665680708,1.9111111111111112,0.7707820194965836,5.090909090909091,6.434106563675121,26.61764705882353,1.1373751776796193,90.33333333333333,97.0,92.33333333333333,CCC_2014B
group3,M,East Anglian Region,A Level or Equivalent,80-90%,0-35,60,-24.0,0.42857142857142855,0.875,2.7157894736842105,2.7119246439302294,2.6979166666666665,0.8168464452481647,7.333333333333333,9.306135968632022,2.3529411764705883,0.6509608283145769,9.8,14.916433890176299,20.923076923076923,1.0304485325336206,95.0,77.0,88.66666666666667,CCC_2014B
group1,M,South East Region,HE Qualification,80-90%,0-35,150,-85.0,1.0,0.5,3.463768115942029,4.092962791918256,5.771428571428571,0.8382432229452534,4.5625,6.225911024509295,3.9183673469387754,1.345343854486858,6.870967741935484,9.962402439451608,28.71875,1.038729687978393,74.5,48.0,98.0,CCC_2014B
group1,M,East Anglian Region,Lower Than A Level,60-70%,35-55,60,-44.0,0.5,1.0,2.4466019417475726,2.511651887252947,7.105769230769231,1.2470175692287777,4.114754098360656,5.6541971450588155,4.790322580645161,1.4297400085218082,4.666666666666667,4.825248062838275,22.945454545454545,1.2639192890881086,71.66666666666667,45.5,68.66666666666667,CCC_2014B
group1,M,North Western Region,A Level or Equivalent,10-20,0-35,60,-304.0,0.42857142857142855,0.875,3.967741935483871,4.101050412965926,3.2063492063492065,0.6944117126771874,10.95,11.23657093226352,1.4285714285714286,0.6324555320336759,7.793103448275862,12.344401016379933,10.7,1.1181544214796768,76.0,50.0,66.0,CCC_2014B
group1,M,South East Region,A Level or Equivalent,30-40%,0-35,60,-129.0,1.0,0.5,1.5449101796407185,1.0338056191319347,4.369047619047619,0.9023435480531701,2.342857142857143,2.878396226228216,5.39622641509434,0.8517628921543092,3.6857142857142855,3.8543890177034497,14.098591549295774,1.5730196261080196,54.0,48.0,32.0,CCC_2014B
group3,M,South Region,HE Qualification,80-90%,35-55,60,-57.0,0.5,1.0,1.3015075376884422,0.8986790186035554,6.915,0.9731915012910464,4.357142857142857,5.227300959833413,3.43859649122807,1.1759733710545512,1.638157894736842,1.4074039889630772,11.477124183006536,1.4949312279154108,100.0,100.0,97.33333333333333,CCC_2014B
group1,M,North Western Region,A Level or Equivalent,0-10%,0-35,120,-66.0,1.0,0.5,5.975609756097561,6.3658770207963045,5.428571428571429,0.8697491174121136,8.961538461538462,14.298197842331794,3.7037037037037037,0.9798979538707078,17.666666666666668,23.31341140878253,29.307692307692307,1.0384218480066985,48.5,39.0,69.0,CCC_2014B
group3,M,Scotland,Lower Than A Level,70-80%,0-35,60,-190.0,0.625,1.0,1.8905109489051095,1.4984248205679012,5.956521739130435,0.9715618203455673,2.9878048780487805,3.2678527795201986,3.5421686746987953,1.074614634426016,3.6875,4.007433568947066,55.49230769230769,1.1073552367275619,78.0,98.0,93.0,CCC_2014B
group1,M,Scotland,Lower Than A Level,60-70%,0-35,60,-204.0,0.625,1.0,3.1948051948051948,3.947147407802251,7.230769230769231,0.8810754502291671,4.298245614035087,5.368442552416529,5.517241379310345,1.2238674611656277,5.6923076923076925,7.049277104236127,17.3,1.0096761967347079,77.0,32.5,55.333333333333336,CCC_2014B
group3,F,Wales,HE Qualification,30-40%,0-35,90,-92.0,0.5,1.0,1.5416666666666667,1.4008302357178748,9.745562130177515,0.7795472540132911,2.324324324324324,2.9577699282403542,6.151785714285714,1.1762572392527764,1.8832116788321167,1.863210754358379,37.77536231884058,1.4239329137360481,99.33333333333333,96.0,99.33333333333333,CCC_2014B
group1,M,East Anglian Region,A Level or Equivalent,90-100%,0-35,30,-12.0,0.5,1.0,5.488888888888889,6.283536288017144,5.630434782608695,0.9134273467261649,7.966666666666667,8.401491383752314,4.064516129032258,1.0190921218587,10.125,10.94377925343097,22.44,0.8495664102349204,86.33333333333333,77.5,79.0,CCC_2014B
group3,M,Ireland,HE Qualification,70-80%,35-55,60,-17.0,1.0,0.5,3.123456790123457,2.2933747842937855,7.670731707317073,1.3650192552816014,5.195652173913044,4.359508459638751,18.74468085106383,3.0450211143260435,8.2,11.276819882691514,25.5,1.123716682778363,76.5,78.0,86.0,CCC_2014B
group3,M,South Region,A Level or Equivalent,30-40%,35-55,60,-100.0,0.75,1.0,3.3013698630136985,3.6578869564683614,5.513513513513513,0.8408541820545714,8.310344827586206,10.2786305656648,2.966666666666667,1.0352333638662887,4.604166666666667,6.370609320980794,23.0,0.8368744125938974,68.33333333333333,67.5,74.0,CCC_2014B
group1,M,South Region,HE Qualification,60-70%,0-35,60,-25.0,0.625,1.0,3.5833333333333335,4.63832777054859,5.684931506849315,0.8522902125884639,4.326923076923077,7.414138993408112,7.6415094339622645,1.6281736855671813,6.7894736842105265,11.116478867798367,17.923076923076923,0.9591162446359559,70.33333333333333,40.5,43.333333333333336,CCC_2014B
group1,M,East Anglian Region,Lower Than A Level,80-90%,0-35,30,-95.0,0.625,1.0,6.805555555555555,5.5178642060878405,4.351351351351352,0.950127859675674,10.608695652173912,8.04385214385825,3.125,0.7690687008757193,20.416666666666668,17.015812610271624,23.384615384615383,0.770748323280262,52.333333333333336,46.5,39.0,CCC_2014B
group3,M,London Region,HE Qualification,10-20,0-35,90,-57.0,0.5,1.0,8.96,9.567653839891992,5.269230769230769,1.0063732123142173,12.444444444444445,13.920878193318215,8.263157894736842,1.0614607161267913,27.25,17.449928366615147,20.555555555555557,0.9173595672377487,83.66666666666667,43.0,78.66666666666667,CCC_2014B
group1,M,Scotland,HE Qualification,30-40%,0-35,90,-197.0,0.625,1.0,3.753623188405797,3.762843875633902,4.642857142857143,1.063943763251116,7.0,9.910712498212337,9.631578947368421,1.0243387669723965,6.828571428571428,8.46961945907327,15.166666666666666,1.6232893237112176,62.0,70.5,67.66666666666667,CCC_2014B
group1,M,South Region,HE Qualification,90-100%,35-55,30,-129.0,1.0,0.5,4.036363636363636,4.059573214037983,4.821428571428571,1.1608378791281133,6.838709677419355,6.470944156733998,3.875,0.7118734351843197,8.083333333333334,12.111498907942876,81.72,1.2096528142658263,81.0,74.0,64.0,CCC_2014B
group3,M,North Western Region,HE Qualification,20-30%,35-55,30,-141.0,0.8,0.625,8.5,6.667261878191148,2.869565217391304,0.7913675671030663,26.428571428571427,22.663164995627767,2.125,0.7601675284305933,15.181818181818182,14.126699415066364,12.916666666666666,0.9547297235098392,79.66666666666667,74.0,96.0,CCC_2014B
group1,M,South East Region,A Level or Equivalent,30-40%,0-35,30,-28.0,0.5,1.0,11.055555555555555,13.29074079386372,4.526315789473684,0.9465144848822662,15.7,15.048440303086416,2.272727272727273,0.5959865770300536,28.428571428571427,32.02528762742105,62.75,0.4877997580876941,64.33333333333333,77.0,84.33333333333333,CCC_2014B
group3,M,North Western Region,HE Qualification,90-100%,35-55,90,-54.0,0.5,1.0,1.3898305084745763,0.8728925755109425,6.589887640449438,0.9067172499023414,3.3835616438356166,3.6954556815180357,3.189189189189189,0.7795228322642372,2.126126126126126,1.6793782243173279,22.035714285714285,0.9497306129200201,98.0,99.0,98.33333333333333,CCC_2014B
group3,M,Scotland,A Level or Equivalent,70-80%,35-55,90,-25.0,0.5,1.0,3.278481012658228,3.768753819952172,5.025,0.9523043069223445,5.8604651162790695,8.450363179991387,2.9318181818181817,0.660099254491096,4.980769230769231,7.0724275018716725,22.471698113207548,1.585784083452633,80.33333333333333,84.0,78.33333333333333,CCC_2014B
group1,M,East Anglian Region,Lower Than A Level,60-70%,0-35,60,-141.0,0.75,1.0,3.6338028169014085,3.385850543574026,4.444444444444445,0.7900751546530241,9.083333333333334,8.982672530884193,1.36,0.5455069703232766,6.162162162162162,6.422674734933317,29.605263157894736,1.064417257829575,49.666666666666664,48.0,29.333333333333332,CCC_2014B
group1,F,Wales,HE Qualification,0-10%,0-35,90,-25.0,1.0,0.5,11.428571428571429,10.500340130545432,4.045454545454546,0.5601098238478434,14.1875,12.426953233462603,2.0,1.212678125181665,31.714285714285715,32.376505296867585,28.125,0.727030150341905,52.0,28.0,44.0,CCC_2014B
group1,M,South West Region,A Level or Equivalent,60-70%,0-35,60,-29.0,0.75,1.0,3.189189189189189,3.1216244264176867,4.8933333333333335,0.887698107116405,4.25,4.357856019983805,6.43859649122807,1.4169199326858786,6.2105263157894735,8.457070909254199,13.538461538461538,0.9486991782720138,37.666666666666664,51.5,43.333333333333336,CCC_2014B
group1,M,South East Region,A Level or Equivalent,30-40%,0-35,120,-138.0,0.875,1.0,4.846153846153846,6.001256781396663,3.7735849056603774,1.176860229593982,8.5,11.69016680804855,2.074074074074074,0.6809169987477722,14.8,19.195237504577612,38.6875,0.8471291742740648,86.66666666666667,36.5,83.66666666666667,CCC_2014B
group1,M,South Region,A Level or Equivalent,90-100%,0-35,90,-45.0,0.75,1.0,5.204081632653061,5.982542630565253,4.36,0.90444943775524,9.416666666666666,9.343291788726036,2.4,0.7637626158259733,7.366666666666666,10.373983816735258,22.096774193548388,1.1551292649452776,75.0,63.5,69.33333333333333,CCC_2014B
group3,M,London Region,A Level or Equivalent,90-100%,0-35,90,-96.0,0.5,1.0,1.6363636363636365,1.3519203568324807,4.625806451612903,1.006250778943478,3.4166666666666665,4.24512976957871,2.5616438356164384,0.8882802050415451,2.3551401869158877,2.39989125716145,41.824074074074076,1.668649993435442,91.0,95.5,84.66666666666667,CCC_2014B
group3,M,Wales,A Level or Equivalent,40-50%,35-55,60,-99.0,0.5,1.0,1.188073394495413,0.548517023859789,8.986301369863014,0.7369613618634527,2.227272727272727,1.7115854065270977,5.162162162162162,1.895099929928472,1.3282051282051281,0.802685157991702,19.51530612244898,1.0861462057416182,91.33333333333333,97.0,94.66666666666667,CCC_2014B
group1,M,South West Region,A Level or Equivalent,30-40%,0-35,60,-22.0,0.75,1.0,3.657142857142857,3.7759180255691214,3.352112676056338,0.8289352670747048,7.366666666666666,12.54367084074353,6.548387096774194,1.3187073427371154,5.068181818181818,6.410012978518686,20.733333333333334,1.398636210286905,86.33333333333333,63.5,73.33333333333333,CCC_2014B
group3,M,South East Region,HE Qualification,80-90%,35-55,30,-22.0,0.5,1.0,1.5146198830409356,1.4964928613504735,5.8023255813953485,0.8110639107806572,4.098360655737705,4.0812780597617815,2.403225806451613,0.8202484569886668,1.9166666666666667,2.007777498494431,14.62406015037594,1.4621704823804043,97.33333333333333,99.0,98.33333333333333,CCC_2014B
group3,M,London Region,HE Qualification,30-40%,0-35,60,-57.0,1.0,0.5,3.361111111111111,4.830377921107195,7.1506849315068495,0.9559905237066373,6.5,9.93263020841624,10.486486486486486,1.2416957658622116,6.527777777777778,9.99853163822743,73.91891891891892,1.0688398275613178,100.0,100.0,88.0,CCC_2014B
group3,M,London Region,HE Qualification,70-80%,35-55,30,-22.0,0.5,1.0,1.7916666666666667,2.170607855311148,6.124137931034483,1.0870098316749217,3.8461538461538463,4.928332531238283,3.257575757575758,1.225940991330294,4.618181818181818,4.983271679629421,17.339285714285715,1.035944472409725,99.33333333333333,100.0,98.66666666666667,CCC_2014B
group1,M,South Region,A Level or Equivalent,60-70%,0-35,60,-295.0,0.625,1.0,5.145833333333333,5.546666943705667,2.306122448979592,0.8366459858264418,20.11111111111111,19.8270298106174,1.3,0.35250582268891073,24.375,32.142261899250336,23.555555555555557,0.656491261234219,75.33333333333333,37.5,61.666666666666664,CCC_2014B
group1,M,East Anglian Region,A Level or Equivalent,30-40%,0-35,60,-24.0,0.7142857142857143,0.875,7.290322580645161,11.553335877246585,7.0625,0.7114405818228844,11.894736842105264,18.29965007814237,2.8,1.1157499537009508,12.555555555555555,21.747811849964076,71.52631578947368,1.4618313486174885,81.66666666666667,72.0,69.33333333333333,CCC_2014B
group3,F,North Region,A Level or Equivalent,80-90%,0-35,90,-22.0,0.5714285714285714,0.875,4.851063829787234,5.698888997005031,4.166666666666667,0.8376156636548769,7.6,11.266673467997675,2.806451612903226,0.9114587403034026,13.411764705882353,18.12132315646891,12.722222222222221,1.5227657175923262,90.0,91.0,85.33333333333333,CCC_2014B
group1,F,South West Region,Lower Than A Level,80-90%,35-55,90,-24.0,0.75,1.0,2.032258064516129,1.9461677326043532,6.944,0.9911021885631839,3.452054794520548,3.5708740600182773,7.243243243243243,1.2642813047906418,4.769230769230769,5.035619729819599,23.056603773584907,1.3452538791180344,62.666666666666664,46.0,66.33333333333333,CCC_2014B
group1,M,South Region,A Level or Equivalent,60-70%,35-55,30,-15.0,0.5714285714285714,0.875,5.513513513513513,7.794662068156435,4.631578947368421,0.7759791202354109,12.071428571428571,13.413335991377476,1.8,0.5051178406291057,8.347826086956522,12.444818913369582,31.833333333333332,1.0232220488250445,63.0,30.0,54.666666666666664,CCC_2014B
group3,F,Yorkshire Region,A Level or Equivalent,0-10%,0-35,30,-51.0,0.625,1.0,1.446927374301676,1.3496687276777053,6.272222222222222,1.0713345333550999,4.016666666666667,4.586242014897278,3.8688524590163933,1.5024039914480736,1.4431137724550898,1.3470395492407838,16.55952380952381,1.7246761994641253,89.0,82.5,96.0,CCC_2014B
group3,M,Ireland,A Level or Equivalent,10-20,0-35,60,-28.0,0.5,1.0,2.016260162601626,2.012191285098462,5.475806451612903,1.1606825031065993,5.3478260869565215,5.445558399300593,2.6595744680851063,1.3373167164138795,2.317757009345794,2.3009355391868023,21.833333333333332,1.3983502173703661,96.66666666666667,98.0,98.0,CCC_2014B
group3,F,South Region,A Level or Equivalent,50-60%,0-35,120,-290.0,1.0,0.5,7.67741935483871,8.912115711300707,4.0625,0.7879266478339617,16.0,20.8246648632497,10.571428571428571,2.6415721794520266,16.916666666666668,21.073284825421343,53.15384615384615,1.2666619231972478,95.0,100.0,88.0,CCC_2014B
group3,F,East Midlands Region,A Level or Equivalent,50-60%,0-35,60,-41.0,0.625,1.0,3.727272727272727,4.49801821163141,5.850746268656716,1.0226378700422167,6.472222222222222,9.497326273704948,9.864864864864865,1.879268332407713,6.882352941176471,9.778655499955464,60.0,0.8421439005338395,80.33333333333333,76.0,77.33333333333333,CCC_2014B
group1,M,Scotland,Lower Than A Level,50-60%,0-35,90,-131.0,0.5,1.0,5.095238095238095,5.4271652925500335,3.255813953488372,0.7167813545315486,7.458333333333333,7.734615398474499,6.6,0.9131223741405677,7.071428571428571,8.90662912262784,19.103448275862068,1.0366229707390626,61.666666666666664,63.0,65.0,CCC_2014B
group1,M,South Region,Lower Than A Level,50-60%,0-35,30,-17.0,1.0,0.5,6.375,8.12936273403632,5.804878048780488,1.0789896332346858,12.45,18.23667502012013,11.571428571428571,1.0104871025013116,9.807692307692308,13.461112081159508,26.48148148148148,0.7476096846607608,57.5,65.0,83.0,CCC_2014B
group3,F,East Midlands Region,A Level or Equivalent,10-20,0-35,60,-64.0,0.875,1.0,3.125,2.507583435011546,3.7037037037037037,0.8626702730475879,4.56,5.635745971303288,6.450980392156863,1.047464218911267,7.5625,6.211007398419826,10.393939393939394,1.4416784335608113,66.0,68.0,70.33333333333333,CCC_2014B
group1,M,London Region,A Level or Equivalent,10-20,0-35,60,-46.0,0.625,1.0,4.137931034482759,5.599023335453228,3.6271186440677967,0.9481491502264836,12.578947368421053,12.672436359076883,2.8,0.9489521611133159,6.575757575757576,8.51113352846693,14.235294117647058,1.465340762520425,88.33333333333333,47.5,63.0,CCC_2014B
group1,M,Yorkshire Region,A Level or Equivalent,30-40%,0-35,90,-257.0,0.5,1.0,7.741935483870968,10.327851476906135,4.71875,0.9391606456308893,15.642857142857142,13.41988847172012,2.3333333333333335,0.6577636818983621,10.761904761904763,16.759787474502062,51.09090909090909,1.0803701357392226,55.333333333333336,60.0,45.666666666666664,CCC_2014B
group3,F,East Midlands Region,Lower Than A Level,10-20,0-35,60,-218.0,1.0,0.5,1.9323308270676691,1.4206032047978372,3.708955223880597,1.139055157462287,2.7777777777777777,3.0740852297878796,5.2926829268292686,0.7887322608376259,4.2727272727272725,3.423527233795391,18.767857142857142,1.3705197519320924,90.0,83.0,100.0,CCC_2014B
group1,M,East Anglian Region,HE Qualification,60-70%,35-55,60,-22.0,0.75,1.0,2.3979591836734695,2.3713921958989532,8.767676767676768,1.1262733148638786,3.7966101694915255,5.677480199382254,5.516666666666667,0.8230563226657809,4.245283018867925,5.3561814051881225,40.407407407407405,1.2333804524293133,85.66666666666667,85.0,88.0,CCC_2014B
group1,F,South Region,A Level or Equivalent,90-100%,35-55,30,-96.0,0.875,1.0,6.555555555555555,7.208901023613375,3.8378378378378377,0.8810419252413191,11.238095238095237,9.833131555637612,6.863636363636363,1.4853494145172972,11.789473684210526,15.551273428988313,26.25,1.2727387577889782,68.0,44.0,72.0,CCC_2014B
group3,M,South Region,HE Qualification,90-100%,0-35,30,-25.0,0.42857142857142855,0.875,4.775510204081633,3.190254078977938,3.1,0.9916403967057675,8.375,6.07068866518167,2.32,0.7779664946674814,25.125,32.467291232870046,36.22222222222222,0.7742953510625676,81.33333333333333,76.0,94.0,CCC_2014B
group1,M,North Region,Lower Than A Level,60-70%,0-35,30,-53.0,0.5,1.0,3.2857142857142856,3.081597086172,7.487179487179487,0.9022526592574688,5.06,5.339150738857716,2.8823529411764706,0.8708014439564351,5.270833333333333,5.254135487053228,26.428571428571427,1.0729968000622156,65.0,52.0,57.333333333333336,CCC_2014B
group1,M,Scotland,A Level or Equivalent,80-90%,0-35,30,-93.0,1.0,0.5,1.8111888111888113,1.7760180534192522,5.222222222222222,0.9866411921311411,2.0234375,2.009680680358916,2.7751937984496124,0.8748949385623682,3.983050847457627,4.435326545626092,22.816666666666666,1.0815002740872273,86.0,85.0,98.0,CCC_2014J
group1,M,South West Region,Lower Than A Level,30-40%,35-55,30,-114.0,0.875,1.0,2.6372549019607843,2.7853549667533066,4.699029126213592,0.9282494745205153,2.9770114942528734,3.582830541054498,7.590909090909091,1.0379855655099617,10.521739130434783,13.286594629096827,22.166666666666668,1.1170665330278267,73.66666666666667,35.5,46.666666666666664,CCC_2014J
group1,M,North Western Region,A Level or Equivalent,10-20,0-35,30,-28.0,0.875,1.0,13.052631578947368,14.408615031796185,3.2,0.7234898064243891,22.375,26.581075437772856,2.4444444444444446,1.671343300986385,28.625,32.97157867012134,20.555555555555557,0.7263384662590626,57.0,33.5,33.0,CCC_2014J
group1,M,South Region,Lower Than A Level,80-90%,0-35,30,-128.0,1.0,1.0,3.763157894736842,3.610608152108198,4.025974025974026,0.8252392205123315,5.384615384615385,6.820251982447012,4.113207547169812,1.43766180844628,10.954545454545455,13.03649555863141,17.52173913043478,1.2908283032616603,63.333333333333336,56.0,34.666666666666664,CCC_2014J
group1,F,Scotland,A Level or Equivalent,0-10%,0-35,120,-51.0,0.5,1.0,2.707070707070707,3.4707304567068813,4.63,1.0450774309667825,6.0,8.48808688973075,3.227272727272727,1.3504244154945872,6.25,8.505654227991744,19.609756097560975,1.1789470264544806,93.33333333333333,96.0,88.66666666666667,CCC_2014J
group1,M,Scotland,Lower Than A Level,50-60%,35-55,60,-45.0,0.75,1.0,2.59,2.3402279091290805,6.336633663366337,0.9588506303121461,4.274193548387097,6.648479068865152,9.333333333333334,1.6209722454157451,4.206896551724138,3.8877162406814207,27.220338983050848,1.1753787906161766,80.33333333333333,26.0,66.0,CCC_2014J
group3,M,East Anglian Region,A Level or Equivalent,60-70%,0-35,60,-18.0,0.4,0.625,5.630434782608695,5.583144059089024,4.404255319148936,0.880818223627621,7.612903225806452,9.123878631937329,3.15625,0.976892114871257,18.153846153846153,25.91603800045496,6.928571428571429,0.9704421112980377,86.5,68.0,82.0,CCC_2014J
group3,M,East Anglian Region,Lower Than A Level,70-80%,0-35,30,-67.0,0.875,1.0,4.9411764705882355,4.562507050760063,4.384615384615385,0.8755247294406431,15.692307692307692,13.28774256840125,1.9285714285714286,1.2154695615868105,8.846153846153847,10.169335505104776,25.88888888888889,1.0417963196096673,88.66666666666667,95.5,95.0,CCC_2014J
group3,F,London Region,HE Qualification,0-10%,0-35,30,-45.0,0.5,1.0,5.651162790697675,5.181853506090509,6.159090909090909,1.182488431460529,12.722222222222221,14.490587434020972,6.315789473684211,1.3523641850067198,12.736842105263158,15.659012687988126,29.0,1.146830404296462,76.0,83.0,76.33333333333333,CCC_2014J
group1,F,Yorkshire Region,HE Qualification,0-10%,35-55,60,-148.0,0.5,1.0,2.7524752475247523,3.816820510828507,5.421568627450981,1.125350904169444,8.862068965517242,13.135894493255151,6.833333333333333,1.4368731336278728,4.793103448275862,8.328262219883918,41.813559322033896,1.0107747710630952,85.0,69.0,68.66666666666667,CCC_2014J
group3,M,Yorkshire Region,HE Qualification,80-90%,55<=,60,-28.0,0.5,1.0,3.4177215189873418,3.2407960201979695,4.125,0.8286646077512768,9.88,10.325211862233143,3.6153846153846154,1.7728652386373005,5.642857142857143,5.7966408631350665,24.069767441860463,1.2597159102987672,85.0,96.5,97.0,CCC_2014J
group3,M,London Region,Lower Than A Level,30-40%,0-35,60,-64.0,0.5714285714285714,0.875,3.9696969696969697,6.111703015765225,5.029850746268656,0.8329139525921967,5.589743589743589,6.331699483833408,8.075,1.0761843260606514,7.96,17.333685893850355,38.19230769230769,0.8443236480632246,81.0,92.0,80.33333333333333,CCC_2014J
group1,M,Scotland,A Level or Equivalent,10-20,35-55,30,-18.0,1.0,0.5,6.428571428571429,7.893726899871055,4.555555555555555,0.9362486691545968,13.176470588235293,14.125488018638714,1.8333333333333333,0.7100226978096958,9.0,12.145937984520156,25.0,0.9452489895122411,46.0,25.0,24.0,CCC_2014J
group1,M,North Western Region,Lower Than A Level,0-10%,35-55,120,-1.0,0.7142857142857143,0.875,5.071428571428571,6.440697042806201,4.093023255813954,0.8210571320252853,6.357142857142857,7.8278433987358405,2.0,0.7191949522280763,9.26086956521739,14.598310585021778,24.416666666666668,1.2312212777007987,58.5,34.0,44.666666666666664,CCC_2014J
group1,M,North Western Region,A Level or Equivalent,70-80%,0-35,30,-53.0,0.75,1.0,5.461538461538462,5.207315888555022,1.7547169811320755,0.5951979571224967,20.272727272727273,17.726200433769833,1.5,0.5773502691896257,11.521739130434783,20.18746137675425,13.583333333333334,1.2446430055940367,74.0,46.5,74.0,CCC_2014J
group3,F,Wales,HE Qualification,80-90%,0-35,30,-59.0,0.5,1.0,1.2058823529411764,0.6055710584034504,6.305439330543933,0.7265991581971916,5.469387755102041,6.403456230870972,3.24,1.2897542149847283,1.2252252252252251,0.5815361881984112,14.708520179372197,1.1177477094580917,99.33333333333333,99.0,99.66666666666667,CCC_2014J
group3,M,London Region,Lower Than A Level,40-50%,35-55,60,-87.0,0.5,1.0,2.2248062015503876,2.215853073865964,3.7615384615384615,0.8834474171743891,3.3333333333333335,3.5157304163374588,6.092105263157895,0.7081170649168322,6.3076923076923075,6.840875006181769,37.325,1.1961432138667554,95.66666666666667,98.0,98.33333333333333,CCC_2014J
group3,M,North Western Region,Lower Than A Level,0-10%,0-35,60,-155.0,0.5,1.0,2.3783783783783785,2.2645651962916693,3.0982142857142856,0.9711387979196839,9.10344827586207,9.298021400838103,1.6333333333333333,0.7154509446105349,5.589743589743589,6.414284834065573,20.15,1.1291576839774136,96.0,89.0,80.0,CCC_2014J
group1,F,North Western Region,A Level or Equivalent,0-10%,0-35,60,-115.0,0.5,1.0,7.694444444444445,9.44100310785563,4.135135135135135,0.8111951102797492,14.38888888888889,18.120962475700665,1.5789473684210527,0.7498147919467995,14.882352941176471,14.568297571015188,18.22222222222222,1.1578785037244925,73.66666666666667,54.0,65.33333333333333,CCC_2014J
group3,M,South East Region,HE Qualification,90-100%,55<=,60,-60.0,1.0,0.5,3.271604938271605,3.962361498144171,5.548780487804878,0.9055505157114389,6.945945945945946,7.534903766789247,3.3684210526315788,1.0019512213675874,5.5,6.779192194392385,20.979591836734695,1.062976338741911,100.0,100.0,92.0,CCC_2014J
group3,F,London Region,A Level or Equivalent,0-10%,35-55,60,-113.0,1.0,0.5,2.105691056910569,1.712121721437388,6.911290322580645,1.0925478598244471,3.4078947368421053,3.5596914906733046,11.558441558441558,1.123161714014865,3.787878787878788,3.7355471291783147,34.62686567164179,1.2545689388608106,98.5,100.0,92.0,CCC_2014J
group3,M,North Western Region,A Level or Equivalent,30-40%,0-35,90,-113.0,0.625,1.0,3.8450704225352115,3.6903266883025942,3.486111111111111,0.9948279768126507,10.761904761904763,11.112626880736896,1.5909090909090908,0.5890150893739515,9.72,12.300135500608654,14.115384615384615,0.9666574969250461,91.66666666666667,90.0,92.0,CCC_2014J
group3,M,Yorkshire Region,No Formal quals,30-40%,0-35,90,-3.0,0.5,1.0,1.9481481481481482,2.220388961886507,4.095588235294118,1.1931802231415825,5.020833333333333,6.1833323775113485,3.020408163265306,1.1459029186210803,1.2788461538461537,0.9676579701689603,16.401913875598087,1.4061842381856826,90.0,91.5,85.66666666666667,CCC_2014J
group1,M,West Midlands Region,A Level or Equivalent,70-80%,0-35,90,-34.0,0.5,1.0,2.85,2.8828121792107892,5.089108910891089,0.8142296459072718,3.9384615384615387,4.52035992440357,7.803030303030303,1.0787539374196278,4.925925925925926,6.163960537174412,16.618181818181817,0.8413943758928005,81.66666666666667,45.5,65.33333333333333,CCC_2014J
group3,M,East Midlands Region,Lower Than A Level,90-100%,0-35,60,-81.0,0.6666666666666666,0.75,3.433734939759036,4.061096725247149,4.095238095238095,0.9959015526898638,8.03125,8.536390318947426,2.8181818181818183,0.7980204436679342,5.74468085106383,7.39996499729202,13.895833333333334,1.4672131737835683,97.0,92.0,93.5,CCC_2014J
group1,M,Wales,Lower Than A Level,60-70%,0-35,60,-114.0,0.5,1.0,2.904255319148936,2.8626972352997626,5.2,0.7045697702824676,4.254237288135593,6.18561518234871,5.866666666666666,0.8300901076249853,4.517241379310345,5.120448785533866,8.830508474576272,0.7526635909901425,65.66666666666667,55.0,57.0,CCC_2014J
group3,M,South East Region,No Formal quals,20-30%,0-35,60,-155.0,0.5,1.0,6.317073170731708,6.849959942912965,4.285714285714286,0.700528900717694,9.961538461538462,10.085557076258185,3.2962962962962963,1.2652304054165617,8.964285714285714,10.404707420583074,18.413793103448278,2.1761911148562785,83.33333333333333,85.5,94.66666666666667,CCC_2014J
group3,M,West Midlands Region,A Level or Equivalent,0-10%,35-55,120,-4.0,1.0,0.625,1.5773809523809523,1.3907178338999004,8.467455621301776,0.7881118802685568,2.8117647058823527,7.80642915387399,2.697674418604651,0.7436812698686104,1.8275862068965518,2.421962093663269,28.041095890410958,0.8178836699551382,90.66666666666667,96.0,94.0,CCC_2014J
group1,M,East Midlands Region,Lower Than A Level,80-90%,35-55,30,-101.0,0.75,1.0,2.5533980582524274,3.0733776378281403,4.576923076923077,0.8546677065607475,2.8588235294117648,3.0556463784142247,5.895348837209302,0.8261569079009287,5.153846153846154,8.938536563522907,9.264150943396226,1.021490005214921,89.33333333333333,57.0,63.666666666666664,CCC_2014J
group1,M,Ireland,Lower Than A Level,0-10%,35-55,60,-81.0,0.625,1.0,3.9846153846153847,3.9744980331338216,5.03030303030303,1.1245392275858792,8.461538461538462,8.635882209621753,4.296296296296297,1.913948424886948,7.451612903225806,7.610688578910668,18.59375,1.2542353921964584,65.0,32.5,52.333333333333336,CCC_2014J
group1,M,North Western Region,A Level or Equivalent,20-30%,0-35,60,-129.0,0.5,1.0,7.0,8.916277250063501,3.5789473684210527,0.9499817882064243,16.25,22.23888895197289,1.9230769230769231,0.9448809448814174,13.642857142857142,23.87985035018546,39.06666666666667,1.11197346689973,58.333333333333336,88.5,88.33333333333333,CCC_2014J
group3,M,South West Region,Lower Than A Level,60-70%,0-35,120,-80.0,0.5,1.0,4.17741935483871,4.621844758189047,4.587301587301587,1.064856053994051,5.16,6.188732355116458,2.7450980392156863,1.2615992442377353,7.617647058823529,10.230716393892651,46.4,1.5717711611362024,93.0,84.0,85.33333333333333,CCC_2014J
group3,M,West Midlands Region,A Level or Equivalent,90-100%,35-55,60,-141.0,0.5,1.0,1.9183673469387754,2.240689118808241,3.9324324324324325,0.967273073471612,2.967032967032967,5.443549800657144,8.652173913043478,1.1627222072529235,3.4342105263157894,3.3479766081054168,22.25974025974026,1.2072319112245637,98.0,97.0,94.0,CCC_2014J
group3,M,London Region,Lower Than A Level,10-20,0-35,90,-16.0,0.42857142857142855,0.875,2.8645833333333335,3.4077922832259064,3.11340206185567,1.0218330591414397,5.875,5.561716669131241,2.1951219512195124,0.8310338645028957,12.428571428571429,21.528054785724205,10.181818181818182,0.8772747399690447,89.33333333333333,60.0,80.33333333333333,CCC_2014J
group1,M,South East Region,A Level or Equivalent,0-10%,35-55,30,-114.0,1.0,0.5,1.821656050955414,1.6072878282970968,3.0316455696202533,0.9347527768471313,3.8970588235294117,5.675660802825249,13.652173913043478,0.9988837130302431,14.294117647058824,19.286539042433045,26.166666666666668,1.1181383077167053,81.0,79.0,81.0,CCC_2014J
group3,M,East Anglian Region,A Level or Equivalent,20-30%,0-35,60,-73.0,1.0,0.5,2.7572815533980584,2.9752772796058413,4.163461538461538,0.945673198734212,4.5344827586206895,5.944820883912549,19.16949152542373,5.640090252252377,8.333333333333334,11.874342087037919,30.214285714285715,0.7209704264201141,99.0,92.0,85.0,CCC_2014J
group3,F,Yorkshire Region,A Level or Equivalent,70-80%,0-35,90,-121.0,0.5,1.0,3.021978021978022,4.071521752034412,5.75,1.000903676503982,11.454545454545455,16.769380465960012,2.8260869565217392,1.062318553946589,3.3,5.373163507278498,28.08641975308642,1.999068494582686,95.33333333333333,84.0,94.0,CCC_2014J
group1,M,East Anglian Region,HE Qualification,70-80%,0-35,30,-8.0,0.5,1.0,6.2894736842105265,9.397837286389404,6.589743589743589,0.9614281291916852,11.4,12.807892303699228,3.6666666666666665,1.158103730369244,12.578947368421053,19.39448887778199,71.35,1.2007317394975872,75.66666666666667,80.0,50.333333333333336,CCC_2014J
group1,M,South West Region,A Level or Equivalent,70-80%,0-35,60,-148.0,0.5,1.0,2.208695652173913,1.8941074469509287,4.422413793103448,1.0548294864700354,3.2435897435897436,5.250073338846807,7.544303797468355,0.7241055579543653,6.394736842105263,6.495484808838308,34.717948717948715,1.8077340879943251,83.33333333333333,71.0,65.0,CCC_2014J
group1,F,Yorkshire Region,A Level or Equivalent,0-10%,0-35,120,-100.0,0.5,1.0,1.43,1.1275891478868358,5.353233830845771,1.0613008541630509,3.329113924050633,3.865433663889712,8.0875,1.0039838563075116,1.7023809523809523,1.584201658856107,16.420118343195266,1.84894464026624,77.66666666666667,76.0,75.66666666666667,CCC_2014J
group1,M,West Midlands Region,A Level or Equivalent,70-80%,35-55,60,-20.0,1.0,0.5,2.6565656565656566,2.4334472741260185,8.18,0.9746857210551005,3.757575757575758,3.8353040439523323,12.462686567164178,1.1943620769738394,2.5729166666666665,2.2512910525982135,33.08247422680412,1.5433737431519265,47.5,48.0,21.0,CCC_2014J
group1,M,South East Region,A Level or Equivalent,90-100%,0-35,60,-109.0,0.42857142857142855,0.875,3.1153846153846154,3.960784289482601,3.5316455696202533,0.7968605296193078,3.573529411764706,4.47319104260031,13.44927536231884,1.3789078750099901,14.0,14.701190427989156,18.166666666666668,1.810875319221576,56.0,61.5,64.33333333333333,CCC_2014J
group3,M,Ireland,A Level or Equivalent,80-90%,35-55,60,-14.0,0.5,1.0,2.4363636363636365,2.135446895742695,4.351351351351352,0.9893794519337344,6.473684210526316,6.061561845406669,2.58974358974359,1.302046077465897,3.608108108108108,3.3426163469574335,15.386666666666667,0.9934901904931872,96.33333333333333,92.5,92.33333333333333,CCC_2014J
group3,M,East Anglian Region,A Level or Equivalent,60-70%,0-35,30,-30.0,0.625,1.0,4.8979591836734695,4.946568246265889,3.58,0.9932357598987953,14.375,16.560495161679196,1.8235294117647058,0.7096774193548387,14.4375,20.574964560520307,42.23529411764706,1.1728044999788918,100.0,99.5,97.0,CCC_2014J
group3,M,East Anglian Region,Lower Than A Level,90-100%,0-35,60,-124.0,0.5,1.0,3.0952380952380953,3.9625324980433083,3.7058823529411766,0.9104527237904753,3.8666666666666667,4.7850992822764855,4.442622950819672,1.1076259055205635,6.025,7.995150773902635,17.170731707317074,1.2670900420202098,91.33333333333333,91.0,94.66666666666667,CCC_2014J
group3,M,Scotland,HE Qualification,80-90%,35-55,90,-108.0,0.5,1.0,2.6018518518518516,2.675397829845212,4.926605504587156,0.9770238283549472,10.88,8.978307190111062,4.115384615384615,1.108058130394635,3.4415584415584415,4.099080469714829,19.525641025641026,1.381087057183741,98.0,96.0,92.33333333333333,CCC_2014J
group3,M,South West Region,A Level or Equivalent,60-70%,0-35,60,-113.0,0.5,1.0,3.7972972972972974,4.49346475139701,2.493333333333333,0.834567322990349,9.37037037037037,11.780518952093187,2.0357142857142856,0.70065703676196,17.23076923076923,21.879038088826203,15.428571428571429,0.7274266422741613,94.66666666666667,78.0,77.66666666666667,CCC_2014J
group3,M,North Region,HE Qualification,40-50%,0-35,30,-60.0,0.5,1.0,1.9361702127659575,2.084681428068796,4.591549295774648,1.2848770190349688,7.636363636363637,9.376893748125566,2.9411764705882355,0.9472064188971695,2.190082644628099,2.640435726626627,18.07377049180328,1.851102339568392,99.33333333333333,100.0,92.66666666666667,CCC_2014J
group1,M,North Western Region,Lower Than A Level,20-30%,35-55,30,-25.0,1.0,0.5,3.032608695652174,4.4188683523644325,2.924731182795699,1.1090395132133535,2.923076923076923,3.5227248557885433,5.3924050632911396,0.7290083640897584,15.333333333333334,21.100665753432885,24.1875,1.2299497315881274,71.5,50.0,59.0,CCC_2014J
group3,M,East Anglian Region,HE Qualification,60-70%,35-55,60,-85.0,0.5,1.0,1.6964285714285714,1.125421696462001,2.8461538461538463,0.8606315312481435,6.0,5.8141962513128576,4.093023255813954,2.0269363765003,2.424778761061947,1.5913006233363305,11.035087719298245,0.9922521299262183,91.66666666666667,83.5,94.0,CCC_2014J
group1,M,North Region,Lower Than A Level,10-20,0-35,60,-101.0,0.7142857142857143,0.875,2.7281553398058254,2.9677818175885906,5.038461538461538,1.0444076072876178,4.527272727272727,5.3915384510069915,4.071428571428571,1.2410343286896417,4.339622641509434,5.25848543647611,48.7037037037037,1.3911092110751135,75.0,74.0,74.5,CCC_2014J
group3,M,East Midlands Region,Lower Than A Level,30-40%,0-35,60,-66.0,0.5,1.0,3.158536585365854,2.890894654955866,4.265060240963855,0.9055776393351023,5.688888888888889,6.690638718735788,5.217391304347826,0.8533430989024546,8.290322580645162,8.4150402985254,14.625,1.557597044910423,85.66666666666667,77.5,87.33333333333333,CCC_2014J
group3,M,Scotland,Post Graduate Qualification,20-30%,35-55,60,-15.0,0.5714285714285714,0.875,3.2413793103448274,3.595751748038295,3.8636363636363638,1.0198717607152863,8.515151515151516,8.493089882815074,3.264705882352941,1.5121454563561258,5.955555555555556,6.615943399902018,30.847826086956523,1.3967385467117865,94.5,99.5,96.33333333333333,CCC_2014J
group1,M,Scotland,HE Qualification,30-40%,0-35,120,-115.0,0.5,1.0,3.0,3.5815619786479402,4.359550561797753,0.8727795110003322,6.175,7.18576762846228,3.951219512195122,1.0881369705869368,5.534883720930233,6.47467166738538,39.22727272727273,1.4819940977532997,73.33333333333333,56.0,62.0,CCC_2014J
group1,F,North Region,A Level or Equivalent,50-60%,35-55,30,-101.0,0.5,1.0,2.8735632183908044,2.7903679748216814,4.034090909090909,0.7851781083126667,5.434782608695652,5.062507827870134,2.3404255319148937,0.7697804774551471,3.918032786885246,4.648638087179272,11.290322580645162,0.9476070829586856,72.0,76.0,71.0,CCC_2014J
group1,M,West Midlands Region,A Level or Equivalent,70-80%,0-35,30,-87.0,0.625,1.0,5.09433962264151,4.907859281661625,3.5185185185185186,0.8746982067596727,8.096774193548388,8.287962510813207,4.78125,1.408599089436983,10.478260869565217,10.757109975256498,12.791666666666666,0.9418976678337907,52.333333333333336,50.0,69.33333333333333,CCC_2014J
group1,M,South East Region,Lower Than A Level,30-40%,0-35,60,-67.0,0.8571428571428571,0.875,3.188888888888889,3.726294193227622,2.967032967032967,0.8515458387548411,7.4,8.08848127968191,5.638888888888889,1.6081386228733079,8.32258064516129,9.367984830524986,14.3125,1.0817626040914718,66.0,57.5,65.33333333333333,CCC_2014J
group1,M,Scotland,A Level or Equivalent,20-30%,35-55,30,-46.0,1.0,0.5,1.471794871794872,1.104337446082006,3.5,0.7456663635283719,2.8152173913043477,2.4130111954039437,7.440860215053763,0.9716163805012578,1.4648648648648648,0.9891301119561461,17.618279569892472,1.2226305295689779,97.5,83.0,69.0,CCC_2014J
group1,F,Scotland,A Level or Equivalent,50-60%,35-55,60,-87.0,1.0,0.5,3.2941176470588234,2.716017433721682,3.2209302325581395,0.9270670962398287,10.48,12.121331060022522,8.692307692307692,1.5847380806439557,5.162790697674419,5.149804585095759,11.113636363636363,0.9776569775332492,83.0,46.0,69.0,CCC_2014J
group3,M,London Region,A Level or Equivalent,30-40%,0-35,90,-108.0,0.42857142857142855,0.875,2.9473684210526314,2.863446892733092,5.09375,1.2253823773491088,5.16,5.5230869806584035,3.0784313725490198,1.2253492523749105,5.5,7.6237931649686175,15.23404255319149,1.1886976449336542,90.66666666666667,83.0,85.0,CCC_2014J
group1,M,West Midlands Region,Lower Than A Level,60-70%,35-55,60,-92.0,0.875,1.0,1.79874213836478,1.720243853091531,4.2875,0.7265912118075613,2.452830188679245,2.426567536456534,5.859813084112149,0.7644163585855487,3.675675675675676,4.061540662224998,17.226666666666667,1.389687723231702,69.66666666666667,47.5,60.333333333333336,CCC_2014J
group3,F,South Region,A Level or Equivalent,50-60%,0-35,60,-106.0,0.5,1.0,3.1818181818181817,3.432587089569864,4.50561797752809,0.9452259809951741,10.32,12.037164671687986,3.1153846153846154,1.4637311105213078,5.283018867924528,7.548248290142368,36.31481481481482,1.8150419490571368,90.0,72.5,80.33333333333333,CCC_2014J
group3,M,Wales,A Level or Equivalent,30-40%,0-35,60,-154.0,0.5,1.0,3.101123595505618,3.828852616587711,4.7555555555555555,1.0120248281406774,5.930232558139535,6.829192760067096,2.9545454545454546,0.9239739231444183,4.283333333333333,5.584760337077936,15.163934426229508,1.4226846298038807,86.66666666666667,81.0,91.66666666666667,CCC_2014J
group3,F,London Region,A Level or Equivalent,60-70%,0-35,90,-36.0,0.5,1.0,3.878787878787879,3.4396562955091063,6.059701492537314,0.8717750566373967,7.757575757575758,7.39945227293169,4.382352941176471,0.8975490753140913,8.0,11.222098015565884,25.818181818181817,1.2466214342496373,84.33333333333333,68.0,79.33333333333333,CCC_2014J
group1,M,South Region,A Level or Equivalent,80-90%,0-35,60,-49.0,0.6666666666666666,0.75,5.117647058823529,8.125631197201926,4.403846153846154,1.0436863932916776,6.7272727272727275,14.646400426539808,6.735294117647059,0.9603909789059818,9.409090909090908,19.353009095201735,19.52173913043478,0.9307765086224661,71.66666666666667,13.5,45.0,CCC_2014J
group1,M,East Midlands Region,A Level or Equivalent,30-40%,0-35,30,-114.0,1.0,1.0,1.7605633802816902,1.6924093257074908,3.5664335664335662,0.9204832991624068,2.6595744680851063,2.9749968518619347,6.6947368421052635,0.9983892925817804,3.6666666666666665,5.108500190226911,14.359375,1.4906026788346598,63.0,59.0,59.666666666666664,CCC_2014J
group1,M,Scotland,HE Qualification,20-30%,35-55,60,-59.0,0.625,1.0,4.09375,4.495919666852784,5.107692307692307,0.9292351739033661,8.225806451612904,9.31919051355626,15.1875,1.2287861872237318,18.833333333333332,25.725238167758114,32.07692307692308,0.8295559887999754,79.0,68.0,60.333333333333336,CCC_2014J
group1,M,London Region,A Level or Equivalent,50-60%,0-35,30,-5.0,0.5,0.75,4.508474576271187,5.223860645801752,3.3333333333333335,0.7968688725254613,8.379310344827585,11.577113485245203,2.3,0.6463508151008046,10.391304347826088,15.973669045238116,27.25,1.081181405060397,67.0,17.0,67.0,CCC_2014J
group1,M,South Region,Lower Than A Level,60-70%,0-35,90,-23.0,1.0,0.75,2.978723404255319,3.715641808854079,4.652631578947369,1.067973957983479,5.609756097560975,10.530617381664971,6.095238095238095,1.427487207144954,10.0,18.579069357258405,18.625,1.309011613160952,74.0,44.0,77.0,CCC_2014J
group1,M,West Midlands Region,HE Qualification,20-30%,35-55,30,-114.0,0.5714285714285714,0.875,6.815789473684211,6.587684099311278,4.410256410256411,0.9657115003980647,8.285714285714286,8.672617004934883,2.5454545454545454,1.0838564932495371,10.125,11.954775893619532,22.58823529411765,1.3831533046759894,67.0,55.0,36.666666666666664,CCC_2014J
group1,M,West Midlands Region,A Level or Equivalent,80-90%,0-35,30,-115.0,0.75,1.0,6.743589743589744,8.902152160596804,5.825,1.0090036565153166,13.631578947368421,18.685141233717676,6.65,2.227531643829929,7.8125,10.443202759257705,27.96969696969697,1.0238657008797234,79.66666666666667,49.0,59.0,CCC_2014J
group1,M,London Region,Lower Than A Level,70-80%,35-55,60,-30.0,0.8,0.625,2.1374045801526718,2.289653513520956,5.946969696969697,1.1297711337782752,2.774193548387097,3.036477622745832,14.404255319148936,1.8416998263278912,3.72972972972973,4.278961906169124,26.14666666666667,0.8732711598457911,70.0,69.5,79.0,CCC_2014J
group1,F,South East Region,A Level or Equivalent,50-60%,0-35,90,-87.0,0.5,1.0,7.305555555555555,8.017193824861465,4.783783783783784,0.8278330402517635,16.266666666666666,13.122862637760246,3.25,0.7337993857053428,12.523809523809524,14.055671622583702,24.227272727272727,1.114997558040109,91.66666666666667,67.0,65.33333333333333,CCC_2014J
group3,M,East Midlands Region,A Level or Equivalent,90-100%,0-35,60,-115.0,0.7142857142857143,0.875,2.730769230769231,2.5891137638487147,3.8095238095238093,1.2612989336394447,12.285714285714286,15.566447433961473,2.1818181818181817,0.7132184486926537,4.171875,7.509897569736656,37.07692307692308,1.3570545604138704,96.66666666666667,94.0,87.0,CCC_2014J
group3,M,East Anglian Region,A Level or Equivalent,60-70%,35-55,90,-134.0,0.5,1.0,1.43,1.2661420054201846,5.407960199004975,0.960793994004483,5.1,6.061757002650607,2.4901960784313726,1.220040563669075,1.729032258064516,1.6487290556524623,16.724358974358974,1.453433414920615,86.0,90.0,94.66666666666667,CCC_2014J
group1,M,South Region,A Level or Equivalent,70-80%,0-35,30,-95.0,0.625,1.0,3.25,4.458307529107474,4.894117647058824,0.6931001740956071,4.739130434782608,6.819692996050957,4.914893617021277,0.9895160787229081,4.372881355932203,7.174904312914144,18.966666666666665,1.0938167234968943,73.33333333333333,58.5,57.0,CCC_2014J
group1,M,Yorkshire Region,Lower Than A Level,0-10%,0-35,60,-120.0,0.625,1.0,1.7709923664122138,1.496482467944198,8.863636363636363,0.9048872587945106,2.960526315789474,3.0959792827630883,6.675324675324675,1.043886275957217,2.36734693877551,2.2766757965323707,25.595959595959595,1.1416323884750548,70.0,27.0,52.0,CCC_2014J
group3,M,South Region,HE Qualification,50-60%,35-55,60,-31.0,1.0,0.5,3.41025641025641,3.6872398343120563,3.8227848101265822,1.074746908580629,7.0,7.3795083072751435,2.2972972972972974,1.0363630844962466,8.692307692307692,9.99907688046944,14.333333333333334,1.214953996804035,100.0,96.0,96.0,CCC_2014J
group1,M,West Midlands Region,Lower Than A Level,0-10%,0-35,60,-92.0,0.625,1.0,1.937062937062937,2.2680163921731173,6.930555555555555,1.025173017076095,2.742574257425743,5.0132892702227645,3.8333333333333335,0.8003807611616879,4.293103448275862,5.29153120375745,24.16949152542373,1.9692663280477927,89.33333333333333,87.0,90.0,CCC_2014J
group3,M,South Region,A Level or Equivalent,70-80%,0-35,60,-70.0,0.8,0.625,3.6538461538461537,4.430786401065632,3.632911392405063,1.3371985237613901,5.586956521739131,9.113057998660851,7.404255319148936,1.1988511257313508,14.5625,21.238232035647414,35.1764705882353,1.3794557542279964,82.33333333333333,81.0,90.0,CCC_2014J
group1,F,South West Region,Lower Than A Level,30-40%,35-55,180,-1.0,0.625,1.0,3.0,2.907670107585359,4.477777777777778,1.0654411870798788,11.043478260869565,13.071406201287273,8.666666666666666,1.2430278931686396,5.680851063829787,7.351741535702312,20.729166666666668,1.3249048434208766,75.33333333333333,50.0,50.333333333333336,CCC_2014J
group1,M,East Midlands Region,A Level or Equivalent,80-90%,0-35,30,-32.0,1.0,0.375,11.333333333333334,15.569386535809599,4.0,0.8831760866327847,15.533333333333333,20.416613216645292,5.0625,1.0625176509467447,39.2,52.64218840435872,21.0,0.5373432025336748,56.0,71.0,70.0,CCC_2014J
group3,M,South West Region,A Level or Equivalent,70-80%,35-55,60,-149.0,0.5,1.0,1.7030303030303031,1.1905329941046308,3.0060240963855422,1.115642259856313,5.680851063829787,5.449796099012702,2.625,1.1096362093077186,5.261904761904762,5.012469932077076,19.953488372093023,1.060985100946589,100.0,99.5,97.0,CCC_2014J
group1,M,South West Region,A Level or Equivalent,60-70%,0-35,30,-30.0,0.5,1.0,3.066666666666667,2.8670934269920685,4.406593406593407,0.7954056794096309,3.2093023255813953,4.262328220640113,32.298850574712645,2.85332281666669,4.927272727272728,5.083941841373153,10.25,1.1951930576869987,77.66666666666667,69.5,66.66666666666667,CCC_2014J
group3,M,London Region,A Level or Equivalent,30-40%,0-35,120,-122.0,0.8,0.625,2.7473684210526317,2.8841770132349733,6.104166666666667,0.8918174289599293,5.022222222222222,4.619567516597634,3.3043478260869565,1.430463477958404,5.976190476190476,6.546226227109208,28.627906976744185,1.4608396715228553,97.0,53.5,79.0,CCC_2014J
group3,F,South West Region,HE Qualification,30-40%,0-35,60,-146.0,1.0,0.5,5.230769230769231,6.335754082099353,3.981132075471698,0.737572327107509,10.130434782608695,12.743284676559105,1.4583333333333333,0.5591538797365979,9.541666666666666,7.070939711650574,22.36,0.7825203065430527,100.0,100.0,100.0,CCC_2014J
group3,F,South East Region,HE Qualification,80-90%,35-55,120,23.0,0.8,0.625,2.259259259259259,2.9014027234998165,10.18348623853211,1.238565426041295,2.4130434782608696,3.397323361128124,45.505376344086024,1.73516740201071,5.170212765957447,6.738336618819895,17.770833333333332,1.537996718948718,86.0,100.0,46.333333333333336,CCC_2014J
group1,M,East Anglian Region,Lower Than A Level,80-90%,0-35,60,-143.0,1.0,0.75,3.25,6.449182430586727,8.168539325842696,0.9928975881635,4.916666666666667,8.697843541332734,8.53061224489796,1.3300703914346428,8.88888888888889,13.731864497004862,43.82142857142857,1.5954354482926187,38.0,71.5,35.5,CCC_2014J
group3,F,South Region,Lower Than A Level,80-90%,35-55,60,-115.0,0.5,1.0,1.9583333333333333,1.6209942558881505,7.689655172413793,0.7448645121272268,3.585714285714286,3.8050037884643086,2.76056338028169,0.8735969294638574,2.3529411764705883,2.0854143810231736,25.691666666666666,0.9725304437500526,99.33333333333333,98.0,98.66666666666667,CCC_2014J
group3,M,South West Region,A Level or Equivalent,60-70%,0-35,90,-107.0,1.0,0.5,2.711340206185567,2.0153513077056293,3.795918367346939,1.0347472228707626,5.078431372549019,6.999551806379897,4.653846153846154,1.0381362777692265,4.754716981132075,4.673598763172676,11.074074074074074,1.2895047745184973,87.0,83.0,73.0,CCC_2014J
group3,M,North Western Region,HE Qualification,30-40%,0-35,60,-155.0,0.5,1.0,4.46875,6.490453918139475,5.3538461538461535,0.8001519211014766,6.0,9.451631252505218,6.363636363636363,0.7943036996935989,13.095238095238095,18.176646450610082,16.681818181818183,1.5503225195481485,93.33333333333333,89.5,92.33333333333333,CCC_2014J
group1,F,North Region,Lower Than A Level,20-30%,35-55,30,-146.0,0.625,1.0,3.8133333333333335,4.118820788124276,5.842105263157895,0.9930772470633141,6.641025641025641,6.1493995405935005,7.7,1.4027176475633396,4.3584905660377355,4.561942651405975,60.129629629629626,1.2984762528122737,68.0,37.0,43.0,CCC_2014J
group1,M,South East Region,A Level or Equivalent,50-60%,35-55,60,-137.0,0.625,1.0,4.265625,4.532920805810093,3.6923076923076925,0.699702317656111,9.555555555555555,13.14807190700579,1.9285714285714286,0.7191291792202815,8.030303030303031,11.1677125245192,18.029411764705884,0.9806738315057155,84.33333333333333,70.5,72.66666666666667,CCC_2014J
group1,M,Scotland,HE Qualification,50-60%,35-55,90,-31.0,0.25,1.0,4.389830508474576,7.856508281964096,5.033333333333333,0.8690144855207594,4.60377358490566,7.101840559486375,7.87037037037037,1.0717459803361904,9.375,23.795893873048588,23.0,0.9095169993038527,37.666666666666664,50.5,42.333333333333336,CCC_2014J
group1,M,West Midlands Region,Lower Than A Level,20-30%,0-35,60,-22.0,0.8333333333333334,0.75,6.093023255813954,6.81669502900738,4.5227272727272725,0.9735135298044426,16.066666666666666,17.131702720256328,13.625,2.107916709088264,22.0,18.45535152740256,18.5,1.0970665003807238,64.33333333333333,49.0,66.0,CCC_2014J
group3,F,North Western Region,HE Qualification,50-60%,35-55,30,-95.0,0.5,1.0,2.5636363636363635,2.839845171924064,5.099099099099099,0.8934655352965083,4.086956521739131,4.013723262078794,5.071428571428571,1.9326592024818836,3.7846153846153845,4.102180470845306,18.257575757575758,1.0274465557003485,91.33333333333333,99.5,87.66666666666667,CCC_2014J
group1,M,London Region,HE Qualification,40-50%,35-55,30,-30.0,0.625,1.0,2.04,2.117364475765173,4.524752475247524,1.008038118412495,2.4578313253012047,2.9767440258766165,7.976190476190476,1.4600371985239744,4.644444444444445,7.283716445093485,21.304347826086957,1.0285572561381884,58.0,64.0,64.0,CCC_2014J
group3,M,East Anglian Region,Lower Than A Level,20-30%,0-35,30,-42.0,0.5,1.0,1.9635036496350364,1.733785212645881,3.789855072463768,0.8602782971257863,3.0352941176470587,3.2966326933472496,3.697674418604651,1.251651335959446,4.755102040816326,6.520897855628274,31.58,1.542009143614002,95.66666666666667,92.5,98.33333333333333,CCC_2014J
group1,M,West Midlands Region,A Level or Equivalent,60-70%,0-35,60,-51.0,0.5,1.0,2.8217821782178216,2.8156563696728347,4.96078431372549,0.9185365960889126,4.046875,5.518884426898277,5.1692307692307695,1.9367752466430044,6.275,9.334214701974885,11.0,0.7840889006690431,74.0,43.5,43.333333333333336,CCC_2014J
group3,M,North Western Region,A Level or Equivalent,40-50%,0-35,30,-22.0,1.0,0.75,4.821428571428571,4.877060004317588,5.43859649122807,1.005934523907584,6.4,9.705404257158575,12.609756097560975,1.8814737990446913,19.727272727272727,21.147533705332684,13.25,1.6425934395178772,64.0,56.0,64.0,CCC_2014J
group3,M,South West Region,A Level or Equivalent,50-60%,0-35,60,-60.0,0.5,1.0,4.045454545454546,3.5881506622249257,4.2835820895522385,0.7777296960980666,10.12,10.721162872251,2.6153846153846154,0.931011281843789,6.641025641025641,6.607361044547925,15.425,1.1761644432026033,97.66666666666667,87.0,94.66666666666667,CCC_2014J
group1,M,East Midlands Region,A Level or Equivalent,80-90%,35-55,30,-22.0,1.0,0.5,2.2941176470588234,2.068131643420324,6.441666666666666,0.9459405013713467,6.777777777777778,7.039119714084023,3.7027027027027026,1.2059489885000516,2.55,2.520121048880411,24.584158415841586,1.1510243060759846,80.5,42.0,75.0,CCC_2014J
group3,M,East Midlands Region,A Level or Equivalent,70-80%,0-35,60,-129.0,0.5,1.0,2.4434782608695653,2.26797422688652,3.7413793103448274,1.0453112320211577,4.568627450980392,5.1817174834635065,14.442307692307692,1.6892653080023945,4.303571428571429,5.569134559360164,31.035087719298247,1.5317610071062455,88.33333333333333,83.5,83.66666666666667,CCC_2014J
group3,M,North Western Region,A Level or Equivalent,0-10%,35-55,60,-154.0,0.5,1.0,1.0714285714285714,0.3964124835860459,11.96629213483146,0.9072729159109579,2.633663366336634,2.6333354221489813,9.745098039215685,1.4242559581162098,1.3027522935779816,1.1719029163165406,24.228310502283104,1.243563622554458,96.66666666666667,93.5,82.0,CCC_2014J
group3,F,North Western Region,A Level or Equivalent,60-70%,35-55,60,-100.0,1.0,0.5,2.888888888888889,3.3681851495744795,4.58,0.8349523120278961,4.578947368421052,4.317519825502718,7.155172413793103,0.8090395087353465,3.7866666666666666,4.07130144984322,24.56578947368421,1.364257896397306,93.5,100.0,94.0,CCC_2014J
group3,M,Wales,A Level or Equivalent,70-80%,0-35,60,-52.0,0.5,1.0,8.758620689655173,10.045095364738927,4.666666666666667,0.9902586757499069,12.7,15.825030140488467,2.5714285714285716,0.9106141372699442,19.6,23.003381393950665,28.545454545454547,1.2229133491444104,90.66666666666667,84.0,86.33333333333333,CCC_2014J
group3,M,South Region,Lower Than A Level,90-100%,35-55,30,-41.0,0.5,0.75,5.529411764705882,5.682791360507513,4.153846153846154,1.0582324730786659,21.833333333333332,26.583772676145305,3.1538461538461537,1.0014861057389177,7.75,7.716760142493364,35.72727272727273,0.967960692887642,94.0,96.5,95.0,CCC_2014J
group1,M,North Western Region,HE Qualification,80-90%,35-55,30,-51.0,0.625,1.0,2.595959595959596,3.026816175722629,3.35,0.6902884226774434,3.4133333333333336,4.582850916462647,17.394736842105264,2.1886473383386456,6.8,8.703616557297925,11.25,0.7641845667940438,84.33333333333333,70.5,76.66666666666667,CCC_2014J
group1,M,Scotland,A Level or Equivalent,30-40%,35-55,60,-30.0,0.5,1.0,3.3780487804878048,3.335703764204693,3.1204819277108435,0.9177988696521083,7.612903225806452,9.35477567646543,2.625,0.8921425711997711,9.73913043478261,9.463890182758057,13.625,1.287861226503581,46.666666666666664,48.5,51.0,CCC_2014J
group3,M,Scotland,A Level or Equivalent,60-70%,0-35,120,-67.0,0.7142857142857143,0.875,2.5405405405405403,3.0771408919313505,3.2589285714285716,0.9083627647401106,8.310344827586206,11.907690936880913,2.3333333333333335,1.1570546703609477,6.512195121951219,10.68906439128213,12.333333333333334,1.1437437862958595,87.0,83.0,77.66666666666667,CCC_2014J
group3,M,Wales,HE Qualification,90-100%,0-35,60,-100.0,0.5,1.0,2.941860465116279,2.6628363964800017,3.67816091954023,0.9574543070037336,4.482142857142857,5.312048300124647,2.7719298245614037,1.0136861871150087,5.23404255319149,4.769526300229892,27.833333333333332,1.6770102257760329,97.66666666666667,96.0,95.66666666666667,CCC_2014J
group1,M,South Region,Lower Than A Level,90-100%,0-35,60,-57.0,0.5,1.0,4.129032258064516,5.73594896451603,5.746031746031746,1.0474022016676496,9.391304347826088,12.15707474695957,4.291666666666667,1.0980320702843722,9.5,15.114641277661237,43.34782608695652,1.093921944811902,72.33333333333333,66.0,78.33333333333333,CCC_2014J
group1,M,South Region,HE Qualification,80-90%,35-55,30,-31.0,0.625,1.0,1.79375,2.0864850374063924,6.577639751552795,0.9930533292808111,2.324786324786325,3.250541227690371,5.720338983050848,0.8214958419744705,4.028169014084507,5.966506110868083,17.52777777777778,1.1719650917392266,82.0,62.0,83.66666666666667,CCC_2014J
group1,M,London Region,A Level or Equivalent,70-80%,35-55,60,-49.0,0.3333333333333333,0.75,3.8194444444444446,3.972888362455215,3.4657534246575343,1.0985440564148774,10.956521739130435,10.864781556058528,3.7916666666666665,1.0156961607583985,13.294117647058824,22.77543826659092,28.27777777777778,1.1187134552545601,69.0,77.0,52.0,CCC_2014J
group3,M,East Anglian Region,A Level or Equivalent,80-90%,0-35,60,-106.0,0.5,1.0,2.6990291262135924,2.4964089952754867,3.125,1.0684280329242872,5.878048780487805,9.97545768862567,5.166666666666667,1.0464888877199328,3.6,3.402471395060199,16.422535211267604,1.5063716402067748,86.33333333333333,88.0,96.33333333333333,CCC_2014J
group1,M,Scotland,Lower Than A Level,30-40%,0-35,30,-24.0,1.0,0.5,1.9496402877697843,1.6476761897263739,4.414285714285715,0.910984554350399,2.795698924731183,2.67256243993006,10.340425531914894,1.5558889293738225,2.6630434782608696,3.2387664654724775,10.666666666666666,1.1415394864802306,56.0,75.0,70.0,CCC_2014J
group1,M,South West Region,Lower Than A Level,30-40%,35-55,90,-108.0,0.42857142857142855,0.875,4.131147540983607,4.9915776057811145,5.17741935483871,1.1638130630315104,5.928571428571429,7.353090795772284,9.511627906976743,1.9637955512028022,9.130434782608695,9.771500060826648,19.166666666666668,1.1813932372823235,67.66666666666667,73.0,61.666666666666664,CCC_2014J
group1,M,Wales,Lower Than A Level,70-80%,35-55,60,-25.0,0.7142857142857143,0.875,4.25,4.443650722776459,3.9076923076923076,0.9008266331416085,5.897435897435898,6.742617295175796,5.05,2.003305767142648,7.931034482758621,13.598663365206047,20.6,1.3646792947073074,79.0,29.0,72.33333333333333,CCC_2014J
group1,M,North Western Region,A Level or Equivalent,40-50%,35-55,60,-31.0,0.625,1.0,2.481818181818182,2.3175905638582357,3.954954954954955,0.9685621344973513,4.4363636363636365,5.216652951219586,10.732142857142858,1.2639886181587712,7.176470588235294,11.024684667339029,18.485714285714284,0.9099289706550722,86.33333333333333,76.0,65.33333333333333,CCC_2014J
group1,F,South East Region,A Level or Equivalent,40-50%,0-35,60,-87.0,0.5,1.0,5.761904761904762,9.302004829302499,4.27906976744186,0.8240463927880024,10.727272727272727,18.805221711970418,2.0,0.5516772843673705,15.333333333333334,24.639302711222125,21.5625,0.6968046009921814,80.33333333333333,62.0,66.66666666666667,CCC_2014J
group1,M,West Midlands Region,A Level or Equivalent,80-90%,0-35,30,-17.0,0.5,1.0,4.892857142857143,6.451718788406335,3.8596491228070176,0.9808286259018085,10.863636363636363,17.739639376120508,3.0434782608695654,0.7345691504104253,11.8,19.967341757031786,28.095238095238095,1.265480981419698,66.0,37.0,53.333333333333336,CCC_2014J
group1,M,South Region,Lower Than A Level,70-80%,0-35,90,-123.0,0.7142857142857143,0.875,4.209677419354839,4.29310196529267,4.984126984126984,1.2003623670220442,6.555555555555555,7.30731314484506,15.486486486486486,1.4483735920511236,17.0,19.34377983181721,38.84615384615385,1.1435502120766001,62.0,65.0,52.333333333333336,CCC_2014J
group3,M,East Anglian Region,A Level or Equivalent,10-20,0-35,60,-37.0,0.5,1.0,3.3943661971830985,4.524469576613174,4.263888888888889,0.9558526331389066,8.851851851851851,9.882788860919558,3.0,1.3032316365146677,5.829268292682927,9.861294131665455,19.833333333333332,1.0394917708314957,94.0,93.0,92.0,CCC_2014J
group3,M,West Midlands Region,A Level or Equivalent,20-30%,0-35,60,-49.0,0.5,1.0,4.982142857142857,6.932115173539803,3.4035087719298245,1.0598770475558974,11.571428571428571,13.433433770155077,2.0454545454545454,0.8655263152955754,8.1,11.841918530489838,14.903225806451612,0.9057607527276517,95.33333333333333,92.5,94.66666666666667,CCC_2014J
group3,F,Scotland,HE Qualification,50-60%,35-55,60,-102.0,0.5,1.0,2.4608695652173913,2.676364896979651,8.931034482758621,1.0944771238880013,6.45,4.69560623867866,2.4390243902439024,1.0716342659695048,3.044943820224719,3.0633838700764113,31.677777777777777,0.9960743304241995,100.0,92.0,97.33333333333333,CCC_2014J
group1,M,South East Region,Lower Than A Level,40-50%,35-55,60,-20.0,0.75,0.5,7.9655172413793105,9.073047836550568,6.133333333333334,0.8716686516017742,10.409090909090908,12.927118379994422,5.478260869565218,1.253013500305401,22.6,28.5820456464077,38.27272727272727,1.4446609714637322,62.5,56.0,81.0,CCC_2014J
group3,F,South East Region,A Level or Equivalent,30-40%,0-35,60,-122.0,0.6666666666666666,0.75,4.508196721311475,6.724638654033567,4.096774193548387,0.7972611060691112,7.051282051282051,8.69043248257203,5.15,1.2107150359576364,9.357142857142858,15.17603931571638,40.689655172413794,1.1448082977052032,100.0,83.5,92.0,CCC_2014J
group3,M,Yorkshire Region,A Level or Equivalent,40-50%,0-35,30,-46.0,0.5,1.0,3.3684210526315788,3.1573917728114687,3.3896103896103895,0.8897142422662867,6.564102564102564,7.1553986677519905,2.125,0.8752656541861584,12.5,11.617684288845782,20.05263157894737,1.117265832740949,82.0,72.5,88.0,CCC_2014J
group3,F,Scotland,A Level or Equivalent,90-100%,0-35,120,-37.0,0.5714285714285714,0.875,2.5876288659793816,2.7792106842575666,2.326530612244898,0.8187082288889473,4.345454545454546,6.0068423387129855,5.732142857142857,1.0976656622824006,5.191489361702128,9.848059393633678,29.604166666666668,2.0805516785197855,99.0,98.0,99.66666666666667,CCC_2014J
group1,M,South Region,Lower Than A Level,70-80%,35-55,30,-80.0,0.5,1.0,5.729166666666667,8.304675902404117,5.142857142857143,0.9229582069908973,11.380952380952381,14.844110584592768,3.6363636363636362,1.0307764064044151,7.0344827586206895,11.001567286465173,34.13333333333333,0.6368385623469951,65.33333333333333,58.5,60.333333333333336,CCC_2014J
group1,M,London Region,A Level or Equivalent,50-60%,35-55,90,-20.0,0.5,1.0,2.6857142857142855,3.1326883444952296,4.330188679245283,1.198187757947207,5.3125,6.2913525589714485,5.122448979591836,1.3013076853829129,5.622222222222222,7.398675830201241,18.934782608695652,1.4091540888342142,82.66666666666667,58.0,61.666666666666664,CCC_2014J
group3,M,London Region,A Level or Equivalent,20-30%,0-35,90,-109.0,0.5,1.0,4.149253731343284,4.182408075909479,4.882352941176471,1.1319852572944098,21.75,12.366560483085756,5.076923076923077,1.3656550714234847,1.7160493827160495,1.7744534135335475,8.889570552147239,2.021045670605697,91.66666666666667,86.0,83.66666666666667,CCC_2014J
group3,M,East Midlands Region,HE Qualification,60-70%,0-35,60,-38.0,1.0,0.375,10.214285714285714,9.378293072429596,3.310344827586207,0.7144345083117603,25.5,27.593276153601064,1.6363636363636365,0.4714045207910317,41.6,62.79570048976284,19.333333333333332,0.7916027781551032,96.0,67.0,96.0,CCC_2014J
group3,M,Yorkshire Region,A Level or Equivalent,70-80%,35-55,30,-63.0,1.0,0.5,1.8636363636363635,1.2103485254995139,5.141935483870967,0.8066944235225152,8.7,9.355617895515856,72.93548387096774,4.82092428835054,2.0357142857142856,1.4759984514122733,21.865248226950353,0.9129600808429951,100.0,96.0,96.0,CCC_2014J
group1,F,Scotland,HE Qualification,80-90%,0-35,90,-30.0,0.5,1.0,3.358974358974359,4.312393372216477,5.329113924050633,0.7795607219673545,5.137254901960785,5.639218413373034,3.4038461538461537,1.1951122435159833,5.7272727272727275,7.3115507099626385,22.622222222222224,0.931875802052183,98.66666666666667,85.5,90.0,CCC_2014J
group1,M,South East Region,Lower Than A Level,40-50%,0-35,30,-29.0,1.0,0.5,6.378378378378378,6.571619753621339,2.8947368421052633,0.9166954666149476,6.4375,5.994284912556562,7.787878787878788,0.9555520306427351,12.3125,16.672207412337457,25.58823529411765,0.894799348434928,90.5,54.0,48.0,CCC_2014J
group1,F,South East Region,A Level or Equivalent,60-70%,35-55,30,-28.0,0.75,0.5,6.625,7.516434984205935,4.487804878048781,1.2066196591678584,12.944444444444445,11.52221497406192,3.736842105263158,1.1931165399744998,10.666666666666666,16.478356467926588,38.36,1.2033946381016916,100.0,65.0,29.0,CCC_2014J
group3,M,North Western Region,A Level or Equivalent,70-80%,0-35,30,-31.0,0.5,1.0,6.828571428571428,6.460220877145966,4.361111111111111,1.0551547063914646,9.52,11.042040874162106,3.0384615384615383,1.4125697535925867,15.4,18.321727928492834,20.6875,0.784795176654525,99.0,89.0,82.0,CCC_2014J
group1,M,North Western Region,Lower Than A Level,10-20,0-35,60,-59.0,0.625,1.0,4.8545454545454545,6.062691560373903,3.25,0.8166691105822513,6.03125,8.837180892628162,2.515151515151515,0.5882677405172869,12.625,14.113232561441526,11.117647058823529,1.0222463217552018,63.0,27.5,35.0,CCC_2014J
group3,F,South West Region,HE Qualification,40-50%,35-55,60,-81.0,0.5,1.0,1.1254901960784314,0.601783156480131,6.89453125,0.8612447798165986,5.3125,6.284585160398247,3.1020408163265305,1.16549538883045,1.1958333333333333,1.0973452814254347,23.012448132780083,1.3646012181448168,99.33333333333333,98.5,93.0,CCC_2014J
group3,M,Scotland,HE Qualification,30-40%,0-35,90,-14.0,0.5,1.0,3.5316455696202533,3.747941120401887,3.6,0.815314451191065,8.423076923076923,12.554435318000015,3.5925925925925926,0.9439606715265648,13.9375,23.75280685168246,32.0,0.8694017339527222,98.66666666666667,94.0,93.0,CCC_2014J
group3,M,North Region,A Level or Equivalent,90-100%,0-35,60,-46.0,0.5,1.0,3.102272727272727,3.3460897499051128,5.674157303370786,1.0080122116139598,10.32,13.275039234091425,4.653846153846154,1.618927895946075,4.19672131147541,4.805620570856407,69.83870967741936,1.0635752613788463,96.33333333333333,97.5,99.0,CCC_2014J
group1,M,West Midlands Region,A Level or Equivalent,50-60%,0-35,60,-30.0,0.7142857142857143,0.875,3.2048192771084336,3.043421678920196,6.130952380952381,0.9267060220356926,5.26530612244898,5.837292145493212,16.52,2.3838273500414946,4.490909090909091,7.135910041558268,33.714285714285715,1.3056469595763043,45.666666666666664,50.0,38.0,CCC_2014J
group1,M,Yorkshire Region,A Level or Equivalent,40-50%,55<=,90,-20.0,1.0,0.5,2.7096774193548385,2.732973556408487,6.468085106382978,0.9865350399461499,4.421052631578948,5.694443935040831,7.275862068965517,1.6153282965751588,4.74,5.47651758857389,19.41176470588235,0.9118913096617766,76.0,38.0,69.0,CCC_2014J
group3,M,South Region,A Level or Equivalent,50-60%,0-35,60,-16.0,0.5,1.0,3.1494252873563218,3.0097853420800016,4.545454545454546,0.8622644605919925,5.34,5.192655724134593,3.1372549019607843,0.8157626799504866,9.454545454545455,11.766487005483686,25.47826086956522,0.9032769947092565,84.66666666666667,94.0,87.0,CCC_2014J
group3,M,Scotland,HE Qualification,50-60%,0-35,60,-35.0,0.5,1.0,1.767741935483871,1.4133838682199118,5.326923076923077,1.2003687015125997,3.4657534246575343,3.8154735827388966,4.337837837837838,1.5041955345275828,2.712871287128713,2.550829800921129,21.019607843137255,1.1438294225711312,95.33333333333333,88.0,89.33333333333333,CCC_2014J
group1,M,East Anglian Region,HE Qualification,80-90%,0-35,60,-22.0,0.25,1.0,9.23076923076923,7.907315664980185,2.142857142857143,0.74535599249993,10.666666666666666,6.8068592855540455,1.25,0.34641016151377546,1.0,0.0,22.333333333333332,0.3734327165133375,80.0,89.0,73.33333333333333,CCC_2014J
group3,M,Yorkshire Region,A Level or Equivalent,60-70%,0-35,90,-66.0,0.5,1.0,3.857142857142857,4.21964252310244,2.323943661971831,0.8034818627479539,11.523809523809524,11.430743841146331,1.4545454545454546,0.6789237807000135,15.882352941176471,17.51029109174508,10.88888888888889,1.1238859077004644,94.66666666666667,83.5,74.0,CCC_2014J
group3,M,South West Region,A Level or Equivalent,50-60%,35-55,60,-57.0,0.625,1.0,1.7894736842105263,1.5680230897212324,6.450980392156863,1.2791406100539415,2.8275862068965516,3.4882090312062624,3.965909090909091,1.9621608299362057,8.586206896551724,12.574115252543077,26.133333333333333,1.0541488016214866,92.0,91.5,91.33333333333333,CCC_2014J
group1,M,South West Region,A Level or Equivalent,10-20,0-35,60,-58.0,0.5,1.0,1.9246575342465753,1.894040076910424,4.741496598639456,0.8461541556368383,2.9775280898876404,4.477158007064831,12.488888888888889,0.9827896818852837,4.032258064516129,6.386378285416712,48.285714285714285,1.6056807805890199,78.0,83.5,80.33333333333333,CCC_2014J
group1,F,South East Region,A Level or Equivalent,90-100%,0-35,60,-87.0,1.0,0.625,9.655172413793103,9.036734010490443,2.7666666666666666,0.9032931155530872,27.0,23.790754506740637,1.4444444444444444,0.6617173282340482,19.23076923076923,21.06796084956905,15.428571428571429,1.1163840929862365,57.666666666666664,42.0,48.0,CCC_2014J
group3,M,South Region,A Level or Equivalent,90-100%,0-35,30,-24.0,0.625,1.0,9.884615384615385,9.526077568766373,3.4074074074074074,0.6599177928982843,17.133333333333333,24.336529470462025,2.5625,0.8722709630364714,13.0625,15.390337878032438,24.823529411764707,0.7319628657251752,82.33333333333333,86.5,75.33333333333333,CCC_2014J
group3,M,South Region,Post Graduate Qualification,90-100%,35-55,60,-115.0,0.5,1.0,5.553191489361702,6.124819467218032,3.0625,0.897727242772358,11.26086956521739,10.78811379294296,4.083333333333333,1.3541858225452326,15.0,13.569573808094836,19.823529411764707,1.2641785403050914,98.33333333333333,94.0,97.0,CCC_2014J
group3,M,South Region,Lower Than A Level,10-20,35-55,60,-18.0,0.625,1.0,5.2407407407407405,6.976876051711854,4.418181818181818,0.7546252464940971,9.035714285714286,11.880522942902193,3.4827586206896552,0.9849370388471991,6.837837837837838,10.758752285964704,15.289473684210526,0.8723345959715958,99.33333333333333,97.5,93.0,CCC_2014J
group1,M,Scotland,HE Qualification,70-80%,0-35,60,-14.0,1.0,0.625,4.804347826086956,6.839816648671192,3.6382978723404253,0.7803457584641463,13.066666666666666,14.916274269911979,3.75,2.296857756926962,6.90625,10.693257975426958,18.87878787878788,0.9461785759275959,69.0,63.0,58.0,CCC_2014J
group1,F,Scotland,HE Qualification,30-40%,0-35,60,-14.0,0.625,1.0,4.456140350877193,4.101699018345049,3.1379310344827585,0.9002944680555625,17.916666666666668,20.51366876159908,2.230769230769231,0.6129789253321096,13.1875,18.454335533960574,14.176470588235293,0.8416999919191852,69.66666666666667,29.5,54.0,CCC_2014J
group3,M,South Region,A Level or Equivalent,50-60%,0-35,120,-136.0,0.5,1.0,6.121951219512195,6.975654528254748,4.4523809523809526,1.312559192250315,14.588235294117647,16.767001906756512,3.2777777777777777,0.7248611789946813,11.409090909090908,18.136149354808296,21.695652173913043,0.8444938286495658,82.66666666666667,66.0,76.0,CCC_2014J
group1,M,North Western Region,HE Qualification,30-40%,35-55,60,-135.0,0.7142857142857143,0.875,5.244897959183674,6.9926467695385135,6.4,1.579593994512514,8.172413793103448,10.80697184201424,32.7,1.1933177310652048,10.923076923076923,21.53857600702183,22.142857142857142,1.0882782896833172,53.666666666666664,26.0,18.666666666666668,CCC_2014J
group3,M,South East Region,A Level or Equivalent,80-90%,35-55,60,-38.0,0.5,1.0,4.354838709677419,4.457804996115805,5.857142857142857,1.0373423029422169,7.529411764705882,8.461088453934988,6.485714285714286,1.6583197092794597,6.552631578947368,6.2674507444072045,21.025641025641026,0.9896204333089559,98.0,97.5,92.66666666666667,CCC_2014J
group3,M,East Anglian Region,HE Qualification,90-100%,0-35,30,-24.0,1.0,0.5,1.4715909090909092,0.9557583512447207,4.740112994350283,0.7565107668136316,1.9047619047619047,1.4445958406617205,6.661417322834645,1.1208865292478245,5.181818181818182,6.296077506366433,54.75555555555555,0.8350280737557245,100.0,96.0,100.0,CCC_2014J
group3,M,Scotland,Lower Than A Level,70-80%,0-35,60,-22.0,1.0,0.5,1.7466666666666666,1.5114181378665652,5.072847682119205,0.7174576516687085,14.222222222222221,13.854519566491675,3.8421052631578947,1.4436302523493396,2.094017094017094,2.4175468685786097,16.06779661016949,0.9114015617214656,91.5,88.0,83.0,CCC_2014J
group1,M,South Region,Lower Than A Level,50-60%,35-55,60,-25.0,0.5,1.0,4.34375,4.490620736955482,3.3230769230769233,1.1371750127408686,11.681818181818182,13.253521952894035,9.391304347826088,1.7357345270583564,11.4,15.561085065671117,15.428571428571429,1.2607108554291104,80.33333333333333,73.5,68.66666666666667,CCC_2014J
group3,F,Scotland,A Level or Equivalent,30-40%,35-55,60,-70.0,0.5,1.0,1.3476190476190477,0.8684358967779293,7.630331753554502,0.9637854394860016,4.961538461538462,5.77337206818575,3.018867924528302,1.2535262761506036,1.5170454545454546,1.2871871073587742,24.401129943502823,1.4037061889287008,91.33333333333333,94.5,96.66666666666667,CCC_2014J
group3,M,Scotland,A Level or Equivalent,0-10%,0-35,60,-74.0,0.875,1.0,4.62962962962963,4.679527053575313,3.5636363636363635,0.8739842083821981,10.904761904761905,12.189769324744262,1.3181818181818181,0.42091571088736907,9.5,15.734205330785041,38.2,1.1143841002629118,72.0,61.0,59.0,CCC_2014J
group3,M,East Anglian Region,A Level or Equivalent,30-40%,0-35,60,-23.0,0.5,1.0,2.74,2.5489946522842564,3.9405940594059405,0.7649175518576301,10.24,11.388151737661383,2.8461538461538463,1.5733815759813927,3.9076923076923076,4.292883198253379,10.015151515151516,1.1127499269617183,96.66666666666667,93.5,92.33333333333333,CCC_2014J
group3,M,Yorkshire Region,A Level or Equivalent,90-100%,0-35,60,-23.0,0.5714285714285714,0.875,6.972972972972973,7.858069053479311,4.184210526315789,0.7653599670212087,14.333333333333334,14.401797273461476,2.8421052631578947,0.825269627968785,16.642857142857142,23.223354103664178,16.4,0.7715442870971251,95.0,74.0,88.5,CCC_2014J
group1,M,East Midlands Region,Lower Than A Level,10-20,35-55,60,-78.0,0.5,1.0,1.4973821989528795,1.36449082676031,5.192708333333333,0.8813927201221725,2.607843137254902,2.583867937744674,5.601941747572815,1.175007540239167,1.8108108108108107,1.781810404533957,42.73154362416108,1.0054497447165822,77.66666666666667,51.5,50.333333333333336,CCC_2014J
group1,M,London Region,A Level or Equivalent,80-90%,0-35,30,-38.0,0.75,0.5,4.123076923076923,3.697582370227252,3.212121212121212,0.8210257630956445,4.9298245614035086,6.366372731342861,3.4655172413793105,1.2091599441760124,8.10344827586207,10.279469231664107,9.9,1.2043380871698801,47.0,73.0,90.0,CCC_2014J
group1,M,Wales,A Level or Equivalent,0-10%,0-35,60,-53.0,0.5,1.0,2.9545454545454546,3.0846639225613406,3.50561797752809,0.8775264081357745,7.138888888888889,7.298347279752658,2.1621621621621623,0.6759252917297887,5.568181818181818,7.34972781420629,16.933333333333334,1.435383614457209,88.0,95.5,95.0,CCC_2014J
group1,M,Yorkshire Region,A Level or Equivalent,90-100%,0-35,60,-34.0,0.875,1.0,6.113636363636363,7.1013130429844376,3.2444444444444445,0.8145791094421099,11.090909090909092,11.775313526951571,2.6956521739130435,0.7454335489220222,20.333333333333332,29.373251076240756,34.38461538461539,0.9694470255234205,68.66666666666667,72.0,54.333333333333336,CCC_2014J
group3,M,Wales,HE Qualification,90-100%,35-55,60,-93.0,1.0,0.5,1.718562874251497,1.4965270137724627,5.851190476190476,1.02129376458801,4.03030303030303,5.634972382622097,4.477611940298507,2.423060507338235,2.70873786407767,2.6032824979138187,32.56730769230769,1.5477718379659933,100.0,100.0,96.0,CCC_2014J
group3,M,South West Region,A Level or Equivalent,60-70%,0-35,60,-92.0,0.5,1.0,3.021276595744681,3.356837744530149,4.273684210526316,0.8946821843659705,7.8125,10.720608733318423,3.3636363636363638,2.218522201754717,4.824561403508772,7.665140961842273,14.931034482758621,0.9957159058066468,99.33333333333333,92.5,95.66666666666667,CCC_2014J
group1,M,South Region,Lower Than A Level,80-90%,0-35,90,-88.0,0.625,1.0,7.142857142857143,7.963678048943646,3.9444444444444446,0.8781099972262725,15.555555555555555,15.185992858057299,1.5789473684210527,0.7211102550927977,14.0,17.840029895341168,18.470588235294116,0.5493422870623587,56.666666666666664,65.0,62.0,CCC_2014J
group1,M,North Region,A Level or Equivalent,60-70%,0-35,30,-137.0,0.625,1.0,3.067415730337079,3.538097051475388,3.811111111111111,0.7743310705299045,3.5522388059701493,4.061211873505443,9.220588235294118,1.1307297594918764,12.105263157894736,10.40242886617301,16.0,1.0204931405942914,71.0,74.5,58.666666666666664,CCC_2014J
group1,M,East Anglian Region,HE Qualification,90-100%,0-35,60,-34.0,0.5,1.0,7.102564102564102,7.7656289669518515,3.275,0.88756667648661,15.5,21.3027625510799,1.2666666666666666,0.4527539614232961,16.916666666666668,15.819770905899729,31.846153846153847,1.1222763945740397,80.66666666666667,54.0,66.0,CCC_2014J
group3,F,South West Region,Lower Than A Level,30-40%,0-35,60,-136.0,0.5,1.0,1.2585365853658537,1.1186861187274026,4.451456310679611,0.8242146881104504,11.238095238095237,9.853449963869314,1.6818181818181819,0.809458331452537,1.4742857142857142,1.5931503629029287,46.26704545454545,1.0389746553308927,88.66666666666667,96.5,91.66666666666667,CCC_2014J
group1,M,Scotland,HE Qualification,80-90%,0-35,30,-93.0,0.75,1.0,5.74,7.199234653200069,4.549019607843137,1.0780860909503445,10.48,12.42014492669067,4.153846153846154,1.4424249890751228,7.852941176470588,10.07587082616316,16.571428571428573,1.3066758980317297,73.0,78.5,60.0,CCC_2014J
group1,M,Scotland,Lower Than A Level,30-40%,35-55,30,-80.0,1.0,0.5,2.4311926605504586,4.914767943124115,5.472727272727273,0.9585969850888407,2.897727272727273,5.6447305764834095,7.842696629213483,1.1447592067467791,3.7183098591549295,6.577413948161758,21.180555555555557,1.0011186433322536,51.5,29.0,67.0,CCC_2014J
group3,M,South East Region,HE Qualification,90-100%,35-55,90,-46.0,1.0,0.5,5.391304347826087,11.349945199808118,3.234042553191489,0.730648310001869,11.6,13.874036503083337,1.9090909090909092,0.6867716715169503,5.096774193548387,10.665692159785591,12.34375,0.9701687314117422,82.5,92.0,92.0,CCC_2014J
group1,M,London Region,A Level or Equivalent,30-40%,0-35,60,-53.0,0.625,1.0,3.73972602739726,4.717071234887979,2.3783783783783785,0.8343571534445737,14.529411764705882,19.294162482013903,1.4444444444444444,0.41424344670265417,15.125,20.405473122016392,24.764705882352942,0.984588505917266,75.33333333333333,57.5,63.0,CCC_2014J
group1,M,Wales,Lower Than A Level,90-100%,0-35,60,-14.0,0.8571428571428571,0.875,13.235294117647058,17.679541183825677,3.2222222222222223,0.850264000409514,23.555555555555557,26.94954132778103,1.7,0.5911691541835817,39.6,46.14975622904199,17.166666666666668,0.9538804071196834,51.0,51.5,44.0,CCC_2014J
group1,F,East Midlands Region,Lower Than A Level,80-90%,35-55,60,-115.0,1.0,0.5,2.088235294117647,1.891386276763761,5.445255474452555,1.1523130024858477,3.688311688311688,4.724682501891251,13.756410256410257,1.7369036986157829,3.7866666666666666,3.9328599501364643,20.973684210526315,1.444616852001212,93.5,83.0,90.0,CCC_2014J
group1,M,London Region,A Level or Equivalent,40-50%,35-55,60,-155.0,0.5,1.0,1.8866666666666667,2.2211209053229504,5.324503311258278,0.7704478479358293,2.0393700787401574,2.463709858468862,9.84375,0.9621876057516703,3.757142857142857,4.418130348506879,13.56338028169014,1.2406804700733067,76.33333333333333,73.0,72.0,CCC_2014J
group3,F,South Region,A Level or Equivalent,60-70%,0-35,90,-93.0,0.5,1.0,1.6193181818181819,1.4131915615408939,4.480225988700565,0.9585186076534827,3.225,3.1900755913427843,4.432098765432099,0.8905462814747381,2.007042253521127,2.1716956765802053,22.32867132867133,1.4160702654581254,99.33333333333333,93.0,86.66666666666667,CCC_2014J
group3,F,Scotland,A Level or Equivalent,30-40%,35-55,60,-38.0,0.5,1.0,4.186440677966102,5.1073799757065075,3.4166666666666665,0.8248807892527785,8.962962962962964,12.157560109095403,2.1785714285714284,1.1770217814976325,7.0,8.128140418734574,18.75,1.3622856610205594,86.66666666666667,87.0,86.33333333333333,CCC_2014J
group3,M,North Western Region,HE Qualification,60-70%,35-55,60,-155.0,0.5,1.0,1.2424242424242424,0.6474842365858345,12.241379310344827,0.8713621347334601,2.110294117647059,2.7478551746775484,4.693430656934306,1.3664729925424879,1.2755555555555556,0.6843778312255709,23.73008849557522,1.6825828795030993,93.66666666666667,99.0,99.0,CCC_2014J
group1,M,London Region,Lower Than A Level,20-30%,0-35,60,-95.0,0.5,1.0,2.403361344537815,2.40873877868,4.791666666666667,1.071246469356908,3.8484848484848486,4.858750786720719,5.1940298507462686,1.0002642007972122,5.217391304347826,8.505979709666374,20.29787234042553,1.5594898739738776,77.33333333333333,76.0,73.66666666666667,CCC_2014J
group3,M,London Region,A Level or Equivalent,40-50%,0-35,90,-44.0,0.625,1.0,6.888888888888889,7.85503579250835,5.864864864864865,1.0922533943836135,11.95,12.04148530792828,4.761904761904762,1.3390294993016396,11.047619047619047,18.722916948157916,37.95454545454545,1.6092747249546695,97.66666666666667,49.0,92.66666666666667,CCC_2014J
group3,F,London Region,A Level or Equivalent,20-30%,0-35,150,-23.0,0.5,1.0,1.8496732026143792,1.7946237027873346,2.896103896103896,0.8339601629450389,5.711111111111111,7.870030097615493,5.739130434782608,1.0368552794500376,2.9651162790697674,3.7743645337167595,67.75862068965517,0.7409334826408068,85.0,69.0,67.66666666666667,CCC_2014J
group3,F,London Region,Lower Than A Level,80-90%,35-55,30,-72.0,1.0,0.5,4.589285714285714,4.106654403478625,3.280701754385965,0.7718709982888143,9.148148148148149,7.517690437605789,1.4285714285714286,0.6324555320336759,8.461538461538462,8.54274320920754,31.74074074074074,0.9192718417247294,91.5,100.0,96.0,CCC_2014J
group3,M,Wales,Lower Than A Level,0-10%,0-35,60,-31.0,0.5,1.0,3.776315789473684,4.228786064457194,4.324675324675325,0.835331586821079,6.8108108108108105,11.43784614008793,2.473684210526316,1.052277703734318,8.7,10.35291063521219,58.87096774193548,1.315553335281242,87.66666666666667,84.5,91.0,CCC_2014J
group3,M,South Region,HE Qualification,70-80%,0-35,30,-53.0,0.8,0.625,4.379310344827586,4.1668179040913245,5.711864406779661,0.9691868915803726,7.142857142857143,7.761681356445368,3.111111111111111,1.5905893529745252,6.90625,6.472569290923541,18.515151515151516,1.5849456237707682,95.66666666666667,100.0,100.0,CCC_2014J
group1,M,West Midlands Region,A Level or Equivalent,0-10%,0-35,60,-31.0,0.5,1.0,2.5225225225225225,3.421447983866817,4.598214285714286,0.7811305616118849,3.982456140350877,6.599489233672816,5.224137931034483,0.8464365385533705,4.09375,5.59398415533676,19.861538461538462,1.3046722812032348,31.333333333333332,45.0,55.0,CCC_2014J
group1,F,East Anglian Region,A Level or Equivalent,30-40%,0-35,150,-140.0,0.5714285714285714,0.875,2.6597938144329896,2.8682405972497036,10.040816326530612,0.7561986338598765,3.051948051948052,3.9433358303535475,6.166666666666667,1.0198072085984906,3.1333333333333333,3.214550253664318,45.36842105263158,1.0362950675950027,63.333333333333336,70.0,75.5,CCC_2014J
group1,F,South West Region,A Level or Equivalent,50-60%,0-35,60,-129.0,0.8333333333333334,0.75,12.095238095238095,10.839302384862053,6.181818181818182,1.0062520820327059,25.4,22.93565879682649,4.636363636363637,1.6173796570432377,31.857142857142858,23.3554317124773,19.75,0.8100276838367674,27.333333333333332,25.0,12.0,CCC_2014J
group3,M,East Midlands Region,HE Qualification,80-90%,0-35,60,-34.0,0.5,1.0,5.382978723404255,5.972957870011204,3.6875,0.730519616625608,9.37037037037037,11.945865548536183,3.642857142857143,1.5925866318448099,13.555555555555555,13.245297599402289,28.263157894736842,1.2072354394112883,84.33333333333333,89.5,90.0,CCC_2014J
group1,M,West Midlands Region,HE Qualification,90-100%,0-35,30,-60.0,0.5714285714285714,0.875,3.073170731707317,3.0460680496475145,4.349397590361446,1.0487243419387586,4.254545454545455,3.8307633018430507,25.875,1.259687062005439,4.333333333333333,5.459974428027753,62.36363636363637,1.266944164146945,59.333333333333336,44.0,42.333333333333336,CCC_2014J
group3,M,North Western Region,Lower Than A Level,60-70%,0-35,30,-52.0,0.5,1.0,4.138461538461539,3.0917072704500743,3.5606060606060606,0.7915465547855908,11.636363636363637,9.693126944217227,1.6521739130434783,0.6821832314113537,6.116279069767442,7.423288009544472,26.59090909090909,1.0866216383125955,91.33333333333333,89.0,91.33333333333333,CCC_2014J
group1,M,Yorkshire Region,Lower Than A Level,20-30%,0-35,30,-78.0,0.7142857142857143,0.875,3.4266666666666667,3.1329691181841377,3.460526315789474,0.8674786407305018,14.277777777777779,14.898896743819876,2.1052631578947367,0.7533259586659683,5.925,7.623807178663159,25.804878048780488,0.9367363909864426,62.5,72.0,56.0,CCC_2014J
group1,M,South East Region,Lower Than A Level,20-30%,0-35,60,-53.0,0.8,0.625,4.0,3.8941210952508407,4.565217391304348,1.2144506579539107,8.931034482758621,9.121916443703666,2.466666666666667,1.55164325344944,8.28125,9.049093253452384,27.363636363636363,1.1201844619073802,77.33333333333333,58.0,72.0,CCC_2014J
group3,M,Wales,Lower Than A Level,80-90%,0-35,60,-18.0,0.5,1.0,3.767123287671233,3.945885860069973,2.445945945945946,0.9194704801125586,11.157894736842104,11.451652757449162,2.25,1.1055415967851332,6.1,5.969151466562834,18.24390243902439,1.0247236814635017,82.66666666666667,92.0,77.33333333333333,CCC_2014J
group1,M,London Region,A Level or Equivalent,70-80%,0-35,30,-30.0,0.8333333333333334,0.75,3.6493506493506493,3.919473090816893,7.769230769230769,1.075294931763125,4.946428571428571,6.183319622859678,4.280701754385965,1.5395005070934653,6.285714285714286,8.486102596730136,39.27906976744186,1.288727770686454,60.0,96.0,84.0,CCC_2014J
group3,M,Yorkshire Region,A Level or Equivalent,50-60%,0-35,30,-46.0,0.5,1.0,2.0364963503649633,1.956921198044068,5.282608695652174,1.0060781595989796,2.139130434782609,1.9640941687938902,3.560344827586207,1.042667418095454,4.509433962264151,5.454788445130761,31.814814814814813,1.0762091132400156,94.0,95.0,92.33333333333333,CCC_2014J
group1,M,South West Region,A Level or Equivalent,50-60%,0-35,60,-28.0,0.5,1.0,6.045454545454546,5.175768880998623,2.7333333333333334,0.7454003312163963,8.592592592592593,10.236658331173007,3.4285714285714284,0.7811805524688614,13.6,19.43781292811955,16.0625,1.084249466371952,62.0,34.5,51.333333333333336,CCC_2014J
group1,M,North Western Region,A Level or Equivalent,10-20,0-35,30,-14.0,0.4,0.625,5.853658536585366,5.790340990001177,5.166666666666667,1.1742112724645997,9.115384615384615,14.621427900384893,3.3333333333333335,1.2220201853215573,29.625,35.20526543410395,37.0,1.589215746136707,87.0,44.0,44.0,CCC_2014J
group1,M,North Western Region,A Level or Equivalent,0-10%,0-35,120,-18.0,1.0,0.625,4.360655737704918,4.2857624249182935,4.032258064516129,0.8066523414705993,10.375,9.324173818162354,3.08,0.9361465605683169,10.333333333333334,17.68484162180724,43.04,1.0911564349986438,65.66666666666667,54.0,52.0,CCC_2014J
group3,M,South West Region,A Level or Equivalent,70-80%,0-35,120,-9.0,0.8571428571428571,0.875,11.380952380952381,12.20850601210562,3.6363636363636362,0.5595757321399848,19.916666666666668,20.78224037854233,1.0769230769230769,0.2474358296526968,28.142857142857142,25.022846703419997,30.0,0.7423685817106696,95.66666666666667,85.0,88.5,CCC_2014J
group1,M,Scotland,A Level or Equivalent,70-80%,0-35,30,-46.0,0.5,1.0,3.188888888888889,4.030486196016512,3.1868131868131866,0.9965576899952677,5.285714285714286,6.188026071912324,1.8,0.74535599249993,6.378378378378378,10.020399613209467,50.078947368421055,1.3625339159822398,74.0,79.5,74.33333333333333,CCC_2014J
group3,M,Scotland,HE Qualification,60-70%,35-55,60,-136.0,0.5,1.0,1.4793814432989691,1.3741083322174452,6.251282051282051,1.00068047274993,3.130952380952381,3.8707421594798825,8.6,0.9699457233270788,1.868421052631579,2.0769444269566852,19.287581699346404,1.3629580678023243,100.0,100.0,95.33333333333333,CCC_2014J
group3,M,Scotland,HE Qualification,40-50%,0-35,60,-35.0,0.42857142857142855,0.875,7.114285714285714,9.889898080041748,3.5833333333333335,1.0654615059493306,10.0,15.115428888264814,1.6956521739130435,0.7666623788577462,32.833333333333336,33.95536285576502,23.428571428571427,0.7127107221504204,86.0,63.0,87.0,CCC_2014J
group3,M,London Region,A Level or Equivalent,50-60%,0-35,30,-32.0,1.0,0.875,7.766666666666667,8.394100281759199,3.870967741935484,0.7756717518813397,12.944444444444445,13.892326371999175,11.0,2.261311040238528,13.733333333333333,15.364461157706334,26.25,0.9694190232455652,86.33333333333333,75.0,39.5,CCC_2014J
group1,M,South West Region,A Level or Equivalent,70-80%,0-35,180,-81.0,1.0,0.5,2.5535714285714284,2.4998712965583847,3.1238938053097347,0.9915904452138146,7.214285714285714,6.285533907945809,5.206896551724138,2.090114907229821,5.048780487804878,9.520901269082131,16.952380952380953,1.467056066871862,68.0,58.0,65.0,CCC_2014J
group1,M,London Region,A Level or Equivalent,60-70%,0-35,30,-31.0,0.5714285714285714,0.875,3.0217391304347827,2.769449744487737,4.645161290322581,0.9207610579981788,3.772727272727273,3.238211541269963,6.791044776119403,1.5118994260238685,5.361702127659575,5.836264185973218,16.875,1.4105812167325313,83.66666666666667,72.5,71.0,CCC_2014J
group3,M,London Region,A Level or Equivalent,0-10%,0-35,60,-73.0,0.5,1.0,2.1923076923076925,1.8090905413389555,4.7251908396946565,1.054129141632137,4.4655172413793105,5.047895226626219,2.389830508474576,0.7894990099333757,3.486842105263158,5.66272824953398,45.064935064935064,1.2206436209455709,93.33333333333333,88.0,96.0,CCC_2014J
group3,F,East Anglian Region,Lower Than A Level,40-50%,0-35,60,-128.0,0.5,1.0,1.4019607843137254,1.5552853090488652,6.760975609756097,0.8062472756637314,2.6597938144329896,4.860312485534719,3.9489795918367347,1.5199707933380622,1.705128205128205,2.0735444135755343,23.8343949044586,1.4007150578275023,100.0,99.5,99.0,CCC_2014J
group1,M,East Midlands Region,HE Qualification,10-20,0-35,60,-38.0,0.625,1.0,5.928571428571429,6.975192477955688,3.395348837209302,1.1275811697730331,14.9375,23.290824373559648,2.0,0.8401680504168059,10.375,13.83697786808012,17.28,0.9075904482808859,64.0,43.0,39.333333333333336,CCC_2014J
group3,M,North Western Region,A Level or Equivalent,10-20,0-35,60,-78.0,0.5,1.0,5.509803921568627,7.05229763699635,6.019230769230769,1.0916003012229643,8.821428571428571,12.064805170806691,22.06896551724138,1.1955402152374464,10.074074074074074,13.7475198488419,39.92857142857143,1.3457386483119895,96.0,81.0,87.0,CCC_2014J
group3,M,Wales,HE Qualification,80-90%,0-35,60,-95.0,0.25,1.0,6.375,6.87875771431933,3.341463414634146,1.0629401489968815,16.727272727272727,14.078997898223504,1.6666666666666667,0.565685424949238,11.0,14.611639196202457,74.38888888888889,1.004165518184133,94.0,88.5,91.33333333333333,CCC_2014J
group1,M,West Midlands Region,A Level or Equivalent,40-50%,0-35,60,-108.0,0.875,1.0,3.2625,3.0094524082411325,4.802469135802469,1.0281555197412662,4.745098039215686,6.2252490303759,8.5,2.985057276118636,10.5,13.268482640413234,18.095238095238095,1.1750228382291599,74.33333333333333,66.5,64.33333333333333,CCC_2014J
group3,M,Yorkshire Region,HE Qualification,20-30%,0-35,60,-60.0,0.5,1.0,3.681159420289855,3.491556005831567,3.414285714285714,0.9669618106690198,6.605263157894737,7.069307369582469,1.9230769230769231,0.6491019437140312,8.178571428571429,11.307334792329275,28.862068965517242,1.362913404519086,83.0,87.5,82.0,CCC_2014J
group1,F,East Midlands Region,A Level or Equivalent,60-70%,0-35,30,-95.0,0.42857142857142855,0.875,17.133333333333333,16.115062460171792,3.75,1.0934146311237818,18.666666666666668,18.903262505010435,1.6153846153846154,0.6208764195431093,63.0,19.79898987322333,55.0,0.547269707028815,70.33333333333333,41.0,38.666666666666664,CCC_2014J
group1,F,Ireland,A Level or Equivalent,50-60%,35-55,120,-9.0,0.5,1.0,1.3645320197044335,0.881674348128537,7.063725490196078,0.8637564534622406,2.988095238095238,3.1026380055091924,3.3294117647058825,1.0097973035287513,1.9851851851851852,2.212532772959685,15.382352941176471,1.2740941849363376,90.0,83.0,51.666666666666664,CCC_2014J
group3,M,London Region,HE Qualification,60-70%,35-55,60,-142.0,0.5,1.0,2.941860465116279,5.267781430909068,5.367816091954023,0.8847441274144806,3.25974025974026,5.831860309411518,17.923076923076923,1.9298213783063793,8.0,13.547447484058884,21.90625,1.0250325836450223,93.66666666666667,96.0,93.0,CCC_2014J
group3,M,London Region,Lower Than A Level,10-20,0-35,60,-155.0,0.5,1.0,3.5135135135135136,3.5969669233619714,3.7066666666666666,1.0225955056823834,5.195652173913044,5.009411432349187,9.680851063829786,2.3509067332203823,11.0,15.670958725247827,19.38095238095238,1.2912009614030568,91.0,85.0,89.0,CCC_2014J
group3,M,East Midlands Region,HE Qualification,50-60%,0-35,60,-13.0,0.5,1.0,2.882978723404255,4.466978924196963,5.431578947368421,1.047505270454096,5.456521739130435,8.349867654943548,2.3191489361702127,0.7911215096260589,6.7,12.619073882065422,24.146341463414632,1.2037259775198959,93.33333333333333,81.5,71.33333333333333,CCC_2014J
group3,M,Wales,HE Qualification,50-60%,0-35,120,-95.0,0.5,1.0,1.1919642857142858,0.5552260304660714,15.964444444444444,0.7898581351303404,2.61,2.8494018511068084,6.346534653465347,0.9902108227185998,1.175,0.6359192601575537,25.75103734439834,1.2491599053205655,95.66666666666667,100.0,98.0,CCC_2014J
group1,M,South West Region,HE Qualification,30-40%,0-35,30,-45.0,0.625,1.0,7.457142857142857,9.804989297599995,5.0,0.7916228058025279,7.774193548387097,10.569483359872594,8.90625,1.3565068386573287,14.529411764705882,21.11018014803173,28.666666666666668,1.5831471145699034,78.0,63.0,76.33333333333333,CCC_2014J
group3,M,London Region,Post Graduate Qualification,20-30%,35-55,90,-74.0,0.625,1.0,1.832258064516129,1.7049178478845224,7.2243589743589745,1.1966627715420417,3.7941176470588234,5.573280669299583,3.681159420289855,1.3019774922366287,3.6486486486486487,4.894594257275502,34.093333333333334,1.3628748597045157,100.0,98.0,100.0,CCC_2014J
group3,F,London Region,A Level or Equivalent,30-40%,0-35,60,-10.0,0.625,1.0,5.760869565217392,6.17948139718571,4.8936170212765955,1.1281414865213433,13.947368421052632,19.825555013137645,2.95,1.0139787126200694,12.210526315789474,12.295342150444258,37.05,1.3423690023922485,69.0,68.5,88.66666666666667,CCC_2014J
group3,M,East Midlands Region,HE Qualification,70-80%,0-35,60,-22.0,0.5,1.0,2.064748201438849,2.1909187838204924,4.685714285714286,0.8642956611524624,3.0813953488372094,4.339192433076946,2.4827586206896552,1.1568702457199331,3.1058823529411765,4.837904725069682,27.197674418604652,1.2283884054299574,95.66666666666667,99.0,96.66666666666667,CCC_2014J
group1,M,West Midlands Region,HE Qualification,60-70%,35-55,30,-93.0,0.5,1.0,2.6481481481481484,2.862306810408771,3.779816513761468,1.007495006041989,3.4305555555555554,3.5872481072244784,12.41095890410959,1.294747622786843,7.375,11.275866321055894,30.272727272727273,1.1090585158468211,75.33333333333333,60.5,80.66666666666667,CCC_2014J
group1,M,West Midlands Region,A Level or Equivalent,80-90%,35-55,30,-34.0,0.5,1.0,3.2758620689655173,4.460914639691537,4.284090909090909,0.8282278339776677,5.636363636363637,5.8353351543537215,9.470588235294118,1.9485393706038525,4.435483870967742,7.66217228912664,30.174603174603174,0.9456588196428155,87.66666666666667,55.0,75.33333333333333,CCC_2014J
group3,M,Yorkshire Region,A Level or Equivalent,20-30%,35-55,30,-78.0,1.0,0.5,5.450980392156863,5.037117133798642,4.1923076923076925,0.7870148073860247,11.227272727272727,11.513684686708034,2.260869565217391,0.6804540774213127,7.571428571428571,5.8675865079751,36.47222222222222,0.7324479942744753,91.5,92.0,90.0,CCC_2014J
group3,F,South East Region,A Level or Equivalent,60-70%,35-55,60,-72.0,1.0,0.5,4.333333333333333,4.9437865691214515,5.626865671641791,1.0187610338063975,9.5,9.655050491841044,3.3333333333333335,1.2961481396815722,6.702702702702703,9.288179061057676,35.10526315789474,1.2743707557738533,80.5,90.0,75.0,CCC_2014J
group1,M,East Midlands Region,Lower Than A Level,30-40%,0-35,60,-60.0,0.5714285714285714,0.875,3.358974358974359,4.270023446434485,4.0886075949367084,0.7375442189140854,3.9482758620689653,7.733323685247544,19.322033898305083,1.0228860070007528,7.264705882352941,11.95524184141128,38.22857142857143,1.0535826485251267,67.66666666666667,79.0,93.0,CCC_2014J
group3,F,East Midlands Region,A Level or Equivalent,70-80%,0-35,30,-42.0,0.75,1.0,2.2280701754385963,2.0611668132880387,8.860869565217392,0.9953680473263765,3.5277777777777777,4.229248334048086,4.876712328767123,0.8389335454914109,3.8125,4.081996865836427,34.69230769230769,1.5141633970823454,90.0,85.0,96.0,CCC_2014J
group3,M,Wales,Post Graduate Qualification,80-90%,35-55,30,-25.0,0.5,1.0,2.319672131147541,2.074107966947659,3.4796747967479673,0.9105197443815952,8.310344827586206,10.704149556783582,8.8,2.0379491933315097,5.24,6.903297053153779,21.19607843137255,1.2811833535387351,93.66666666666667,91.0,94.66666666666667,CCC_2014J
group3,M,Scotland,A Level or Equivalent,70-80%,35-55,30,-113.0,0.5,1.0,4.149253731343284,4.9428667039307035,4.088235294117647,1.1096641315089528,5.264150943396227,4.848278613615299,5.2592592592592595,2.45966267768538,10.538461538461538,15.108224963193445,27.74074074074074,1.101356145893506,92.66666666666667,92.0,93.66666666666667,CCC_2014J
group3,M,East Midlands Region,Post Graduate Qualification,60-70%,35-55,60,-45.0,0.5,1.0,2.1503759398496243,1.8153229973950284,5.1716417910447765,0.9018666666193818,6.375,8.148265506795342,2.8048780487804876,1.8786634029209386,2.7450980392156863,2.954058374741815,21.58252427184466,0.9319580497740021,100.0,92.0,98.66666666666667,CCC_2014J
group3,M,South West Region,A Level or Equivalent,50-60%,0-35,120,-32.0,0.8,0.625,1.2370689655172413,0.565843074388613,5.497854077253219,1.0658119391951641,2.3391304347826085,2.3615596857806063,3.8448275862068964,3.0487898497518477,1.3271028037383177,0.6611371756062641,20.8,1.7283151952301916,86.0,65.0,85.0,CCC_2014J
group1,M,East Anglian Region,A Level or Equivalent,50-60%,0-35,30,-46.0,1.0,0.5,3.053763440860215,3.4589694098407575,3.893617021276596,0.7534248992447719,3.8493150684931505,4.168903509173313,11.405405405405405,1.5151244422241628,11.636363636363637,12.381035630755743,40.65217391304348,0.899170788660667,78.0,25.0,67.0,CCC_2014J
group1,M,Scotland,Lower Than A Level,20-30%,0-35,60,-25.0,0.625,1.0,4.359375,4.505260373357574,4.6461538461538465,0.8257988704253959,5.733333333333333,6.991553345417467,6.8478260869565215,0.934547315445963,8.423076923076923,10.673979864785494,16.555555555555557,1.0165071514177277,56.0,78.0,45.333333333333336,CCC_2014J
group3,M,South West Region,A Level or Equivalent,80-90%,35-55,60,-25.0,1.0,0.5,3.2804878048780486,3.535619072842054,3.144578313253012,0.9737832625525278,9.962962962962964,10.6065345659445,2.607142857142857,1.2776497234817255,9.625,13.328010712976539,29.04,1.1124872898869007,100.0,100.0,100.0,CCC_2014J
group3,F,South Region,A Level or Equivalent,40-50%,0-35,60,-66.0,1.0,0.5,4.448275862068965,5.130481369273235,3.457627118644068,0.8220399696178803,17.285714285714285,15.055939647903703,1.6666666666666667,0.7797435475847171,6.513513513513513,9.151871762473334,25.342105263157894,1.0726754383719,91.0,85.0,92.0,CCC_2014J
group3,F,East Anglian Region,HE Qualification,70-80%,35-55,30,-28.0,1.0,0.5,1.1859504132231404,0.48475613668500417,6.522633744855967,0.7932042260996606,2.5096153846153846,1.9657019908048676,4.095238095238095,0.9920451585178317,1.2985781990521328,0.6480357627540085,10.81132075471698,0.9937841531418161,93.5,100.0,94.0,CCC_2014J
group3,M,East Midlands Region,HE Qualification,90-100%,0-35,120,-17.0,0.5,1.0,3.0319148936170213,2.297507427577938,3.873684210526316,1.0368405846226336,9.071428571428571,11.231333720571977,4.275862068965517,0.881285953798268,4.5,5.901737750406762,10.508196721311476,1.9618614349298342,98.66666666666667,94.5,92.0,CCC_2014J
group3,M,South East Region,A Level or Equivalent,80-90%,0-35,60,-77.0,0.5,1.0,6.0,4.977220838251732,3.130434782608696,0.887694510070822,16.0,21.97075978918994,2.5625,1.4985616740785985,17.416666666666668,22.829240951556894,17.307692307692307,1.2372011423639515,92.0,82.0,72.66666666666667,CCC_2014J
group1,M,Yorkshire Region,A Level or Equivalent,20-30%,0-35,60,-155.0,0.625,1.0,1.9589041095890412,1.8151724999389782,3.870748299319728,0.6394387072930967,2.58,3.251044898073991,1.8712871287128714,0.6919291813426466,9.10344827586207,17.8772497636885,11.0,1.0723163054589666,50.666666666666664,47.0,57.0,CCC_2014J
group1,M,Scotland,A Level or Equivalent,70-80%,0-35,60,-29.0,1.0,0.625,4.754385964912281,5.497664120055203,3.7586206896551726,0.8446846336308381,8.32258064516129,10.23193398719321,6.25,1.5640971836813722,11.8,19.32982424294535,21.952380952380953,1.0180632928198246,75.0,29.0,73.5,CCC_2014J
group1,M,South Region,A Level or Equivalent,90-100%,0-35,60,-51.0,0.625,1.0,7.433333333333334,7.668490537676679,3.6451612903225805,1.1712883333894417,13.166666666666666,18.131058825056165,10.421052631578947,1.6942167424418788,14.071428571428571,17.643758040797255,32.0,1.3610083577994663,57.666666666666664,49.5,55.333333333333336,CCC_2014J
group3,M,Scotland,A Level or Equivalent,50-60%,0-35,30,-64.0,0.5,1.0,2.43859649122807,2.2262913632249215,3.6608695652173915,0.9685387845548539,4.603448275862069,6.418010992026183,3.0338983050847457,0.9952604514959453,3.6486486486486487,4.624036167419205,24.386666666666667,1.019764822269454,99.33333333333333,95.5,97.66666666666667,CCC_2014J
group3,M,East Midlands Region,HE Qualification,90-100%,35-55,60,-122.0,1.0,0.5,3.5,2.852662117990893,5.929577464788732,0.8907395090996747,5.333333333333333,5.724746917788355,20.23913043478261,0.7472845619864957,7.290322580645161,7.917043001807754,36.15625,0.7013673099556844,80.5,75.0,79.0,CCC_2014J
group3,F,South East Region,A Level or Equivalent,90-100%,0-35,90,-129.0,0.5,1.0,4.648148148148148,4.098584235117658,3.1818181818181817,1.3549004029967726,17.714285714285715,21.94899181644209,1.9333333333333333,0.7664176127894093,21.272727272727273,25.100162983896777,84.75,1.6493386600587265,99.33333333333333,95.0,94.33333333333333,CCC_2014J
group1,M,South East Region,A Level or Equivalent,10-20,0-35,30,-8.0,0.5,1.0,2.299145299145299,2.301667151649435,4.745762711864407,0.9703512934257683,2.463917525773196,2.912122134537025,7.36734693877551,2.6363624697239447,4.576923076923077,6.932011998468264,38.471698113207545,1.266387357181987,73.0,57.5,60.333333333333336,CCC_2014J
group3,M,East Midlands Region,Post Graduate Qualification,60-70%,35-55,60,-129.0,0.5,1.0,1.3537735849056605,0.8444605702188743,5.291079812206573,0.894194245903996,3.0760869565217392,2.718409747038704,2.3118279569892475,1.3244956794037983,2.050359712230216,2.282014559414472,32.45,1.314746426948172,99.33333333333333,98.0,96.66666666666667,CCC_2014J
group3,M,West Midlands Region,Lower Than A Level,20-30%,0-35,90,-28.0,0.5,1.0,1.9324324324324325,1.5850584751211,4.402684563758389,0.867167716364361,7.470588235294118,7.0635011239711885,3.914285714285714,1.5442053950475239,2.723809523809524,2.3513303848575977,22.10377358490566,1.2613586980059441,89.33333333333333,93.5,89.33333333333333,CCC_2014J
group3,M,London Region,HE Qualification,70-80%,0-35,30,-88.0,1.0,0.5,2.804123711340206,2.469139421850472,5.112244897959184,0.9783962052388384,2.9775280898876404,3.06734089788877,6.166666666666667,1.0113309833706732,7.194444444444445,9.84978446303542,25.2972972972973,1.0158689113120916,91.5,83.0,96.0,CCC_2014J
group3,M,East Anglian Region,A Level or Equivalent,60-70%,0-35,120,-135.0,0.8,0.625,9.076923076923077,9.38050351281029,2.888888888888889,0.8122581569978029,38.8,33.84819049816401,1.6666666666666667,0.565685424949238,26.125,27.476938382162285,27.11111111111111,0.7925216508410781,90.0,81.5,75.0,CCC_2014J
group3,M,North Region,HE Qualification,40-50%,0-35,150,-88.0,0.5,1.0,1.7875,1.2757412446379712,5.372670807453416,0.9963654757073144,6.465116279069767,6.234882048028168,3.1818181818181817,2.0393076055867794,2.7766990291262137,3.301609942505327,19.557692307692307,1.6837486047271217,100.0,84.5,95.33333333333333,CCC_2014J
group1,M,East Midlands Region,A Level or Equivalent,90-100%,0-35,90,-149.0,0.7142857142857143,0.875,5.729166666666667,10.309548524554401,3.877551020408163,0.7021928454803334,8.333333333333334,14.859060086918912,2.264705882352941,0.994927258456873,7.787878787878788,11.28538207084051,18.058823529411764,1.1190714809756075,58.0,39.0,48.333333333333336,CCC_2014J
group3,M,East Anglian Region,HE Qualification,80-90%,0-35,120,-134.0,0.5,1.0,3.7777777777777777,3.4933426513153867,5.0,1.2086446615147974,6.7894736842105265,6.738986589691771,3.282051282051282,1.6773057241264935,6.742857142857143,10.427178449617521,49.22222222222222,0.991539967174542,93.33333333333333,95.0,97.66666666666667,CCC_2014J
group3,F,Scotland,A Level or Equivalent,40-50%,0-35,120,-14.0,0.8,0.625,3.5416666666666665,3.4638474903811396,3.547945205479452,1.0210877121869548,8.0,10.718980908842871,3.2580645161290325,1.5995539031092585,9.807692307692308,11.09961884307468,30.59259259259259,0.7577802823953333,83.33333333333333,92.0,75.0,CCC_2014J
group1,F,North Western Region,A Level or Equivalent,80-90%,0-35,150,-92.0,0.5714285714285714,0.875,4.135593220338983,5.137615262969588,5.1,0.8882879552699321,5.627906976744186,6.4328889156167195,6.75,1.4185717038670784,8.4,9.19370099203985,12.483870967741936,1.3979638621550867,59.333333333333336,65.0,46.666666666666664,CCC_2014J
group1,M,South West Region,Lower Than A Level,10-20,0-35,150,-154.0,0.5,1.0,1.8776978417266188,1.859018096966885,4.607142857142857,0.8223121937011642,3.5616438356164384,3.175366564009505,11.027027027027026,5.391356335406941,2.776595744680851,3.5655286758131983,17.021052631578947,1.0435753908262817,79.33333333333333,73.5,65.66666666666667,CCC_2014J
group1,M,North Region,A Level or Equivalent,70-80%,0-35,120,-143.0,0.625,1.0,9.296296296296296,10.794638322992416,4.535714285714286,0.8808697700926648,16.733333333333334,20.36967867993527,3.375,1.4472906431540682,24.375,32.0710706311556,34.333333333333336,0.48504838822511825,79.33333333333333,69.5,62.0,CCC_2014J
group3,F,Wales,Lower Than A Level,10-20,0-35,30,-21.0,0.625,1.0,3.4864864864864864,4.551812052970587,5.1866666666666665,0.834601084749481,5.48936170212766,8.311522490221506,3.1041666666666665,1.6883830604094374,6.4324324324324325,10.401764114644049,34.86842105263158,1.2314892997246945,92.33333333333333,93.0,84.0,CCC_2014J
group1,F,East Anglian Region,A Level or Equivalent,90-100%,0-35,120,-115.0,1.0,0.5,8.0,11.12103499476729,5.0606060606060606,0.7115425522161891,12.055555555555555,14.50140854100741,4.052631578947368,1.1642044068059727,13.5,14.209565957687882,21.42105263157895,1.4202791909825137,91.5,46.0,85.0,CCC_2014J
group3,M,Wales,A Level or Equivalent,50-60%,0-35,60,-38.0,1.0,0.5,4.672131147540983,4.5376987981259465,5.080645161290323,1.3591936607442692,7.647058823529412,11.06422669233893,3.7714285714285714,1.2662171161076472,11.863636363636363,13.184751129151522,23.217391304347824,1.2001568629444004,88.0,92.0,94.0,CCC_2014J
group1,F,London Region,A Level or Equivalent,10-20,0-35,60,-18.0,0.7142857142857143,0.875,3.120879120879121,3.758945374659005,6.260869565217392,1.120500690691222,5.0588235294117645,7.577365676027211,6.711538461538462,1.3260347498828593,6.945945945945946,11.047739703330839,25.13157894736842,1.795575824442644,75.0,31.5,49.5,CCC_2014J
group3,M,Yorkshire Region,HE Qualification,60-70%,0-35,60,-24.0,0.625,1.0,1.8380281690140845,1.3560336610796286,4.65034965034965,0.8688502666162244,2.568421052631579,2.591527240422131,13.895833333333334,2.2822466558283114,2.8863636363636362,3.1346481156227775,21.078651685393258,0.8220539136622745,85.33333333333333,86.5,84.66666666666667,CCC_2014J
group3,M,Wales,A Level or Equivalent,0-10%,0-35,120,-87.0,0.5714285714285714,0.875,6.5,6.030328752635701,4.743589743589744,0.972191878664306,22.8,28.561045732489095,7.090909090909091,1.3303714636997792,8.925925925925926,10.8554343920663,31.392857142857142,1.0470957871065496,90.5,82.0,83.0,CCC_2014J
group1,M,South West Region,A Level or Equivalent,30-40%,0-35,120,-100.0,0.875,1.0,3.382716049382716,4.838821915597246,4.146341463414634,1.1976909734234742,5.4222222222222225,6.787317346910838,6.391304347826087,1.230465389115776,6.666666666666667,9.545826680677994,16.65,1.2104411883992034,58.0,28.5,49.333333333333336,CCC_2014J
group3,M,South West Region,HE Qualification,70-80%,0-35,30,-122.0,1.0,1.0,2.2049180327868854,1.7811618670215337,3.4796747967479673,1.242907206811723,3.0714285714285716,3.4143062386408793,5.729411764705882,0.8073654587704489,4.9,6.716564962684363,41.98039215686274,1.2554684544515597,83.0,87.5,88.0,CCC_2014J
group3,M,London Region,A Level or Equivalent,0-10%,0-35,120,-79.0,0.5,1.0,1.9,1.7252565221189846,2.6688741721854305,0.7842054794279791,6.409090909090909,9.26689075529722,8.088888888888889,1.5857241856932818,4.25,6.614721872803531,17.403508771929825,1.0847804693823455,96.0,85.5,92.33333333333333,CCC_2014J
group3,M,Yorkshire Region,A Level or Equivalent,30-40%,0-35,60,-108.0,1.0,0.5,1.9387755102040816,1.6353311833986846,5.243243243243243,0.7701400093278351,2.409090909090909,1.9967655246590812,6.945945945945946,1.1746806108856902,3.1666666666666665,3.3695597018408305,27.35164835164835,1.6214328145736117,93.0,92.0,92.0,CCC_2014J
group1,M,Wales,Lower Than A Level,70-80%,0-35,150,-8.0,0.7142857142857143,0.875,6.024390243902439,7.150132183666427,3.5952380952380953,0.9712547650356456,16.466666666666665,18.627424738297893,12.625,2.2579250793927095,8.76,10.829281293480808,11.307692307692308,1.198032385051193,63.0,58.5,49.666666666666664,CCC_2014J
group3,F,West Midlands Region,A Level or Equivalent,40-50%,0-35,90,-64.0,1.0,0.5,4.0,4.790864322059325,4.507692307692308,0.6995005231997267,13.31578947368421,12.961706984545529,2.2,0.5856408512147784,4.938775510204081,8.632323372228424,18.46,0.9893745945154515,92.5,100.0,79.0,CCC_2014J
group1,F,London Region,A Level or Equivalent,0-10%,0-35,120,-67.0,0.5,1.0,4.090909090909091,4.256135020730112,2.8955223880597014,0.9770726992520897,5.173076923076923,7.304903413209498,4.660377358490566,0.8531662241374478,9.692307692307692,14.169740239734054,16.77777777777778,1.5222859461991778,77.66666666666667,60.0,66.66666666666667,CCC_2014J
group3,M,East Midlands Region,HE Qualification,90-100%,0-35,180,-17.0,0.5,1.0,1.6975308641975309,1.474796569497547,4.45398773006135,0.8740600128019834,3.5128205128205128,3.9138236186644026,2.050632911392405,0.7397627288431884,3.1264367816091956,4.408777180308404,15.704545454545455,1.5068806538391653,95.33333333333333,85.0,84.66666666666667,CCC_2014J
group3,M,East Anglian Region,A Level or Equivalent,40-50%,0-35,90,-135.0,0.5,1.0,5.760869565217392,7.385224837045913,2.425531914893617,0.8278211043792298,14.470588235294118,19.811983895671652,1.5,0.5555555555555556,22.77777777777778,24.519266800710916,25.5,0.9830943153687846,93.33333333333333,87.0,90.66666666666667,CCC_2014J
group3,M,London Region,A Level or Equivalent,80-90%,35-55,120,-155.0,0.5,1.0,1.3209302325581396,0.8615781378569927,3.175925925925926,0.908269722197566,5.953488372093023,8.92282650171029,10.227272727272727,4.428787979003167,2.625,4.688730681357039,34.86516853932584,1.466965822517924,92.0,88.0,86.33333333333333,CCC_2014J
group3,F,London Region,Post Graduate Qualification,10-20,35-55,30,-22.0,0.5,1.0,2.6476190476190475,2.841928355282162,3.849056603773585,0.8934487522058255,6.043478260869565,7.327138358304633,3.2127659574468086,0.9924940884415491,4.338709677419355,7.188204245497396,19.666666666666668,1.3406217942640941,97.0,93.5,92.33333333333333,CCC_2014J
group3,M,London Region,HE Qualification,80-90%,35-55,60,-70.0,0.5714285714285714,0.875,1.7654320987654322,1.7571264298256508,5.871165644171779,1.0216208545239163,3.5753424657534247,4.166392685056016,2.2162162162162162,0.9507503533442915,2.3442622950819674,2.348801318356247,14.292682926829269,1.1465621278091234,100.0,98.0,100.0,CCC_2014J
group3,M,London Region,A Level or Equivalent,0-10%,0-35,120,-22.0,0.7142857142857143,0.875,3.764705882352941,3.8014830062137652,3.2318840579710146,1.0338243841613006,9.8,12.34233905438241,5.1923076923076925,1.5183739768606686,12.052631578947368,17.64298313214547,17.0,1.2016424745647938,88.5,89.5,91.33333333333333,CCC_2014J
group3,F,Scotland,HE Qualification,60-70%,35-55,60,-73.0,0.5,1.0,2.495575221238938,2.4316510183607387,5.078947368421052,0.9049575457899334,4.683333333333334,5.183061285937618,2.0655737704918034,0.7483079089728997,3.589041095890411,3.026896175395021,32.432432432432435,0.9922249828877856,94.33333333333333,97.0,96.66666666666667,CCC_2014J
group3,F,North Western Region,A Level or Equivalent,0-10%,0-35,120,-24.0,0.8,0.625,4.884615384615385,4.227147771316138,4.60377358490566,0.9943572319628322,10.409090909090908,11.990707079945546,3.4782608695652173,0.8845903006477066,11.473684210526315,14.595921884982621,25.5,0.9893317913168793,100.0,74.5,83.0,CCC_2014J
group1,M,West Midlands Region,Lower Than A Level,50-60%,0-35,30,-66.0,0.5,1.0,7.8125,12.827484353477482,4.96969696969697,0.9287127844764336,20.833333333333332,29.27870257102292,2.769230769230769,0.8975274678557507,8.961538461538462,15.11682709891403,26.40740740740741,0.9448373888047087,76.33333333333333,76.5,83.66666666666667,CCC_2014J
group1,M,South West Region,A Level or Equivalent,70-80%,0-35,90,-120.0,0.625,1.0,2.1615384615384614,1.9120338866716142,4.854961832061068,0.884237923766285,3.6901408450704225,4.704379568310408,6.875,1.4547348361561192,3.5316455696202533,4.763201474116436,22.7125,1.35224485242651,80.0,69.0,69.0,CCC_2014J
group3,M,South West Region,Lower Than A Level,70-80%,0-35,110,-18.0,0.75,1.0,2.1707317073170733,2.087069154804705,4.588709677419355,1.0063088417561723,4.96078431372549,6.985587403543743,3.9423076923076925,1.592987308904112,3.918032786885246,5.984132022739285,27.225806451612904,1.2848579639095001,100.0,95.5,99.33333333333333,CCC_2014J
group1,M,Scotland,Post Graduate Qualification,80-90%,0-35,60,-32.0,0.5714285714285714,0.875,4.660377358490566,4.573937019118444,5.092592592592593,1.380386818466129,9.115384615384615,12.703785020463542,7.592592592592593,1.7344739150665833,10.727272727272727,14.323413460490945,36.95652173913044,1.9069895113869377,69.0,49.0,30.0,CCC_2014J
group3,F,Wales,A Level or Equivalent,40-50%,35-55,90,-28.0,0.5,1.0,2.3703703703703702,2.8468464027732576,4.110091743119266,0.9706100477513709,4.75,5.917322526477067,3.0,1.3520696147708458,4.107142857142857,4.607024563064031,18.614035087719298,0.897758638792057,91.33333333333333,93.5,90.66666666666667,CCC_2014J
group3,M,North Region,A Level or Equivalent,60-70%,0-35,60,-25.0,1.0,0.5,2.4869565217391303,2.421994311607994,3.8189655172413794,0.9287149193008483,2.9431818181818183,3.0788785633638565,5.101123595505618,1.5033487431003485,5.607843137254902,6.797288963616449,22.807692307692307,1.2996260922298621,100.0,94.0,100.0,CCC_2014J
group3,M,Yorkshire Region,A Level or Equivalent,80-90%,0-35,60,-37.0,0.625,1.0,3.7714285714285714,3.830357112694069,5.563380281690141,3.482903974118986,8.785714285714286,15.302764559863133,3.0689655172413794,1.7069778889737475,13.166666666666666,20.523300961418006,52.78947368421053,2.7188187910392965,90.0,82.0,81.66666666666667,CCC_2014J
group1,M,South West Region,A Level or Equivalent,10-20,0-35,120,-46.0,0.5,1.0,4.057142857142857,4.561609537597335,3.323943661971831,0.9389203307695059,8.518518518518519,7.777533573699859,2.5714285714285716,0.6849348892187752,5.631578947368421,7.160028131575337,51.38461538461539,1.7113474063961134,66.66666666666667,64.0,47.333333333333336,CCC_2014J
group3,M,East Midlands Region,A Level or Equivalent,90-100%,0-35,60,-122.0,0.42857142857142855,0.875,2.8979591836734695,2.330832318569039,4.424242424242424,0.890937673507348,6.815789473684211,6.137414118550979,3.1025641025641026,0.9398260479887272,4.115942028985507,3.7319614456588455,11.157142857142857,1.7357600979046623,95.66666666666667,75.0,73.66666666666667,CCC_2014J
group3,F,South East Region,A Level or Equivalent,80-90%,0-35,120,-98.0,0.5,1.0,3.5324675324675323,3.888527036729893,4.846153846153846,0.8114408259335794,5.913043478260869,7.222883656073849,2.234042553191489,0.7045044574821688,6.628571428571429,11.980586537457697,20.944444444444443,1.5085377596934155,100.0,98.0,96.66666666666667,CCC_2014J
group1,F,North Western Region,A Level or Equivalent,30-40%,35-55,60,-73.0,0.5,1.0,1.86,1.4973354409813426,3.6821192052980134,0.8935899083356311,5.431818181818182,6.207264039002553,2.911111111111111,0.8346133556394876,4.166666666666667,5.109534678693194,22.491803278688526,1.416339988557517,63.333333333333336,41.0,36.666666666666664,CCC_2014J
group3,M,Scotland,A Level or Equivalent,60-70%,0-35,120,-49.0,0.5714285714285714,0.875,2.317073170731707,2.532791737669214,3.2016129032258065,0.8807444453062466,7.75,9.381973596820051,1.8108108108108107,0.8597325865023683,7.911764705882353,9.64323486230765,18.771428571428572,1.1019681794363985,82.0,85.5,82.66666666666667,CCC_2014J
group3,F,Scotland,Lower Than A Level,80-90%,35-55,60,-94.0,0.5,1.0,2.9450549450549453,3.1246782496145373,4.271739130434782,0.7116452899480217,6.536585365853658,6.903251266525106,4.0,1.5754817857223413,4.553571428571429,5.005159675437276,71.9298245614035,0.9079573534157064,73.33333333333333,89.5,78.33333333333333,CCC_2014J
group1,M,South East Region,A Level or Equivalent,80-90%,0-35,60,-140.0,0.5714285714285714,0.875,6.175,9.917318444428671,3.8292682926829267,0.8970721982908666,9.037037037037036,15.47325603813407,1.8214285714285714,0.6890699368943365,26.11111111111111,23.186442398762065,21.9,0.7292939353140268,88.0,75.0,86.66666666666667,CCC_2014J
group1,F,West Midlands Region,A Level or Equivalent,30-40%,0-35,60,-150.0,0.5714285714285714,0.875,12.736842105263158,12.391045625608294,3.8,0.8007960028791021,19.916666666666668,17.443197858052045,1.6923076923076923,0.5378254348272378,28.333333333333332,26.081922219550204,33.857142857142854,1.1583642599494013,70.33333333333333,50.0,75.0,CCC_2014J
group1,M,South Region,A Level or Equivalent,80-90%,0-35,120,-155.0,0.5,1.0,3.8309859154929575,3.6488194391883506,3.1805555555555554,0.8207632392840523,20.416666666666668,20.50923664788107,1.7692307692307692,0.5929644216080808,6.641025641025641,9.103172320065072,23.625,1.0159474179103365,69.33333333333333,67.0,49.666666666666664,CCC_2014J
group3,M,London Region,Lower Than A Level,20-30%,35-55,60,-155.0,0.5,1.0,2.3771929824561404,2.3589046163371816,4.243478260869566,1.0253603662504402,3.6285714285714286,4.537034173226703,7.098591549295775,1.1826894812972149,4.979591836734694,6.125390449862385,25.24,1.2127641935502766,100.0,100.0,99.33333333333333,CCC_2014J
group1,M,London Region,A Level or Equivalent,90-100%,0-35,120,-155.0,0.5,1.0,3.3703703703703702,3.9352396510391974,2.292682926829268,1.1265048282685113,12.9375,16.25,3.0,1.2935233335271092,12.4,15.25364494835665,26.19047619047619,1.1656176314769426,72.33333333333333,53.5,58.333333333333336,CCC_2014J
group3,M,North Region,A Level or Equivalent,90-100%,0-35,60,-153.0,0.5,1.0,5.096153846153846,6.487573688831915,6.0754716981132075,1.009512642245933,7.4375,10.791088019526173,3.515151515151515,1.8544303733255896,9.916666666666666,14.553997408949549,43.2,0.950957931590205,86.0,72.5,70.33333333333333,CCC_2014J
group3,F,East Midlands Region,A Level or Equivalent,60-70%,35-55,180,-148.0,1.0,0.5,1.6306818181818181,1.4755034359873211,5.3107344632768365,0.7991195925095562,2.9518072289156625,3.4496504399008434,4.773809523809524,0.7998536877790337,2.022727272727273,1.908062080266595,24.571428571428573,1.0122485047565428,91.5,85.0,96.0,CCC_2014J
group3,M,South West Region,A Level or Equivalent,80-90%,0-35,60,-140.0,0.5,1.0,3.643835616438356,3.9135443690034095,5.364864864864865,0.8035264483627204,5.040816326530612,5.958044924279097,2.44,0.7292779153945975,5.018867924528302,6.118982337579119,13.296296296296296,1.0695689682999419,95.33333333333333,86.5,95.66666666666667,CCC_2014J
group3,M,Ireland,A Level or Equivalent,70-80%,0-35,60,-32.0,0.625,1.0,4.2,4.945630319712469,5.285714285714286,0.8784823223321627,8.25,10.497354163999823,2.793103448275862,1.255744307649522,7.451612903225806,11.49155837902304,15.59375,1.280545441334583,95.0,82.0,82.0,CCC_2014J
group1,F,North Western Region,No Formal quals,0-10%,0-35,90,-150.0,0.5,1.0,4.824561403508772,7.421308141853487,3.4827586206896552,0.8989204823153852,6.730769230769231,6.919871052600286,2.074074074074074,0.6002762969275577,8.566666666666666,14.750063315663832,39.193548387096776,0.9122653942263486,81.33333333333333,71.5,55.333333333333336,CCC_2014J
group1,M,Yorkshire Region,A Level or Equivalent,10-20,35-55,120,-32.0,0.625,1.0,3.4878048780487805,3.798127876844697,4.614457831325301,1.1797175642860365,7.818181818181818,9.385675739706176,3.264705882352941,1.1682916784718305,8.275862068965518,10.94432844550787,20.3,1.2373687397362485,54.0,91.5,72.66666666666667,CCC_2014J
group1,F,London Region,A Level or Equivalent,30-40%,0-35,150,-29.0,0.42857142857142855,0.875,6.512195121951219,9.268554232509816,5.785714285714286,1.1560856650478488,11.636363636363637,14.381024053030883,17.304347826086957,1.2580891516209927,11.941176470588236,15.550203327590664,27.666666666666668,1.2200245339953568,42.666666666666664,76.0,59.666666666666664,CCC_2014J
group3,F,Scotland,HE Qualification,10-20,0-35,90,-113.0,0.5,1.0,2.1908396946564888,3.078747257263012,5.757575757575758,1.1041034015569555,5.638297872340425,8.036399615431554,2.6041666666666665,0.9064744894369615,2.69,4.222821594884423,19.91089108910891,1.6955743382071373,93.66666666666667,89.0,85.33333333333333,CCC_2014J
group3,M,South Region,A Level or Equivalent,70-80%,35-55,60,-129.0,1.0,0.5,3.090909090909091,3.3274765684343484,4.157303370786517,0.7519732988747666,4.459016393442623,5.673252360835606,7.290322580645161,1.4283402417456394,5.95,8.545354113380963,15.341463414634147,1.173786307376239,97.0,90.0,83.0,CCC_2014J
group1,F,East Anglian Region,A Level or Equivalent,40-50%,35-55,120,-123.0,0.8571428571428571,0.875,5.348837209302325,5.550133936308516,3.3636363636363638,0.6740521034237799,9.583333333333334,10.946179268571758,2.0,1.1224972160321824,12.052631578947368,13.757719789309911,12.45,1.2706195182262148,70.0,36.5,44.0,CCC_2014J
group1,M,London Region,Lower Than A Level,30-40%,0-35,120,-98.0,0.42857142857142855,0.875,3.506849315068493,5.011440488387082,4.5,0.9301604871554149,6.2439024390243905,9.591090886350932,5.928571428571429,0.8192475780172878,8.0,17.582886416537022,19.952380952380953,0.616454428804749,90.0,10.0,66.0,CCC_2014J
group3,F,North Region,A Level or Equivalent,70-80%,0-35,60,-72.0,0.5,1.0,1.6306818181818181,1.4121803166569227,6.209039548022599,0.929008117787095,2.6538461538461537,3.6490967914783097,4.476190476190476,0.8117237385929912,1.868421052631579,1.896962404631933,21.477124183006534,1.164352784818839,99.33333333333333,93.5,97.66666666666667,CCC_2014J
group3,M,North Western Region,A Level or Equivalent,30-40%,0-35,120,-81.0,1.0,0.5,3.1333333333333333,2.468680218754934,4.1208791208791204,0.7680833288127011,4.625,5.248592885024259,4.631578947368421,2.2973289676654782,5.509803921568627,5.536686911934276,17.28846153846154,1.0933839666509884,83.5,92.0,98.0,CCC_2014J
group3,M,North Western Region,A Level or Equivalent,0-10%,0-35,60,-87.0,0.5,1.0,2.923076923076923,3.180603608788639,4.293478260869565,0.7520095387818184,8.0,13.98411797560202,2.103448275862069,0.6763164375323367,4.34,4.723411081506453,23.627450980392158,1.2319121231687222,83.0,95.0,86.66666666666667,CCC_2014J
group3,F,London Region,A Level or Equivalent,10-20,0-35,120,-24.0,0.5,1.0,2.5576923076923075,2.1308046844878574,3.5142857142857142,0.8703111846663922,5.115384615384615,5.41477226415847,2.641509433962264,0.8257958437230136,5.23404255319149,5.968077273793961,17.0625,1.751856792905281,92.66666666666667,60.5,87.33333333333333,CCC_2014J
group3,M,London Region,HE Qualification,50-60%,55<=,120,-84.0,0.5,1.0,1.5706214689265536,1.355475494476892,6.865168539325842,1.0040166199120637,4.648148148148148,4.593504057340955,2.8,1.0087741233353213,2.0076923076923077,2.118563773581307,16.427480916030536,1.9065658387515774,100.0,98.0,99.33333333333333,CCC_2014J
group3,M,East Anglian Region,A Level or Equivalent,80-90%,0-35,90,-106.0,0.5,1.0,1.88,1.835225787546363,3.794701986754967,1.028626680415178,4.431034482758621,5.347936375133336,2.830508474576271,1.0122063303165258,4.872727272727273,5.831125123166215,23.625,1.8007116366229008,99.33333333333333,97.5,96.0,CCC_2014J
group1,M,East Anglian Region,HE Qualification,50-60%,0-35,30,-56.0,0.5,1.0,3.585714285714286,3.899062901696658,4.929577464788732,0.9363324021665271,6.605263157894737,11.3864297460314,5.743589743589744,1.316381529661007,5.4523809523809526,7.258980580690918,31.976744186046513,1.1009885865750813,75.0,79.0,78.33333333333333,CCC_2014J
group1,M,South West Region,A Level or Equivalent,30-40%,0-35,120,-53.0,0.875,1.0,2.7474747474747474,3.130962668493295,2.57,0.709527499260598,10.074074074074074,13.067652151918214,4.857142857142857,1.1339751558033533,9.36,16.34237844786778,20.576923076923077,0.9604148665396542,84.0,51.0,74.33333333333333,CCC_2014J
group3,M,London Region,HE Qualification,40-50%,0-35,120,-99.0,0.5,1.0,2.5454545454545454,3.0907864372465497,4.576576576576577,1.1597612642662194,6.894736842105263,10.202780420417497,2.9743589743589745,0.9524204099747676,3.4415584415584415,3.8095914496159575,14.41025641025641,2.0146458781159398,99.33333333333333,99.0,99.33333333333333,CCC_2014J
group3,F,Scotland,HE Qualification,0-10%,35-55,90,-93.0,0.5,1.0,1.1176470588235294,0.4715136801118861,8.53515625,0.7925292244589924,2.64,2.837412393521444,8.118811881188119,2.485165386012731,1.2589285714285714,1.2109036444452073,24.586666666666666,1.1547874686741302,93.66666666666667,99.5,99.0,CCC_2014J
group3,F,East Anglian Region,No Formal quals,70-80%,0-35,60,-23.0,0.7142857142857143,0.875,4.833333333333333,5.240166943284912,2.813953488372093,1.4727448960554297,34.5,21.205345238091898,2.2,0.7272727272727273,21.625,32.54420071226208,50.333333333333336,0.7919377975563838,89.5,84.0,81.0,CCC_2014J
group3,M,Wales,A Level or Equivalent,30-40%,0-35,150,-25.0,1.0,0.5,5.238095238095238,7.611959536854388,5.72093023255814,1.0869252826957623,9.166666666666666,11.016456728031011,4.28,1.3356968018120212,9.521739130434783,10.85804923554784,23.291666666666668,1.4899269005007814,91.5,92.0,90.0,CCC_2014J
group1,M,Yorkshire Region,Lower Than A Level,0-10%,0-35,120,-128.0,1.0,0.5,2.4690265486725664,2.672848923033306,3.2280701754385963,0.8685115899356508,3.547945205479452,4.941437869606181,7.6891891891891895,1.2241035074671835,5.51063829787234,9.047873496082385,17.229166666666668,1.1138778289485767,79.5,29.0,65.0,CCC_2014J
group1,F,North Western Region,A Level or Equivalent,0-10%,0-35,120,-133.0,1.0,0.5,5.244897959183674,7.090282705473556,4.82,0.8170060206815657,7.620689655172414,11.567855070667187,2.5,0.6175219294351686,8.857142857142858,11.488204210355766,22.03448275862069,1.2011747258130305,81.0,25.0,90.0,CCC_2014J
group3,M,London Region,A Level or Equivalent,60-70%,0-35,120,-49.0,0.75,1.0,1.6987951807228916,1.5972319977900873,5.6706586826347305,0.9688615129719905,2.252173913043478,2.114459319803286,4.612068965517241,1.26676994275517,2.490740740740741,3.2968276180855143,16.192660550458715,1.121656783693474,84.0,89.0,92.66666666666667,CCC_2014J
group1,M,Scotland,A Level or Equivalent,60-70%,0-35,120,-32.0,0.75,1.0,6.666666666666667,8.127554543473877,3.891891891891892,0.8098544298396251,12.705882352941176,20.05543787194122,1.5,0.5091750772173156,17.083333333333332,27.467198067822093,29.076923076923077,0.824344737159043,75.66666666666667,29.5,82.66666666666667,CCC_2014J
group3,F,Scotland,Post Graduate Qualification,50-60%,0-35,90,-24.0,0.5,1.0,2.8333333333333335,3.3862466931200785,5.639175257731959,0.918155434256733,5.630434782608695,7.749863642247518,4.085106382978723,1.3845940540261048,4.016129032258065,5.151768550332254,22.03174603174603,1.1158800450598776,93.0,91.5,87.66666666666667,CCC_2014J
group3,M,South Region,Lower Than A Level,60-70%,0-35,30,-122.0,0.42857142857142855,0.875,5.46,6.151853876877195,4.9411764705882355,0.9877365958424542,15.058823529411764,17.440866478745022,3.8333333333333335,0.9731751863304083,7.583333333333333,12.053156077499844,52.891891891891895,0.9596239271799512,99.0,97.0,96.66666666666667,CCC_2014J
group3,M,South East Region,HE Qualification,60-70%,0-35,30,-15.0,0.5,1.0,2.577319587628866,2.19295772277606,4.316326530612245,0.9335427704109633,4.615384615384615,3.861087148306485,4.7924528301886795,1.0727028019831975,4.452830188679245,4.8459580212468305,62.7037037037037,0.6917664120125775,92.0,89.5,90.33333333333333,CCC_2014J
group1,M,West Midlands Region,A Level or Equivalent,30-40%,0-35,150,-128.0,0.8571428571428571,0.875,9.76,12.962381468439098,5.461538461538462,0.8160510386969563,16.571428571428573,25.086662977380218,2.6,0.8164965809277259,25.77777777777778,29.87799264415942,46.9,0.8119972969189164,66.0,21.0,49.333333333333336,CCC_2014J
group3,M,London Region,HE Qualification,70-80%,35-55,150,-88.0,0.5,1.0,1.4422110552763818,1.5293185700056195,6.59,0.9412097188380917,3.1904761904761907,5.239967328317603,4.8,2.644091019662795,1.7423312883435582,1.8842719950418378,15.274390243902438,1.2269955118027611,91.66666666666667,75.0,86.33333333333333,CCC_2014J
group3,F,South West Region,A Level or Equivalent,50-60%,0-35,120,-60.0,0.5,1.0,2.4051724137931036,2.6604296752538894,3.5213675213675213,0.8438926319433531,4.568965517241379,5.669592853247674,2.2033898305084745,1.4491785063253135,5.14,8.962529708486896,28.96078431372549,1.3487208815475857,89.66666666666667,83.0,86.33333333333333,CCC_2014J
group3,F,Scotland,A Level or Equivalent,80-90%,35-55,30,-38.0,0.625,1.0,1.7439024390243902,1.2464523950980033,8.127272727272727,0.9362961788845828,3.7567567567567566,4.127458373497389,5.746666666666667,1.2705299141188495,2.2170542635658914,2.211338820679672,23.476923076923075,1.1064141471727145,95.66666666666667,96.5,96.33333333333333,CCC_2014J
group1,M,West Midlands Region,Lower Than A Level,70-80%,0-35,60,-92.0,0.8333333333333334,0.75,2.723809523809524,3.2448042435183337,4.471698113207547,0.9563084262148903,6.043478260869565,6.824649837949784,4.51063829787234,1.4711991171464964,4.678571428571429,6.696287011490752,35.59649122807018,1.2517030530988316,74.33333333333333,53.5,48.0,CCC_2014J
group1,M,Ireland,A Level or Equivalent,40-50%,0-35,120,-9.0,0.42857142857142855,0.875,2.6601941747572817,3.1948285358828294,2.673076923076923,1.006551696376491,6.578947368421052,9.562402669202227,3.1794871794871793,0.7633651333031763,7.794117647058823,11.294352066046125,16.085714285714285,1.3143464061641619,93.0,57.0,54.0,CCC_2014J
group3,M,East Anglian Region,A Level or Equivalent,90-100%,0-35,120,-30.0,0.5,0.75,4.03125,4.680146348274788,3.0,1.1216593324711643,11.578947368421053,16.523773410431957,1.6,0.6059599821770412,12.722222222222221,22.3654290882302,23.57894736842105,1.2217878152777693,91.5,55.5,80.0,CCC_2014J
group1,M,East Anglian Region,A Level or Equivalent,80-90%,0-35,90,-71.0,0.5,0.75,3.3692307692307693,3.105283958277964,2.1818181818181817,0.844028589124361,17.5,19.352002480363627,1.3636363636363635,0.3527668414752788,13.125,13.715562936557385,20.11764705882353,1.3867789451904122,89.33333333333333,34.5,72.0,CCC_2014J
group3,F,London Region,HE Qualification,20-30%,0-35,60,-16.0,1.0,0.5,2.382608695652174,2.028665660743932,3.3620689655172415,0.9400854662001129,7.484848484848484,9.969080988615538,1.8235294117647058,1.0596172713326995,6.682926829268292,10.856884968512476,27.952380952380953,1.4066052772368736,100.0,96.0,92.0,CCC_2014J
group1,M,Ireland,HE Qualification,20-30%,0-35,30,-44.0,0.5,1.0,7.0285714285714285,10.589911165226788,5.027777777777778,0.7595228388714291,14.470588235294118,20.457631971524783,4.5,1.4444444444444444,17.692307692307693,27.10284307160602,22.571428571428573,0.7693193532369124,79.33333333333333,51.5,39.0,CCC_2014J
group3,M,North Western Region,A Level or Equivalent,80-90%,0-35,120,-113.0,0.5,1.0,3.3902439024390243,3.6742551023385848,4.746987951807229,0.8960505244108112,5.589743589743589,6.580345330555664,4.55,1.5186717768183569,7.451612903225806,9.025293013442534,24.09375,1.1396926348947505,93.66666666666667,92.5,91.66666666666667,CCC_2014J
group3,F,North Western Region,HE Qualification,0-10%,0-35,60,-77.0,1.0,0.5,10.407407407407407,16.036638961259595,4.071428571428571,0.8091124601824705,23.363636363636363,27.255358105417464,1.6666666666666667,0.565685424949238,21.615384615384617,29.78405183298175,43.857142857142854,0.9676021731886078,100.0,46.0,88.0,CCC_2014J
group1,M,London Region,A Level or Equivalent,90-100%,0-35,150,-22.0,0.5,1.0,6.722222222222222,7.98788765609214,3.72972972972973,0.9004188154787864,17.416666666666668,18.656991540260005,1.7692307692307692,0.7064381221422574,12.411764705882353,15.600716423971576,19.61111111111111,1.1870229253364308,89.33333333333333,54.0,57.666666666666664,CCC_2014J
group3,M,London Region,HE Qualification,90-100%,55<=,30,-56.0,1.0,0.5,6.25,8.020135949294207,4.484848484848484,0.9413983351483127,14.285714285714286,16.601337163144287,4.133333333333334,1.1204744795457036,9.526315789473685,14.496621909383778,13.7,1.2729014565839667,94.5,96.0,96.0,CCC_2014J
group1,F,West Midlands Region,HE Qualification,60-70%,55<=,90,-70.0,1.0,0.5,2.3504273504273505,2.7015839521066134,8.0,0.9311579268554625,2.717391304347826,3.1073330035013673,7.118279569892473,1.290654454623786,3.816666666666667,5.4165210758356475,107.52459016393442,1.2384627610027814,65.0,44.0,40.0,CCC_2014J
group1,F,Scotland,HE Qualification,40-50%,0-35,60,-87.0,0.75,1.0,5.136363636363637,8.663183015365467,3.3777777777777778,0.6901939789159681,9.818181818181818,13.461183573648462,3.347826086956522,1.1127983291850343,10.333333333333334,16.98038083593337,20.227272727272727,0.7719518167429923,82.0,45.5,69.0,CCC_2014J
group1,M,Scotland,A Level or Equivalent,50-60%,0-35,60,-36.0,0.8,0.625,6.357142857142857,7.959720023791217,5.488372093023256,0.8851166506203579,10.08695652173913,16.738396370126924,4.458333333333333,0.8638163610188249,14.214285714285714,17.498037566576393,10.4,0.9626916162141407,80.33333333333333,33.0,65.0,CCC_2014J
group3,M,North Region,A Level or Equivalent,30-40%,0-35,210,-46.0,1.0,0.5,10.954545454545455,9.800278289184167,5.956521739130435,1.1583552948833502,20.083333333333332,25.443192814701156,4.230769230769231,1.1014640895171608,28.285714285714285,27.12756461433208,105.5,1.092722865361486,76.5,96.0,96.0,CCC_2014J
group3,M,South Region,Lower Than A Level,70-80%,0-35,90,-108.0,0.8,0.625,2.4234234234234235,1.8564362220004886,4.491071428571429,1.0190704387461915,4.283333333333333,5.648133535016549,3.2131147540983607,0.9631647733771822,4.962962962962963,4.286719126153113,28.818181818181817,1.0275063445939379,100.0,92.0,96.0,CCC_2014J
group1,M,North Region,Lower Than A Level,0-10%,35-55,30,-9.0,0.875,1.0,2.256880733944954,2.507040714278751,6.918181818181818,1.0095961560207296,5.466666666666667,6.3874877690685254,12.282608695652174,1.4548941711008734,2.8227848101265822,2.5708398990277432,26.75,1.3556943758853088,85.33333333333333,81.0,80.66666666666667,CCC_2014J
group3,F,South West Region,A Level or Equivalent,40-50%,0-35,90,-30.0,0.5,1.0,2.412280701754386,2.865144217929664,7.608695652173913,0.8648265132147509,6.615384615384615,8.257740817003748,5.625,1.0898861646299818,2.752577319587629,3.322997291085801,46.316326530612244,1.2248700887469384,97.33333333333333,93.0,92.33333333333333,CCC_2014J
group3,F,North Western Region,HE Qualification,20-30%,0-35,120,-107.0,1.0,0.5,2.966292134831461,4.2705371128078555,4.266666666666667,0.9216101314411643,5.386363636363637,8.084483872987837,1.9777777777777779,0.7109794166092752,5.95,11.873154377493574,18.609756097560975,1.2627089603994661,96.5,96.0,96.0,CCC_2014J
group3,F,London Region,A Level or Equivalent,60-70%,0-35,60,-77.0,1.0,0.5,3.6301369863013697,3.8097347870476233,6.391891891891892,0.8942317764362014,6.615384615384615,6.888645824510543,3.9,0.9860966422066363,6.794871794871795,7.164163326400469,48.175,1.400902457044246,99.0,96.0,96.0,CCC_2014J
group1,M,West Midlands Region,HE Qualification,60-70%,35-55,90,-35.0,0.5,1.0,5.6521739130434785,7.846350577899535,4.595744680851064,1.0890361137558624,12.95,14.616051018261432,2.4285714285714284,0.7578881603955958,6.96969696969697,12.128182181609203,35.26470588235294,0.805860020017477,90.0,77.5,72.66666666666667,CCC_2014J
group3,M,London Region,A Level or Equivalent,90-100%,35-55,60,-64.0,1.0,0.5,2.4655172413793105,2.0660023758678148,6.914529914529915,0.7691345625021275,4.4,4.318564576337836,3.3484848484848486,0.9263207134062705,3.433734939759036,3.004844751009071,30.916666666666668,1.457972600455022,100.0,100.0,100.0,CCC_2014J
group3,M,East Anglian Region,HE Qualification,70-80%,0-35,60,-37.0,0.5,1.0,8.028571428571428,8.205040467641231,3.7222222222222223,0.6224077451341207,15.8125,20.47508648740382,2.0,0.7276068751089989,18.071428571428573,20.77522298580427,23.733333333333334,1.0450193279472686,88.66666666666667,92.0,92.33333333333333,CCC_2014J
group3,F,London Region,A Level or Equivalent,80-90%,35-55,180,-38.0,0.8333333333333334,0.75,2.66,2.2302783266089046,5.336633663366337,0.670860286892933,4.473684210526316,4.363424536325858,7.931034482758621,1.55059595836148,5.16,5.9739570859946864,16.745098039215687,0.9829804520062037,88.0,75.0,78.0,CCC_2014J
group3,M,Wales,HE Qualification,90-100%,0-35,90,-66.0,0.5,1.0,2.622448979591837,2.4474489395701537,4.717171717171717,0.834497106424598,4.338983050847458,3.9243280535808376,3.65,1.0667647887564324,4.105263157894737,4.194742502425403,15.46551724137931,0.8161456472772809,93.66666666666667,44.0,92.66666666666667,CCC_2014J
group3,M,London Region,A Level or Equivalent,10-20,0-35,120,-88.0,0.5,1.0,2.865979381443299,3.4297377996824263,3.8469387755102042,0.9241776722977872,4.032258064516129,4.117008869394333,7.063492063492063,0.7749649250261786,6.857142857142857,8.189458278223064,37.111111111111114,1.3411653169809008,89.0,83.0,83.33333333333333,CCC_2014J
group3,F,East Midlands Region,A Level or Equivalent,50-60%,35-55,60,-53.0,0.6666666666666666,0.75,2.5392156862745097,3.956875376493179,5.660194174757281,1.0282700558865123,4.543859649122807,6.989967748338114,8.39655172413793,2.2698410526794404,3.5,5.155792061441376,18.093333333333334,1.3061630491740583,97.0,97.0,95.0,CCC_2014J
group3,F,South West Region,A Level or Equivalent,10-20,0-35,150,-74.0,0.5,1.0,1.8633093525179856,2.1676188727542933,4.542857142857143,0.9107886775697603,4.4035087719298245,5.354769733353911,2.8275862068965516,1.0632859622310886,2.8095238095238093,3.992390926835608,19.976470588235294,2.1978074249821105,95.0,79.0,84.66666666666667,CCC_2014J
group1,M,Scotland,HE Qualification,40-50%,0-35,120,-74.0,0.75,1.0,3.6805555555555554,4.41771845036884,4.657534246575342,1.042928071315427,7.848484848484849,10.115338637810192,6.205882352941177,1.1539189492327617,6.341463414634147,7.531964405444176,36.76190476190476,1.2227224552980145,72.66666666666667,61.0,61.333333333333336,CCC_2014J
group3,M,North Western Region,HE Qualification,50-60%,35-55,60,-38.0,0.5,1.0,1.3816425120772946,1.0493878047632779,5.3076923076923075,0.7814504311263117,3.263157894736842,5.355043531855757,1.8181818181818181,0.7964205637009345,1.7515527950310559,1.8235646955229647,19.35185185185185,1.2636206923692492,99.33333333333333,90.0,92.33333333333333,CCC_2014J
group3,M,South Region,A Level or Equivalent,70-80%,0-35,60,-9.0,0.5,1.0,2.6666666666666665,3.5180692992325913,3.627659574468085,0.7817380990459906,6.702702702702703,7.187430636824202,1.5789473684210527,0.49553562491061687,5.585365853658536,8.991594991312992,32.54761904761905,1.147093524218469,93.33333333333333,89.0,91.66666666666667,CCC_2014J
group3,F,East Anglian Region,A Level or Equivalent,0-10%,0-35,120,-71.0,0.5,1.0,1.1859504132231404,0.5178643961508248,4.283950617283951,0.7939886598752931,6.214285714285714,6.486517778591688,3.86046511627907,1.063760587403532,1.3653846153846154,0.8798077557655227,25.822966507177032,1.6674610945626456,99.33333333333333,94.0,90.66666666666667,CCC_2014J
group1,M,Wales,A Level or Equivalent,90-100%,35-55,60,-38.0,0.625,1.0,3.8125,3.571825374781991,3.8153846153846156,0.8325026209831464,11.166666666666666,14.04718937765718,1.631578947368421,0.8006241061929584,5.454545454545454,7.375176924813698,23.08888888888889,1.1932588555853902,76.33333333333333,63.5,68.0,CCC_2014J
group3,M,East Midlands Region,A Level or Equivalent,90-100%,0-35,120,-86.0,1.0,0.5,1.559782608695652,1.1483949152815522,6.794594594594595,1.2027013692184267,8.09375,16.07715143883072,4.333333333333333,1.3222147133698627,3.010752688172043,3.318245423137361,53.212765957446805,3.6359798246574284,100.0,96.0,100.0,CCC_2014J
group1,M,Wales,A Level or Equivalent,90-100%,0-35,120,-46.0,0.7142857142857143,0.875,5.224489795918367,6.532818770518233,4.58,1.443751599147314,10.0,12.372011423639515,7.823529411764706,1.4010406153325896,13.5,19.584657860922967,48.526315789473685,1.1810697176428682,85.0,60.0,66.33333333333333,CCC_2014J
group3,F,Yorkshire Region,A Level or Equivalent,50-60%,0-35,90,-29.0,1.0,0.5,2.252173913043478,2.3651099832030713,3.7241379310344827,1.095609457016745,3.024390243902439,3.7084341967343284,4.63855421686747,0.9696699130424438,7.53125,7.478935472809725,33.84848484848485,0.928398149217604,89.0,100.0,92.0,CCC_2014J
group1,M,South West Region,Lower Than A Level,70-80%,0-35,120,-23.0,0.625,1.0,7.484848484848484,7.738383278022339,5.0588235294117645,1.0055954864232262,10.857142857142858,12.329986675928382,5.5,1.5705306400576462,20.727272727272727,18.633791396765766,31.666666666666668,1.1133040839678534,78.33333333333333,43.5,52.0,CCC_2014J
group3,M,London Region,A Level or Equivalent,10-20,0-35,150,-66.0,0.5,1.0,1.6666666666666667,1.6768317464439755,4.97093023255814,0.8198646876673755,6.785714285714286,8.197369340922625,2.395348837209302,0.854810124390491,2.0357142857142856,2.130324777771515,15.099290780141844,1.631572433389963,99.33333333333333,96.0,97.66666666666667,CCC_2014J
group3,F,Yorkshire Region,Lower Than A Level,10-20,0-35,60,-71.0,0.5,1.0,2.2542372881355934,2.0262653139952516,5.504201680672269,0.9106457506820327,4.064516129032258,5.235036341777923,4.7936507936507935,1.088200587391091,3.918032786885246,4.454567251586521,28.70967741935484,1.2596527938144402,92.33333333333333,99.5,93.33333333333333,CCC_2014J
group3,M,Wales,Lower Than A Level,10-20,0-35,150,-57.0,0.5,1.0,1.8496732026143792,2.129897581643384,4.7272727272727275,1.0039282522952282,2.8876404494382024,4.862748479856351,3.3222222222222224,1.0645175504608664,3.451219512195122,4.372056156734411,39.31325301204819,1.1607102431400993,98.0,99.0,97.33333333333333,CCC_2014J
group1,M,South Region,Lower Than A Level,30-40%,0-35,30,-56.0,0.5,1.0,3.6363636363636362,4.388708870526641,4.653846153846154,1.113251056482733,6.7368421052631575,6.056866599275773,5.435897435897436,1.3784081035616411,2.256637168141593,3.0112253114149716,64.09649122807018,1.3147662632349908,91.0,78.0,88.33333333333333,CCC_2014J
group3,M,London Region,HE Qualification,30-40%,35-55,60,-71.0,0.5,1.0,2.0,1.7974340685458345,4.454545454545454,0.9786702013667203,3.2125,3.3703613223270255,5.802469135802469,0.8958836502094117,3.3661971830985915,4.466508500958529,19.77777777777778,1.002887668836095,91.33333333333333,93.5,90.66666666666667,CCC_2014J
group3,F,Scotland,A Level or Equivalent,20-30%,0-35,120,-60.0,0.5,1.0,3.4722222222222223,5.938587640271832,3.452054794520548,0.900924750966196,4.490909090909091,7.363253928631581,2.392857142857143,0.6732981235008932,9.64,17.625455076867283,31.384615384615383,1.155371463206998,93.66666666666667,91.5,82.0,CCC_2014J
group3,M,London Region,A Level or Equivalent,30-40%,35-55,120,-23.0,0.625,1.0,1.267605633802817,1.0589833119848726,8.74766355140187,1.0618051134669613,4.788461538461538,7.027499313862282,4.566037735849057,1.9595666985490507,1.4397905759162304,1.1310395582058606,38.697916666666664,2.1279628266375124,100.0,98.5,98.66666666666667,CCC_2014J
group3,F,Scotland,HE Qualification,90-100%,0-35,60,-57.0,1.0,0.5,6.195121951219512,7.345813475018008,3.857142857142857,0.9062098421482749,23.77777777777778,17.318904250686426,2.0,0.7071067811865476,20.25,26.6871606855159,68.84615384615384,0.7890372739016388,100.0,100.0,100.0,CCC_2014J
group3,F,Ireland,HE Qualification,90-100%,0-35,60,-24.0,0.625,1.0,2.904255319148936,3.279355919374892,4.852631578947369,0.9807891159239478,5.809523809523809,7.126857807388634,5.883720930232558,1.425393116225847,6.317073170731708,8.415577889813164,20.738095238095237,1.0893804328485093,98.0,94.5,96.66666666666667,CCC_2014J
group3,M,London Region,HE Qualification,40-50%,35-55,90,-79.0,0.5,1.0,1.9858156028368794,1.960268988841061,4.492957746478873,1.0381667091831879,3.3974358974358974,5.1227522624650454,4.227848101265823,1.3047435638879012,2.9473684210526314,4.4010840566228975,35.6875,1.23288032943056,93.33333333333333,87.0,84.0,CCC_2014J
group3,M,London Region,A Level or Equivalent,30-40%,0-35,60,-66.0,0.5,1.0,7.029411764705882,6.312495036266381,5.4,1.046817073186559,13.277777777777779,13.594140413971429,3.5789473684210527,0.7601675284305932,33.166666666666664,32.96917752487415,22.428571428571427,0.7057140883803589,87.0,76.5,69.0,CCC_2014J
group3,M,Wales,HE Qualification,20-30%,0-35,60,-81.0,0.5714285714285714,0.875,3.5588235294117645,4.162312621182247,11.014492753623188,0.9778927539496072,5.0,6.195399803354441,9.346938775510203,1.0559246332506091,7.333333333333333,8.391463916782737,36.14705882352941,1.25284756304021,97.0,96.5,98.0,CCC_2014J
group1,F,London Region,Lower Than A Level,10-20,0-35,120,-24.0,0.625,1.0,2.36697247706422,1.9132121063934049,2.809090909090909,0.8818339706245548,2.46,3.1668102040834194,5.376237623762377,0.8234948256099953,7.925925925925926,15.3596021731482,27.035714285714285,1.0149119647612335,72.33333333333333,42.5,40.666666666666664,CCC_2014J
group1,M,South West Region,HE Qualification,40-50%,0-35,60,-23.0,0.75,1.0,2.650485436893204,3.3946576767669656,4.3076923076923075,0.7983960323610056,5.404255319148936,8.476718947051863,3.7708333333333335,1.2983190311730564,3.819672131147541,8.239150839581532,20.93548387096774,1.0363146566317092,82.33333333333333,40.5,80.66666666666667,CCC_2014J
group1,F,South East Region,A Level or Equivalent,30-40%,35-55,30,-79.0,0.5,1.0,5.644444444444445,6.456693340161734,7.260869565217392,0.7391269041537473,7.257142857142857,7.558955954763226,14.694444444444445,2.0640116650075027,10.08,10.700155762106144,46.23076923076923,1.5335258993912897,97.33333333333333,96.0,97.66666666666667,CCC_2014J
group3,F,South West Region,A Level or Equivalent,40-50%,0-35,30,-57.0,1.0,0.5,3.9846153846153847,3.41637741114541,2.9696969696969697,0.7775885148172372,7.870967741935484,8.924654747697044,2.75,1.131809054362612,7.875,9.125469497422426,25.87878787878788,1.0996282564219726,93.5,92.0,92.0,CCC_2014J
group1,M,North Western Region,A Level or Equivalent,10-20,0-35,120,-7.0,0.75,1.0,5.9743589743589745,6.710114829542118,5.2,0.7896332756787621,14.3125,18.416365005070897,2.235294117647059,0.6424502955649317,12.8125,16.16258539549495,48.1764705882353,0.7927166475763823,68.66666666666667,21.5,58.666666666666664,CCC_2014J
group3,F,East Midlands Region,A Level or Equivalent,90-100%,0-35,90,-28.0,0.5714285714285714,0.875,5.16,5.953424670399588,4.215686274509804,0.7850688842743073,9.555555555555555,11.63328557774343,2.0,0.6546536707079771,9.75,12.680865421022611,54.96,1.1136974130899433,90.0,89.0,92.5,CCC_2014J
group1,M,South West Region,A Level or Equivalent,80-90%,0-35,120,-67.0,0.625,1.0,3.6923076923076925,5.055699373365287,4.106060606060606,0.7597265340439362,3.896551724137931,6.2986761493285055,3.76271186440678,1.2088532545581872,6.108108108108108,9.125007713189385,15.736842105263158,1.3187227778300232,63.0,68.0,55.666666666666664,CCC_2014J
group3,M,South Region,A Level or Equivalent,20-30%,35-55,120,-37.0,0.75,1.0,2.037593984962406,2.2101899515158707,4.544776119402985,1.276964736434036,2.955056179775281,3.7292154681878604,4.844444444444444,1.2768948268969986,13.61111111111111,12.88016664529064,17.473684210526315,1.4629936974785482,86.0,54.0,71.33333333333333,CCC_2014J
group3,M,London Region,A Level or Equivalent,0-10%,0-35,90,-8.0,1.0,0.5,3.6666666666666665,3.4298837537302287,3.671641791044776,0.7017348171395151,3.807017543859649,5.27608687682733,9.913793103448276,1.3706036091110108,10.19047619047619,12.126908293621451,25.818181818181817,0.8730335400153125,78.0,90.0,100.0,CCC_2014J
group3,M,East Anglian Region,A Level or Equivalent,50-60%,0-35,120,-66.0,0.8571428571428571,0.875,3.3194444444444446,3.8118657916788625,5.739726027397261,0.7525661788314689,4.956521739130435,6.606247957600039,1.7446808510638299,0.6737184057040553,5.975,9.121649367273838,34.170731707317074,1.499812798345273,40.0,73.5,89.0,CCC_2014J
group1,F,East Anglian Region,HE Qualification,60-70%,0-35,30,-36.0,0.5,1.0,4.074626865671642,4.204303108886003,2.7058823529411766,0.711603795797083,8.5,10.759919240819864,1.4516129032258065,0.7180219742846004,10.2,14.916433890176299,16.0,0.9872991519213492,72.66666666666667,63.0,67.33333333333333,CCC_2014J
group1,M,South East Region,A Level or Equivalent,70-80%,0-35,60,-53.0,0.5,1.0,3.5833333333333335,4.892506486281838,4.123287671232877,0.9362406829887611,5.0588235294117645,8.62881629125544,3.0576923076923075,1.0149587246624774,9.904761904761905,16.077639011698086,56.13636363636363,1.0289217010564424,62.333333333333336,51.0,58.0,CCC_2014J
group1,M,Scotland,Lower Than A Level,60-70%,35-55,60,-43.0,0.5,1.0,3.185185185185185,3.728642886866182,3.231707317073171,1.1621232455631583,8.678571428571429,10.832234376494148,12.448275862068966,0.8349951330306278,8.36,10.781465577554846,28.615384615384617,1.3386341041846028,81.33333333333333,73.0,67.66666666666667,CCC_2014J
group1,M,North Western Region,A Level or Equivalent,90-100%,0-35,90,-60.0,0.5714285714285714,0.875,6.7272727272727275,6.915890792554887,3.3529411764705883,0.8585743370696249,16.714285714285715,18.31950860706683,2.2,0.9986216395929745,13.5,23.908389973210475,23.0,0.5998796923549586,64.33333333333333,44.0,33.666666666666664,CCC_2014J
group3,M,East Midlands Region,A Level or Equivalent,10-20,35-55,60,-46.0,0.5,1.0,4.073529411764706,3.6254332791831385,4.217391304347826,1.839274649434007,13.19047619047619,8.358343422108518,4.954545454545454,1.5473069316870296,8.606060606060606,9.383960364431008,17.764705882352942,0.9822388766609101,98.33333333333333,97.0,98.33333333333333,CCC_2014J
group3,M,London Region,A Level or Equivalent,30-40%,0-35,120,-59.0,0.625,1.0,6.363636363636363,8.15002042825492,4.533333333333333,0.9705882352941175,19.46153846153846,24.292026759876666,1.7142857142857142,0.6400954789890507,12.65,18.556528146237522,92.33333333333333,0.8139630604016358,97.0,98.5,95.66666666666667,CCC_2014J
group3,M,East Anglian Region,A Level or Equivalent,90-100%,0-35,120,-23.0,0.625,1.0,4.526315789473684,6.861136055342788,4.706896551724138,1.3096608447985079,10.08695652173913,11.645963184641436,4.208333333333333,1.6217991028989103,13.470588235294118,17.76625188052767,31.5,0.9749960430435691,94.33333333333333,89.5,86.66666666666667,CCC_2014J
group3,M,North Western Region,Lower Than A Level,20-30%,0-35,120,-59.0,0.5,1.0,2.6262626262626263,3.293735112535332,5.2,0.9318493415065936,6.435897435897436,7.580427955544712,11.925,1.8127942120132057,5.511111111111111,11.091811521491104,43.02173913043478,1.3663672890731795,95.0,94.0,89.66666666666667,CCC_2014J
group3,F,South West Region,Lower Than A Level,20-30%,35-55,60,-22.0,0.5,1.0,2.1755725190839694,2.3841815755275735,4.303030303030303,0.9361298093938186,3.9571428571428573,4.870603076326601,5.929577464788732,1.8623963765456086,5.382978723404255,7.103438210654116,14.854166666666666,0.9813653756011685,98.66666666666667,95.0,96.0,CCC_2014J
group1,M,East Anglian Region,HE Qualification,60-70%,0-35,30,-8.0,0.5,1.0,3.753846153846154,4.660441131315954,7.4393939393939394,0.9333792464304589,4.647058823529412,7.3479889205462605,8.923076923076923,1.223879890238937,5.585365853658536,7.566292387147411,72.28571428571429,1.1804425745638887,76.33333333333333,48.5,70.33333333333333,CCC_2014J
group3,M,Scotland,Lower Than A Level,10-20,0-35,90,-25.0,1.0,0.625,1.4475138121546962,1.235474225675374,4.835164835164835,0.8375855698236806,2.0756302521008405,2.4187111845632354,4.708333333333333,2.0965309647851056,2.4019607843137254,3.4476561242273207,32.398058252427184,0.9151129203886033,69.66666666666667,79.0,94.0,CCC_2014J
group3,M,South Region,A Level or Equivalent,30-40%,35-55,90,-58.0,0.5,1.0,1.5617977528089888,1.3144572567295345,7.139664804469274,1.0657345935400548,3.2560975609756095,3.416774074589085,3.9156626506024095,1.080749247009334,2.030075187969925,2.6254576790736834,24.05223880597015,1.5924782360439487,100.0,99.0,95.33333333333333,CCC_2014J
group1,M,Scotland,Lower Than A Level,30-40%,0-35,120,-16.0,0.8571428571428571,0.875,2.525252525252525,2.8726132394277157,7.42,1.2711660025094011,5.658536585365853,6.850583026639269,5.880952380952381,1.498637560319182,4.169491525423729,5.7390151214805245,105.28333333333333,2.5926800563070405,56.0,58.0,46.0,CCC_2014J
group3,M,South Region,A Level or Equivalent,70-80%,0-35,60,-53.0,0.5,1.0,2.6470588235294117,2.7091595964944206,4.009708737864078,0.7235618788127813,4.107692307692307,4.747114508187701,2.0303030303030303,0.6584102985108291,7.620689655172414,14.857450735726234,17.733333333333334,1.311049464426879,91.66666666666667,89.0,84.0,CCC_2014J
group1,M,South Region,A Level or Equivalent,80-90%,0-35,120,-51.0,0.75,1.0,4.115942028985507,4.483749192374542,4.4,0.7629248385830917,6.2439024390243905,6.228083524668235,4.309523809523809,1.7963279360700146,6.2439024390243905,7.822341362421093,21.285714285714285,1.2641939202060066,66.0,50.5,73.0,CCC_2014J
group3,F,Scotland,HE Qualification,50-60%,55<=,60,-37.0,0.5,1.0,1.1124497991967872,0.764250121673384,13.428,0.6144524568621257,10.375,9.916225175898864,2.52,1.2403317203546858,1.244343891402715,1.1257430472687269,23.954954954954953,1.6330757156096467,100.0,97.5,98.0,CCC_2014J
group3,F,West Midlands Region,HE Qualification,60-70%,0-35,120,-36.0,1.0,0.625,1.2922374429223744,0.7520516392727834,5.2681818181818185,0.9204635280045195,3.52,7.039195285703492,2.6184210526315788,1.152354551384102,1.554945054945055,1.6735685719205418,13.278688524590164,1.3196289308610096,90.66666666666667,56.0,80.0,CCC_2014J
group3,F,North Western Region,A Level or Equivalent,90-100%,0-35,120,-45.0,0.625,1.0,3.5641025641025643,3.2973414855699845,3.1392405063291138,0.9175668805209397,9.961538461538462,12.697970764593121,3.6296296296296298,0.9064992781433799,6.846153846153846,11.226234456885875,16.4,1.175248527642202,90.33333333333333,75.0,79.33333333333333,CCC_2014J
group3,M,South East Region,A Level or Equivalent,10-20,0-35,120,-50.0,1.0,0.5,5.822222222222222,6.485259120388782,7.304347826086956,1.0144575642479403,13.1,10.542645228833825,3.7142857142857144,1.227158164118755,7.081081081081081,7.454969924592357,58.473684210526315,1.6418895131148878,80.5,88.0,92.0,CCC_2014J
group1,F,London Region,A Level or Equivalent,0-10%,0-35,120,-29.0,0.4,0.625,6.7272727272727275,7.530242058164229,2.911764705882353,1.1340605168112614,26.25,28.83326451959859,2.5555555555555554,0.7630403815123585,30.0,35.60898762952971,22.0,1.050383637117395,79.0,55.0,61.0,CCC_2014J
group3,M,West Midlands Region,A Level or Equivalent,0-10%,0-35,90,-8.0,0.625,1.0,2.4,2.142621218991681,4.18018018018018,1.0114809870472825,3.3698630136986303,3.813378675848829,9.18918918918919,2.02507849392916,6.0,9.338592095470355,17.488888888888887,1.2800200747090984,99.33333333333333,89.0,89.33333333333333,CCC_2014J
group3,F,East Anglian Region,A Level or Equivalent,50-60%,0-35,60,-23.0,0.5,1.0,3.160919540229885,2.6539727273724942,3.7613636363636362,0.9200921100457833,4.701754385964913,5.243924757962104,5.0,1.7518463166731775,8.172413793103448,7.887915556258199,25.8,0.9550626695889528,99.33333333333333,97.0,95.0,CCC_2014J
group3,M,Scotland,HE Qualification,90-100%,55<=,30,-36.0,0.5,1.0,3.119047619047619,3.391714787909559,5.023529411764706,0.7938937360386784,4.9245283018867925,4.995571333321042,3.685185185185185,0.8171200398140227,5.325581395348837,6.346055881346259,36.59090909090909,1.1309513528618398,98.66666666666667,97.0,98.0,CCC_2014J
group3,M,Yorkshire Region,HE Qualification,80-90%,55<=,30,-43.0,0.5,1.0,3.6202531645569622,4.167344962641095,6.075,0.868605259570409,8.89655172413793,11.890406780216342,3.0,0.6206328908341752,5.2,7.230081194155018,49.107142857142854,1.28684923696511,99.33333333333333,97.5,99.33333333333333,CCC_2014J
group3,M,North Region,A Level or Equivalent,70-80%,0-35,60,-45.0,1.0,0.5,3.2375,4.22842625661072,2.814814814814815,1.0400564655457634,11.727272727272727,15.763676807569562,1.9130434782608696,0.5749595745760689,6.073170731707317,8.612172327300582,37.5,0.9527281906666798,100.0,96.0,100.0,CCC_2014J
group3,M,Scotland,Post Graduate Qualification,90-100%,0-35,30,5.0,0.5,1.0,4.351851851851852,5.249105610814767,4.6909090909090905,0.9079700384758219,7.34375,14.340579407469404,4.212121212121212,1.494395443767439,11.19047619047619,17.32806696553037,32.13636363636363,2.035262384184823,85.66666666666667,60.5,76.0,CCC_2014J
group1,M,North Western Region,Lower Than A Level,0-10%,0-35,90,-22.0,0.8333333333333334,0.75,3.75,5.041247772573534,4.260869565217392,0.9561756277909682,9.423076923076923,13.372129454722092,4.62962962962963,2.0066768549021536,4.811320754716981,10.539407011076946,48.351851851851855,1.0930284029204203,88.33333333333333,77.5,83.0,CCC_2014J
group3,F,Scotland,A Level or Equivalent,90-100%,0-35,120,-36.0,0.5,1.0,2.2767857142857144,2.1147692627681716,5.336283185840708,1.0845948644715262,6.05,6.416924736735118,4.2439024390243905,1.9373357780121012,3.1298701298701297,3.5922088548128763,29.5,1.2301593134412316,83.0,82.0,88.33333333333333,CCC_2014J
group3,M,East Anglian Region,A Level or Equivalent,10-20,0-35,90,-46.0,1.0,0.5,3.6973684210526314,2.8000939833851066,2.779220779220779,0.7234091608798542,11.0,13.171939872319491,1.6363636363636365,0.6781419786518723,12.4375,16.44371713857099,12.647058823529411,1.023044375617942,91.0,96.0,96.0,CCC_2014J
group3,M,East Anglian Region,A Level or Equivalent,0-10%,0-35,120,-46.0,0.5,1.0,5.630434782608695,6.505924464678068,3.404255319148936,1.0348611017909601,14.0625,20.348525745124633,1.4705882352941178,0.5768882040742382,18.692307692307693,16.07992856215793,19.357142857142858,1.0781035006560973,96.66666666666667,85.0,89.66666666666667,CCC_2014J
group3,M,London Region,HE Qualification,30-40%,35-55,90,-23.0,0.5,1.0,2.6296296296296298,3.0983643336100384,5.155963302752293,0.9646393084084885,6.95,11.33397434084683,3.8048780487804876,0.8213637414643051,5.368421052631579,9.231031837822691,36.12820512820513,0.9814176109532129,94.33333333333333,97.5,97.33333333333333,CCC_2014J
group3,M,South Region,HE Qualification,80-90%,0-35,120,-4.0,0.42857142857142855,0.875,1.2036199095022624,0.8029409127824982,6.585585585585585,1.132007430944165,2.061946902654867,3.0245518730664527,3.0964912280701755,1.1961553006655763,1.5833333333333333,2.567453284339458,21.100591715976332,1.169641038145669,85.33333333333333,99.0,98.33333333333333,CCC_2014J
group1,F,East Anglian Region,A Level or Equivalent,80-90%,35-55,60,-30.0,1.0,0.5,3.8550724637681157,5.07089550717344,5.4,1.0449434059011766,7.0,8.321252504475707,3.051282051282051,1.3764079976740227,8.464285714285714,15.034484170922335,24.620689655172413,1.1453003625522444,81.5,50.0,75.0,CCC_2014J
group3,F,South East Region,A Level or Equivalent,10-20,0-35,90,-36.0,0.5,1.0,4.5,4.394211067881344,4.350877192982456,0.9515445574144478,6.552631578947368,7.762339325650703,4.153846153846154,1.271005492173017,10.0,11.743083070471743,27.318181818181817,1.4802939689732346,92.0,83.5,82.0,CCC_2014J
group3,F,Scotland,A Level or Equivalent,50-60%,35-55,90,-31.0,0.5,1.0,4.338983050847458,5.776319582009022,4.016666666666667,0.8749088356142234,9.76923076923077,12.228843583291733,5.185185185185185,1.3403091327856316,9.148148148148149,14.282058954408779,44.464285714285715,0.7441250141887067,97.66666666666667,99.5,97.33333333333333,CCC_2014J
group3,F,Yorkshire Region,A Level or Equivalent,70-80%,0-35,90,-15.0,0.5714285714285714,0.875,4.1692307692307695,5.644602595536595,6.742424242424242,0.7988282037956576,5.523809523809524,9.371045429974117,4.069767441860465,0.8857695835272515,10.043478260869565,16.134317634582406,99.04166666666667,1.5296355727558621,99.0,89.5,81.33333333333333,CCC_2014J
group3,F,South East Region,A Level or Equivalent,50-60%,0-35,60,-29.0,0.8,0.625,11.772727272727273,12.831998019021558,4.695652173913044,0.7442048628670414,22.545454545454547,15.769360395169084,2.6666666666666665,0.7071067811865476,22.545454545454547,22.88826614824127,31.583333333333332,0.9437320131119404,90.5,75.0,58.0,CCC_2014J
group3,M,South West Region,A Level or Equivalent,20-30%,0-35,150,-25.0,0.75,1.0,3.8955223880597014,4.799413879486993,4.823529411764706,1.2453960425486965,6.170731707317073,9.345861220412997,6.0,1.2530386347219387,9.25925925925926,15.129168446802947,35.67857142857143,2.2261188770828375,91.0,95.5,88.0,CCC_2014J
group3,F,Ireland,A Level or Equivalent,80-90%,0-35,150,-15.0,0.5,1.0,4.258064516129032,3.9997355808954302,5.666666666666667,1.0503865540840165,8.964285714285714,11.252924370060738,3.8620689655172415,1.4642857142857142,13.947368421052632,15.064578336874757,33.3,1.5154933663883159,84.33333333333333,72.0,71.66666666666667,CCC_2014J
group3,F,Scotland,A Level or Equivalent,20-30%,0-35,60,-18.0,0.5,1.0,1.8702290076335877,1.8908563243831553,5.265151515151516,1.231287345209795,2.6853932584269664,3.193016191692203,4.433333333333334,1.0031608138877757,4.938775510204081,6.272984946263973,40.64,1.2466801347670207,91.33333333333333,95.0,92.66666666666667,CCC_2014J
group1,M,Scotland,A Level or Equivalent,80-90%,35-55,60,-29.0,0.5,1.0,4.245901639344262,5.078240304491698,6.032258064516129,0.885232701368124,4.979591836734694,5.928356278368002,25.38,1.7741681088349592,6.230769230769231,8.57923299988972,39.575,1.3939165904196553,63.0,69.5,59.0,CCC_2014J
group1,F,Scotland,A Level or Equivalent,40-50%,0-35,120,-25.0,0.75,1.0,4.066666666666666,3.6632238587817727,3.4262295081967213,0.996387789283874,12.2,18.894722181492625,8.142857142857142,1.1180454592357219,26.25,31.367635732209266,30.444444444444443,0.7620486897513227,49.666666666666664,23.0,24.666666666666668,CCC_2014J
group3,M,London Region,A Level or Equivalent,20-30%,0-35,120,-35.0,0.5714285714285714,0.875,2.8369565217391304,2.66963871249121,4.817204301075269,1.2073561466261387,6.970588235294118,8.663700987165294,5.257142857142857,1.6559952946427767,9.0,11.123276168794549,29.083333333333332,0.9071607896906868,85.33333333333333,73.0,85.66666666666667,CCC_2014J
group3,M,South West Region,HE Qualification,70-80%,55<=,120,-38.0,0.5,1.0,1.7961783439490446,1.6398047628596646,5.2594936708860756,1.227767705100978,4.618181818181818,5.37997283860316,12.25,2.714263793506257,1.9708029197080292,1.8025374510240704,25.333333333333332,1.3159067453460784,100.0,100.0,98.33333333333333,CCC_2014J
group1,M,East Anglian Region,Lower Than A Level,80-90%,0-35,60,-38.0,1.0,0.5,2.28,2.8329854308861,6.055555555555555,1.1132932614925077,3.2,4.277534020589117,51.60526315789474,1.2816333058874394,4.8,7.68513008932158,17.098039215686274,0.9868690644957494,65.0,73.0,79.0,CCC_2014J
group1,M,East Midlands Region,A Level or Equivalent,20-30%,0-35,120,-34.0,0.625,1.0,8.931034482758621,9.971140622827313,4.466666666666667,0.7508812673495681,12.166666666666666,15.591287159632383,9.526315789473685,1.2722066709060114,26.5,33.166247903554,31.11111111111111,0.9988386113024322,17.333333333333332,15.0,11.0,CCC_2014J
group3,M,South East Region,Post Graduate Qualification,40-50%,35-55,90,-28.0,0.5,1.0,1.9574468085106382,2.3356624646845208,4.957746478873239,1.0745097863638728,5.886363636363637,6.895282880653145,3.2222222222222223,1.0827805840074194,3.046511627906977,3.9761257429050976,9.114942528735632,1.458261430546441,98.66666666666667,98.0,94.0,CCC_2014J
group1,F,Scotland,A Level or Equivalent,40-50%,0-35,30,-23.0,0.875,1.0,3.460526315789474,4.532668939962221,6.974025974025974,0.9136123363241551,5.2682926829268295,6.4692518510408235,3.142857142857143,0.7994488459559345,6.4324324324324325,9.388351353733048,43.8421052631579,1.3236691881885703,71.66666666666667,40.0,59.333333333333336,CCC_2014J
group3,F,North Region,A Level or Equivalent,70-80%,0-35,120,-22.0,1.0,0.5,13.526315789473685,12.694567609163604,6.05,1.1252726980164875,25.7,23.27158496249593,1.9090909090909092,0.6494372236659931,28.714285714285715,34.64445258967293,49.875,0.7245448884949255,89.0,77.0,83.0,CCC_2014J
group3,M,Scotland,HE Qualification,40-50%,0-35,60,-23.0,0.5,1.0,2.316666666666667,3.259074811576283,5.140495867768595,1.044847871696586,5.354166666666667,7.703244918182436,3.0,1.2103109549656033,5.270833333333333,7.505287734099952,24.142857142857142,1.433125833667135,95.66666666666667,75.0,94.66666666666667,CCC_2014J
group1,F,South Region,A Level or Equivalent,80-90%,0-35,30,-23.0,0.75,1.0,3.589041095890411,3.627960922697625,5.175675675675675,0.864860583987395,6.526315789473684,6.267620963829134,11.128205128205128,1.6504806283798483,8.115384615384615,12.64698200544912,18.666666666666668,0.8619655990105121,75.66666666666667,68.5,77.33333333333333,CCC_2014J
group3,F,East Anglian Region,A Level or Equivalent,80-90%,0-35,120,-28.0,0.5,1.0,3.5652173913043477,4.192003104194394,3.2714285714285714,0.8582646997550557,5.9743589743589745,7.2165277387805,2.425,0.9533156419292548,13.466666666666667,15.756480148391857,34.125,1.04234822528441,98.66666666666667,97.5,97.33333333333333,CCC_2014J
group3,F,London Region,HE Qualification,20-30%,0-35,30,-29.0,0.5,1.0,3.2666666666666666,4.097901022815558,4.565789473684211,0.9745364879485259,4.634615384615385,6.003361300804239,13.075471698113208,5.70882192471765,9.23076923076923,11.107862773036738,18.185185185185187,1.1962806847989906,90.66666666666667,88.0,71.33333333333333,CCC_2014J
group3,M,Scotland,A Level or Equivalent,90-100%,0-35,120,-9.0,0.5,1.0,2.256198347107438,2.5084155876430403,4.426229508196721,1.02676793899532,2.8505747126436782,3.674325553147938,3.9318181818181817,0.8337135911690355,6.404761904761905,10.118949920960356,59.06976744186046,1.5922572124396428,97.33333333333333,95.0,97.0,CCC_2014J
group1,M,Scotland,HE Qualification,80-90%,0-35,30,-22.0,0.5,1.0,6.175,6.663669197933461,3.731707317073171,0.9092722509318456,12.631578947368421,17.957389461091218,1.85,0.8927105170223645,12.555555555555555,20.903763303803405,16.526315789473685,0.5781811830782276,70.0,49.0,62.666666666666664,CCC_2014J
group1,M,Scotland,Lower Than A Level,40-50%,35-55,60,-23.0,0.5,1.0,3.392857142857143,3.322134083825067,5.847058823529411,1.0070337107198104,5.816326530612245,8.373254717123034,7.38,0.9414721515836818,7.315789473684211,10.358715518717755,27.333333333333332,1.6418080868320437,84.66666666666667,75.0,77.33333333333333,CCC_2014J
group3,M,Scotland,A Level or Equivalent,80-90%,0-35,90,-23.0,0.875,1.0,4.581818181818182,7.465205484733354,4.321428571428571,1.1345816230340369,22.9,20.6852067376127,6.7272727272727275,1.6553916160484698,10.173913043478262,16.915974628393673,13.416666666666666,1.3059292395000095,98.0,65.0,90.33333333333333,CCC_2014J
group3,F,Scotland,A Level or Equivalent,80-90%,0-35,30,-28.0,0.75,1.0,4.4655172413793105,5.255625281180988,3.1016949152542375,0.8175564681645922,9.961538461538462,12.430545504460435,2.037037037037037,0.5586287816631714,26.444444444444443,21.605040564131738,23.1,1.0299846719756505,82.66666666666667,89.0,87.33333333333333,CCC_2014J
group3,M,Scotland,HE Qualification,30-40%,0-35,120,-23.0,0.5,1.0,6.885714285714286,5.924879887446856,3.2222222222222223,0.6748408893372734,14.5625,10.006456249175661,2.411764705882353,0.7259939544457179,14.0625,9.732890971682908,19.470588235294116,1.1447958721637084,96.33333333333333,98.0,95.33333333333333,CCC_2014J
group1,M,Scotland,A Level or Equivalent,60-70%,0-35,90,-16.0,1.0,0.5,5.378378378378378,5.789604435496394,5.157894736842105,0.8195726276308175,9.045454545454545,17.71595265163515,20.91304347826087,1.3506987069454717,10.31578947368421,10.535931280775152,34.85,1.1738177389737463,71.5,29.0,57.0,CCC_2014J
group3,M,London Region,A Level or Equivalent,20-30%,35-55,120,-17.0,0.8,0.625,1.2236842105263157,0.8592387401723867,8.895196506550219,0.8292333363278606,2.8043478260869565,4.256189108092046,8.956989247311828,2.923827608889817,1.336734693877551,0.8764014716487594,63.40609137055838,2.0159500392026892,100.0,96.0,100.0,CCC_2014J
group3,M,South West Region,A Level or Equivalent,10-20,0-35,120,-23.0,0.5,1.0,4.164179104477612,4.57793461080091,3.7794117647058822,1.0001968042044322,10.347826086956522,13.832138780431126,2.6666666666666665,0.7856128181235336,15.8125,18.533640584983118,32.0,1.3663245701085642,91.33333333333333,44.0,84.0,CCC_2014J
group3,F,East Midlands Region,A Level or Equivalent,50-60%,0-35,120,-23.0,0.5,1.0,3.391891891891892,3.178771915734459,3.7466666666666666,0.7029167945860977,6.151515151515151,5.4148015436926,14.588235294117647,1.1241686719143313,6.2894736842105265,5.867491267105477,41.15384615384615,0.8220630731031415,98.66666666666667,95.5,95.66666666666667,CCC_2014J
group3,M,London Region,A Level or Equivalent,30-40%,0-35,120,-23.0,0.6666666666666666,0.75,7.5,8.88176301675035,3.918918918918919,0.7606243133220543,12.944444444444445,13.674674841697106,2.8947368421052633,0.9437046743535257,17.53846153846154,21.247020907315395,49.92857142857143,0.9505972187946491,82.66666666666667,77.0,92.0,CCC_2014J
group1,M,South East Region,A Level or Equivalent,20-30%,0-35,60,-23.0,0.625,1.0,11.55,10.71386214701604,2.1904761904761907,1.0412113056372214,22.5,14.679918255903198,1.0,0.0,56.0,22.135943621178654,61.0,0.5760610018759209,72.0,66.5,25.0,CCC_2014J
group3,M,Wales,HE Qualification,90-100%,0-35,60,-10.0,0.5,1.0,4.174603174603175,4.334928218848659,3.71875,0.8680717010793608,7.228571428571429,7.046424684926117,3.5555555555555554,1.5368202257421004,11.833333333333334,16.446884203398525,20.526315789473685,1.492105017517353,97.33333333333333,92.5,98.0,CCC_2014J
group1,M,East Anglian Region,A Level or Equivalent,80-90%,0-35,30,-16.0,1.0,0.5,3.8405797101449277,5.797116901087677,4.0,1.0889050857234004,3.753846153846154,6.252576392053243,7.166666666666667,1.9232917314136448,4.934782608695652,7.998339199589552,38.851063829787236,1.7607042050198682,91.5,33.0,77.0,CCC_2014J
group3,F,South West Region,A Level or Equivalent,70-80%,0-35,60,-20.0,0.5,1.0,4.107692307692307,6.853655678092251,4.954545454545454,0.8302794532475727,5.7555555555555555,8.995341106159433,3.0217391304347827,1.0566726617174371,6.256410256410256,7.14775617614201,33.625,0.9333431715197854,100.0,89.5,96.0,CCC_2014J
group3,M,South East Region,A Level or Equivalent,80-90%,0-35,90,-15.0,0.5,1.0,1.74375,1.6869714406324232,5.0,0.9301038478051057,1.9618320610687023,1.858057629944494,19.689393939393938,1.278601216262686,4.426229508196721,5.113573494121447,8.838709677419354,1.741059532160865,84.0,95.0,97.33333333333333,CCC_2014J
group3,M,South East Region,HE Qualification,90-100%,55<=,60,-16.0,0.5,1.0,2.6956521739130435,2.3334129624890028,4.731182795698925,0.8876622189076389,3.103896103896104,3.2264711682564107,5.128205128205129,0.8700287351576383,5.065217391304348,5.109477789855257,31.27659574468085,0.862841975509048,95.66666666666667,97.5,98.66666666666667,CCC_2014J
group3,M,London Region,HE Qualification,40-50%,35-55,30,-13.0,0.5,1.0,2.283333333333333,2.050551609875232,4.975206611570248,0.8646015840618505,3.5128205128205128,3.6883234136568883,3.759493670886076,1.357766808212503,5.26530612244898,6.294096143093416,19.38,1.0090795009352858,87.66666666666667,92.5,97.0,CCC_2014J
group3,M,Scotland,HE Qualification,80-90%,55<=,30,-22.0,0.625,1.0,2.375,2.302075052979279,7.20353982300885,0.9702795718683114,3.1927710843373496,3.179422525129372,13.845238095238095,2.2178985547545444,3.0344827586206895,3.515574238918933,27.375,1.0778832247863666,86.33333333333333,90.0,90.33333333333333,CCC_2014J
group1,M,Scotland,Lower Than A Level,50-60%,55<=,30,-123.0,0.625,1.0,3.0588235294117645,4.095156666508536,6.825581395348837,0.9349599056129763,4.126984126984127,5.359622228779549,18.453125,1.258561951968935,4.0625,6.243409223345745,34.246153846153845,1.0209792076354791,71.66666666666667,44.0,50.333333333333336,CCC_2014J
group3,M,East Midlands Region,A Level or Equivalent,80-90%,35-55,60,-30.0,0.5,1.0,3.1797752808988764,3.2388332556676,3.522222222222222,0.8665667392662171,6.888888888888889,9.139483504561882,2.918918918918919,0.809854429839625,6.243243243243243,7.715084090437545,34.0,1.074615634359517,85.66666666666667,95.5,96.33333333333333,CCC_2014J
group1,M,Scotland,A Level or Equivalent,40-50%,35-55,60,-92.0,0.5714285714285714,0.875,3.3376623376623376,4.612940578331871,4.897435897435898,0.9222390854794046,11.681818181818182,12.506708156735286,3.6956521739130435,0.9112901991076275,6.837837837837838,12.83985443304798,24.57894736842105,1.026026688678216,41.5,38.0,35.333333333333336,CCC_2014J
group3,M,Scotland,A Level or Equivalent,80-90%,35-55,60,-22.0,0.5,1.0,4.311475409836065,4.096913405669189,2.9193548387096775,0.8145565266410653,9.695652173913043,10.253313356306277,3.6666666666666665,1.278396464584112,9.875,12.89864333951443,13.28,1.3351088362328454,95.33333333333333,64.0,88.66666666666667,CCC_2014J
group3,M,East Midlands Region,A Level or Equivalent,60-70%,35-55,240,-23.0,0.5,1.0,4.88,4.3548706018874626,3.823529411764706,1.0496171932973866,14.235294117647058,17.72896433722478,8.61111111111111,1.506765871759673,9.875,10.613004737830723,13.12,0.9713895001365879,99.33333333333333,90.0,96.33333333333333,CCC_2014J
group3,M,North Western Region,HE Qualification,80-90%,35-55,60,-144.0,0.5,1.0,1.036101083032491,0.26675036618745557,11.820143884892087,1.0048287737233386,2.4814814814814814,2.8595845769840214,5.229357798165138,0.8930531113260414,1.2085106382978723,0.9216831934425068,27.35593220338983,1.464771025874198,92.33333333333333,93.0,99.33333333333333,CCC_2014J
group3,M,North Region,HE Qualification,80-90%,35-55,120,-34.0,0.5,1.0,3.4691358024691357,3.021119079716515,4.134146341463414,1.093408901193246,6.232558139534884,9.004859030393181,4.659090909090909,1.2589808253583012,10.708333333333334,9.552960691378066,54.08,1.4463219815293908,98.66666666666667,87.5,93.66666666666667,CCC_2014J
group3,M,East Midlands Region,A Level or Equivalent,60-70%,35-55,150,-36.0,0.7142857142857143,0.875,5.958333333333333,7.612862389329343,5.795918367346939,1.387297132793052,26.0,26.5329983228432,5.2727272727272725,2.0902639377288685,10.391304347826088,15.98220354142462,36.208333333333336,1.1384934375607494,98.0,92.5,87.5,CCC_2014J
group1,F,East Anglian Region,Lower Than A Level,40-50%,35-55,120,-81.0,1.0,0.5,7.0,8.375789285425354,5.390243902439025,1.2601789645547703,19.923076923076923,20.882454910209265,2.357142857142857,0.6728364639749853,14.875,22.294618184665104,41.76470588235294,1.7804231981556653,88.0,54.0,98.0,CCC_2014J
group3,M,Wales,HE Qualification,20-30%,35-55,90,-28.0,0.8571428571428571,0.875,5.918918918918919,7.150673543948998,4.421052631578948,1.0805825883099958,17.5,16.053886530285205,3.0,0.9696241231378994,20.666666666666668,28.6574597618142,18.2,0.6927436269219555,91.0,56.0,83.0,CCC_2014J
group3,F,East Anglian Region,A Level or Equivalent,30-40%,35-55,90,-17.0,1.0,0.5,2.694736842105263,2.560226403762338,3.84375,1.1348479146418693,11.08695652173913,11.216518028329553,2.5833333333333335,1.5641003770839557,4.0701754385964914,4.395044486703206,14.637931034482758,0.7817745587053393,93.5,92.0,92.0,CCC_2014J
group3,M,East Anglian Region,HE Qualification,60-70%,35-55,60,-73.0,0.5,1.0,5.0,3.8133537295491835,4.02,0.9704553669372674,11.8,13.016588606365664,4.380952380952381,1.4917859534171967,14.25,17.299325613059796,18.294117647058822,1.0108436998239054,88.0,88.5,95.66666666666667,CCC_2014J
group3,M,South West Region,A Level or Equivalent,70-80%,35-55,120,-79.0,0.5,1.0,3.271604938271605,3.3279586298473287,4.2560975609756095,0.8828051864185614,5.425531914893617,6.549957453731927,30.916666666666668,2.144141743147214,5.196078431372549,6.462258453027508,29.326923076923077,1.512849700600968,94.0,87.5,90.66666666666667,CCC_2014J
group3,M,South Region,A Level or Equivalent,20-30%,35-55,30,-18.0,1.0,0.5,3.1704545454545454,4.929903104382458,5.292134831460674,1.0015652122783179,7.15625,9.249618562318508,8.818181818181818,0.9832623415207192,7.774193548387097,10.154505329883069,26.09375,1.0128246450882603,82.0,96.0,79.0,CCC_2014J
group1,F,East Midlands Region,Lower Than A Level,80-90%,35-55,90,-74.0,1.0,0.5,5.361702127659575,6.151795538225064,3.6041666666666665,0.6549671166452034,9.291666666666666,9.01920254195201,1.68,0.7663560447348134,10.363636363636363,17.379641769954528,30.17391304347826,1.3352552540098697,96.5,88.0,85.0,CCC_2014J
group3,M,Wales,HE Qualification,30-40%,55<=,60,-156.0,1.0,0.5,1.5909090909090908,1.1377809343390557,5.943502824858757,1.0509121547677323,3.3766233766233764,4.177127447367583,9.923076923076923,1.6259739969679021,2.0454545454545454,2.010900206161282,14.518796992481203,1.0779876233471861,89.0,92.0,96.0,CCC_2014J
group1,M,South West Region,HE Qualification,30-40%,35-55,60,-18.0,0.5,1.0,2.8969072164948453,3.507386657952739,3.2551020408163267,0.7718540597018889,3.175675675675676,3.9286726403825805,23.986666666666668,1.0669228322702973,10.681818181818182,12.229497375632658,20.565217391304348,1.1079878190991952,91.0,93.5,81.66666666666667,CCC_2014J
group1,M,Yorkshire Region,A Level or Equivalent,10-20,35-55,30,-45.0,1.0,0.625,7.394736842105263,9.47411687015823,5.17948717948718,0.8431261354195045,12.866666666666667,18.93925125487378,5.4375,0.8649759416160547,10.0,17.658374268832958,33.083333333333336,0.899716941474829,77.66666666666667,46.0,92.0,CCC_2014J
group3,M,Yorkshire Region,HE Qualification,80-90%,55<=,60,-34.0,0.625,1.0,1.37,0.8583611824855489,3.746268656716418,0.9633693511102709,6.0,7.745966692414834,6.840909090909091,1.0030967161952526,1.5084745762711864,1.0286721585915142,15.696629213483146,1.0101774615021484,92.66666666666667,87.5,88.0,CCC_2014J
group1,M,South Region,HE Qualification,70-80%,55<=,60,-21.0,0.8571428571428571,0.875,2.6930693069306932,3.2611120013192614,5.411764705882353,0.8986968090693211,5.132075471698113,6.315541684085796,9.462962962962964,1.2245814805028137,4.225806451612903,6.033837250201972,14.285714285714286,1.0758975581139476,93.5,81.5,83.33333333333333,CCC_2014J
group3,F,South Region,HE Qualification,90-100%,35-55,120,-74.0,1.0,0.5,1.75,1.3940055716324562,6.496969696969697,0.7370205888624942,6.2682926829268295,6.273055038192724,5.166666666666667,1.4045626345735938,1.8287671232876712,1.5283959996026302,22.102040816326532,0.9670084044866103,97.0,100.0,96.0,CCC_2014J
group1,F,North Western Region,A Level or Equivalent,50-60%,35-55,30,-86.0,1.0,0.5,4.711538461538462,6.951756833845893,3.0754716981132075,0.6739536758213233,8.074074074074074,10.568188571681038,2.4642857142857144,0.8503924986771362,10.894736842105264,16.92760643591181,18.1,0.9559607697255019,91.5,46.0,77.0,CCC_2014J
group3,F,Wales,HE Qualification,0-10%,35-55,210,-18.0,0.625,1.0,2.9148936170212765,3.487796156826216,6.757894736842105,1.111854983377549,4.884615384615385,6.896017168652272,2.6037735849056602,0.9328426111161793,5.829787234042553,8.424393021448696,49.8125,1.3103233305148738,100.0,92.5,96.0,CCC_2014J
group1,M,South Region,HE Qualification,90-100%,35-55,90,-21.0,0.625,1.0,3.6285714285714286,4.222683495198417,2.9014084507042255,0.9870497108457347,12.333333333333334,12.569805089976535,1.9473684210526316,0.716088718891447,16.142857142857142,23.174445949255077,24.0,0.7394317137229504,70.33333333333333,74.5,36.333333333333336,CCC_2014J
group3,M,Scotland,HE Qualification,40-50%,35-55,60,-38.0,1.0,0.5,2.5514018691588785,3.0070158367787134,3.537037037037037,0.7067287139906375,7.911764705882353,9.799095960338827,1.542857142857143,0.6452315329697905,4.014925373134329,6.212139965333356,15.382352941176471,1.030429541136266,98.5,96.0,100.0,CCC_2014J
group3,M,East Midlands Region,A Level or Equivalent,30-40%,35-55,70,-29.0,0.5,1.0,4.7924528301886795,6.839811318152316,3.537037037037037,0.7025272840626112,7.470588235294118,9.730412474105147,2.742857142857143,1.0101481602000546,25.4,29.744093718099922,19.727272727272727,0.9535273809511368,93.0,95.0,89.66666666666667,CCC_2014J
group3,M,East Anglian Region,HE Qualification,80-90%,35-55,30,-1.0,0.625,1.0,3.3076923076923075,3.665591826235353,4.810126582278481,1.2934792780169617,7.903225806451613,10.737333122365401,6.53125,2.135317231690032,3.5694444444444446,5.820861919838664,30.561643835616437,1.6826178174719717,97.0,97.0,95.33333333333333,CCC_2014J
group3,M,Wales,Lower Than A Level,10-20,35-55,60,-106.0,0.5,1.0,2.6203703703703702,3.297457509926107,7.385321100917431,0.9936412933977825,6.0476190476190474,6.172133998483677,2.372093023255814,0.686554564706337,4.075757575757576,7.091296086504934,91.25373134328358,1.125201093576044,87.33333333333333,87.0,86.33333333333333,CCC_2014J
group1,F,South West Region,HE Qualification,40-50%,35-55,30,-22.0,0.625,1.0,1.5026178010471205,1.2047028266437998,5.276041666666667,0.8286975977801085,2.508771929824561,2.2586926049834366,4.852173913043479,1.0506072744967663,1.5174418604651163,1.1106809312772736,18.13872832369942,1.1240481075720168,67.33333333333333,88.5,63.333333333333336,CCC_2014J
group3,M,Scotland,HE Qualification,40-50%,35-55,120,-7.0,0.5,1.0,1.5168539325842696,1.3868825306005594,3.653631284916201,0.8603088411023971,1.6827586206896552,1.9210220380042713,5.815068493150685,2.531472975721822,3.8225806451612905,4.178493702823697,34.111111111111114,0.9665747918002446,94.33333333333333,92.0,95.0,CCC_2014J
group3,F,Scotland,Lower Than A Level,80-90%,0-35,90,-78.0,0.5,1.0,1.5519125683060109,1.328588506982175,10.58695652173913,0.8442821700896573,3.3333333333333335,4.57470522852871,12.039473684210526,1.1479484054264357,1.7278481012658229,1.7689780207584007,26.91194968553459,1.2164866300803119,98.0,95.5,99.0,CCC_2014J
group3,F,Scotland,A Level or Equivalent,40-50%,0-35,60,-36.0,1.0,0.5,7.818181818181818,10.187168845705322,5.411764705882353,0.9142073327527948,12.95,20.45913770884476,7.571428571428571,1.339223964061537,10.727272727272727,18.145396420453626,46.56521739130435,0.8277414932230776,91.5,100.0,96.0,CCC_2014J
group3,M,London Region,HE Qualification,80-90%,35-55,30,2.0,0.5,1.0,1.8391608391608392,1.292722586333275,6.590277777777778,0.9075143262207859,3.9672131147540983,4.868152329562535,3.338709677419355,1.3143381942238221,2.0546875,1.4651252600235434,13.651162790697674,1.498557004895726,99.33333333333333,97.0,92.33333333333333,CCC_2014J
group3,F,East Midlands Region,Lower Than A Level,80-90%,0-35,120,-37.0,0.625,1.0,2.8735632183908044,2.908706248413822,5.215909090909091,0.9648809259571166,4.032258064516129,5.41996231895281,6.126984126984127,0.9777587851507041,6.368421052631579,8.018293451350932,19.076923076923077,1.733536476863016,99.33333333333333,87.5,94.0,CCC_2014J
group1,M,North Region,Lower Than A Level,40-50%,35-55,30,-36.0,0.2,0.625,7.193548387096774,7.011511272370647,3.5,0.9556491543042609,12.0,13.776410043411547,2.4285714285714284,0.7789029045506356,46.333333333333336,69.13995468130807,10.5,1.1847481242499742,40.5,55.0,41.5,CCC_2014J
group3,M,South East Region,A Level or Equivalent,60-70%,35-55,60,-37.0,0.5,1.0,2.1343283582089554,2.0475220482297027,3.437037037037037,0.8577044689196601,3.875,4.475087535535392,3.9726027397260273,1.1569055449570795,5.191489361702128,6.60578895617927,21.229166666666668,0.9767541842357836,88.66666666666667,89.0,87.66666666666667,CCC_2014J
group1,M,London Region,HE Qualification,50-60%,55<=,60,-29.0,0.5,1.0,2.581818181818182,3.546239300674454,6.207207207207207,0.856067466070167,5.163636363636364,6.99408119177721,3.3392857142857144,1.0316144224025312,4.65,8.163218458011542,30.24590163934426,0.8975508293156798,93.66666666666667,81.5,88.33333333333333,CCC_2014J
group3,M,London Region,HE Qualification,0-10%,35-55,30,-77.0,0.5,1.0,1.3798076923076923,1.122874142391162,8.205741626794259,0.6436488517169658,3.119565217391304,3.955361895070371,2.3118279569892475,1.234881531115301,1.5747126436781609,1.4315373030057643,20.914285714285715,1.1258985681554237,96.33333333333333,100.0,97.33333333333333,CCC_2014J
group1,M,Scotland,A Level or Equivalent,90-100%,35-55,30,-25.0,0.75,1.0,4.5344827586206895,4.802103037984173,3.3220338983050848,0.8944155495873308,13.263157894736842,17.103742622476126,1.6,0.4592793267718458,11.647058823529411,19.656236848868694,20.27777777777778,0.9009367323425066,41.0,30.0,46.666666666666664,CCC_2014J
group3,M,London Region,Post Graduate Qualification,10-20,35-55,60,-52.0,0.625,1.0,2.3983050847457625,2.418376337805176,5.050420168067227,1.0131567685377687,3.9242424242424243,4.081140888980795,12.35820895522388,1.541895493840502,6.512195121951219,6.932250540839938,35.45238095238095,1.3302325618400934,94.33333333333333,92.5,92.33333333333333,CCC_2014J
group1,M,South West Region,A Level or Equivalent,20-30%,35-55,30,-147.0,0.5,1.0,3.1379310344827585,3.2175840054919704,4.204545454545454,0.9514588391366282,10.2,9.464847243000454,4.846153846153846,1.9073395257571464,5.530612244897959,9.916530897144101,15.48,0.9238620509274901,68.33333333333333,59.5,62.333333333333336,CCC_2014J
group3,F,Scotland,Lower Than A Level,10-20,35-55,30,-50.0,1.0,0.5,2.106060606060606,1.946841543705822,4.796992481203008,1.0073310547254708,3.271604938271605,3.3015615459923366,3.6707317073170733,1.4308604083386764,6.097560975609756,8.052344000503147,28.238095238095237,1.210473119674374,94.5,96.0,92.0,CCC_2014J
group3,M,East Midlands Region,A Level or Equivalent,50-60%,0-35,60,-70.0,0.5,1.0,3.5405405405405403,4.460447760523753,3.4133333333333336,0.8951536453749851,9.25,10.637547057823406,6.172413793103448,2.9510852607935,9.518518518518519,13.360016036293837,15.571428571428571,1.2096879086331487,98.66666666666667,100.0,96.66666666666667,CCC_2014J
group3,F,Scotland,HE Qualification,20-30%,35-55,60,-142.0,0.5,1.0,1.304147465437788,0.8658282998493033,7.784403669724771,0.8763338406060398,4.564516129032258,4.734321727665649,3.0793650793650795,1.1268753337682234,1.3804878048780487,1.0007887850353396,32.33495145631068,1.3640348393630073,96.66666666666667,89.0,90.33333333333333,CCC_2014J
group1,M,South Region,Lower Than A Level,30-40%,35-55,30,-16.0,0.5,1.0,2.21875,2.27944426159805,4.558139534883721,1.1450037541913625,5.18,8.886334383507645,3.627450980392157,1.2685554843208806,3.4216867469879517,4.054869045215469,18.464285714285715,2.3319434834260906,83.66666666666667,53.5,76.66666666666667,CCC_2014J
group1,M,East Midlands Region,A Level or Equivalent,60-70%,0-35,150,-135.0,0.5714285714285714,0.875,3.547945205479452,4.304523124608483,4.135135135135135,1.1407616282866604,6.972972972972973,10.930300612127347,10.68421052631579,1.2036248002828194,15.235294117647058,19.008318612402,40.5,1.4770681863990793,76.66666666666667,59.0,51.5,CCC_2014J
group1,F,Wales,HE Qualification,90-100%,35-55,30,-25.0,0.625,1.0,2.2601626016260163,2.2207567694553356,7.975806451612903,1.014277685370684,4.03125,6.563411690262392,5.2153846153846155,1.1418025159554401,2.3363636363636364,2.4950493099768627,32.65765765765766,1.3050714068326772,94.66666666666667,52.0,78.0,CCC_2014J
group3,F,North Western Region,Lower Than A Level,0-10%,0-35,60,-23.0,0.5,1.0,1.6809815950920246,1.451714701218267,3.847560975609756,0.910162650762903,3.6338028169014085,2.8895844319096833,3.0,1.1967032904743342,1.8888888888888888,1.4694230092452965,32.13970588235294,1.6789448480664908,98.66666666666667,97.0,98.33333333333333,CCC_2014J
group3,M,South West Region,HE Qualification,90-100%,35-55,30,-35.0,1.0,0.5,5.58,6.220735569079284,3.3529411764705883,0.9862083735126452,14.882352941176471,17.884638495581818,2.0555555555555554,0.677834389404565,20.363636363636363,23.884190282581184,20.5,1.0775041849984957,36.5,81.0,77.0,CCC_2014J
group3,M,London Region,A Level or Equivalent,90-100%,35-55,30,-115.0,0.75,1.0,2.5277777777777777,2.2814093583651616,5.697247706422019,0.8979935822873608,6.045454545454546,6.422904311024998,8.733333333333333,1.3587786259541985,3.158536585365854,2.8651568469988242,20.63855421686747,1.1004499830418957,94.33333333333333,84.5,97.0,CCC_2014J
group3,M,North Western Region,A Level or Equivalent,0-10%,0-35,60,-154.0,0.5,1.0,1.0749063670411985,0.3601475922346158,6.492537313432836,0.9343774240445577,3.345679012345679,3.162912004099863,3.402439024390244,1.898562620482891,1.2391304347826086,0.8406896370729844,15.58874458874459,1.620269691648767,90.66666666666667,89.0,86.66666666666667,CCC_2014J
group1,M,London Region,Lower Than A Level,60-70%,0-35,30,-23.0,0.5,1.0,4.716981132075472,5.404333583376066,3.4074074074074074,0.7461305348578484,9.615384615384615,10.755749803995714,5.296296296296297,1.2669120973488728,9.958333333333334,15.442682709793733,15.56,1.0989649573597764,86.66666666666667,72.0,78.33333333333333,CCC_2014J
group1,F,South Region,A Level or Equivalent,90-100%,0-35,60,-107.0,0.5,1.0,3.26027397260274,2.82364715522847,2.5675675675675675,0.9034253069947507,9.956521739130435,11.963878441031513,2.0416666666666665,0.9844691506279459,12.6875,20.214578072932085,23.11764705882353,1.3419828994497973,45.666666666666664,51.5,44.333333333333336,CCC_2014J
group1,F,Wales,HE Qualification,30-40%,35-55,60,-120.0,0.5,1.0,1.670807453416149,1.1552943213502351,5.493827160493828,0.9047588419298516,2.481132075471698,2.3308740730238298,4.925233644859813,1.438818239652229,2.3391304347826085,1.7715438629275104,32.05172413793103,1.2677684194624461,72.0,64.0,67.33333333333333,CCC_2014J
group1,F,West Midlands Region,A Level or Equivalent,30-40%,0-35,130,-78.0,0.75,1.0,4.1,5.672588551055437,4.957746478873239,0.6498047823502758,4.241935483870968,5.609375886124499,3.746031746031746,1.4069200460890912,10.954545454545455,14.035591740209442,27.73913043478261,0.8983475011486586,75.33333333333333,61.0,75.66666666666667,CCC_2014J
group1,M,Yorkshire Region,HE Qualification,50-60%,35-55,60,-35.0,1.0,0.5,2.126865671641791,1.4322895168281131,7.444444444444445,1.015100950572392,3.6266666666666665,3.961890530614971,4.697368421052632,1.2214780260541473,2.7244897959183674,2.2327488131855318,27.292929292929294,1.8664720618425117,55.0,56.0,70.0,CCC_2014J
group1,M,North Western Region,A Level or Equivalent,20-30%,35-55,220,-49.0,0.75,1.0,2.6018518518518516,2.6684022130050726,6.128440366972477,0.9349087049740784,3.8125,4.583874426934575,6.276923076923077,0.938779883746384,3.5657894736842106,3.950816038291463,25.155844155844157,1.1237787910082262,32.333333333333336,45.5,31.666666666666668,CCC_2014J
group1,F,London Region,A Level or Equivalent,60-70%,0-35,60,-102.0,0.625,1.0,16.58823529411765,15.42343518614373,4.222222222222222,0.7129587991654772,22.545454545454547,18.800870386041368,2.5,1.1015141094572205,49.6,29.703535143144155,43.166666666666664,0.8733126444923305,78.33333333333333,57.5,51.0,CCC_2014J
group1,F,North Western Region,A Level or Equivalent,20-30%,0-35,150,-31.0,1.0,0.5,2.5135135135135136,2.3735851857278334,3.892857142857143,1.1637642704453606,4.963636363636364,6.362400072310345,6.410714285714286,1.4665017295861758,5.072727272727272,7.802788071164158,17.589285714285715,1.3285360803056752,68.0,88.0,92.0,CCC_2014J
group3,M,London Region,HE Qualification,50-60%,0-35,60,-22.0,0.5,1.0,4.365079365079365,4.663867934076052,3.15625,0.829263334929837,7.852941176470588,15.88620967235453,1.7428571428571429,0.6186217135774822,16.857142857142858,18.637667165249987,21.666666666666668,1.1946230620388296,86.66666666666667,94.0,98.0,CCC_2014J
group3,F,South East Region,HE Qualification,40-50%,35-55,60,-77.0,0.8,0.625,1.7583892617449663,1.6301674872971388,5.933333333333334,0.9641994585584239,4.678571428571429,4.382225017487818,4.350877192982456,1.9745634668187593,3.0232558139534884,3.2934042612328933,47.02298850574713,1.478405259668149,96.33333333333333,100.0,74.0,CCC_2014J
group1,M,London Region,Lower Than A Level,80-90%,35-55,90,-63.0,0.625,1.0,1.9655172413793103,1.7337090662613444,4.828767123287672,0.9726660120862933,2.4867256637168142,3.3034479937304786,7.62280701754386,1.9419393080003935,2.9081632653061225,4.446907264660723,28.87878787878788,1.1629917921749908,74.33333333333333,40.0,58.666666666666664,CCC_2014J
group1,F,East Midlands Region,A Level or Equivalent,90-100%,0-35,60,-81.0,0.5,1.0,3.4814814814814814,3.8506853646822115,3.731707317073171,0.7863535565696708,8.548387096774194,10.84693108572626,4.875,1.4310816679359821,5.755102040816326,6.088002587894003,14.14,0.7699227362976107,83.0,56.5,67.66666666666667,CCC_2014J
group1,F,West Midlands Region,HE Qualification,20-30%,35-55,30,-23.0,0.5,1.0,5.585365853658536,8.552706033052049,5.595238095238095,0.8116066143854793,13.352941176470589,15.103564051535106,5.666666666666667,1.0456699314488926,8.5,11.48155420474605,32.76,0.9334184992345707,75.0,68.5,75.66666666666667,CCC_2014J
group1,F,South East Region,A Level or Equivalent,90-100%,35-55,30,-123.0,0.8,0.625,2.2777777777777777,2.852756951130296,10.834645669291339,1.6075249560265752,3.5694444444444446,5.017789168320565,3.315068493150685,0.8049052199399243,3.066666666666667,4.448909168862946,28.289473684210527,1.463827561682292,79.5,64.5,66.0,CCC_2014J
group1,M,South Region,HE Qualification,70-80%,0-35,95,-78.0,0.75,1.0,8.666666666666666,9.007021526654036,3.870967741935484,0.8472996321648361,35.142857142857146,25.989924787813266,1.25,0.34641016151377546,13.666666666666666,18.496422547585343,25.157894736842106,0.659384225046567,78.33333333333333,53.0,76.0,CCC_2014J
group1,M,South Region,Lower Than A Level,80-90%,35-55,30,-94.0,1.0,0.5,2.1811023622047245,2.338149189486411,6.546875,1.5178528534803306,2.781609195402299,3.600469243824812,6.761363636363637,1.7472647523550628,4.30188679245283,5.995462725647613,20.833333333333332,0.8434468961746594,73.5,38.0,68.0,CCC_2014J
group3,F,London Region,A Level or Equivalent,10-20,0-35,120,-52.0,0.625,1.0,5.840909090909091,7.146126554695864,3.7111111111111112,1.0545724533054521,9.884615384615385,12.624822923358325,2.259259259259259,1.18396525149297,14.764705882352942,24.237185819945932,22.72222222222222,1.1307083813603758,91.0,84.0,80.66666666666667,CCC_2014J
group1,F,Scotland,A Level or Equivalent,80-90%,35-55,90,-32.0,0.8333333333333334,0.75,6.833333333333333,8.20463844139539,2.967741935483871,0.5169618239388745,16.818181818181817,21.839497163708607,1.1666666666666667,0.31943828249996997,15.23076923076923,24.16662245796133,28.214285714285715,0.9813286547009076,69.5,66.0,82.5,CCC_2014J
group3,M,East Anglian Region,HE Qualification,20-30%,0-35,30,-141.0,0.625,1.0,1.5930232558139534,1.6285314805313822,3.8034682080924855,0.8633235523844244,2.0703125,2.9004034303963846,4.775193798449612,0.8816534379323768,3.324675324675325,3.98167367097635,35.11538461538461,1.4456529918083503,95.0,93.5,97.66666666666667,CCC_2014J
group3,F,Scotland,A Level or Equivalent,30-40%,0-35,240,-95.0,0.5,1.0,2.8369565217391304,3.4776434294310126,4.967741935483871,0.8980310540244371,4.886792452830188,6.265474312447697,3.4074074074074074,1.2238280918853401,4.126984126984127,6.012063312535683,17.234375,1.2170583503720676,97.66666666666667,97.5,96.0,CCC_2014J
group1,M,West Midlands Region,A Level or Equivalent,20-30%,0-35,60,-78.0,0.5,1.0,2.347457627118644,2.962376958082637,8.285714285714286,0.8594280033665143,4.184615384615385,5.744269719936958,8.969696969696969,1.4641870065711666,2.5145631067961167,3.089717537917624,32.91346153846154,1.1637402198802465,86.33333333333333,84.5,79.66666666666667,CCC_2014J
group3,M,South West Region,HE Qualification,90-100%,35-55,30,-25.0,0.625,1.0,4.4603174603174605,6.145613166146729,4.71875,1.2020004377744553,13.631578947368421,13.288301146814103,6.35,1.8163393400400698,9.064516129032258,11.604411471134494,19.9375,1.0638327206783555,96.33333333333333,98.0,98.0,CCC_2014J
group1,F,South Region,Lower Than A Level,80-90%,0-35,30,-106.0,0.625,1.0,2.5754716981132075,2.1993423831316012,6.588785046728972,0.9607832594326651,4.886792452830188,5.408897148212558,2.037037037037037,0.737653191821847,3.324675324675325,4.175245213226083,26.858974358974358,1.3495272683874031,79.66666666666667,77.0,65.66666666666667,CCC_2014J
group3,M,London Region,A Level or Equivalent,30-40%,35-55,30,-115.0,0.875,1.0,3.45679012345679,3.4534380793495103,5.073170731707317,2.3520820831211746,10.956521739130435,10.306565695841062,2.0,0.6123724356957945,6.25,8.104334183518072,27.77777777777778,2.594630763711862,89.0,92.5,78.66666666666667,CCC_2014J
group3,F,West Midlands Region,Lower Than A Level,80-90%,35-55,60,-109.0,0.5714285714285714,0.875,2.6,2.745059841852912,4.475247524752476,0.7744374143820385,4.262295081967213,4.574937665674665,2.693548387096774,0.9443818107914653,3.7162162162162162,4.244320202341877,22.333333333333332,0.8884597117425298,93.66666666666667,81.5,86.0,CCC_2014J
group1,M,London Region,Lower Than A Level,0-10%,0-35,120,-42.0,0.5,1.0,3.097560975609756,3.0534730523489575,3.108433734939759,0.9422511710764111,9.083333333333334,12.40938167771418,2.0,0.6633249580710799,7.515151515151516,7.918022212495729,19.294117647058822,1.0143600122167153,87.66666666666667,68.5,57.0,CCC_2014J
group3,F,East Anglian Region,A Level or Equivalent,50-60%,0-35,120,-110.0,0.5,1.0,3.661764705882353,5.0092758559024055,3.1884057971014492,0.9128784735319464,8.8,10.25508004194344,1.9615384615384615,0.8422247684280207,6.7272727272727275,8.54134330503964,18.794117647058822,1.4391549768855667,88.33333333333333,61.5,67.33333333333333,CCC_2014J
group3,M,Yorkshire Region,HE Qualification,70-80%,0-35,120,-156.0,0.5,1.0,2.2845528455284554,2.393708711763949,4.524193548387097,0.9479899086561365,5.25,5.84370911067729,7.73469387755102,1.3376866343978908,3.2650602409638556,3.460876589047846,10.797619047619047,1.2772043670691207,93.0,90.0,95.0,CCC_2014J
group1,M,South East Region,Lower Than A Level,80-90%,35-55,60,-29.0,1.0,0.5,5.089285714285714,4.828991182861679,4.035087719298246,1.0686811475295457,15.823529411764707,18.395771572964964,2.111111111111111,1.0578816443285148,7.833333333333333,9.050651121012548,10.18918918918919,1.049084193119292,74.5,21.0,54.0,CCC_2014J
group3,M,East Anglian Region,HE Qualification,90-100%,0-35,60,-22.0,0.5,1.0,5.14,6.311667201076341,3.7058823529411766,0.9167038861863679,11.08695652173913,13.970465741824007,4.0,1.2583057392117916,21.083333333333332,18.918285206421725,33.0,0.6564162163323414,97.33333333333333,87.5,93.0,CCC_2014J
group3,F,Scotland,HE Qualification,60-70%,35-55,120,-56.0,0.5,1.0,2.1627906976744184,2.207199504159692,4.346153846153846,0.9917902486166897,8.46875,11.625845442722198,3.6363636363636362,1.3536986370680886,3.6666666666666665,4.581038691493202,21.54794520547945,1.4029686769383758,100.0,97.5,99.66666666666667,CCC_2014J
group3,M,South Region,Post Graduate Qualification,90-100%,55<=,105,-43.0,0.5,1.0,1.5384615384615385,1.228642446338021,6.830601092896175,1.0826391457914313,3.0,3.4905455226908315,3.561797752808989,1.3605031285337612,3.26027397260274,3.4682183917373757,18.445945945945947,1.0511482857043015,93.66666666666667,98.0,98.33333333333333,CCC_2014J
group3,M,South West Region,A Level or Equivalent,90-100%,0-35,30,-44.0,1.0,0.5,4.17910447761194,5.2337059502581464,4.323529411764706,0.8315196144814835,5.863636363636363,7.144980052996418,4.6,1.3843424853634265,6.230769230769231,7.382274426523443,16.025,0.8857514468488091,82.5,77.0,85.0,CCC_2014J
group3,F,London Region,HE Qualification,20-30%,35-55,50,-11.0,1.0,0.5,5.188679245283019,5.694317693217663,5.222222222222222,1.125449460037293,8.586206896551724,11.620539824500748,3.033333333333333,0.9147320339189784,12.4,16.314023673547023,24.38095238095238,1.2819613831129895,100.0,96.0,94.0,CCC_2014J
group3,F,South Region,HE Qualification,50-60%,35-55,60,-108.0,0.5,1.0,2.050359712230216,1.9046995312783828,4.642857142857143,0.9728382194298452,3.4054054054054053,4.013398515175663,4.533333333333333,1.2495673991910592,3.942857142857143,4.851074031042856,19.901408450704224,1.1993258711694612,93.66666666666667,97.5,95.66666666666667,CCC_2014J
group3,M,West Midlands Region,A Level or Equivalent,90-100%,0-35,270,-24.0,0.5,1.0,2.113821138211382,2.1584878284232123,4.508064516129032,0.9488892157450312,5.711111111111111,8.761024800533072,5.282608695652174,1.4311820063646117,6.384615384615385,8.2194102254019,28.875,1.7302018150698628,90.66666666666667,88.5,89.66666666666667,CCC_2014J
group1,M,South East Region,Lower Than A Level,90-100%,0-35,120,-24.0,0.5,1.0,2.7127659574468086,2.6905743098227384,4.2105263157894735,0.9957095460022465,7.9,8.214159347924987,5.193548387096774,1.4287334501694284,4.473684210526316,5.172403638396394,33.758620689655174,1.8714868029827298,96.33333333333333,80.0,92.0,CCC_2014J
group3,M,Scotland,Lower Than A Level,50-60%,0-35,60,-52.0,0.5,1.0,2.3783783783783785,2.625241301650553,3.6785714285714284,1.052357322225321,5.795454545454546,6.356024592919131,3.533333333333333,0.8981607724839173,4.17741935483871,5.556045868251183,22.349206349206348,2.09727311671244,87.66666666666667,93.5,89.66666666666667,CCC_2014J
group1,F,Wales,Lower Than A Level,50-60%,35-55,120,-23.0,0.75,1.0,1.435,0.927402489151513,5.293532338308458,0.9901296831881248,2.673469387755102,3.478284653089682,7.91919191919192,0.9864354246167235,1.580110497237569,1.3664398140790197,24.89010989010989,1.3348871112727518,68.66666666666667,51.5,42.0,CCC_2014J
group3,M,London Region,HE Qualification,50-60%,35-55,30,-37.0,0.625,1.0,3.4457831325301207,4.0159833472112245,4.892857142857143,1.1396916765456835,5.625,7.71190017150891,8.16326530612245,1.2786614094434852,6.6923076923076925,10.69223487581881,16.775,1.3399886133466297,87.0,60.0,88.33333333333333,CCC_2014J
group3,M,Scotland,HE Qualification,80-90%,0-35,60,-103.0,1.0,0.5,2.8461538461538463,3.5462752820485295,3.902173913043478,1.0754073452642523,4.245901639344262,5.143461019277837,2.225806451612903,1.1134925120804122,5.043478260869565,6.113578772750705,16.25531914893617,0.9127702052859114,93.5,83.0,90.0,CCC_2014J
group1,M,North Western Region,A Level or Equivalent,70-80%,0-35,120,-50.0,0.7142857142857143,0.875,4.709090909090909,5.918185180012182,4.285714285714286,1.0708252269472676,15.3125,18.4525291852725,2.7058823529411766,0.9031555686017821,7.484848484848484,15.415335732885476,50.94117647058823,1.126518434781246,86.33333333333333,21.0,50.666666666666664,CCC_2014J
group3,F,South West Region,A Level or Equivalent,70-80%,35-55,60,-51.0,0.625,1.0,2.140625,2.4964048953594853,5.023255813953488,0.9750912986459349,3.5492957746478875,4.194515917563811,2.9305555555555554,0.7825360728044578,3.5833333333333335,4.680646398119105,18.835616438356166,1.062872701768791,95.33333333333333,93.0,87.0,CCC_2014J
group1,M,East Midlands Region,A Level or Equivalent,30-40%,0-35,100,-3.0,0.75,1.0,3.5405405405405403,3.683317404334532,3.16,0.9459008451781978,6.324324324324325,9.33051759328273,12.236842105263158,1.6747110753207035,7.36,10.395832498329959,22.26923076923077,0.9133046046653507,54.333333333333336,39.0,44.0,CCC_2014J
group3,F,Scotland,Lower Than A Level,50-60%,0-35,120,-156.0,0.6,0.625,4.129032258064516,4.74767888402613,2.5238095238095237,0.828901231565615,10.578947368421053,8.915129396915264,2.9,1.8013735016012382,9.56,12.560122080086112,9.307692307692308,0.8442705976279096,83.0,94.0,96.0,CCC_2014J
group1,M,South Region,A Level or Equivalent,90-100%,35-55,60,-143.0,0.5,1.0,2.296,2.1099763031844696,4.007936507936508,0.8708572296760089,3.4864864864864864,3.128495823275659,7.546666666666667,0.7354875607910122,5.574468085106383,7.433018816917858,16.0,1.1898277623953253,93.0,89.0,79.33333333333333,CCC_2014J
group3,M,London Region,HE Qualification,10-20,0-35,90,-12.0,0.75,1.0,4.25,3.8295240222889495,5.049180327868853,1.1528397403917336,11.318181818181818,14.048847990854263,3.9565217391304346,0.8865074298944485,15.125,18.5791101329782,24.647058823529413,1.2856587256581826,98.33333333333333,89.5,93.66666666666667,CCC_2014J
group1,M,Scotland,A Level or Equivalent,60-70%,0-35,45,-116.0,1.0,0.5,5.115384615384615,4.282448658867623,2.339622641509434,0.9317919361525276,31.833333333333332,35.57199272836239,1.5714285714285714,0.6680426571226851,14.0,16.65332799572906,12.294117647058824,1.0423156979284287,48.0,33.0,23.0,CCC_2014J
group3,M,North Western Region,HE Qualification,20-30%,35-55,120,-94.0,0.5714285714285714,0.875,4.98,6.504284302343669,5.078431372549019,1.2676681754787409,7.833333333333333,11.996322966054322,12.421052631578947,1.4281232624876516,8.590909090909092,11.232008220171878,31.782608695652176,1.298310263810413,100.0,98.0,95.33333333333333,CCC_2014J
group1,F,London Region,HE Qualification,20-30%,0-35,30,-51.0,0.5,1.0,5.283018867924528,5.627464788156817,3.9444444444444446,1.0837751325752472,7.588235294117647,7.981484813100059,5.542857142857143,1.2890102616212094,13.222222222222221,17.708607264317262,20.473684210526315,0.886199948056783,77.66666666666667,56.5,65.66666666666667,CCC_2014J
group1,F,South West Region,A Level or Equivalent,40-50%,0-35,60,-130.0,1.0,0.5,6.7631578947368425,8.993794288515009,4.17948717948718,0.7793101599116768,12.55,13.823987542635713,4.761904761904762,1.1390346790155248,12.294117647058824,18.727535562248818,35.0,1.1446810842241166,72.0,38.0,50.0,CCC_2014J
group1,M,London Region,Lower Than A Level,40-50%,35-55,180,-15.0,1.0,0.5,4.473684210526316,6.1269465220622354,4.482758620689655,0.882874541269201,8.1,14.317459801669212,4.548387096774194,0.8844514762053841,12.411764705882353,17.38555011902633,40.0,1.0164958872956098,62.0,40.0,47.0,CCC_2014J
group3,M,East Anglian Region,A Level or Equivalent,70-80%,0-35,60,-74.0,1.0,0.5,3.0595238095238093,3.023407438899851,4.258823529411765,0.8425006783004532,4.7407407407407405,5.359474717943088,2.418181818181818,1.039281617627986,6.15625,5.471977734108633,22.424242424242426,0.8605317974566037,100.0,100.0,96.0,CCC_2014J
group1,M,South West Region,Lower Than A Level,80-90%,35-55,60,-31.0,1.0,0.5,2.696078431372549,3.1427717339961925,4.611650485436893,0.944097276550477,7.0,7.579211333934716,16.710526315789473,1.4424345812670474,5.357142857142857,10.038514681141047,24.767441860465116,0.7200439346804691,62.5,58.0,63.0,CCC_2014J
group1,F,South Region,Lower Than A Level,30-40%,0-35,180,-31.0,1.0,0.5,5.595238095238095,8.40458505471436,2.5348837209302326,0.6386533682186096,22.6,24.58635574640717,2.1818181818181817,0.5103103630798288,10.0,14.739849317233093,17.476190476190474,1.3296444353309635,92.5,58.0,77.0,CCC_2014J
group1,M,Scotland,HE Qualification,90-100%,0-35,90,-18.0,0.625,1.0,2.847058823529412,3.4486225074483805,3.488372093023256,0.9281283436153763,4.653846153846154,5.279945838197457,7.528301886792453,0.8454774942392718,11.85,16.020628149850726,28.952380952380953,0.9627767436803535,74.33333333333333,64.5,79.33333333333333,CCC_2014J
group3,M,Wales,HE Qualification,20-30%,0-35,60,-60.0,0.625,1.0,3.4457831325301207,4.431739767521226,4.190476190476191,0.7728108243599683,4.888888888888889,7.038081499596928,3.7636363636363637,1.0972247147815855,12.333333333333334,19.24664472923354,11.409090909090908,1.0030745896505704,90.0,89.0,80.33333333333333,CCC_2014J
group1,F,South East Region,Lower Than A Level,90-100%,35-55,60,-142.0,1.0,0.5,3.5,3.7717406322890596,5.293333333333333,0.7246619804751965,4.7592592592592595,5.762386773529077,8.49090909090909,0.9405426619620206,4.555555555555555,5.2831760982892275,17.236363636363638,0.7909324624289433,89.5,77.0,75.0,CCC_2014J
group1,M,West Midlands Region,A Level or Equivalent,40-50%,0-35,80,-14.0,0.8571428571428571,0.875,3.643835616438356,4.282943766375653,4.824324324324325,1.0943780786716817,5.166666666666667,6.996453002052474,4.142857142857143,1.0217608544847623,5.468085106382978,8.123639856267545,20.666666666666668,1.2106582045488377,77.33333333333333,46.0,63.666666666666664,CCC_2014J
group1,M,London Region,A Level or Equivalent,20-30%,0-35,60,-61.0,0.3333333333333333,0.75,9.074074074074074,10.159973977578447,4.571428571428571,0.9506884840735161,29.875,30.37591856341843,4.111111111111111,1.4926163536739543,26.555555555555557,32.783803589238666,22.9,1.3173667229951644,75.0,25.0,49.5,CCC_2014J
group3,M,Scotland,HE Qualification,80-90%,0-35,60,-38.0,0.42857142857142855,0.875,4.894736842105263,4.919655223569737,3.586206896551724,0.9248780504931575,7.352941176470588,9.859259155095987,3.2,0.667317390751957,8.689655172413794,9.274016883883789,20.8,1.4607475086487973,92.33333333333333,74.0,90.0,CCC_2014J
group1,M,North Western Region,Lower Than A Level,40-50%,0-35,60,-80.0,0.5,1.0,4.190476190476191,6.983522410177848,4.796875,1.1856990725003884,9.72,13.700729907563321,12.846153846153847,1.1954171636423399,6.45,10.92151487567028,22.902439024390244,1.5792869408653254,93.0,78.5,90.0,CCC_2014J
group1,M,Scotland,HE Qualification,10-20,0-35,60,-15.0,0.625,1.0,8.258064516129032,10.253349832893587,7.8125,0.7187099554062125,12.142857142857142,13.020313799159045,5.045454545454546,1.3982550838246943,12.857142857142858,12.90846898081145,40.68181818181818,1.6029034079528126,52.0,49.5,52.666666666666664,CCC_2014J
group1,M,South East Region,A Level or Equivalent,60-70%,0-35,60,-115.0,0.75,1.0,3.7285714285714286,3.3918975432785965,3.788732394366197,1.0331362663786352,5.354166666666667,6.082726094243324,3.857142857142857,2.113384091509201,11.952380952380953,15.008251698569659,36.59090909090909,1.0224206226560302,78.0,81.0,86.66666666666667,CCC_2014J
group1,M,South Region,A Level or Equivalent,80-90%,35-55,60,-61.0,0.42857142857142855,0.875,2.111940298507463,2.59455893295167,3.0592592592592593,0.8912122164478776,3.7972972972972974,4.49346475139701,5.493333333333333,0.7822013836722101,8.555555555555555,8.335897041541449,16.464285714285715,1.3878303887944716,66.0,36.5,59.5,CCC_2014J
group1,M,Scotland,HE Qualification,90-100%,35-55,30,-28.0,0.625,1.0,6.439024390243903,5.670312074691326,4.095238095238095,0.8042612309670039,16.5,16.37884814834873,3.3529411764705883,1.1062373873989086,11.090909090909092,11.075107613834218,19.130434782608695,1.066860885383062,53.666666666666664,55.5,58.333333333333336,CCC_2014J
group3,M,London Region,A Level or Equivalent,40-50%,0-35,60,-135.0,0.5,1.0,2.467289719626168,3.032272194337721,4.768518518518518,1.091398602530282,3.9682539682539684,5.183622640238705,4.0,2.6670735366689837,3.657142857142857,4.293188789151492,16.830985915492956,1.1064717289566282,93.33333333333333,87.0,85.33333333333333,CCC_2014J
group1,M,East Midlands Region,A Level or Equivalent,50-60%,0-35,250,-18.0,0.5,0.75,6.25,6.966757803003795,3.189189189189189,0.6793418245366468,6.617647058823529,7.244704255554235,1.8857142857142857,0.6916795279098987,15.0,13.289672103381054,17.333333333333332,1.554150769836896,63.0,71.0,51.5,CCC_2014J
group1,M,Scotland,A Level or Equivalent,50-60%,35-55,60,-103.0,0.5714285714285714,0.875,4.076923076923077,5.537676894205312,4.606060606060606,0.8270393663988476,6.837837837837838,8.763920715427902,7.7368421052631575,1.354852038244982,9.423076923076923,19.06656356436173,12.0,0.8452846697057188,82.0,40.5,60.5,CCC_2014J
group1,F,South Region,A Level or Equivalent,20-30%,35-55,60,-99.0,1.0,0.5,2.2,2.721220685061526,5.371900826446281,0.7621520449654193,16.125,27.11426438857107,2.9411764705882355,0.9068627239003706,2.563106796116505,4.628703928435067,23.10576923076923,0.94688744039872,76.0,85.0,94.0,CCC_2014J
group1,F,West Midlands Region,HE Qualification,60-70%,55<=,30,-15.0,0.5,0.75,4.779661016949152,5.401365716857842,3.9166666666666665,0.7804190352173963,8.09375,8.836724597547624,4.636363636363637,1.630401294587247,11.782608695652174,21.20024983073019,17.625,1.0875295492214871,40.333333333333336,34.0,27.0,CCC_2014J
group1,M,Yorkshire Region,Lower Than A Level,10-20,35-55,90,-11.0,1.0,0.625,1.8355263157894737,2.0212253805644713,4.3202614379084965,0.7994885312524235,7.2368421052631575,8.839206918460977,4.82051282051282,1.4076562620558417,5.555555555555555,8.582634569968372,26.17391304347826,0.9656664964834689,73.0,46.0,65.0,CCC_2014J
group1,F,Scotland,HE Qualification,30-40%,0-35,90,-130.0,0.5714285714285714,0.875,5.7727272727272725,6.795565025582003,5.733333333333333,1.1705554699229663,7.642857142857143,10.011897684160342,13.206896551724139,1.0749382456051573,11.210526315789474,13.7379399529932,19.15,0.9911049694807406,60.333333333333336,52.0,60.666666666666664,CCC_2014J
group1,M,North Western Region,Lower Than A Level,10-20,0-35,80,-115.0,0.625,1.0,2.88659793814433,3.064841923125188,10.36734693877551,1.3357180440816792,6.222222222222222,9.873953083489381,6.1521739130434785,1.2694957948826722,5.076923076923077,7.69732867807271,46.301886792452834,1.4939954591572155,67.66666666666667,60.5,61.333333333333336,CCC_2014J
group3,F,South West Region,HE Qualification,90-100%,0-35,120,-53.0,0.5,1.0,2.5510204081632653,2.329206975259998,3.323232323232323,0.7564665042469234,3.676470588235294,3.5510821410179134,3.130434782608696,0.7728015412913086,13.8125,15.30236909762668,22.764705882352942,1.208330181924336,93.66666666666667,90.0,86.66666666666667,CCC_2014J
group1,F,London Region,Lower Than A Level,10-20,35-55,60,-25.0,0.8571428571428571,0.875,7.375,7.736590897137925,7.545454545454546,0.8470944879212644,8.96,9.190030830561271,9.423076923076923,1.1134780656792727,12.38888888888889,13.869725341395611,34.94736842105263,1.1841602289451194,64.33333333333333,29.0,51.0,CCC_2014J
group1,M,North Western Region,HE Qualification,0-10%,0-35,30,-73.0,1.0,0.5,5.609756097560975,4.893250702654054,3.5952380952380953,0.8776021411659314,14.0,17.892843434005847,1.8666666666666667,0.5486532677049005,33.166666666666664,29.02010797131304,40.0,0.595668891727131,72.5,50.0,69.0,CCC_2014J
group1,M,South West Region,Lower Than A Level,50-60%,0-35,60,-128.0,0.8571428571428571,0.875,3.4457831325301207,3.9946702664626526,3.5833333333333335,0.8473454328807183,4.921568627450981,7.68854508279662,3.2884615384615383,0.7783491723399478,6.657894736842105,9.17480779911941,17.743589743589745,1.023778405023993,67.33333333333333,48.0,44.666666666666664,CCC_2014J
group1,M,South East Region,A Level or Equivalent,60-70%,0-35,60,-107.0,0.5,1.0,5.32,5.195916764191682,3.607843137254902,1.029916398684754,19.166666666666668,15.879279427968862,3.0,1.574367326462436,12.35,14.575664650368434,19.904761904761905,1.413084000261506,67.33333333333333,58.5,50.666666666666664,CCC_2014J
group1,M,South West Region,A Level or Equivalent,30-40%,0-35,30,-46.0,0.8571428571428571,0.875,8.612903225806452,11.08355363998039,3.25,0.9262765060609458,20.22222222222222,19.708993998792643,1.3,0.35250582268891073,10.846153846153847,12.857203907058965,16.428571428571427,0.5671538733607071,64.66666666666667,40.0,46.333333333333336,CCC_2014J
group1,M,East Anglian Region,A Level or Equivalent,90-100%,0-35,30,-130.0,0.625,1.0,1.9324324324324325,2.10494126200519,6.248322147651007,1.0781396093841995,3.3815789473684212,4.248818205142564,7.896103896103896,1.1893619678557565,4.381818181818182,5.258118622455322,12.535714285714286,1.2507187404513338,67.66666666666667,28.5,49.333333333333336,CCC_2014J
group3,M,South East Region,HE Qualification,50-60%,0-35,100,-51.0,0.5,1.0,4.181818181818182,4.577231581540195,4.611940298507463,1.0772956773685651,9.48,11.277263261388672,2.3461538461538463,0.718511704944627,9.0,11.095544651395493,26.655172413793103,1.3313375151957882,95.66666666666667,91.5,97.66666666666667,CCC_2014J
group3,M,South Region,Lower Than A Level,70-80%,0-35,60,-121.0,0.5,1.0,1.9782608695652173,2.0126149286831705,3.9136690647482015,0.815807912281123,2.7419354838709675,3.953268394100308,9.840425531914894,2.3211334477155177,5.173913043478261,6.624212650324186,24.74468085106383,0.7827652401813593,86.66666666666667,92.5,82.33333333333333,CCC_2014J
group3,M,East Anglian Region,A Level or Equivalent,50-60%,0-35,60,-74.0,0.5,1.0,2.782178217821782,2.3392475730287274,4.107843137254902,0.7891248504709041,7.59375,8.838549636530836,1.5454545454545454,0.6389870877176599,4.1940298507462686,4.153271094808792,25.36764705882353,1.1327439810901985,98.0,95.0,94.33333333333333,CCC_2014J
group3,M,East Midlands Region,A Level or Equivalent,80-90%,0-35,60,-18.0,1.0,0.625,1.2058823529411764,0.6778962391069038,7.112970711297071,0.856370388450309,3.0952380952380953,3.01649700140662,3.9529411764705884,0.9692698937778511,1.2962962962962963,0.804166582988575,20.493087557603687,1.431713439695369,100.0,96.0,88.0,CCC_2014J
group3,M,West Midlands Region,HE Qualification,70-80%,0-35,90,-31.0,0.5,1.0,3.6769230769230767,2.9848978851236074,2.6515151515151514,1.0307437378229491,17.153846153846153,14.36341506424194,2.4285714285714284,0.7252251768198796,15.5,21.19415739519521,20.666666666666668,0.7635695787293219,98.66666666666667,97.0,96.66666666666667,CCC_2014J
group1,M,Wales,Lower Than A Level,0-10%,0-35,30,-24.0,0.4,0.625,6.119047619047619,6.836781374203268,4.976744186046512,1.2829464569865936,15.117647058823529,21.002625886246868,5.388888888888889,1.2264575443912773,10.434782608695652,11.961400370116754,9.125,1.13902002193593,70.0,75.0,44.5,CCC_2014J
group3,F,Scotland,HE Qualification,10-20,0-35,60,-51.0,0.625,1.0,3.231707317073171,3.2099335806666587,3.8433734939759034,0.8871639507953676,5.425531914893617,5.531509271402468,4.958333333333333,1.679810703537019,4.9411764705882355,4.985626398782333,13.634615384615385,0.8172202846820452,96.0,87.5,88.33333333333333,CCC_2014J
group3,M,North Western Region,A Level or Equivalent,50-60%,0-35,90,-79.0,0.5,1.0,2.253968253968254,2.187003458384125,4.417322834645669,0.9551639805466058,5.244897959183674,6.179706749531412,2.36,0.6659960238775764,4.3,5.308451847473909,35.557377049180324,1.3249036704152168,96.33333333333333,96.5,98.33333333333333,CCC_2014J
group3,M,Scotland,Post Graduate Qualification,20-30%,35-55,60,-21.0,0.625,1.0,2.036231884057971,2.149212791854129,4.9784172661870505,0.8295855000990997,5.853658536585366,9.443412983688036,1.8095238095238095,0.7056361935679958,3.3378378378378377,3.739009564214621,36.10666666666667,0.8117012169355969,93.0,87.0,85.33333333333333,CCC_2014J
group3,M,North Western Region,HE Qualification,90-100%,35-55,60,-24.0,1.0,0.5,2.641304347826087,2.3793134190171235,4.086021505376344,0.9493254639822408,4.189655172413793,4.45033764361377,11.813559322033898,1.615928139659906,4.26,4.0041305204113655,18.823529411764707,1.1765697625937868,100.0,96.0,100.0,CCC_2014J
group3,M,London Region,A Level or Equivalent,20-30%,35-55,120,-44.0,0.5,1.0,2.968421052631579,3.210529987331074,4.645833333333333,0.8184440055366513,10.625,14.954459855348082,3.6,1.4989708403591155,4.7924528301886795,9.045522671818699,25.796296296296298,1.0514204033522767,96.66666666666667,99.0,96.66666666666667,CCC_2014J
group1,M,Wales,Lower Than A Level,0-10%,35-55,60,-95.0,1.0,0.5,2.0086206896551726,2.0578405298217133,6.153846153846154,1.0114964162071953,2.8048780487804876,3.8182117991239024,7.421686746987952,1.0246837604380097,3.026666666666667,3.6722970693784784,10.736842105263158,1.0391520975735842,55.0,44.0,35.0,CCC_2014J
group1,M,West Midlands Region,A Level or Equivalent,60-70%,55<=,60,-10.0,0.5,1.0,2.7010309278350517,2.843724627922009,5.214285714285714,0.8751055481470925,3.3333333333333335,3.94329171499517,13.93421052631579,2.0314235386441095,5.354166666666667,6.285713566132408,21.122448979591837,1.0332844357893247,98.0,93.5,97.66666666666667,CCC_2014J
group1,M,Yorkshire Region,Lower Than A Level,10-20,0-35,30,-74.0,1.0,0.5,2.4622641509433962,3.0958483053211356,8.504672897196262,1.1075069616432007,5.608695652173913,6.075371999107234,2.765957446808511,1.0473409554309794,3.712121212121212,6.6812369916751,30.46268656716418,1.1295176517626107,34.5,29.0,49.0,CCC_2014J
group3,F,South East Region,Lower Than A Level,20-30%,0-35,180,-78.0,0.5,1.0,2.25,2.5313164608973886,5.776859504132231,0.8163386475834024,4.7407407407407405,8.033385961535032,10.745454545454546,1.7468404077598594,2.9680851063829787,3.211043201872551,14.968421052631578,1.3697069523918521,88.33333333333333,97.5,94.33333333333333,CCC_2014J
group1,M,East Anglian Region,Lower Than A Level,60-70%,0-35,30,-74.0,1.0,0.5,5.630434782608695,5.782574188992972,3.8085106382978724,0.9515591800467802,8.35483870967742,9.450038402379727,2.75,1.8916956406077103,10.428571428571429,11.586938459193734,12.045454545454545,1.0138310157943904,68.0,48.0,51.0,CCC_2014J
group1,F,South Region,A Level or Equivalent,80-90%,35-55,120,-18.0,0.5,1.0,4.555555555555555,6.259902549426422,2.265625,0.8484440539734773,15.6,20.34262082973141,1.4545454545454546,0.4506939094329986,9.73076923076923,12.46292964694158,22.444444444444443,1.0048895265122777,66.0,47.0,65.66666666666667,CCC_2014J
group1,M,North Western Region,HE Qualification,30-40%,0-35,60,-52.0,0.625,1.0,4.96,8.317574214656972,3.4705882352941178,0.7381480795742176,10.227272727272727,11.443158980189317,2.652173913043478,0.9074329510228227,8.153846153846153,13.262555734675901,19.88888888888889,0.7879273837883345,61.666666666666664,58.5,63.333333333333336,CCC_2014J
group1,M,East Midlands Region,Lower Than A Level,30-40%,35-55,30,-74.0,0.5,1.0,1.6726190476190477,1.742381273060767,5.284023668639053,0.8021748007232002,1.9846153846153847,1.8718005897593615,8.641221374045802,1.9055771633386955,2.165137614678899,2.525843318899173,12.754545454545454,0.8743546752421583,90.66666666666667,73.5,77.0,CCC_2014J
group3,M,South East Region,HE Qualification,90-100%,35-55,90,-38.0,0.625,1.0,3.180722891566265,3.000587659163325,5.261904761904762,1.0078112643560646,4.345454545454546,5.292266131637827,3.892857142857143,1.3728094088121463,7.375,8.292048270248372,58.63636363636363,1.4447665969977619,90.33333333333333,89.0,89.0,CCC_2014J
group1,M,South West Region,A Level or Equivalent,70-80%,35-55,30,-141.0,1.0,0.5,1.7654320987654322,1.9482217082645734,3.539877300613497,1.091298584826953,2.072463768115942,2.923945143022966,7.251798561151079,1.0552711381351731,6.806451612903226,7.5295832325510546,21.1875,0.8650212999946307,74.0,71.0,60.0,CCC_2014J
group1,F,South West Region,A Level or Equivalent,30-40%,0-35,30,-53.0,0.7142857142857143,0.875,11.727272727272727,9.597528541898384,4.304347826086956,0.7824208780217005,21.09090909090909,16.579834410841052,3.5,0.6441785361175564,34.5,33.080205561634585,27.714285714285715,0.5508474229852596,58.666666666666664,35.0,38.333333333333336,CCC_2014J
group1,M,Wales,A Level or Equivalent,50-60%,0-35,60,-128.0,1.0,0.5,2.9895833333333335,3.820980286638128,3.804123711340206,0.8977269003383826,4.666666666666667,7.176814520848834,3.8653846153846154,0.9147060788650124,4.672413793103448,6.17972897558916,21.440677966101696,1.2007402925171653,56.5,81.0,65.0,CCC_2014J
group3,M,Yorkshire Region,HE Qualification,80-90%,0-35,30,-60.0,1.0,0.5,3.898550724637681,4.49883948282689,4.171428571428572,0.9825604474225399,7.685714285714286,8.995984164750235,5.444444444444445,1.5641895280411149,8.62962962962963,16.696725031593076,32.82142857142857,1.0173741505244027,75.5,98.0,92.0,CCC_2014J
group3,M,Scotland,HE Qualification,80-90%,0-35,30,-44.0,0.625,1.0,3.9305555555555554,4.348632256688575,5.794520547945205,1.3621576267318378,10.2,13.347908700117284,4.230769230769231,1.6471362576422357,8.242424242424242,10.319975481530658,26.91176470588235,1.6892714142362786,98.0,91.5,88.33333333333333,CCC_2014J
group1,M,West Midlands Region,A Level or Equivalent,0-10%,0-35,60,-114.0,0.8333333333333334,0.75,5.346153846153846,6.465245291692313,3.056603773584906,0.8465121605635767,21.384615384615383,21.500149075213645,2.857142857142857,1.2469963913339925,10.5,14.125378429956264,16.38095238095238,1.0228014979811968,86.33333333333333,67.0,64.0,CCC_2014J
group1,F,Ireland,A Level or Equivalent,0-10%,0-35,60,-136.0,0.5,1.0,4.913793103448276,5.335365236050562,5.271186440677966,1.1230660185756594,11.24,9.925892067382827,2.0384615384615383,0.9375289244381015,6.261904761904762,8.664645078257498,16.046511627906977,1.181266999635409,56.333333333333336,45.0,51.333333333333336,CCC_2014J
group3,F,Scotland,Post Graduate Qualification,90-100%,35-55,60,-32.0,0.5,1.0,4.523809523809524,4.230675774804864,2.96875,1.001660670947498,12.85,9.675117298350553,2.0476190476190474,0.8720155004303571,9.142857142857142,12.465401854181973,22.137931034482758,1.0537495423209426,99.33333333333333,96.0,97.33333333333333,CCC_2014J
group1,F,North Western Region,Lower Than A Level,40-50%,0-35,60,-64.0,0.625,1.0,3.671232876712329,2.843388014912589,4.243243243243243,1.0219903514562723,6.7894736842105265,8.4698444248032,7.769230769230769,1.3910098282612458,13.529411764705882,15.898575592874757,27.61111111111111,0.7346489497891192,62.666666666666664,61.5,68.66666666666667,CCC_2014J
group1,F,South Region,Lower Than A Level,20-30%,35-55,120,-60.0,0.8,0.625,1.6101694915254237,1.2156687621598319,4.691011235955056,0.7419052934494731,2.121212121212121,2.1685831130071755,10.691729323308271,1.6593503177827094,1.8129032258064517,1.8083037067286973,32.53846153846154,1.9527644686357593,89.0,55.5,85.0,CCC_2014J
group1,F,Ireland,HE Qualification,70-80%,0-35,170,-31.0,0.625,1.0,6.363636363636363,7.386634407136544,3.6666666666666665,0.9145291883606758,15.8125,17.967447416554936,3.3529411764705883,0.7853694486175224,11.55,13.543205715510327,24.571428571428573,1.0329111939189959,60.666666666666664,54.5,44.666666666666664,CCC_2014J
group1,M,Yorkshire Region,HE Qualification,70-80%,0-35,40,-31.0,0.5,1.0,1.9655172413793103,2.289510479894751,4.006849315068493,0.8770363632861045,4.448275862068965,5.448876960722397,3.2203389830508473,0.9095065783525054,2.784313725490196,3.003718655598084,10.37864077669903,1.3424350466008577,73.0,45.5,67.0,CCC_2014J
group3,M,West Midlands Region,A Level or Equivalent,70-80%,0-35,90,-84.0,0.8,0.625,5.808510638297872,4.879586127640159,1.8333333333333333,0.7660136157433053,32.0,23.482516292522217,2.0,0.9128709291752769,18.363636363636363,22.43779279373409,24.0,1.034978529031185,89.0,84.0,83.0,CCC_2014J
group1,M,East Midlands Region,A Level or Equivalent,60-70%,35-55,60,-53.0,0.5714285714285714,0.875,4.161290322580645,5.217227290702949,3.888888888888889,0.6577636818983622,11.217391304347826,13.238911386649482,3.5833333333333335,1.1727480635463226,8.142857142857142,11.11793441285141,21.24137931034483,0.7654905045780053,90.5,70.5,81.66666666666667,CCC_2014J
group3,M,Scotland,A Level or Equivalent,30-40%,0-35,60,-73.0,0.5,1.0,2.935483870967742,2.8620699852170812,6.042553191489362,0.9150527110474233,3.753623188405797,4.596692535692341,12.614285714285714,2.483055006731335,7.147058823529412,10.603408122609293,11.971428571428572,0.9974991655639797,82.0,85.5,87.33333333333333,CCC_2014J
group1,F,South Region,Lower Than A Level,90-100%,35-55,60,-81.0,1.0,0.875,3.5,3.3564598589600507,3.9876543209876543,0.9144192278829751,6.564102564102564,6.361044567459325,2.15,0.861093422398773,6.157894736842105,9.556450533510391,20.05128205128205,0.9184826562218181,68.0,9.0,20.0,CCC_2014J
group1,F,London Region,A Level or Equivalent,30-40%,0-35,120,-41.0,0.75,1.0,2.4380952380952383,2.332561358430361,4.688679245283019,0.9472075412697657,5.790697674418604,7.935928365696773,4.795454545454546,1.026008886014942,3.2,3.934270073680533,32.96296296296296,2.1086765645619017,82.66666666666667,33.0,44.666666666666664,CCC_2014J
group1,M,East Anglian Region,A Level or Equivalent,40-50%,0-35,30,-49.0,0.75,1.0,5.9743589743589745,5.966958051977747,3.3,0.5757575757575758,13.176470588235293,15.993105132046932,1.3333333333333333,0.4330127018922194,14.142857142857142,22.072806600176406,16.2,0.927762239451077,52.333333333333336,52.5,52.666666666666664,CCC_2014J
group1,M,North Western Region,A Level or Equivalent,10-20,0-35,30,-95.0,0.5,1.0,2.203125,2.6393729122802525,4.0852713178294575,1.0290999798914429,5.326530612244898,8.257289090812534,11.22,1.4554986653309696,5.0,6.327595241358406,11.38888888888889,1.3688903524915927,55.0,50.0,54.333333333333336,CCC_2014J
group1,M,South East Region,HE Qualification,10-20,0-35,60,-22.0,0.75,1.0,5.1521739130434785,6.080816433869343,2.5531914893617023,0.7527726527090809,16.923076923076923,17.452132336105038,1.0714285714285714,0.2403700850309326,16.076923076923077,22.058488685241404,15.357142857142858,0.8875924985504124,58.333333333333336,39.0,47.0,CCC_2014J
group3,M,East Anglian Region,Lower Than A Level,70-80%,0-35,30,-25.0,0.625,1.0,4.7592592592592595,5.333890170092627,3.272727272727273,0.8787617550976045,8.0,9.258733062953834,5.258064516129032,0.8708199435057179,10.863636363636363,16.403528814732443,51.30434782608695,1.2635147032556813,85.66666666666667,73.0,78.0,CCC_2014J
group1,M,South Region,Lower Than A Level,20-30%,0-35,60,-127.0,0.5,1.0,1.8874172185430464,1.737979847821855,4.092105263157895,0.7115560199163689,2.3660714285714284,2.217845459300193,5.053097345132743,0.7607113922012817,3.2048192771084336,3.278752871713604,14.666666666666666,1.3309946037392484,81.66666666666667,75.5,85.0,CCC_2014J
group3,F,Yorkshire Region,HE Qualification,40-50%,35-55,120,-115.0,0.6666666666666666,0.75,2.638888888888889,3.0493092011735,3.853211009174312,0.9145708880655736,4.98,6.535585478824403,11.980392156862745,1.3428084628264754,6.6571428571428575,7.565178965041689,21.88888888888889,0.8003097908263299,86.5,87.5,92.0,CCC_2014J
group3,M,South West Region,HE Qualification,60-70%,0-35,90,-114.0,0.75,1.0,8.233333333333333,8.748136090475004,4.548387096774194,0.8773711826491979,23.7,22.691408065609327,3.1818181818181817,1.8800781572985263,12.470588235294118,20.624977718348035,30.27777777777778,1.0467869806765346,90.33333333333333,89.0,75.66666666666667,CCC_2014J
group1,M,Ireland,HE Qualification,80-90%,35-55,60,-18.0,0.8571428571428571,0.875,7.724137931034483,8.438417893878219,4.333333333333333,0.8538115031084066,10.91304347826087,12.01102918714243,6.0,1.3017082793177757,16.615384615384617,19.42308961664983,15.928571428571429,0.9973017549791164,65.66666666666667,46.0,30.666666666666668,CCC_2014J
group1,M,West Midlands Region,Lower Than A Level,60-70%,35-55,30,-52.0,0.75,1.0,3.9305555555555554,3.6630103408854153,5.219178082191781,0.7645953557935107,6.2894736842105265,7.511820935669264,7.17948717948718,1.1182393230759995,5.037735849056604,5.019049343600621,22.87037037037037,0.7809501469344368,68.66666666666667,36.0,67.0,CCC_2014J
group1,M,London Region,Post Graduate Qualification,30-40%,35-55,90,-10.0,0.75,1.0,5.631578947368421,7.906278902757824,6.9743589743589745,0.7499639553045568,9.727272727272727,13.774309482932411,3.8260869565217392,1.173044354596722,8.5,14.922990724848457,14.0,0.9797958971132712,57.0,43.5,52.666666666666664,CCC_2014J
group1,M,Scotland,HE Qualification,40-50%,0-35,60,-154.0,0.5,1.0,2.737864077669903,3.1837860217552922,6.115384615384615,0.9212065427486451,4.6909090909090905,5.3640529427909245,4.821428571428571,1.4603492826837157,3.432098765432099,4.777390165155391,13.707317073170731,1.1057813397882366,75.33333333333333,54.5,74.33333333333333,CCC_2014J
group1,M,Ireland,A Level or Equivalent,30-40%,0-35,60,-15.0,0.5,1.0,6.375,8.41758690069602,5.536585365853658,0.8840258359722201,13.421052631578947,14.766011232533252,2.65,0.7187168662166382,13.8125,15.702308747442205,61.05882352941177,1.0526828198309377,76.0,56.5,56.0,CCC_2014J
group3,M,Yorkshire Region,A Level or Equivalent,60-70%,0-35,30,-143.0,0.5,1.0,4.406779661016949,3.8912751392357703,3.15,1.0218491547040325,15.2,15.603113242463596,2.1875,0.609449400220044,5.163265306122449,5.394236657363696,14.8,0.8996387555185534,93.66666666666667,87.0,90.66666666666667,CCC_2014J
group3,F,South Region,Lower Than A Level,60-70%,35-55,150,-28.0,0.8,0.625,1.8493150684931507,1.3561734491521236,3.564625850340136,0.9822480337539652,3.3552631578947367,3.846050605901838,5.571428571428571,0.8039559116540966,5.7727272727272725,6.437042641648547,17.22222222222222,1.4605345905943414,98.66666666666667,98.0,98.0,CCC_2014J
group3,M,East Anglian Region,A Level or Equivalent,90-100%,0-35,60,-122.0,0.5,1.0,3.0,3.0000000000000004,4.208333333333333,0.9034890814731207,5.03921568627451,5.366416995775581,2.0576923076923075,0.6351703303755588,8.575757575757576,11.882314334311895,18.5,1.0582038892136159,86.33333333333333,88.5,80.66666666666667,CCC_2014J
group1,M,East Anglian Region,Lower Than A Level,80-90%,0-35,60,-31.0,0.8,0.625,5.8936170212765955,5.599821590920443,2.9791666666666665,0.8092271917426163,10.857142857142858,14.454361674891473,1.4545454545454546,0.4960783708246108,13.3,19.542396556151825,21.238095238095237,1.4999782151018488,60.0,48.0,44.0,CCC_2014J
group1,F,Scotland,HE Qualification,40-50%,0-35,60,-93.0,0.5,1.0,5.163265306122449,7.714561282556055,5.82,1.322327660698348,10.041666666666666,18.121520155705017,4.92,2.0128478862365897,11.090909090909092,16.215539551421745,37.82608695652174,1.3192768770802934,83.0,46.5,64.66666666666667,CCC_2014J
group3,M,North Region,A Level or Equivalent,70-80%,0-35,60,-108.0,1.0,0.5,6.615384615384615,8.164800524895636,4.95,0.8438425190275031,12.9,12.086965576277004,1.9047619047619047,0.900694176732591,10.708333333333334,12.5818335798835,25.32,0.8556890667705698,100.0,88.0,85.0,CCC_2014J
group3,F,Scotland,HE Qualification,80-90%,0-35,60,-49.0,1.0,0.5,2.541284403669725,2.562305494304571,5.381818181818182,1.3457400390637209,3.7384615384615385,4.7574839827532625,42.303030303030305,1.3389871368521657,3.953846153846154,5.227423986865954,23.727272727272727,1.59994452177468,91.0,81.0,88.0,CCC_2014J
group1,F,London Region,A Level or Equivalent,50-60%,35-55,210,-10.0,1.0,0.5,4.483870967741935,5.999294864258935,6.0,0.7766431633476234,7.942857142857143,9.548461092956156,5.361111111111111,1.1010210300682641,8.176470588235293,9.262078398323158,22.885714285714286,1.1065385861889299,82.0,42.0,54.0,CCC_2014J
group3,F,South West Region,A Level or Equivalent,80-90%,0-35,90,-43.0,0.625,1.0,5.117647058823529,8.751336032454768,5.173076923076923,1.1621545617921896,13.631578947368421,20.494472225770185,6.5,1.6814335951536243,8.258064516129032,13.728237910563475,17.71875,1.2007240676089843,96.0,77.5,89.33333333333333,CCC_2014J
group1,F,Scotland,HE Qualification,70-80%,0-35,150,-59.0,0.7142857142857143,0.875,4.046875,4.045101633114083,3.9076923076923076,1.001455943028954,5.7560975609756095,11.907519657352825,54.26190476190476,2.3076159124440068,19.25,31.20059731362964,19.307692307692307,1.4606036294945521,53.5,44.5,24.666666666666668,CCC_2014J
group3,M,Scotland,HE Qualification,80-90%,35-55,60,-81.0,0.5,1.0,2.8958333333333335,2.346236254387761,3.865979381443299,0.9575450090958881,7.59375,8.499940701880448,3.1818181818181817,1.1539933623171794,8.733333333333333,12.746692155988557,39.45161290322581,1.2520717703497228,99.33333333333333,100.0,99.33333333333333,CCC_2014J
group1,M,West Midlands Region,Lower Than A Level,10-20,0-35,60,-64.0,1.0,0.5,1.688622754491018,1.388004512061546,6.517857142857143,0.8294283938723743,2.435185185185185,3.8627701748007053,15.660550458715596,1.4715267115273845,2.0606060606060606,2.310802959343257,12.954887218045112,1.0389881181708538,70.5,85.0,79.0,CCC_2014J
group1,M,Wales,A Level or Equivalent,20-30%,0-35,60,-49.0,0.5,1.0,5.2075471698113205,5.047308843357242,2.685185185185185,0.7337943997914398,12.055555555555555,13.657457442395696,2.789473684210526,1.271871663875677,13.0,16.605721905415614,13.88888888888889,1.3054960742951318,79.0,75.5,78.0,CCC_2014J
group3,M,South West Region,HE Qualification,30-40%,35-55,30,-115.0,0.5,1.0,3.54320987654321,3.3393464282552707,4.560975609756097,1.0059589675923148,9.214285714285714,10.76467867046234,2.8275862068965516,1.10310254153123,9.5,10.918791141880131,18.74074074074074,1.1081653456142402,97.33333333333333,96.0,90.33333333333333,CCC_2014J
group3,F,North Western Region,HE Qualification,20-30%,35-55,60,-46.0,1.0,0.5,2.7708333333333335,3.1404966642627747,7.041237113402062,0.6906312980875933,4.101694915254237,6.230334344419211,8.583333333333334,0.8806954466725718,3.044943820224719,3.3875108599609574,42.1,1.139306733779443,100.0,96.0,100.0,CCC_2014J
group1,M,Yorkshire Region,Lower Than A Level,80-90%,0-35,30,-108.0,0.625,1.0,2.280701754385965,2.6256352688691624,2.9130434782608696,0.7251335517370273,2.8461538461538463,3.8583907898474323,3.9456521739130435,1.0015545445661498,4.56140350877193,7.294855192579339,25.03448275862069,1.1783446678082157,72.66666666666667,20.0,62.0,CCC_2014J
group3,M,South West Region,HE Qualification,70-80%,35-55,60,-60.0,0.5,1.0,2.642857142857143,3.192290971932937,6.585858585858586,0.9838045494259842,4.2,6.01636187155423,3.639344262295082,0.9648055600418183,4.745098039215686,6.647836150973944,18.576923076923077,0.9764116516992976,89.0,86.0,87.66666666666667,CCC_2014J
group3,M,West Midlands Region,A Level or Equivalent,60-70%,0-35,180,-134.0,0.5,1.0,1.78125,1.2522777988667655,4.068322981366459,0.9181222936635516,7.676470588235294,7.542688967652391,2.2857142857142856,0.6578848683470383,2.7346938775510203,3.366147482567441,28.393939393939394,1.4101097877652207,85.33333333333333,80.5,89.33333333333333,CCC_2014J
group3,M,South West Region,A Level or Equivalent,20-30%,0-35,60,-121.0,0.5,1.0,5.346938775510204,5.713839268274307,3.84,1.133168646122701,17.0,18.439088914585774,4.6875,1.8238420984284798,14.470588235294118,17.993462865228388,29.88888888888889,0.98935755639737,90.0,90.0,84.66666666666667,CCC_2014J
group1,M,London Region,A Level or Equivalent,20-30%,0-35,180,-43.0,0.5,1.0,1.8397435897435896,3.768283248842506,3.745222929936306,0.8883283264154394,3.2247191011235956,5.474637408061344,4.844444444444444,0.9676724830793112,3.119565217391304,5.1714397240880405,25.268817204301076,1.4116679916987496,80.33333333333333,78.0,74.66666666666667,CCC_2014J
group3,M,East Midlands Region,Lower Than A Level,60-70%,0-35,90,-135.0,0.75,1.0,2.4956521739130433,2.6569138971564605,7.379310344827586,1.0799650780610577,3.526315789473684,4.728561963812469,21.4025974025974,2.1501061558735004,6.82051282051282,10.530336613982417,22.9,1.6891662845291213,91.0,46.5,83.66666666666667,CCC_2014J
group1,F,London Region,A Level or Equivalent,40-50%,35-55,120,-32.0,1.0,0.625,3.4210526315789473,5.764866365365838,5.584415584415584,0.8479798154684228,7.647058823529412,12.634446308073276,3.857142857142857,0.9899356368763327,5.32,9.815522899770464,26.725490196078432,1.0998961339596292,53.333333333333336,38.0,44.0,CCC_2014J
group1,M,South East Region,A Level or Equivalent,70-80%,0-35,60,-144.0,1.0,0.5,2.1796875,2.0056361283960653,4.3565891472868215,0.604804244287884,4.886792452830188,5.0560716636173435,3.685185185185185,0.7061150899388766,2.5673076923076925,2.5304530584670606,18.114285714285714,1.1678572580105073,88.0,50.0,79.0,CCC_2014J
group1,F,London Region,A Level or Equivalent,80-90%,0-35,30,-37.0,0.42857142857142855,0.875,6.175,6.291579639404905,4.365853658536586,0.9474504578543007,9.416666666666666,11.69509992769795,3.4,1.0256232808330996,20.09090909090909,21.337546932365704,13.083333333333334,1.3685080609751161,39.666666666666664,63.0,46.666666666666664,CCC_2014J
group3,F,Scotland,HE Qualification,20-30%,35-55,60,-22.0,1.0,0.375,9.178571428571429,11.662073925934797,2.5172413793103448,0.7639366297862293,18.166666666666668,21.775020439749653,2.8461538461538463,0.8914822974308455,37.5,35.4668859642343,24.428571428571427,1.0957697431403528,100.0,90.0,94.0,CCC_2014J
group1,M,Wales,HE Qualification,70-80%,0-35,60,-25.0,0.5714285714285714,0.875,3.4,2.8798734149396132,2.5308641975308643,0.6971685746043232,4.654545454545454,4.918665062114516,5.214285714285714,1.458630754505185,10.761904761904763,11.797901346869967,17.954545454545453,1.3997252917930643,88.0,79.0,81.33333333333333,CCC_2014J
group1,M,South East Region,Lower Than A Level,60-70%,0-35,30,-18.0,1.0,0.5,7.1,7.49632388540355,2.707317073170732,1.045510924425514,24.636363636363637,22.14620837648164,3.1666666666666665,1.5515161024193347,19.0,23.783110890637577,20.846153846153847,0.953458694427153,68.5,38.0,48.0,CCC_2014J
group1,M,South West Region,Lower Than A Level,40-50%,0-35,90,-150.0,0.5,1.0,5.607843137254902,5.9802288630872615,3.576923076923077,0.9261679261354346,10.875,9.368367218882172,5.44,1.1018131486476606,10.56,9.578970021180078,13.76923076923077,0.7807250077442759,73.0,64.0,73.0,CCC_2014J
group1,F,East Anglian Region,Lower Than A Level,50-60%,0-35,30,-87.0,0.5714285714285714,0.875,3.197674418604651,3.600064598903618,5.091954022988506,1.1592251833651228,7.055555555555555,8.003372305095413,3.4864864864864864,0.9326841080741104,4.618181818181818,5.057048286672511,19.660714285714285,0.9440153145312482,77.66666666666667,52.0,50.666666666666664,CCC_2014J
group3,M,Yorkshire Region,A Level or Equivalent,80-90%,0-35,60,-128.0,0.6,0.625,8.869565217391305,12.132991641223853,4.791666666666667,0.6708063031966213,12.733333333333333,17.94223535471011,2.0625,0.527481672288764,22.666666666666668,24.14021540914662,22.0,0.9337562992806426,78.5,86.0,92.5,CCC_2014J
group3,M,South Region,A Level or Equivalent,50-60%,0-35,150,-21.0,0.7142857142857143,0.875,4.440677966101695,4.6693098745800725,9.25,1.3964545178255863,13.68421052631579,21.02921943809229,16.5,1.498269586523955,5.714285714285714,6.001161327795645,24.906976744186046,1.9091676587685016,92.33333333333333,79.0,76.33333333333333,CCC_2014J
group1,M,North Region,HE Qualification,20-30%,0-35,60,-32.0,0.625,1.0,4.238095238095238,4.7746450153955395,4.546875,0.9117286002516115,10.08,13.668455167525945,5.153846153846154,1.1322644223898612,6.8108108108108105,9.365533258347504,26.394736842105264,1.4718179288464373,85.0,33.5,61.0,CCC_2014J
group3,F,East Anglian Region,HE Qualification,90-100%,0-35,90,-156.0,0.625,1.0,2.4017094017094016,2.341749379460567,4.5423728813559325,0.8215482479590961,6.25,9.588320887199043,2.4634146341463414,1.1897678325385983,2.9759036144578315,2.8153581568909027,38.38095238095238,1.4996885111913374,100.0,94.5,97.33333333333333,CCC_2014J
group3,M,West Midlands Region,A Level or Equivalent,60-70%,0-35,60,-24.0,1.0,0.5,3.3902439024390243,3.8256964106155795,4.481927710843373,0.9340846661235309,6.461538461538462,10.246555657098053,7.975,1.2025488599538283,7.324324324324325,14.687587454215386,20.42105263157895,0.9686025128661935,97.0,88.0,85.0,CCC_2014J
group3,F,South West Region,A Level or Equivalent,50-60%,0-35,120,-143.0,0.5,1.0,3.2962962962962963,3.9542522821781505,4.2317073170731705,0.9870432696686224,6.368421052631579,6.679622309405043,2.4358974358974357,1.5298326090243828,4.883720930232558,6.241982676184674,27.431818181818183,1.3626419128528477,95.66666666666667,90.5,97.33333333333333,CCC_2014J
group1,F,West Midlands Region,Lower Than A Level,50-60%,0-35,90,-8.0,1.0,0.5,7.294117647058823,9.209775477685442,6.0,0.9726416328904217,11.75,12.879502278712808,6.9523809523809526,1.0461754238423304,11.904761904761905,16.09318104634619,22.227272727272727,1.680022265925752,48.0,42.0,43.0,CCC_2014J
group1,M,Scotland,A Level or Equivalent,80-90%,0-35,30,-38.0,0.625,1.0,4.138461538461539,3.912627486249342,3.8333333333333335,0.8256707917817144,7.733333333333333,9.888807094241773,2.7419354838709675,0.7466650189469379,5.976744186046512,7.548220768256215,14.5,1.3412862302604636,78.0,47.5,77.0,CCC_2014J
group1,M,South East Region,HE Qualification,90-100%,0-35,60,-109.0,0.5,1.0,2.2777777777777777,3.2289661228049797,7.188976377952756,0.8772830500439922,2.9770114942528734,3.5140151668553745,5.034090909090909,1.0219103985573075,2.6,3.5398826577683655,19.349056603773583,1.7519214635444165,85.33333333333333,90.0,77.66666666666667,CCC_2014J
group3,M,London Region,HE Qualification,20-30%,0-35,60,-121.0,0.5,1.0,3.9305555555555554,6.791308423974439,2.589041095890411,1.0305378898573418,13.2,10.015701958139815,4.4375,1.3776203143860088,6.354838709677419,11.580294720189622,18.21875,1.2228666775042731,90.33333333333333,60.5,79.66666666666667,CCC_2014J
group1,M,Wales,A Level or Equivalent,0-10%,0-35,60,-32.0,1.0,0.5,4.593220338983051,5.654167349498149,4.633333333333334,0.8677642849896552,7.212121212121212,11.765302736642543,2.2058823529411766,0.8642016225652694,8.161290322580646,11.553056663912365,28.0,1.1804638486456007,42.5,25.0,51.0,CCC_2014J
group3,F,South West Region,A Level or Equivalent,90-100%,35-55,60,-71.0,1.0,0.5,3.397590361445783,3.7771448729331887,8.261904761904763,0.9278509617678965,4.274193548387097,5.712136503737874,17.142857142857142,2.052757104090755,4.654545454545454,5.670646255606935,29.535714285714285,1.0486200008837459,91.5,92.0,79.0,CCC_2014J
group3,F,Scotland,A Level or Equivalent,40-50%,0-35,30,-72.0,0.625,1.0,1.9618320610687023,2.257992914592249,6.287878787878788,1.002117079643011,2.6770833333333335,3.1438989928420065,7.948453608247423,1.5160235275556646,3.2,3.790060284748162,80.33333333333333,1.275973903639463,98.0,85.0,82.66666666666667,CCC_2014J
group1,M,West Midlands Region,HE Qualification,30-40%,35-55,120,-115.0,0.7142857142857143,0.875,4.811320754716981,5.420958628585002,3.6666666666666665,1.0218009272780224,6.275,8.467093165110837,5.512195121951219,0.733499673808924,11.590909090909092,18.311222400507997,34.608695652173914,1.2305505639908167,66.33333333333333,50.0,49.5,CCC_2014J
group3,M,London Region,Lower Than A Level,10-20,35-55,60,-137.0,0.625,1.0,1.3601895734597156,0.9725410810690519,5.882075471698113,0.884625361487905,5.733333333333333,5.096344500985709,2.347826086956522,2.329876922634063,1.7662337662337662,1.8639763799458888,15.716129032258065,2.507133421480179,97.33333333333333,94.0,89.66666666666667,CCC_2014J
group3,M,London Region,A Level or Equivalent,10-20,0-35,150,-24.0,0.5,1.0,2.860215053763441,3.380221879292716,3.925531914893617,0.8732050479497165,4.076923076923077,5.5348545947129795,6.46969696969697,2.4013638587935553,6.315789473684211,9.05569930488125,28.0,1.6271144115321436,90.33333333333333,90.5,85.33333333333333,CCC_2014J
group1,M,North Western Region,HE Qualification,70-80%,0-35,60,-95.0,1.0,0.625,2.105691056910569,2.035798502582239,4.814516129032258,1.0128713820893747,2.3545454545454545,2.8010036328298367,10.396396396396396,1.0519580908932256,6.7631578947368425,10.982625616575252,21.23076923076923,0.9352084937788465,43.0,40.0,38.5,CCC_2014J
group1,M,North Western Region,A Level or Equivalent,0-10%,35-55,30,-143.0,0.5714285714285714,0.875,6.204545454545454,7.940416325136263,4.733333333333333,0.8420132494442324,13.11111111111111,19.55050439815357,5.842105263157895,0.9313764312302766,12.409090909090908,14.844139747674328,26.91304347826087,0.7148001579039186,70.33333333333333,50.0,76.33333333333333,CCC_2014J
group1,M,Scotland,A Level or Equivalent,40-50%,0-35,30,-15.0,1.0,0.5,6.7,6.520972084212363,2.926829268292683,0.659545297913646,12.428571428571429,8.45323268679757,2.727272727272727,1.889738371074449,22.181818181818183,23.176790898733937,35.916666666666664,0.9114136818523165,97.0,81.0,83.0,CCC_2014J
group3,M,South East Region,Lower Than A Level,90-100%,0-35,60,-129.0,1.0,0.5,3.375,4.195763384623451,3.765432098765432,0.9454341544456534,4.17741935483871,5.932749324096719,29.07936507936508,1.3117049601059185,8.5,10.668930919099708,29.96,1.1133789847188658,97.0,92.0,90.0,CCC_2014J
group1,M,West Midlands Region,A Level or Equivalent,30-40%,0-35,60,-102.0,1.0,0.625,2.911111111111111,4.770330694127592,3.131868131868132,0.9058477644509184,6.96875,7.933125223167199,5.0,1.472165998545248,6.529411764705882,12.809171179672806,18.057142857142857,0.8772246652272881,85.5,65.0,59.5,CCC_2014J
group3,M,Scotland,HE Qualification,20-30%,0-35,60,-81.0,0.5,1.0,1.7125748502994012,1.4893266708874497,7.226190476190476,0.9271757826270953,4.4655172413793105,5.3940041997309445,2.711864406779661,0.8669270442199851,1.880281690140845,1.5911207271338192,14.125874125874127,1.4442901107897557,73.0,85.5,89.66666666666667,CCC_2014J
group1,M,Scotland,A Level or Equivalent,20-30%,35-55,60,-134.0,0.5,1.0,1.5730337078651686,1.1968663457984012,4.58659217877095,0.814381861369046,4.9818181818181815,5.180057589737457,5.5,1.0410692895496665,1.9241379310344828,1.6959214089359678,12.753424657534246,0.9565724159903238,73.33333333333333,58.0,60.333333333333336,CCC_2014J
group3,M,Scotland,HE Qualification,90-100%,55<=,30,-144.0,0.5,1.0,2.096296296296296,1.7358127438472732,5.661764705882353,0.7732193129507655,3.2195121951219514,3.9158569383441266,34.74698795180723,1.4606060753667378,2.7745098039215685,2.731941110744556,39.44660194174757,1.171139977345615,83.66666666666667,93.0,93.0,CCC_2014J
group1,M,London Region,HE Qualification,50-60%,35-55,30,-100.0,0.8,0.625,3.619718309859155,3.0395779649864862,3.375,0.8313877608559571,7.176470588235294,8.103387201378963,3.657142857142857,0.95829794998085,8.555555555555555,12.650124150601883,23.357142857142858,1.0348372622943642,19.0,29.0,33.0,CCC_2014J
group3,F,East Anglian Region,A Level or Equivalent,50-60%,0-35,60,-16.0,1.0,0.5,4.711538461538462,4.856112131912461,4.584905660377358,0.9628398500317128,7.0,6.851363110402793,1.9166666666666667,0.7104406364507909,12.578947368421053,20.1916258480085,70.95,0.7525750682907614,94.5,92.0,88.0,CCC_2014J
group1,M,Ireland,HE Qualification,90-100%,0-35,60,-60.0,1.0,0.5,2.2416666666666667,3.2924559384208294,4.181818181818182,0.8889151434896032,3.155844155844156,6.575602704145184,8.217948717948717,0.8548302109811006,3.3157894736842106,6.1851143156569375,17.75862068965517,0.9245879364858819,93.0,96.0,96.0,CCC_2014J
group1,F,North Region,A Level or Equivalent,50-60%,35-55,30,-115.0,0.5,1.0,3.693548387096774,3.936332276714235,4.174603174603175,0.7399126216897743,7.925925925925926,8.133151181931156,1.6785714285714286,0.5293555448776479,4.886363636363637,5.473895382211019,17.244444444444444,0.8758090713087855,47.0,47.5,35.333333333333336,CCC_2014J
group1,M,East Midlands Region,Lower Than A Level,10-20,35-55,60,-153.0,0.625,1.0,4.17741935483871,6.165807868699576,4.682539682539683,0.8758498150895269,10.681818181818182,11.581538526121417,3.3043478260869565,1.202058483742763,5.7317073170731705,8.441043745425985,19.857142857142858,2.271551642083834,81.0,76.5,75.0,CCC_2014J
group3,M,Wales,A Level or Equivalent,0-10%,0-35,60,-135.0,0.875,1.0,3.215909090909091,4.644732187660427,8.07865168539326,0.916634125975428,5.7727272727272725,8.17785903739591,2.088888888888889,1.057641576309495,3.875,6.959787091832362,46.01754385964912,1.2919939445508932,98.66666666666667,93.0,88.0,CCC_2014J
group1,F,South West Region,A Level or Equivalent,20-30%,0-35,120,-18.0,0.75,1.0,7.166666666666667,7.427747207022367,3.6486486486486487,1.0911289631689363,17.153846153846153,21.809195896250408,3.2142857142857144,0.8734775114237131,24.88888888888889,23.850809443520173,16.2,0.9482092315714777,53.666666666666664,72.0,60.666666666666664,CCC_2014J
group1,M,South Region,Lower Than A Level,30-40%,35-55,90,-129.0,0.75,1.0,2.1515151515151514,1.834715480094516,6.661654135338346,0.8929099277350667,4.083333333333333,4.1509307376419295,9.98360655737705,1.1596960779759389,2.4220183486238533,1.906584972908228,15.327272727272728,1.0015551146765096,96.33333333333333,93.0,76.66666666666667,CCC_2014J
group1,M,Scotland,A Level or Equivalent,10-20,0-35,60,-58.0,1.0,0.5,1.5,1.3543354824158158,3.386243386243386,0.8310620088176334,1.7708333333333333,1.7449978459922189,5.862068965517241,0.6751444802441565,4.03030303030303,4.10241841233154,8.865671641791044,1.6535946229762966,84.0,67.0,54.0,CCC_2014J
group3,M,North Western Region,HE Qualification,10-20,0-35,120,-17.0,0.42857142857142855,0.875,3.2142857142857144,3.37271628606669,2.6705882352941175,1.0612626471963937,17.571428571428573,21.143154141068145,3.6666666666666665,1.0756508696544758,11.909090909090908,20.416867655164072,23.347826086956523,0.9998179250200147,75.66666666666667,69.0,92.33333333333333,CCC_2014J
group1,M,Yorkshire Region,Lower Than A Level,0-10%,0-35,60,-155.0,0.625,1.0,2.0522388059701493,2.570267135056285,3.466666666666667,0.7849358319984058,2.696078431372549,4.336785357994141,5.135922330097087,0.7873113325071074,4.56140350877193,6.173149068632548,13.620689655172415,1.067832375897801,91.0,77.5,85.33333333333333,CCC_2014J
group1,M,East Midlands Region,Lower Than A Level,0-10%,0-35,90,-29.0,0.8571428571428571,0.875,2.0141843971631204,1.7927864011199233,4.183098591549296,1.0935195519970486,3.108433734939759,4.700835546365138,7.095238095238095,1.1482199617982791,4.84,8.983794934690541,11.215686274509803,1.2239535336085607,93.66666666666667,45.5,50.0,CCC_2014J
group1,M,South West Region,A Level or Equivalent,0-10%,0-35,60,-53.0,0.7142857142857143,0.875,9.533333333333333,11.506320102398098,2.4838709677419355,0.5862884852101669,15.384615384615385,11.184352622737874,1.2142857142857142,0.4594264515239209,25.181818181818183,22.265750298690506,17.25,0.7135872401342135,69.33333333333333,29.0,50.0,CCC_2014J
group1,M,North Western Region,A Level or Equivalent,30-40%,35-55,60,-70.0,0.625,1.0,1.7439024390243902,1.678525321294601,3.6363636363636362,1.1157583370365944,2.74468085106383,2.5941877557537145,5.536842105263158,1.0943108463175348,2.5833333333333335,2.9390220256557655,18.63302752293578,1.3537257651980619,87.0,76.5,91.33333333333333,CCC_2014J
group1,M,Yorkshire Region,HE Qualification,40-50%,35-55,90,-10.0,0.75,0.5,10.85,15.911845967871331,3.857142857142857,0.46848557928420437,16.076923076923077,19.019558084865952,2.0,0.7319250547113999,19.0,22.347259339793773,28.666666666666668,0.7326042805697629,77.0,29.0,46.0,CCC_2014J
group1,M,South East Region,Lower Than A Level,60-70%,0-35,150,-23.0,1.0,0.625,5.25,4.769138376170671,3.122448979591837,1.1765068984955835,12.526315789473685,20.111821899493815,7.6,2.1185436381661824,17.214285714285715,16.149201320706336,24.466666666666665,1.2269631023440484,67.0,25.0,37.5,CCC_2014J
group1,F,East Midlands Region,A Level or Equivalent,70-80%,35-55,30,-10.0,0.5,1.0,4.333333333333333,4.774685230213511,3.9482758620689653,0.7945798538971511,8.37037037037037,10.50328940470976,11.785714285714286,1.4023592871471753,13.666666666666666,16.007438746973083,16.75,0.6173766531327294,78.33333333333333,51.0,77.0,CCC_2014J
group3,M,South Region,HE Qualification,90-100%,0-35,60,-45.0,0.875,1.0,8.028571428571428,6.251991279423157,2.9444444444444446,1.0435514572848932,21.545454545454547,18.736934841983288,1.4166666666666667,0.5359078575967233,38.333333333333336,31.449430307505835,43.142857142857146,0.7596577865286818,71.33333333333333,76.0,74.0,CCC_2014J
group3,F,South Region,A Level or Equivalent,50-60%,0-35,150,-45.0,0.5,1.0,3.0114942528735633,3.519032150482485,4.0227272727272725,0.8236001542513204,6.142857142857143,8.158704549762394,2.7674418604651163,2.01088064931912,7.25,7.680680773398744,19.7027027027027,1.4472834923817317,80.33333333333333,63.5,61.333333333333336,CCC_2014J
group1,M,South Region,A Level or Equivalent,90-100%,0-35,30,-84.0,0.5,1.0,5.511111111111111,5.66737963429237,3.0217391304347827,0.6380203973473672,9.75,9.137833441248533,2.28,0.79935338595751,10.434782608695652,13.419206340697993,31.625,0.8651372467998858,51.666666666666664,41.0,45.666666666666664,CCC_2014J
group3,M,South Region,HE Qualification,90-100%,0-35,60,-120.0,0.5,1.0,3.5866666666666664,3.2009007741205857,3.6842105263157894,0.8731248128277596,6.421052631578948,7.50722743274005,18.666666666666668,1.5767423892346586,8.846153846153847,9.890166056006573,16.925925925925927,1.1651950359366758,87.33333333333333,87.5,85.0,CCC_2014J
group1,M,West Midlands Region,Lower Than A Level,80-90%,0-35,60,-81.0,0.625,1.0,3.7941176470588234,5.586654736972001,4.086956521739131,0.7632932389213657,5.571428571428571,13.081625275959679,2.86046511627907,1.358331979941151,8.807692307692308,11.271270490123927,21.185185185185187,0.8336723192709631,95.0,88.0,87.66666666666667,CCC_2014J
group1,M,East Midlands Region,HE Qualification,80-90%,35-55,30,-79.0,1.0,0.5,2.3035714285714284,2.577935781929584,4.884955752212389,0.9006884925180878,3.5671641791044775,4.732940275817454,11.661764705882353,1.4736622149913918,2.608695652173913,3.8827783236685187,17.49462365591398,1.4504627929359477,52.0,40.0,44.0,CCC_2014J
group3,F,East Midlands Region,A Level or Equivalent,50-60%,0-35,120,-53.0,0.5,1.0,1.1483050847457628,0.4695372191256492,6.649789029535865,1.0043732801078153,3.6857142857142855,3.3817192143524424,3.0422535211267605,1.7405929803324045,1.2535211267605635,0.8586679546781613,20.957943925233646,1.1869042660086835,98.66666666666667,94.5,99.66666666666667,CCC_2014J
group1,M,East Anglian Region,Lower Than A Level,0-10%,0-35,60,-81.0,0.5,1.0,2.9263157894736844,3.3683195673401833,4.635416666666667,0.9940385364984267,5.808510638297872,9.398515835358955,5.791666666666667,2.0589998441378072,10.08695652173913,12.555017263947658,16.958333333333332,1.1728912415980237,64.0,65.5,64.66666666666667,CCC_2014J
group1,M,South East Region,A Level or Equivalent,30-40%,35-55,60,-59.0,0.5,1.0,3.8676470588235294,3.7927834529978774,3.971014492753623,0.7916764228021448,9.884615384615385,12.59309945351635,15.518518518518519,2.727352487729452,7.633333333333334,7.667591148658652,25.870967741935484,0.8337031701924584,87.66666666666667,88.0,81.33333333333333,CCC_2014J
group3,M,South West Region,A Level or Equivalent,70-80%,35-55,30,-80.0,0.5,1.0,2.037313432835821,1.8573435489741652,4.666666666666667,0.8840999112437601,2.5052631578947366,2.521708658364557,6.479166666666667,1.611208427629491,4.714285714285714,7.32282004283807,37.83720930232558,1.020172386121581,98.66666666666667,99.0,99.0,CCC_2014J
group1,M,Scotland,HE Qualification,50-60%,0-35,60,-128.0,0.5714285714285714,0.875,3.9523809523809526,4.591115443312757,5.75,0.9624323313555937,7.303030303030303,7.816188523206374,6.264705882352941,1.5005637886303984,6.71875,11.18245854149516,20.424242424242426,1.058239036726735,82.66666666666667,25.0,67.33333333333333,CCC_2014J
group3,M,Scotland,HE Qualification,90-100%,35-55,60,-106.0,0.5,1.0,2.139344262295082,1.8821280981975317,4.252032520325203,0.8373363949235603,3.048780487804878,2.4890001910846675,4.614457831325301,0.9649630382752176,4.957446808510638,4.840757427297431,16.645833333333332,0.897907440766553,98.0,96.5,97.33333333333333,CCC_2014J
group3,F,South Region,A Level or Equivalent,90-100%,35-55,60,-134.0,0.5,1.0,1.8866666666666667,2.0935717101625255,4.298013245033113,0.8160535143090776,4.980769230769231,5.326553477221585,3.3773584905660377,1.4598867460166325,3.8767123287671232,5.035830521482617,28.905405405405407,1.286718836211676,94.33333333333333,89.0,83.0,CCC_2014J
group3,M,South West Region,A Level or Equivalent,80-90%,35-55,30,-10.0,0.5,1.0,1.992063492063492,1.5205053462373976,4.47244094488189,0.9690746019835018,2.6210526315789475,2.302537672057289,27.635416666666668,1.2984930929812677,2.902439024390244,2.782705655983222,17.08433734939759,0.969075080109181,93.0,83.0,91.0,CCC_2014J
group1,M,South East Region,Lower Than A Level,70-80%,0-35,60,-14.0,0.7142857142857143,0.875,2.1615384615384614,1.8418218405447615,4.67175572519084,0.9715752776945608,3.8923076923076922,5.454708622268119,8.848484848484848,1.2824187906406015,3.676470588235294,6.263948438796264,32.05797101449275,1.3424380728844465,75.66666666666667,72.0,73.5,CCC_2014J
group1,M,Wales,A Level or Equivalent,80-90%,0-35,60,-36.0,0.8571428571428571,0.875,5.229166666666667,8.354485566329872,6.26530612244898,0.858477691486084,8.096774193548388,9.907420918044808,4.96875,0.9605773022560079,8.310344827586206,12.050795611777973,36.766666666666666,1.6399572560872877,79.0,21.0,70.66666666666667,CCC_2014J
group1,F,West Midlands Region,Lower Than A Level,10-20,0-35,30,-129.0,0.5,1.0,8.7,10.91708562853153,4.903225806451613,0.6539354547257461,8.25,9.252126882606607,6.931034482758621,2.3834013437308226,15.692307692307692,17.684195464616682,30.214285714285715,0.8668776400219568,67.33333333333333,69.0,76.33333333333333,CCC_2014J
group1,M,Scotland,Lower Than A Level,80-90%,0-35,30,-28.0,0.5,1.0,4.161290322580645,4.173269930681581,3.8412698412698414,0.9150816883085228,6.2926829268292686,6.9794122332723125,10.047619047619047,2.0587767187537462,9.956521739130435,12.553443065801673,17.166666666666668,0.7596428210492641,86.33333333333333,65.0,80.33333333333333,CCC_2014J
group1,F,South Region,HE Qualification,90-100%,0-35,60,-51.0,0.625,1.0,4.440677966101695,6.330743777299511,4.95,1.1159521109958004,5.18,7.358709957927268,12.333333333333334,1.7469581201288984,7.1875,10.976330840024705,21.818181818181817,1.3692218660679207,80.0,58.5,58.333333333333336,CCC_2014J
group3,M,East Anglian Region,Lower Than A Level,70-80%,0-35,30,-150.0,0.5,1.0,2.08955223880597,2.5264396969576324,4.777777777777778,0.8202414924906231,2.954022988505747,3.4738493024611143,9.852272727272727,1.0627232164634437,3.0232558139534884,3.5710494229075236,38.298850574712645,1.0220374853044258,99.33333333333333,99.0,97.66666666666667,CCC_2014J
group3,F,West Midlands Region,A Level or Equivalent,10-20,0-35,210,-30.0,0.5714285714285714,0.875,3.6575342465753424,3.705173478028135,5.77027027027027,1.0669934182622725,6.209302325581396,7.682875638267855,3.022727272727273,1.5152008345049897,6.4324324324324325,5.310056185832377,23.105263157894736,0.94451209205314,97.0,84.0,91.33333333333333,CCC_2014J
group1,M,South West Region,Lower Than A Level,50-60%,0-35,120,-85.0,0.5714285714285714,0.875,5.488372093023256,4.727689927303447,2.4318181818181817,0.8472775759854339,15.846153846153847,18.447430506921346,1.7857142857142858,1.1627553482998907,26.6,22.634045153264143,38.333333333333336,0.9962880065826807,73.66666666666667,41.0,42.333333333333336,CCC_2014J
group1,M,East Anglian Region,HE Qualification,90-100%,0-35,30,-31.0,0.5714285714285714,0.875,6.815789473684211,7.3221443586243815,3.3333333333333335,0.9922778767136674,12.25,15.29662845548859,1.7619047619047619,0.6985323234227073,20.166666666666668,22.618710409881032,27.076923076923077,1.1674788409252925,56.0,56.0,58.0,CCC_2014J
group1,M,South West Region,HE Qualification,60-70%,0-35,60,-5.0,0.6666666666666666,0.75,8.933333333333334,10.332183844110874,5.354838709677419,0.7326153247847399,10.4,12.43650540411842,3.269230769230769,0.9040470331029706,17.8,22.529980026622304,29.625,1.1373871469197792,44.5,41.5,32.5,CCC_2014J
group3,M,East Midlands Region,Lower Than A Level,60-70%,35-55,120,-57.0,0.5,1.0,1.273972602739726,0.7709211808841782,6.390909090909091,0.7578215270985841,4.867924528301887,7.322351807595322,4.574074074074074,1.8202106773118851,1.3609756097560977,1.0555358384559683,24.019417475728154,1.2908438616614133,92.66666666666667,96.5,95.66666666666667,CCC_2014J
group3,M,Yorkshire Region,A Level or Equivalent,40-50%,0-35,60,-101.0,1.0,0.5,2.8,2.752409412815901,6.811881188118812,0.862877667527931,5.078431372549019,7.992103946408359,3.3846153846153846,1.2225287097982573,3.72,4.892244275795523,39.44736842105263,1.2137943110743745,100.0,100.0,100.0,CCC_2014J
group3,M,West Midlands Region,A Level or Equivalent,40-50%,0-35,90,-150.0,0.5,1.0,3.9692307692307693,2.7893168449529826,5.0606060606060606,0.752754393369011,5.925,4.942684311700294,3.073170731707317,2.0521974162647605,7.90625,5.991172942405055,36.75757575757576,1.151440670626197,88.66666666666667,92.5,97.0,CCC_2014J
group1,M,Scotland,A Level or Equivalent,20-30%,35-55,60,-28.0,0.75,1.0,4.945454545454545,5.825926032950826,3.5714285714285716,0.9697422337920526,6.405405405405405,8.401254732543293,15.657894736842104,1.1161600014285262,14.61111111111111,21.28832568469198,21.210526315789473,0.7810979269696962,54.666666666666664,76.5,70.0,CCC_2014J
group3,M,Wales,HE Qualification,70-80%,35-55,120,-24.0,0.5714285714285714,0.875,3.984848484848485,4.24442593469971,3.5970149253731343,1.3821850188695022,27.625,16.885644790768282,7.333333333333333,1.9241827716833386,10.652173913043478,13.779459996188574,13.25,1.088086668240606,94.5,91.5,94.0,CCC_2014J
group3,M,East Midlands Region,A Level or Equivalent,80-90%,0-35,60,-71.0,0.75,1.0,3.7222222222222223,3.968971989589636,5.410958904109589,0.7670927852165139,6.777777777777778,8.308725572247566,1.7567567567567568,0.5978264377761675,5.384615384615385,6.192590583725991,26.45,0.8288723787640311,90.66666666666667,90.0,95.66666666666667,CCC_2014J
group3,M,East Anglian Region,A Level or Equivalent,70-80%,0-35,90,-17.0,0.5,1.0,4.566666666666666,5.603771933885752,3.459016393442623,0.8335844878074181,10.541666666666666,11.560724991056597,2.52,0.7109268468748792,12.736842105263158,20.15727634065883,23.85,0.7629731269682336,98.66666666666667,91.0,96.0,CCC_2014J
group1,M,South Region,Lower Than A Level,80-90%,0-35,60,-115.0,0.7142857142857143,0.875,6.8,10.40512694140089,4.097560975609756,0.8241844728890942,11.227272727272727,18.5752826503697,1.7826086956521738,0.5219740136349439,11.304347826086957,14.43617546496772,19.458333333333332,1.0114299846868657,79.66666666666667,54.0,49.5,CCC_2014J
group1,F,London Region,Lower Than A Level,10-20,0-35,120,-17.0,1.0,0.375,4.910714285714286,6.185839505645972,3.912280701754386,0.9188339712908123,8.32258064516129,9.95452023546487,13.875,3.530278781297461,13.166666666666666,18.250705062931612,14.0,1.1331827367773402,44.0,0.0,8.0,CCC_2014J
group1,M,East Anglian Region,A Level or Equivalent,60-70%,35-55,60,-25.0,0.625,1.0,2.1507936507936507,2.172804493064059,4.425196850393701,1.1604479653348285,3.2560975609756095,3.1615396140338157,5.614457831325301,1.1372256806395113,3.418918918918919,3.3719501968923122,21.30666666666667,1.507342476255717,71.0,37.5,63.0,CCC_2014J
group3,M,Scotland,HE Qualification,70-80%,35-55,60,-24.0,0.5,1.0,2.694736842105263,3.142277545776637,3.6875,0.9022406062984193,5.953488372093023,7.955092673645615,3.340909090909091,1.5669754614580005,11.055555555555555,16.87487593757349,26.526315789473685,0.9820927516479827,96.0,88.0,89.66666666666667,CCC_2014J
group1,M,Yorkshire Region,HE Qualification,60-70%,0-35,60,-31.0,0.5,0.9230769230769231,3.8461538461538463,4.423766668627715,6.984848484848484,1.4046235714032187,6.486486486486487,8.238195668219337,11.31578947368421,1.20217938025236,8.555555555555555,9.086479107118585,5.607142857142857,1.3246417047907084,52.25,58.333333333333336,61.2,DDD_2013B
group1,F,Wales,Lower Than A Level,0-10%,35-55,120,4.0,0.6363636363636364,0.8461538461538461,4.866666666666666,5.4962797335189295,2.8260869565217392,0.8226095006335293,12.0625,11.486042254260894,10.176470588235293,1.1159513080754866,19.0,15.673757260678329,5.75,1.20725594581868,59.8,14.0,24.4,DDD_2013B
group1,M,Ireland,Lower Than A Level,30-40%,0-35,60,-28.0,0.6923076923076923,1.0,3.4411764705882355,3.2753368423842906,5.217391304347826,0.9012850907536498,5.842105263157895,6.0382846847897245,6.743589743589744,0.9225372098171603,5.575,6.920380529036438,4.2439024390243905,1.0405632284847315,53.8,46.666666666666664,42.8,DDD_2013B
group1,F,London Region,Lower Than A Level,20-30%,0-35,120,-24.0,0.5454545454545454,0.8461538461538461,3.26027397260274,3.7639643597773715,8.297297297297296,1.1359114654055857,5.066666666666666,6.293575367713563,11.173913043478262,0.904097974509232,5.775,7.764110396974676,5.439024390243903,0.6879864997200015,69.6,48.0,86.0,DDD_2013B
group1,F,East Anglian Region,Lower Than A Level,80-90%,0-35,60,-29.0,0.5384615384615384,1.0,5.3023255813953485,5.106181518610231,4.181818181818182,1.170688001550979,7.125,5.84614568368243,4.787878787878788,1.1332472453173612,17.307692307692307,12.6976678658236,2.2142857142857144,0.9377059260482987,68.6,74.66666666666667,61.2,DDD_2013B
group1,M,Scotland,HE Qualification,90-100%,35-55,60,-12.0,0.5384615384615384,1.0,2.3369565217391304,1.9571069358950286,3.881720430107527,1.3667658521679693,4.1875,4.427459047469696,5.653061224489796,1.5572000359410256,7.148148148148148,6.371231638591756,6.392857142857143,1.0088556422689945,76.0,55.333333333333336,78.0,DDD_2013B
group1,F,Wales,HE Qualification,20-30%,0-35,60,-60.0,0.7272727272727273,0.8461538461538461,5.5813953488372094,6.554651413271468,7.795454545454546,1.0654251594280517,7.741935483870968,8.262234330314788,11.1875,0.9987195697501395,9.173913043478262,12.264702397579232,7.875,1.1300353657180728,67.0,35.0,50.2,DDD_2013B
group3,M,South Region,HE Qualification,70-80%,0-35,60,-22.0,0.6153846153846154,1.0,2.6666666666666665,4.271488503447916,8.309278350515465,1.4874973323757499,5.628571428571429,7.515026962832591,8.333333333333334,1.3407460609675494,3.0294117647058822,2.4916013446687355,6.855072463768116,1.0204695348688986,82.4,74.66666666666667,86.2,DDD_2013B
group3,M,Wales,Post Graduate Qualification,80-90%,35-55,60,-184.0,0.5384615384615384,1.0,2.057377049180328,2.0053613277925995,5.764227642276423,1.0828594559625304,2.8333333333333335,2.6518160784745657,8.988235294117647,0.9495024586587076,7.857142857142857,9.438747114418687,5.344827586206897,1.333222333222141,81.6,81.0,78.2,DDD_2013B
group1,M,West Midlands Region,A Level or Equivalent,40-50%,0-35,90,-24.0,0.5384615384615384,1.0,7.1875,7.697664078021625,6.363636363636363,0.6664965769415698,9.2,9.656603957913983,5.423076923076923,0.810530015167638,11.61111111111111,11.272762012865028,4.421052631578948,0.8377434326551989,82.4,47.666666666666664,82.0,DDD_2013B
group1,M,South Region,A Level or Equivalent,40-50%,0-35,60,-24.0,0.7,0.7692307692307693,3.9682539682539684,4.710894216765706,4.125,1.2132570435859154,7.714285714285714,7.177345311066322,7.545454545454546,1.1250715691497593,5.645161290322581,6.641025960380792,6.875,1.024493424507695,77.0,44.0,79.0,DDD_2013B
group1,M,South East Region,Lower Than A Level,20-30%,35-55,60,-78.0,0.5384615384615384,1.0,2.9647058823529413,2.656739224184814,5.941860465116279,1.1217609649911542,4.56,5.210507437390532,6.8431372549019605,1.4790818733765771,3.806451612903226,3.740950653604278,7.492063492063492,1.1108566252343555,70.6,42.666666666666664,54.8,DDD_2013B
group1,F,London Region,A Level or Equivalent,80-90%,0-35,70,-128.0,0.7272727272727273,0.8461538461538461,1.514792899408284,0.9518560119935835,7.9411764705882355,0.8215279017041744,2.1880341880341883,1.9025011846098268,6.016949152542373,1.098595160701901,2.772727272727273,3.6663341732025025,4.561797752808989,0.927685744000851,75.2,46.5,56.5,DDD_2013B
group1,F,South East Region,Lower Than A Level,40-50%,0-35,60,-72.0,0.6153846153846154,1.0,2.5473684210526315,2.0356839043836423,4.020833333333333,0.9074164728274046,2.7674418604651163,2.443114784352386,5.344827586206897,1.3125399090442367,5.575,6.180562998170877,3.5853658536585367,0.9562603205880588,71.6,65.33333333333333,81.2,DDD_2013B
group1,M,Scotland,A Level or Equivalent,20-30%,0-35,60,-99.0,0.6153846153846154,1.0,1.9767441860465116,1.8893828203570773,7.7384615384615385,0.9762241183063415,2.6020408163265305,3.5398753426661544,6.313131313131313,1.1708677124252767,2.9047619047619047,4.712503357498527,7.576470588235294,0.9241074486217092,77.4,56.0,54.6,DDD_2013B
group1,F,East Anglian Region,HE Qualification,90-100%,0-35,60,-89.0,0.5384615384615384,1.0,5.319148936170213,5.909117431999629,7.333333333333333,0.8939072926953244,5.434782608695652,7.210030586814589,4.404255319148936,1.090076038859856,14.642857142857142,13.437073530160689,3.8666666666666667,1.167586410574966,75.8,55.0,70.2,DDD_2013B
group1,F,South West Region,A Level or Equivalent,80-90%,35-55,70,-66.0,0.75,0.9230769230769231,2.2685185185185186,1.926725377913742,4.908256880733945,1.4814496232700634,5.0,5.744562646538028,7.770833333333333,1.2206107803053383,4.086206896551724,4.113667773767598,4.966101694915254,0.858305794794172,80.2,51.0,76.0,DDD_2013B
group1,F,Scotland,Lower Than A Level,30-40%,0-35,120,-34.0,0.7272727272727273,0.8461538461538461,2.308411214953271,1.8449892107537014,4.203703703703703,0.833391227523136,4.245614035087719,3.776244836164181,3.9310344827586206,0.6956422418563804,3.4925373134328357,2.930369375457114,5.397058823529412,0.8335692756489659,73.4,36.0,59.2,DDD_2013B
group1,F,Scotland,HE Qualification,40-50%,0-35,60,-16.0,0.6153846153846154,1.0,2.6458333333333335,2.4793002691407513,8.154639175257731,1.0414907141745227,3.408450704225352,3.2888446290397764,5.472222222222222,1.1334583227149801,4.345454545454546,4.651635243407466,10.017857142857142,1.2515438275715252,85.0,85.33333333333333,85.0,DDD_2013B
group1,F,London Region,HE Qualification,10-20,0-35,60,-110.0,0.5384615384615384,1.0,1.7737226277372262,1.3984902612225163,11.282608695652174,1.0328457623892227,2.730337078651685,2.8435095350633017,8.722222222222221,1.2483458973421306,3.298507462686567,3.7498077743586316,5.8088235294117645,0.8445343469029915,88.6,87.0,92.0,DDD_2013B
group1,M,North Western Region,A Level or Equivalent,60-70%,35-55,60,-28.0,0.5454545454545454,0.8461538461538461,2.6666666666666665,5.733863704558746,7.969072164948454,1.1806597511943842,3.1219512195121952,6.8120993372313015,4.27710843373494,1.1672173533368022,3.1875,6.292639360918618,7.8765432098765435,0.8481289564573185,94.2,69.0,81.6,DDD_2013B
group1,M,South West Region,Lower Than A Level,40-50%,0-35,60,-310.0,0.6923076923076923,1.0,1.1697247706422018,0.7396604759970966,7.931506849315069,0.7776714504084625,1.4488636363636365,1.1402750864275135,5.011299435028248,0.9258150005653543,1.7234042553191489,1.5542861612729555,4.683098591549296,0.8732337430451543,89.6,57.0,87.6,DDD_2013B
group1,M,East Midlands Region,A Level or Equivalent,70-80%,0-35,60,-72.0,0.7692307692307693,1.0,5.217391304347826,5.3827421490796175,4.276595744680851,1.0308236805869855,8.26923076923077,10.270570353423192,10.333333333333334,1.010180574757681,19.545454545454547,13.589434398558584,3.5,1.2643731473668338,62.6,64.33333333333333,71.2,DDD_2013B
group1,F,London Region,Lower Than A Level,10-20,35-55,60,-111.0,0.8333333333333334,0.9230769230769231,3.263157894736842,2.7537534193781474,10.12987012987013,0.8917106756084525,4.679245283018868,4.079845325620438,6.351851851851852,0.9841841889577664,4.428571428571429,3.5972572524438315,3.7719298245614037,1.120418680918722,61.4,71.0,57.0,DDD_2013B
group1,M,London Region,Lower Than A Level,40-50%,35-55,60,-31.0,0.6666666666666666,0.9230769230769231,4.955555555555556,4.680498980565075,5.6521739130434785,1.171960376574377,10.136363636363637,7.827274989818217,6.913043478260869,0.9017648575940834,7.433333333333334,8.528586143622833,6.645161290322581,0.8059129675024552,79.0,33.5,55.6,DDD_2013B
group1,F,Yorkshire Region,HE Qualification,30-40%,0-35,60,-53.0,0.6153846153846154,1.0,2.606741573033708,2.5611519848058157,8.922222222222222,0.7421801206233817,3.476923076923077,3.7043373745671953,7.651515151515151,0.9365164350058022,4.64,5.4239077711742185,4.588235294117647,1.2970912687119733,73.8,60.666666666666664,63.6,DDD_2013B
group1,M,South Region,A Level or Equivalent,30-40%,35-55,60,-108.0,0.5384615384615384,1.0,1.44,0.9974680590052157,7.357954545454546,1.015718212462247,2.6222222222222222,2.4058812666388056,5.78021978021978,0.9758983093316044,2.4583333333333335,2.883406854351168,4.835051546391752,1.1311335807778387,83.6,68.66666666666667,77.8,DDD_2013B
group1,F,South East Region,HE Qualification,40-50%,0-35,60,-16.0,0.8333333333333334,0.9230769230769231,3.716666666666667,3.2940195767104083,6.491803278688525,0.6881116205133301,4.510204081632653,3.731188645389428,4.88,0.8284772962946413,9.05,8.185192021025081,1.9523809523809523,0.9546529654039477,54.6,55.0,62.4,DDD_2013B
group1,F,North Western Region,HE Qualification,20-30%,0-35,60,-55.0,0.6153846153846154,1.0,2.1826086956521737,2.079906411084665,5.370689655172414,1.1875959651308023,3.5,3.6105722377564993,6.52112676056338,1.1669704534726093,3.0246913580246915,3.577622494904875,4.7682926829268295,0.783531709177179,45.4,48.333333333333336,56.6,DDD_2013B
group1,M,East Anglian Region,A Level or Equivalent,30-40%,0-35,60,-23.0,0.5454545454545454,0.8461538461538461,2.6436781609195403,2.8159719355360786,5.488636363636363,1.3623109743207733,4.111111111111111,4.487578944138388,8.763636363636364,2.0147204521645605,3.2,4.189704427332053,5.549295774647887,1.2809541829231164,80.0,69.0,85.8,DDD_2013B
group1,F,South West Region,A Level or Equivalent,60-70%,35-55,120,-140.0,0.9166666666666666,0.9230769230769231,3.0476190476190474,3.188476094458608,4.635294117647059,1.3015232385944582,5.857142857142857,8.209368320583291,7.232558139534884,1.414688683818803,7.375,8.757485277583786,4.151515151515151,0.8877544990079284,66.25,40.0,43.6,DDD_2013B
group1,F,West Midlands Region,A Level or Equivalent,80-90%,35-55,60,-43.0,0.9090909090909091,0.8461538461538461,2.349056603773585,1.981064902810216,5.663551401869159,1.0193025361207788,4.12280701754386,4.950000632895329,5.879310344827586,1.428333131223294,3.157142857142857,3.5575423624259885,5.140845070422535,0.975227021026804,80.6,64.0,57.0,DDD_2013B
group1,F,North Region,A Level or Equivalent,40-50%,0-35,280,-30.0,0.45454545454545453,0.8461538461538461,2.150442477876106,1.7072389935321481,9.087719298245615,0.948332424198458,2.630434782608696,3.008111346812287,10.150537634408602,0.9318120808135161,3.36231884057971,3.8193432392492084,7.171428571428572,0.7961551070967748,80.8,38.0,40.2,DDD_2013B
group3,F,South Region,A Level or Equivalent,20-30%,0-35,60,-29.0,0.5384615384615384,1.0,4.553191489361702,5.033835561729712,4.875,0.7750492197331633,5.3076923076923075,6.554041927470752,9.6,0.8071404428254382,12.411764705882353,11.17507731253688,4.777777777777778,0.9580153453044643,83.0,81.66666666666667,77.0,DDD_2013B
group1,F,South Region,A Level or Equivalent,80-90%,0-35,60,-36.0,0.8333333333333334,0.9230769230769231,2.9879518072289155,3.0383482993055675,5.476190476190476,1.102326119324919,5.377777777777778,6.705794268218849,6.3478260869565215,1.12368436029208,3.796875,3.9326863370216585,4.6461538461538465,0.8621107503306689,69.8,53.5,59.0,DDD_2013B
group1,F,South Region,Lower Than A Level,80-90%,0-35,60,-54.0,0.5384615384615384,1.0,1.6993006993006994,1.2728750037377405,7.902777777777778,1.3840100984706687,2.142857142857143,1.907109235745461,8.973451327433628,1.0439739918732758,2.3365384615384617,2.188276694504201,5.561904761904762,1.0275884525297885,62.4,45.333333333333336,50.8,DDD_2013B
group1,M,North Western Region,A Level or Equivalent,20-30%,0-35,60,-97.0,0.5384615384615384,1.0,2.7888888888888888,2.5725187432057357,6.4945054945054945,1.3534242640211736,4.833333333333333,5.007795341704487,7.979591836734694,0.7190113050715298,4.6938775510204085,5.813791367776041,4.42,0.9095923054862496,63.4,35.0,30.0,DDD_2013B
group1,F,West Midlands Region,Lower Than A Level,0-10%,0-35,90,-25.0,0.6363636363636364,0.8461538461538461,5.888888888888889,7.671013260609347,3.3513513513513513,0.7381565755805748,9.523809523809524,10.538591213340839,9.5,0.7977240352174656,8.1,7.552622409677177,3.380952380952381,1.536825614586404,78.4,78.0,56.0,DDD_2013B
group1,M,North Western Region,No Formal quals,20-30%,0-35,120,-68.0,0.5,0.9230769230769231,1.75,1.3301243435223526,5.23448275862069,1.0036499428044021,2.625,2.258317958127243,5.546391752577319,1.2656668726388491,2.4782608695652173,2.5048448039027877,4.56989247311828,0.7018788428458305,75.0,52.0,57.0,DDD_2013B
group1,M,West Midlands Region,Lower Than A Level,90-100%,35-55,120,-17.0,0.6363636363636364,0.8461538461538461,2.442105263157895,2.7316731272076047,5.489583333333333,1.253267174693457,3.7704918032786887,5.219813031846226,6.467741935483871,0.7439492512462113,3.4375,3.304037933599835,6.3076923076923075,0.8642892084320021,77.0,56.5,62.25,DDD_2013B
group1,F,Wales,A Level or Equivalent,30-40%,35-55,90,-185.0,0.5384615384615384,1.0,2.081967213114754,1.4118165072543263,6.0894308943089435,1.0528705278523358,2.925925925925926,2.6915505650915135,5.024390243902439,1.1015781445367674,3.9298245614035086,3.98595592192498,5.310344827586207,0.8509714865409519,64.8,73.0,71.8,DDD_2013B
group1,M,Scotland,A Level or Equivalent,50-60%,0-35,60,-16.0,0.8,0.7692307692307693,5.276595744680851,5.705459352232868,2.9375,0.626968004629449,16.25,13.63901489377907,3.6923076923076925,0.5659615711335886,9.1,8.1943497863499,1.6666666666666667,1.530639455540443,75.75,67.0,76.0,DDD_2013B
group3,F,East Midlands Region,HE Qualification,50-60%,35-55,60,-30.0,0.5384615384615384,1.0,1.0240963855421688,0.21864153243294146,13.24,2.523470752277336,1.4491017964071857,1.0565839627298712,9.541666666666666,1.5320702367461612,1.5125,1.2488359359693944,7.869565217391305,1.2223740184328988,97.6,96.66666666666667,93.8,DDD_2013B
group1,F,South East Region,A Level or Equivalent,40-50%,35-55,60,-94.0,0.6153846153846154,1.0,2.2285714285714286,1.7055178711438965,9.650943396226415,1.07945200689129,4.017543859649122,4.438030564137717,7.241379310344827,0.8150928887148753,2.8974358974358974,2.3882273140615617,7.291139240506329,1.3265456749976376,78.2,66.0,77.4,DDD_2013B
group1,F,South Region,A Level or Equivalent,90-100%,35-55,120,-2.0,0.6923076923076923,1.0,2.39,1.8850555279445598,3.4356435643564356,0.9661531029736791,4.456521739130435,3.891338083139871,6.319148936170213,1.0678763164470473,2.8072289156626504,2.2385635165637523,8.702380952380953,0.9073748798597773,57.2,55.666666666666664,60.0,DDD_2013B
group1,F,Scotland,A Level or Equivalent,40-50%,0-35,120,-28.0,0.6666666666666666,0.9230769230769231,4.433962264150943,6.106457596934905,9.37037037037037,1.2081420623136547,5.684210526315789,8.450508582673125,9.974358974358974,1.0717728959606403,9.043478260869565,11.010235984877333,5.0,1.4491376746189437,71.0,64.0,74.8,DDD_2013B
group1,F,West Midlands Region,A Level or Equivalent,0-10%,0-35,60,-25.0,0.6153846153846154,1.0,5.0,5.28710585973962,4.222222222222222,0.9109977483544759,7.333333333333333,9.248796131662623,6.774193548387097,1.416264448703748,7.923076923076923,8.87208240233634,2.6666666666666665,1.0257111354242643,82.8,60.666666666666664,82.8,DDD_2013B
group1,M,North Region,Lower Than A Level,30-40%,0-35,120,-61.0,0.6153846153846154,1.0,2.7666666666666666,2.526488881316466,6.461538461538462,0.9653454326513303,6.0,4.352857500660071,5.75,0.8745509244582041,4.101694915254237,3.790618706910601,6.35,1.6483671013748329,58.6,42.0,49.2,DDD_2013B
group1,F,South West Region,A Level or Equivalent,60-70%,0-35,60,-23.0,0.5384615384615384,1.0,4.37037037037037,5.779914134951089,10.418181818181818,0.945918097727142,5.348837209302325,7.549467723054364,8.545454545454545,1.0148010573787551,6.388888888888889,7.5034383652821,6.1891891891891895,0.854825104156657,70.0,48.333333333333336,66.6,DDD_2013B
group1,M,South Region,A Level or Equivalent,80-90%,0-35,90,-16.0,0.5384615384615384,1.0,4.327586206896552,4.045304538378719,3.610169491525424,1.2250552767656606,4.869565217391305,5.495892185794259,6.680851063829787,1.0683182610309556,15.461538461538462,12.38692445427425,2.5714285714285716,1.452966314513558,59.2,33.666666666666664,39.6,DDD_2013B
group1,F,Scotland,HE Qualification,40-50%,35-55,70,-58.0,0.5384615384615384,1.0,1.1797235023041475,0.490609897314794,12.98165137614679,1.307751080352037,1.2673267326732673,0.6600330024752061,6.088669950738916,1.4545674572096832,1.225,0.5056216632341402,10.298507462686567,1.1088645635594367,79.8,66.66666666666667,78.2,DDD_2013B
group1,F,South West Region,A Level or Equivalent,80-90%,0-35,60,-46.0,0.7692307692307693,1.0,2.4607843137254903,2.3364166886747406,4.262135922330097,1.1792374317760008,5.148936170212766,7.731861588664916,3.7708333333333335,0.9896599200861814,3.037037037037037,2.895878297013034,6.0,0.8530195053002975,76.6,48.666666666666664,58.8,DDD_2013B
group3,M,South West Region,Lower Than A Level,80-90%,0-35,60,-51.0,0.6666666666666666,0.9230769230769231,2.6344086021505375,2.7138331075394766,4.127659574468085,1.3540816219878358,3.8421052631578947,5.476539162921005,5.620689655172414,0.8702362622268428,8.142857142857142,9.998941742946398,4.551724137931035,0.9560473994189412,78.8,75.0,91.8,DDD_2013B
group1,F,East Anglian Region,HE Qualification,80-90%,0-35,150,-128.0,0.6153846153846154,1.0,1.5521472392638036,1.7290308933152776,9.908536585365853,1.1926190362728886,7.064516129032258,8.453541600500813,6.53125,1.1341933442978278,1.8636363636363635,2.567479315339878,7.62406015037594,0.9927562686813239,88.6,61.0,71.4,DDD_2013B
group3,M,London Region,HE Qualification,50-60%,35-55,60,-30.0,0.5384615384615384,1.0,1.2057416267942584,0.5377709962993564,6.352380952380952,0.854804145521223,1.3125,0.7767902814539176,5.005181347150259,1.0423294639169718,2.0344827586206895,2.0931816202499784,5.521367521367521,1.0355886748226386,90.4,87.0,93.0,DDD_2013B
group3,M,London Region,A Level or Equivalent,60-70%,35-55,90,-53.0,0.5384615384615384,1.0,1.1228070175438596,0.4121577662348701,8.537117903930131,1.0704052935049142,1.457142857142857,1.2627022915856678,5.011363636363637,1.1948176963420594,2.2149532710280373,2.0651101545985364,5.046296296296297,1.0051747265809012,83.2,86.33333333333333,80.4,DDD_2013B
group1,M,South East Region,Lower Than A Level,80-90%,0-35,90,-36.0,0.4,0.7692307692307693,1.4285714285714286,2.322943178993296,4.384615384615385,0.979632533916752,2.25,2.1869995502896273,5.333333333333333,1.129806042446396,2.01,2.5643043044179774,5.1683168316831685,0.9189254010957721,56.8,39.0,52.5,DDD_2013B
group1,M,North Region,Lower Than A Level,20-30%,0-35,60,-66.0,0.5384615384615384,1.0,2.6818181818181817,2.0763886340629063,6.865168539325842,1.1308724975048532,4.361702127659575,3.897744787833386,7.458333333333333,1.1284224770012081,3.2285714285714286,2.4027244715381673,6.267605633802817,1.1395629476481626,62.2,59.333333333333336,68.4,DDD_2013B
group1,F,Wales,HE Qualification,20-30%,0-35,60,-28.0,0.7692307692307693,1.0,1.3621621621621622,0.8364493251599388,8.43010752688172,1.0895418317169951,2.5257731958762886,2.7351598959397947,7.255102040816326,0.9646998543470777,2.0085470085470085,2.1475556533904023,4.423728813559322,1.016669392044874,57.2,35.666666666666664,67.0,DDD_2013B
group1,M,Scotland,HE Qualification,70-80%,35-55,60,-82.0,0.5384615384615384,1.0,1.0450819672131149,0.354303921759119,13.795918367346939,0.9391023763918238,1.4157303370786516,1.0975987016764912,9.30167597765363,1.245933750031689,1.146788990825688,0.5890817359887119,16.009132420091323,1.1756233069483093,80.8,65.66666666666667,73.6,DDD_2013B
group1,F,London Region,HE Qualification,10-20,35-55,120,-2.0,0.8333333333333334,0.9230769230769231,1.853658536585366,1.8001954667514848,4.758064516129032,1.1899077670604927,2.746987951807229,3.1923818368948282,6.642857142857143,0.978258272294095,3.53125,3.878998193364749,4.584615384615384,0.9594968502639347,49.8,33.0,52.8,DDD_2013B
group1,M,North Region,Lower Than A Level,10-20,0-35,60,-93.0,0.5,0.9230769230769231,3.6451612903225805,3.9716073229433606,8.34920634920635,1.1406875792097946,4.0,5.198038845866511,7.9245283018867925,1.1165981296867529,6.176470588235294,5.670073422833329,6.685714285714286,0.8017121352895644,60.4,32.0,48.4,DDD_2013B
group3,M,Wales,A Level or Equivalent,10-20,0-35,60,-115.0,0.5384615384615384,1.0,2.1666666666666665,1.585565732345646,4.963302752293578,1.280946512840327,3.7704918032786887,3.984944343496535,5.612903225806452,1.1359991728675307,3.5303030303030303,3.5484327936957314,3.701492537313433,0.9229908291850063,89.2,90.0,94.8,DDD_2013B
group3,F,London Region,HE Qualification,40-50%,0-35,60,-183.0,0.5384615384615384,1.0,2.0317460317460316,1.6825528600861628,7.771653543307087,0.8691367578931309,3.050632911392405,2.9995672088555407,7.4375,1.0818817806372885,3.606060606060606,3.318381384297925,5.925373134328358,1.0289664836330816,90.8,84.66666666666667,92.8,DDD_2013B
group1,F,Scotland,HE Qualification,30-40%,0-35,120,-29.0,0.9166666666666666,0.9230769230769231,3.921875,3.282008132371458,6.2615384615384615,1.1713383957635397,7.53125,6.691276820149572,4.757575757575758,1.0206198980358876,10.047619047619047,10.2101723319256,7.363636363636363,1.4589333470733201,41.5,39.0,58.0,DDD_2013B
group1,M,North Western Region,Lower Than A Level,20-30%,35-55,120,-228.0,0.6363636363636364,0.8461538461538461,1.355191256830601,1.644024424810558,8.63586956521739,1.087691799461084,1.6870748299319729,2.1921488834563316,6.668918918918919,1.0826183758226318,1.5483870967741935,2.2826094329098554,7.487179487179487,1.7463151162574528,57.25,77.66666666666667,73.5,DDD_2013B
group3,M,South East Region,HE Qualification,60-70%,0-35,155,-23.0,0.5384615384615384,1.0,1.4619883040935673,0.8349107876844165,4.598837209302325,1.0125175312398478,3.693548387096774,3.447920302972952,5.079365079365079,1.212250296452841,2.2169811320754715,1.804780514190719,5.5046728971962615,0.8416533099042112,93.0,85.0,84.6,DDD_2013B
group1,F,London Region,A Level or Equivalent,30-40%,0-35,60,-68.0,0.6153846153846154,1.0,3.953125,3.7136799338114277,3.707692307692308,0.7726537733109279,6.078947368421052,6.494827792267406,5.615384615384615,0.9210397685944172,5.911764705882353,6.7929002466649555,4.6571428571428575,0.8933914135740659,72.0,69.0,73.6,DDD_2013B
group1,M,London Region,HE Qualification,10-20,35-55,60,-256.0,0.75,0.9230769230769231,2.6777777777777776,2.350365870528101,5.824175824175824,0.9597265838245481,3.75,4.447221354708778,7.876923076923077,1.3048804591591188,4.75,4.742294982614183,5.959183673469388,0.9376684811390823,77.8,54.5,68.2,DDD_2013B
group1,F,North Region,Lower Than A Level,20-30%,0-35,60,-61.0,0.5,0.9230769230769231,4.160714285714286,5.597976211305087,4.5964912280701755,0.8240209628224945,6.054054054054054,6.936000872845108,8.473684210526315,1.110273421949044,6.297297297297297,7.919262258235594,5.368421052631579,1.0152622326274208,86.6,70.5,86.4,DDD_2013B
group1,M,London Region,HE Qualification,0-10%,0-35,120,-46.0,0.5384615384615384,1.0,2.797752808988764,2.2971314883057707,6.388888888888889,1.2736622397422246,3.0375,2.8079622324266005,7.9753086419753085,1.1717662993498155,6.27027027027027,7.883346189731055,6.894736842105263,1.2520014860195974,82.4,83.66666666666667,84.6,DDD_2013B
group1,M,South West Region,HE Qualification,50-60%,35-55,130,-25.0,0.5384615384615384,1.0,1.5802469135802468,1.0319636655318793,5.742331288343558,0.9061365979942319,2.9012345679012346,3.3038043914236392,6.902439024390244,0.8305916600306044,2.0254237288135593,2.173900603986605,6.243697478991597,0.9705592317454298,93.6,86.66666666666667,82.0,DDD_2013B
group1,F,South East Region,A Level or Equivalent,90-100%,0-35,60,-29.0,0.5384615384615384,1.0,2.110169491525424,1.8526206815833908,7.697478991596639,1.4608463642951537,2.9382716049382718,3.688989289129021,11.890243902439025,0.9155688961961236,4.909090909090909,5.093626577643239,7.155555555555556,1.0256725435078788,62.2,64.33333333333333,68.6,DDD_2013B
group1,M,West Midlands Region,HE Qualification,20-30%,0-35,60,-30.0,0.5833333333333334,0.9230769230769231,2.9047619047619047,3.134030268800891,5.9411764705882355,1.2293984093757366,3.6440677966101696,3.4479514750986153,6.466666666666667,1.2877728906765846,6.153846153846154,6.998264677905823,5.625,0.9504774628613807,67.0,73.5,77.2,DDD_2013B
group1,M,North Western Region,HE Qualification,60-70%,0-35,60,-36.0,0.6666666666666666,0.9230769230769231,1.4268292682926829,0.8655717328214826,12.618181818181819,0.8960026026829356,1.661764705882353,1.6831213870323907,8.072992700729927,0.9661954648252601,2.961038961038961,3.592541830110492,5.897435897435898,1.2168865413185996,63.25,56.0,68.8,DDD_2013B
group1,F,South East Region,A Level or Equivalent,70-80%,0-35,60,-22.0,0.5384615384615384,1.0,2.3394495412844036,2.701920385256323,9.4,1.140577806745358,4.381818181818182,5.031349532131326,8.339285714285714,1.0153032158492392,3.6923076923076925,4.057874585770999,6.590909090909091,1.0544810295949683,57.0,46.666666666666664,66.8,DDD_2013B
group1,M,Yorkshire Region,A Level or Equivalent,10-20,35-55,60,-121.0,0.6153846153846154,1.0,2.3365384615384617,3.28754807834629,7.723809523809524,0.915924681112541,3.5538461538461537,4.766519856085941,10.924242424242424,0.9619652710147794,3.323943661971831,4.400567002062101,4.986111111111111,1.0234598902153813,57.0,47.666666666666664,61.8,DDD_2013B
group1,F,East Midlands Region,A Level or Equivalent,20-30%,35-55,60,-160.0,0.5384615384615384,1.0,2.7752808988764044,2.1781602380155394,5.2444444444444445,0.9141550210279186,4.333333333333333,3.4965969850971503,5.0,0.9232625807989014,4.388888888888889,4.557459846402635,4.363636363636363,1.1890705987824648,88.6,63.0,80.8,DDD_2013B
group3,M,London Region,A Level or Equivalent,20-30%,0-35,70,-60.0,0.6153846153846154,1.0,4.333333333333333,5.516037224916693,4.961538461538462,0.8978538064991881,6.53125,9.483378923487747,11.575757575757576,1.260519454530386,12.5,12.98964084302446,4.933333333333334,1.8000892762536989,91.6,86.66666666666667,88.8,DDD_2013B
group1,F,East Anglian Region,A Level or Equivalent,40-50%,0-35,250,-55.0,0.5384615384615384,1.0,1.7397260273972603,1.1268191087001036,6.7482993197278915,1.1294525067528982,3.4,3.954084294586504,8.661971830985916,1.2745582156129431,3.0126582278481013,2.503810792423892,5.0875,0.7408218929490442,75.4,35.333333333333336,74.6,DDD_2013B
group3,F,East Midlands Region,A Level or Equivalent,70-80%,35-55,60,-225.0,0.6923076923076923,1.0,3.3835616438356166,3.3732202590827285,6.54054054054054,0.972901393657805,6.024390243902439,6.416727378025533,6.166666666666667,0.8283180676804992,4.086206896551724,5.089667837225229,6.47457627118644,0.7642813509360367,96.4,88.33333333333333,95.4,DDD_2013B
group1,F,London Region,Lower Than A Level,50-60%,0-35,150,-28.0,0.9230769230769231,1.0,2.865168539325843,2.7185850733087538,4.588888888888889,1.2539030283694863,4.76,4.8971461910307035,5.96078431372549,0.8758034498821552,7.4,6.462624640297416,3.6129032258064515,1.1019463300386796,71.8,59.666666666666664,51.8,DDD_2013B
group3,F,Scotland,A Level or Equivalent,90-100%,0-35,60,-58.0,0.5384615384615384,1.0,1.2146341463414634,0.6438095015752002,6.145631067961165,1.0304639504226962,2.6666666666666665,2.2535864051314425,7.406593406593407,0.9885069813510333,1.3206521739130435,0.761367484636634,10.854054054054053,0.8671598691309077,80.4,70.66666666666667,87.0,DDD_2013B
group1,F,South West Region,A Level or Equivalent,70-80%,35-55,80,-58.0,0.5384615384615384,1.0,1.3386243386243386,1.027100966488654,5.61578947368421,1.0130081858393114,2.203883495145631,2.426807890071473,6.586538461538462,0.8446980752299559,2.715909090909091,3.3285558762811243,5.382022471910112,0.8236748199561356,86.2,83.66666666666667,88.0,DDD_2013B
group3,F,South West Region,HE Qualification,90-100%,0-35,60,-3.0,0.8,0.7692307692307693,3.838709677419355,3.3933084991006566,4.603174603174603,0.8485001105328841,4.30188679245283,4.294830997213965,4.518518518518518,0.7804122423044928,8.32,9.476813810558905,3.6153846153846154,0.9460312372517324,54.25,64.0,83.0,DDD_2013B
group1,M,South Region,Lower Than A Level,90-100%,0-35,120,-28.0,0.7777777777777778,0.6923076923076923,6.1891891891891895,7.152458154904344,3.710526315789474,0.8697996788420981,9.666666666666666,13.915219485632747,8.272727272727273,1.1703683633907072,11.941176470588236,20.932840789759325,8.666666666666666,0.9692002437195503,75.6,63.333333333333336,30.0,DDD_2013B
group3,F,London Region,Lower Than A Level,60-70%,35-55,60,-86.0,0.5384615384615384,1.0,2.7906976744186047,2.5163759144488043,4.873563218390805,1.0070450925558032,3.5522388059701493,3.5517114188393326,5.6911764705882355,1.2392625852375387,6.194444444444445,6.9315817384508565,4.108108108108108,1.130162822579192,79.8,82.0,82.6,DDD_2013B
group1,M,West Midlands Region,A Level or Equivalent,30-40%,35-55,60,-48.0,0.6363636363636364,0.8461538461538461,3.75,3.806416421011927,3.8260869565217392,0.7256729564131639,5.260869565217392,8.231200216543815,6.0212765957446805,0.8995830754843942,6.411764705882353,8.191339280953162,5.057142857142857,1.0104310888670427,82.75,68.0,76.8,DDD_2013B
group1,F,South West Region,Lower Than A Level,60-70%,35-55,60,-53.0,0.8333333333333334,0.9230769230769231,2.169491525423729,2.3326192487752104,6.857142857142857,1.0706983778543187,4.547169811320755,5.617849430218789,6.777777777777778,0.8203276067670036,3.4054054054054053,4.216467777456214,4.426666666666667,0.820062964702317,74.2,49.0,42.25,DDD_2013B
group1,M,South West Region,A Level or Equivalent,90-100%,0-35,60,-97.0,0.5833333333333334,0.9230769230769231,2.7472527472527473,2.6898715648538007,4.25,0.9143392411634741,3.073529411764706,2.7822259770158384,7.217391304347826,0.9884536877831201,5.421052631578948,4.500039513023933,4.9743589743589745,1.0681178573798369,69.4,45.0,53.2,DDD_2013B
group1,M,Wales,A Level or Equivalent,0-10%,0-35,120,-11.0,0.7272727272727273,0.8461538461538461,2.927710843373494,2.699517267280282,6.535714285714286,1.080996234106497,4.538461538461538,6.560313055841814,9.50943396226415,1.0639398784723597,7.709677419354839,8.182067987931887,4.96875,0.7088527437580904,75.6,64.0,70.8,DDD_2013B
group1,M,South East Region,Lower Than A Level,80-90%,0-35,60,-66.0,0.5384615384615384,1.0,1.3144329896907216,0.6972172208137903,9.671794871794871,1.2379563325905512,2.361904761904762,2.1488986871803815,8.339622641509434,1.2779381273652992,1.9465648854961832,1.7598644051754784,8.121212121212121,0.8875500230632181,91.0,85.66666666666667,88.2,DDD_2013B
group1,F,East Anglian Region,Lower Than A Level,60-70%,0-35,60,-61.0,0.7692307692307693,1.0,4.2,3.6484395446699005,4.178571428571429,1.2085784398528832,6.138888888888889,7.132031478889659,7.891891891891892,0.8905426667605956,10.9,7.690732632269349,2.8095238095238093,1.0908198582850228,55.6,37.333333333333336,47.0,DDD_2013B
group1,F,West Midlands Region,A Level or Equivalent,0-10%,0-35,120,-30.0,0.6666666666666666,0.9230769230769231,2.6136363636363638,2.667091136541177,6.775280898876405,1.1196351334734527,4.782608695652174,6.782045065148158,8.382978723404255,1.011471474913853,5.55,5.0836590900246,6.829268292682927,1.1258556836505127,78.6,52.0,79.4,DDD_2013B
group1,F,East Midlands Region,A Level or Equivalent,30-40%,0-35,60,-52.0,0.5384615384615384,1.0,2.209090909090909,1.9161096602730823,10.225225225225225,0.9489694384997773,2.9625,2.9913112572874594,7.518518518518518,1.0347173086199901,3.857142857142857,3.922051565094814,6.375,1.13302119319166,78.4,52.333333333333336,73.2,DDD_2013B
group1,M,Ireland,Lower Than A Level,30-40%,0-35,60,-78.0,0.6363636363636364,0.8461538461538461,2.2264150943396226,2.6014026211804038,6.074766355140187,0.9705436773199847,2.1839080459770117,1.748944769110685,6.534090909090909,0.878546660345674,3.064516129032258,3.1667895919065603,6.079365079365079,0.8759625747000186,72.2,81.0,66.6,DDD_2013B
group1,M,South Region,Lower Than A Level,90-100%,0-35,75,-58.0,0.5555555555555556,0.6923076923076923,2.5473684210526315,2.8313158396933646,4.760416666666667,1.096048578568128,3.6363636363636362,4.2702418005266445,5.447761194029851,0.9863622507846397,4.2727272727272725,6.447665513376959,5.375,0.833185234979404,89.6,81.0,76.66666666666667,DDD_2013B
group1,M,Scotland,HE Qualification,60-70%,0-35,60,-68.0,0.5,0.7692307692307693,2.4901960784313726,2.520196039990633,7.728155339805825,1.0884821143685226,3.723076923076923,4.88143066985647,7.136363636363637,0.9478468909859193,2.9186046511627906,3.0378596036143977,9.96551724137931,0.754065963920711,83.4,63.0,58.333333333333336,DDD_2013B
group1,M,South West Region,Lower Than A Level,70-80%,35-55,60,-93.0,0.5384615384615384,1.0,1.887218045112782,1.659016390489959,8.656716417910447,1.3333384116034885,4.895833333333333,5.083304266862603,7.551020408163265,0.9914167799446811,2.9058823529411764,2.9423975056461176,7.686046511627907,1.1011755674088042,82.4,82.0,84.4,DDD_2013B
group1,F,South West Region,A Level or Equivalent,80-90%,0-35,60,-16.0,0.5384615384615384,1.0,1.565217391304348,1.0415289764071147,4.938271604938271,1.013172616092638,3.6923076923076925,4.4438267466054695,4.696969696969697,1.1112142396353488,1.9076923076923078,1.537369916832211,5.458015267175573,0.9629307148705747,85.0,76.0,90.0,DDD_2013B
group1,F,South West Region,Lower Than A Level,60-70%,0-35,60,-28.0,0.5833333333333334,0.9230769230769231,1.7446808510638299,1.4560428531721021,6.859154929577465,1.1157665734001818,3.357142857142857,3.583519904623427,5.746478873239437,0.9417635015689189,2.2115384615384617,1.8574075101335525,5.114285714285714,1.0497839475171726,85.2,81.0,69.6,DDD_2013B
group1,M,East Anglian Region,Lower Than A Level,30-40%,35-55,60,-51.0,0.5384615384615384,1.0,1.6333333333333333,1.2922934540438769,6.900662251655629,0.866719054047497,2.3838383838383836,2.414695952918764,5.07,1.060423341816623,2.566666666666667,2.2034192020074803,7.857142857142857,1.0400743286070167,77.6,55.333333333333336,58.8,DDD_2013B
group1,F,Wales,Lower Than A Level,80-90%,0-35,60,-61.0,0.5384615384615384,1.0,1.673202614379085,1.8094418496767288,8.506493506493506,0.8419013336506959,1.8270676691729324,2.583488592193171,6.791044776119403,0.9239948340369077,2.4947368421052634,2.8392150706216746,3.7604166666666665,1.463482381176213,73.6,66.0,76.0,DDD_2013B
group1,M,East Anglian Region,A Level or Equivalent,80-90%,0-35,120,-86.0,0.5,0.9230769230769231,4.408163265306122,6.058459537934466,6.02,0.7637511750831335,6.454545454545454,11.177798612346788,7.470588235294118,0.5662725857122898,8.73913043478261,13.250102542671296,3.375,0.8372336707746159,62.2,37.0,45.6,DDD_2013B
group1,M,London Region,HE Qualification,90-100%,55<=,60,-27.0,0.5384615384615384,1.0,2.6627906976744184,3.0432585674928,6.218390804597701,0.9121205021423534,3.5,4.477817264876618,7.0,1.216315977329875,3.4727272727272727,3.7458843857825928,4.5,1.261280668274218,70.4,62.666666666666664,75.0,DDD_2013B
group1,F,East Midlands Region,Lower Than A Level,30-40%,35-55,60,-43.0,0.5833333333333334,0.9230769230769231,2.6236559139784945,2.484359678217445,7.968085106382978,1.0684353583052184,3.4558823529411766,3.3919739488290115,6.9855072463768115,1.112203492255406,4.673076923076923,5.204527266947325,7.7924528301886795,1.0875849216140483,72.75,48.0,79.4,DDD_2013B
group3,M,West Midlands Region,A Level or Equivalent,0-10%,0-35,60,-30.0,0.5384615384615384,1.0,1.7210884353741496,1.2429654825278753,9.027027027027026,0.9829300734420411,2.707865168539326,2.1700557554159503,7.1,1.3115408122382917,3.418918918918919,4.232965076137712,6.213333333333333,1.310496591061402,91.8,88.66666666666667,90.8,DDD_2013B
group3,M,East Anglian Region,HE Qualification,70-80%,35-55,90,-187.0,0.5384615384615384,1.0,1.2849740932642486,0.7264583926147083,5.43298969072165,1.1559450844686034,3.049382716049383,2.6547186035807124,5.036585365853658,0.9407426255663811,1.643835616438356,1.4419322573757243,6.258503401360544,0.7935884378540632,86.4,83.33333333333333,84.6,DDD_2013B
group1,F,Wales,Lower Than A Level,90-100%,0-35,60,-15.0,0.5384615384615384,1.0,2.9012345679012346,2.576843700496816,5.7560975609756095,0.8160163286749703,4.39622641509434,5.350555767831359,6.092592592592593,0.7615604484027216,4.017543859649122,3.642463981928871,5.344827586206897,0.9149697344636003,60.0,52.0,58.6,DDD_2013B
group1,M,South East Region,A Level or Equivalent,40-50%,0-35,60,-22.0,0.5833333333333334,0.9230769230769231,6.451612903225806,10.420616455461161,5.625,0.9985174194960431,6.323529411764706,9.641201321585976,12.4,0.6897603119519894,15.416666666666666,16.67037837457552,5.6923076923076925,1.0968445344704336,68.8,50.0,70.8,DDD_2013B
group1,F,East Anglian Region,Lower Than A Level,80-90%,0-35,210,49.0,0.45454545454545453,0.8461538461538461,2.642857142857143,2.632217967526897,8.746478873239436,1.4716505010331664,4.891891891891892,5.004352459963581,10.289473684210526,1.022931582035938,3.8297872340425534,4.274897145653969,8.666666666666666,1.3095292527871707,65.6,40.0,67.5,DDD_2013B
group3,M,South Region,A Level or Equivalent,70-80%,35-55,90,-53.0,0.5833333333333334,0.9230769230769231,5.428571428571429,5.947505552721374,13.837209302325581,1.1720493152960985,5.928571428571429,7.322864099813586,9.517241379310345,1.1193600018289924,9.238095238095237,10.265986372018823,7.681818181818182,1.5167909344994541,78.6,68.0,56.0,DDD_2013B
group1,M,South Region,A Level or Equivalent,90-100%,35-55,60,-106.0,0.7272727272727273,0.8461538461538461,1.7642857142857142,1.698965890662958,5.659574468085107,0.8880406958782605,3.2777777777777777,3.246763164832523,5.589041095890411,0.9559074908710684,3.1025641025641026,2.8856552682200842,5.341772151898734,1.1474040337698028,76.2,34.333333333333336,54.0,DDD_2013B
group3,M,Ireland,Lower Than A Level,0-10%,0-35,120,-61.0,0.5384615384615384,1.0,1.514792899408284,1.2056736354367947,8.847058823529412,0.9732652717311914,2.396039603960396,3.2127222348680937,7.598039215686274,0.9038458701127505,2.772727272727273,3.3553089609774336,4.910112359550562,0.7444847193127178,88.6,88.66666666666667,89.8,DDD_2013B
group1,M,South West Region,Lower Than A Level,40-50%,35-55,240,-53.0,0.9090909090909091,0.8461538461538461,2.3711340206185567,2.438064411700678,6.836734693877551,1.0497154034107143,3.4328358208955225,4.289606468483444,11.705882352941176,1.0079229579558728,6.4411764705882355,7.270493195186127,4.857142857142857,1.3031768476280459,59.5,55.333333333333336,59.75,DDD_2013B
group1,M,South Region,Lower Than A Level,90-100%,35-55,60,-85.0,0.6153846153846154,1.0,1.7826086956521738,1.5222876102731002,6.705035971223022,1.0439842485054478,2.6363636363636362,2.9171778922024005,6.247191011235955,0.8709122650933244,2.2476190476190476,2.4050465867107618,7.830188679245283,0.8434010322526403,73.6,61.333333333333336,72.4,DDD_2013B
group1,F,Yorkshire Region,Lower Than A Level,60-70%,0-35,120,-155.0,0.5384615384615384,1.0,1.4491017964071857,0.8478085331324371,8.613095238095237,1.075340479213187,1.9754098360655739,1.4457867814526157,5.975609756097561,0.9127294821545199,2.205607476635514,2.498068377378165,6.453703703703703,1.2696122960899472,84.6,67.0,82.2,DDD_2013B
group1,M,North Region,A Level or Equivalent,70-80%,35-55,120,-95.0,0.7,0.7692307692307693,1.608974358974359,1.4349270767071505,6.248407643312102,1.2601177919222661,2.1452991452991452,2.056381812733385,6.5,1.3041596581709625,2.7032967032967035,2.9457860882378544,9.33695652173913,0.8251238050210311,79.6,68.0,57.0,DDD_2013B
group1,F,North Region,A Level or Equivalent,10-20,0-35,60,-61.0,0.5384615384615384,1.0,1.6622516556291391,1.3802773499966987,2.7565789473684212,1.2669569708311978,7.533333333333333,8.054698065076073,7.548387096774194,0.8296103555883907,2.8705882352941177,3.1044830690552043,4.476744186046512,0.7698352516767707,65.2,49.0,72.4,DDD_2013B
group3,M,North Region,HE Qualification,80-90%,35-55,240,-213.0,0.5384615384615384,1.0,1.55,1.097739243418436,4.173913043478261,1.247219128924647,3.12,3.54110991914392,6.302631578947368,1.2487955154150674,2.339622641509434,2.304805714166361,4.831775700934579,0.8070331608661205,96.2,95.66666666666667,98.2,DDD_2013B
group3,M,South Region,HE Qualification,70-80%,35-55,90,-66.0,0.6153846153846154,1.0,1.2367149758454106,0.6733518756667688,8.182692307692308,1.0267170742897058,2.040650406504065,1.8571897242512914,6.137096774193548,1.2555783963075455,1.6363636363636365,1.2462659617017928,7.612903225806452,0.8084097262837262,92.4,90.66666666666667,92.4,DDD_2013B
group1,M,South Region,A Level or Equivalent,90-100%,0-35,60,-50.0,0.4,0.7692307692307693,4.280701754385965,3.904001545872573,3.689655172413793,0.9735788144377882,6.6,6.3394191606264405,7.388888888888889,0.8887777802556944,9.227272727272727,11.16939619027865,6.739130434782608,1.1285713344861872,69.75,59.0,60.0,DDD_2013B
group1,M,North Western Region,A Level or Equivalent,30-40%,0-35,120,-109.0,0.5384615384615384,1.0,1.5493827160493827,0.9194412908942436,7.92638036809816,0.8440096387021215,2.2232142857142856,2.308268808134116,5.734513274336283,0.9986630866697367,1.871212121212121,1.2564660427139192,5.548872180451128,0.834378131914854,84.8,80.33333333333333,87.0,DDD_2013B
group1,F,East Anglian Region,Lower Than A Level,10-20,0-35,120,-28.0,0.6363636363636364,0.8461538461538461,2.033613445378151,2.4561675159195406,7.566666666666666,0.9485288404306349,2.0970873786407767,2.463516389654033,11.557692307692308,1.0626523352068291,3.012987012987013,3.2706570500899055,5.230769230769231,0.9636561720826986,51.0,32.0,51.0,DDD_2013B
group3,M,South West Region,HE Qualification,60-70%,0-35,60,-23.0,0.5384615384615384,1.0,1.9393939393939394,1.6287379826559563,6.2330827067669174,1.00430146357849,2.75,2.9095561931984246,7.224719101123595,0.7908514043460136,3.9365079365079363,4.347312910786481,5.46875,0.994728965239132,89.0,90.66666666666667,96.6,DDD_2013B
group3,F,South Region,A Level or Equivalent,60-70%,0-35,120,-55.0,0.5384615384615384,1.0,2.048780487804878,1.6978948322129663,5.354838709677419,0.9155437462429944,2.5052631578947366,2.2496982502649643,5.25,1.1332266189588276,3.4925373134328357,3.421735933386595,5.588235294117647,0.9739828844901632,85.4,76.66666666666667,90.6,DDD_2013B
group1,M,East Midlands Region,A Level or Equivalent,10-20,0-35,180,-46.0,0.6923076923076923,1.0,3.6615384615384614,3.792578785754338,4.257575757575758,0.9190938341757098,5.409090909090909,7.686648593255352,8.422222222222222,0.9427466848587095,7.633333333333334,8.16419150856383,4.967741935483871,1.1219306060101537,65.0,51.0,64.8,DDD_2013B
group3,F,London Region,HE Qualification,0-10%,0-35,120,-58.0,0.5384615384615384,1.0,2.3137254901960786,1.9598969065474618,7.116504854368932,1.644236412200388,3.1466666666666665,3.671266565941269,9.026315789473685,0.9386804363062731,3.3676470588235294,3.586477138032949,8.130434782608695,0.8249172277336326,95.6,90.0,94.4,DDD_2013B
group1,M,West Midlands Region,Lower Than A Level,30-40%,35-55,60,-73.0,0.5384615384615384,1.0,3.656716417910448,2.82066099499138,6.176470588235294,1.6297127718775666,4.822222222222222,3.845238430300335,6.195652173913044,1.2267310995161733,5.444444444444445,4.392946596304102,5.934782608695652,0.8744150608650519,80.8,41.0,66.2,DDD_2013B
group3,F,South West Region,A Level or Equivalent,20-30%,0-35,60,-25.0,0.6153846153846154,1.0,2.0782608695652174,1.707300249480574,4.741379310344827,1.0084928612735293,2.6263736263736264,2.4569554405055936,4.978260869565218,0.9813870078530185,6.081081081081081,5.722171200099071,7.631578947368421,1.0480262860796536,84.4,68.33333333333333,76.2,DDD_2013B
group3,F,South West Region,A Level or Equivalent,30-40%,0-35,60,-72.0,0.4,0.7692307692307693,2.381443298969072,1.7937582692554583,4.224489795918367,0.9114957615513628,3.108108108108108,2.845653102047688,5.413333333333333,1.3399648637571673,5.538461538461538,5.552837841785585,4.1,0.9122733760617096,82.6,58.0,79.25,DDD_2013B
group1,F,North Western Region,A Level or Equivalent,10-20,0-35,60,-43.0,0.5454545454545454,0.8461538461538461,3.1375,2.9628234481335753,7.234567901234568,1.318544045168569,4.648148148148148,4.60990487114802,7.3090909090909095,1.1344920018121278,6.15,6.277963086290051,4.634146341463414,0.9868666663610214,66.8,39.0,63.8,DDD_2013B
group3,M,North Western Region,A Level or Equivalent,30-40%,0-35,80,-28.0,0.5384615384615384,1.0,1.1,0.5315380993792478,11.25108225108225,0.937369490834081,1.8134328358208955,1.6641641332429769,6.940740740740741,1.2065506137251392,1.528301886792453,1.0721522230076357,8.0625,1.032300873507285,94.8,89.66666666666667,94.2,DDD_2013B
group1,F,London Region,HE Qualification,70-80%,0-35,80,-30.0,0.5384615384615384,1.0,1.2132701421800949,0.5992171225933278,6.69811320754717,0.8949925720512873,1.2864321608040201,0.7408477495756925,4.37,1.049470429989545,2.139130434782609,2.6052812641428313,5.155172413793103,0.9061323451308405,85.0,72.33333333333333,60.6,DDD_2013B
group1,M,Scotland,HE Qualification,60-70%,0-35,60,-80.0,0.5384615384615384,1.0,2.526315789473684,2.328555872726187,5.9375,1.306352120732602,2.7586206896551726,2.658752624303619,8.068181818181818,1.2527169441316979,6.527777777777778,7.408435775176878,5.45945945945946,1.0243577945645594,85.2,71.33333333333333,82.0,DDD_2013B
group1,F,South Region,A Level or Equivalent,90-100%,35-55,60,-92.0,0.5384615384615384,1.0,2.7093023255813953,2.4822488810600642,8.298850574712644,1.2887913967748925,4.087719298245614,5.760954477447992,10.482758620689655,0.9992909969260187,3.6666666666666665,3.532165125838609,5.0344827586206895,1.012795784540107,75.6,48.666666666666664,79.8,DDD_2013B
group1,M,West Midlands Region,A Level or Equivalent,20-30%,0-35,120,-27.0,0.5384615384615384,1.0,2.4895833333333335,2.7453109944303855,6.134020618556701,1.4663169663967892,3.933333333333333,4.246101568624265,7.262295081967213,1.4491044454340702,5.538461538461538,5.245781030836284,4.225,1.074889164589259,91.0,73.0,85.8,DDD_2013B
group1,F,South West Region,A Level or Equivalent,50-60%,0-35,180,-66.0,0.5384615384615384,1.0,7.125,6.6756659689526305,5.121212121212121,0.7061033794166295,9.26923076923077,8.15626234157628,6.62962962962963,0.8622557103082095,11.882352941176471,11.056007150759584,4.444444444444445,0.8392705165797258,54.6,49.0,65.8,DDD_2013B
group1,M,Yorkshire Region,A Level or Equivalent,20-30%,0-35,210,-34.0,0.6363636363636364,0.8461538461538461,3.361111111111111,3.8430678603206756,3.191780821917808,1.0623509708976604,7.117647058823529,10.47295132459878,5.114285714285714,1.0000468139224863,5.086956521739131,7.9269612699852035,5.127659574468085,0.5192859439318841,74.0,53.0,60.0,DDD_2013B
group1,F,South West Region,Lower Than A Level,40-50%,0-35,60,-53.0,0.5384615384615384,1.0,1.864,1.2400832438239393,3.3492063492063493,1.0793728312157247,3.4307692307692306,2.800497895292632,4.954545454545454,1.0288190820218348,3.125,3.6267297961227425,4.52054794520548,0.6364213538039041,50.4,48.666666666666664,42.0,DDD_2013B
group3,F,London Region,HE Qualification,10-20,0-35,60,-48.0,0.6923076923076923,1.0,1.4204545454545454,1.0660644945281248,8.084745762711865,1.1903806886148296,3.2337662337662336,4.204934769805416,5.256410256410256,1.0793833478703136,2.212962962962963,1.9044999634457787,4.284403669724771,0.9277609282314894,89.0,87.33333333333333,89.8,DDD_2013B
group3,M,South Region,HE Qualification,90-100%,35-55,60,-16.0,0.5384615384615384,1.0,1.8818897637795275,1.477955329502722,7.5703125,0.9240280270449803,2.5425531914893615,2.2749921120837913,3.8105263157894735,0.9422117006282124,4.444444444444445,5.44624789755444,8.195652173913043,0.8455882296708265,93.2,92.0,93.0,DDD_2013B
group1,M,South East Region,A Level or Equivalent,60-70%,0-35,60,-22.0,0.6923076923076923,1.0,1.7346938775510203,1.4206236842396132,4.871621621621622,1.193415794425721,2.2710280373831777,2.1393443425936884,6.268518518518518,1.374811741530843,3.75,4.011107459399144,4.229508196721311,0.8860977149881277,58.2,50.666666666666664,65.2,DDD_2013B
group1,M,South Region,Lower Than A Level,40-50%,35-55,120,-74.0,0.9230769230769231,1.0,2.043103448275862,2.070044071697657,12.666666666666666,1.227134789327705,3.4477611940298507,5.898853463558142,10.014705882352942,1.6682714624412631,3.0384615384615383,4.331828166575316,9.683544303797468,1.367493959149226,73.2,48.333333333333336,68.2,DDD_2013B
group1,F,South West Region,Lower Than A Level,80-90%,0-35,60,-58.0,0.5454545454545454,0.8461538461538461,3.0547945205479454,2.581399334980201,4.378378378378378,0.9953404627529074,4.078431372549019,4.480371133086642,7.326923076923077,0.6343837993562018,5.186046511627907,3.5674174596083503,4.886363636363637,0.8739607905929077,59.6,19.0,59.2,DDD_2013B
group1,F,East Anglian Region,A Level or Equivalent,70-80%,0-35,60,-102.0,0.5833333333333334,0.9230769230769231,3.3943661971830985,3.2534767040788695,6.319444444444445,0.827655657391218,4.7254901960784315,5.75527038938241,4.326923076923077,0.7741375129063887,5.875,6.4418005923650625,5.829268292682927,0.8098801664447836,45.2,28.5,63.8,DDD_2013B
group1,F,East Anglian Region,Lower Than A Level,50-60%,0-35,60,-157.0,0.5384615384615384,1.0,2.0338983050847457,1.7292466784816556,4.773109243697479,1.4088071731999634,3.287671232876712,3.769318579939566,6.918918918918919,1.1561906129174535,7.066666666666666,6.554457989813489,4.838709677419355,0.9063234644552804,55.6,56.666666666666664,66.8,DDD_2013B
group3,M,London Region,Lower Than A Level,40-50%,0-35,120,-153.0,0.5384615384615384,1.0,3.9076923076923076,3.9000123273966905,8.56060606060606,0.9472863336482954,4.7254901960784315,4.3362584395884385,9.51923076923077,0.9159227022462944,8.620689655172415,9.100289607257595,4.066666666666666,0.7696193176593772,76.4,70.66666666666667,63.4,DDD_2013B
group1,F,West Midlands Region,A Level or Equivalent,30-40%,0-35,60,-50.0,0.8461538461538461,1.0,2.6363636363636362,2.8974099340650445,5.247191011235955,1.1284816890058873,3.265625,3.5467050995948424,8.892307692307693,0.9460615133617531,6.866666666666666,7.62813907497277,4.419354838709677,0.7598256163312763,69.2,45.666666666666664,64.2,DDD_2013B
group1,F,Wales,Lower Than A Level,90-100%,0-35,60,-100.0,0.6666666666666666,0.9230769230769231,3.6515151515151514,4.718188779744337,4.597014925373134,0.96192702036661,4.519230769230769,5.975408377595182,6.679245283018868,1.2221293625259662,8.565217391304348,12.41636049352379,3.9166666666666665,0.8237642843662102,71.2,39.5,67.6,DDD_2013B
group1,M,East Midlands Region,A Level or Equivalent,70-80%,0-35,120,-140.0,0.5384615384615384,1.0,3.2837837837837838,3.1731764055210276,4.653333333333333,1.0600712412506972,5.348837209302325,6.79595019786901,11.227272727272727,1.5074707282481818,10.043478260869565,10.580764110874057,4.291666666666667,0.6606937002271489,52.2,50.0,51.2,DDD_2013B
group1,F,South West Region,Lower Than A Level,40-50%,35-55,60,-98.0,0.5384615384615384,1.0,1.4497041420118344,1.0851335368973756,5.4941176470588236,0.9105452816071176,2.1981981981981984,2.13123873420566,3.9732142857142856,1.2189121170731856,2.8536585365853657,2.5488896213285406,4.662650602409639,1.0214140499614475,82.2,73.66666666666667,77.0,DDD_2013B
group1,F,South West Region,A Level or Equivalent,40-50%,0-35,120,-68.0,0.6153846153846154,1.0,2.375,2.1774996795336006,7.542857142857143,0.8663732550580552,3.966666666666667,4.062923163532429,9.131147540983607,1.3319380244877133,3.5303030303030303,3.621388161251458,7.268656716417911,1.4620930693156384,79.6,63.0,80.0,DDD_2013B
group1,F,London Region,HE Qualification,70-80%,0-35,90,-93.0,0.8,0.7692307692307693,5.4,5.06951674225463,8.173913043478262,1.0491001554955326,7.303030303030303,6.385945742824866,4.794117647058823,1.1173226037701829,12.941176470588236,14.981115563582431,6.5,1.2395519964381354,61.0,24.5,61.333333333333336,DDD_2013B
group1,F,South East Region,A Level or Equivalent,20-30%,0-35,180,-53.0,0.45454545454545453,0.8461538461538461,6.085714285714285,7.728371826745719,5.611111111111111,1.1429105327341778,7.206896551724138,10.25175702830923,9.1,0.8485290861906268,14.222222222222221,12.255384304233159,2.9,0.9807905278157167,44.4,20.0,52.6,DDD_2013B
group3,M,South West Region,Lower Than A Level,30-40%,0-35,60,-85.0,0.5384615384615384,1.0,1.4497041420118344,0.9874886533618784,6.523529411764706,1.106674040980129,3.103896103896104,2.9893865573163287,4.256410256410256,1.244001429184716,2.2941176470588234,2.5274267244389645,5.135922330097087,1.0494234897859829,84.6,85.33333333333333,87.0,DDD_2013B
group1,F,South East Region,A Level or Equivalent,70-80%,35-55,60,-25.0,0.6363636363636364,0.8461538461538461,2.7191011235955056,3.4344139504200175,8.444444444444445,0.9810002527241648,3.380281690140845,4.444470713090267,7.402777777777778,1.1656680192124067,3.1714285714285713,3.5589097360451234,6.169014084507042,1.0306088818430956,66.4,53.0,67.8,DDD_2013B
group1,M,Scotland,A Level or Equivalent,0-10%,35-55,180,-61.0,0.6923076923076923,1.0,2.355769230769231,2.8588757014472685,5.390476190476191,1.121141331123626,6.153846153846154,7.730794408483182,7.25,1.010644888948472,3.414285714285714,4.566712759133274,11.704225352112676,1.06476232888837,84.2,44.333333333333336,61.0,DDD_2013B
group3,M,London Region,A Level or Equivalent,80-90%,0-35,60,-23.0,0.5384615384615384,1.0,2.1083333333333334,2.085547842635495,4.462809917355372,1.1598744078456549,4.8076923076923075,6.862911008552583,5.867924528301887,0.9997673450680568,3.414285714285714,4.210039268441798,5.366197183098592,0.8229005737819781,89.6,91.0,95.2,DDD_2013B
group3,F,East Midlands Region,A Level or Equivalent,80-90%,0-35,150,-24.0,0.38461538461538464,1.0,1.75,1.2926187795914608,4.304964539007092,1.2443074868091064,3.7868852459016393,4.6730245526794905,5.612903225806452,1.0090258543723816,2.7710843373493974,2.9105581612250324,4.690476190476191,0.9517326554976029,87.4,70.33333333333333,93.8,DDD_2013B
group1,F,Wales,HE Qualification,40-50%,0-35,180,-52.0,0.5384615384615384,1.0,1.826086956521739,1.2197465542550001,7.482014388489208,1.0594932220519226,3.1842105263157894,2.938074318623405,8.311688311688311,1.3456599798054485,2.4838709677419355,2.407474336067132,7.8936170212765955,1.1259170188451275,65.4,60.333333333333336,73.2,DDD_2013B
group1,M,North Region,Lower Than A Level,10-20,0-35,60,-152.0,0.5384615384615384,1.0,1.9389312977099236,1.924560789818089,8.780303030303031,0.9913275667415197,2.6458333333333335,3.324483867077135,13.463917525773196,1.5401514503949993,2.008130081300813,2.2597545745143472,8.911290322580646,1.0340034830921125,70.8,56.0,71.2,DDD_2013B
group1,F,Scotland,A Level or Equivalent,20-30%,0-35,60,-61.0,0.5555555555555556,0.6923076923076923,2.042016806722689,2.326687315502863,9.133333333333333,0.9331154017174788,2.744186046511628,3.994661279939774,8.551724137931034,1.0800230916969702,2.7613636363636362,3.4707126638464794,12.179775280898877,0.9229675982996711,62.25,50.0,62.0,DDD_2013B
group1,M,East Midlands Region,Lower Than A Level,80-90%,35-55,60,-73.0,0.5454545454545454,0.8461538461538461,1.7375886524822695,1.528983743120723,9.183098591549296,0.8829361765830834,2.1043478260869564,2.99524158602566,7.620689655172414,0.76235951577008,3.04,4.461365685951308,6.368421052631579,0.9998975427329495,73.8,64.0,42.8,DDD_2013B
group1,M,London Region,A Level or Equivalent,10-20,0-35,120,-28.0,0.7,0.7692307692307693,4.391304347826087,4.112194660705671,4.361702127659575,0.786319675301849,4.488888888888889,6.569980705043697,11.065217391304348,0.7756831926106755,6.285714285714286,9.41180166503792,4.241379310344827,1.1561307211692047,66.0,69.0,61.2,DDD_2013B
group1,F,East Midlands Region,A Level or Equivalent,10-20,0-35,120,-21.0,0.45454545454545453,0.8461538461538461,2.6145833333333335,2.9535697996498254,8.927835051546392,1.0989043840706034,3.8461538461538463,4.82904871982687,6.045454545454546,1.0303678489543884,4.528301886792453,6.298973584228152,4.7592592592592595,1.4415856679330497,56.2,35.0,53.4,DDD_2013B
group3,M,East Anglian Region,A Level or Equivalent,50-60%,0-35,60,-72.0,0.5384615384615384,1.0,3.984375,4.495119708136391,6.476923076923077,0.873011290173053,5.975,6.833130078277939,6.365853658536586,0.9184380367543596,6.685714285714286,9.19645529081539,4.055555555555555,1.042806813324288,85.2,87.0,88.4,DDD_2013B
group1,M,North Western Region,Lower Than A Level,10-20,0-35,120,-58.0,0.5833333333333334,0.9230769230769231,1.6012658227848102,1.3728016516409223,6.10062893081761,0.9051605100436617,1.6979865771812082,1.6509812724500457,6.326666666666667,0.8536269442437804,3.8615384615384616,5.474020811629587,2.5606060606060606,0.8385055923751387,52.2,26.0,62.0,DDD_2013B
group3,M,North Western Region,HE Qualification,50-60%,0-35,60,-36.0,0.5,0.9230769230769231,3.155844155844156,2.6560008276440086,3.7564102564102564,0.931190376227902,5.377777777777778,7.604690206136811,7.217391304347826,0.8719554377274642,9.0,9.239047569960878,5.481481481481482,1.262338664665594,82.8,55.5,80.6,DDD_2013B
group1,M,South West Region,Lower Than A Level,50-60%,0-35,120,-53.0,0.5384615384615384,1.0,3.6774193548387095,3.082335677873949,7.253968253968254,1.3732871428852274,3.625,3.4722929285730175,10.43859649122807,1.3570510154422408,15.75,9.873057921802785,5.0,1.0046047826039697,54.8,52.666666666666664,58.2,DDD_2013B
group1,F,Wales,Lower Than A Level,70-80%,0-35,70,-50.0,0.5384615384615384,1.0,2.5806451612903225,2.4641895247779226,3.3297872340425534,0.9172000367863805,4.109090909090909,5.4285688969893595,4.035714285714286,0.7521082697330836,5.348837209302325,6.480313487898533,3.340909090909091,0.6474746880779247,88.0,83.33333333333333,83.0,DDD_2013B
group1,F,North Western Region,A Level or Equivalent,40-50%,35-55,60,-53.0,0.5384615384615384,1.0,2.192982456140351,1.995025641294869,7.939130434782609,0.9052996334539374,2.5483870967741935,2.1795299105853183,8.27659574468085,0.9882538508735315,3.420289855072464,4.045352442660188,9.17142857142857,1.0435393101300805,91.0,78.0,87.6,DDD_2013B
group3,F,South West Region,A Level or Equivalent,20-30%,35-55,60,-93.0,0.5384615384615384,1.0,1.7297297297297298,1.2967494399962312,3.4161073825503356,0.9411613860411104,3.1621621621621623,2.809119332708741,4.586666666666667,1.3585692912765133,2.8607594936708862,2.615212778592319,4.625,0.8164667594707528,85.2,79.33333333333333,76.2,DDD_2013B
group1,F,East Anglian Region,Lower Than A Level,40-50%,0-35,120,-132.0,0.75,0.9230769230769231,2.0,2.039607805437114,4.921259842519685,0.9556836296599415,2.3434343434343434,1.990598393067261,5.28,1.0057798987726005,3.3157894736842106,4.214927524298338,3.7532467532467533,1.0080909734894015,48.0,44.333333333333336,37.25,DDD_2013B
group3,M,Scotland,Lower Than A Level,60-70%,0-35,60,-30.0,0.5,0.7692307692307693,2.5789473684210527,1.8017659621346027,3.75,0.9341266469770535,4.84,5.636470164772217,5.431372549019608,1.193346951282442,3.590909090909091,4.567366764432124,5.791044776119403,0.9747925592307958,78.25,83.0,71.6,DDD_2013B
group1,F,North Western Region,Lower Than A Level,90-100%,0-35,60,-74.0,0.5,0.9230769230769231,4.611111111111111,4.195310349761697,3.272727272727273,1.0766890262556126,4.479166666666667,4.635614138354951,9.10204081632653,1.1495487487731297,9.1,9.824244982373159,2.857142857142857,1.05987420637231,73.2,51.0,66.2,DDD_2013B
group1,F,London Region,Lower Than A Level,10-20,0-35,120,-120.0,0.5,0.46153846153846156,4.54,6.50026687050271,5.078431372549019,1.277823129167048,5.0227272727272725,7.06609538691018,6.733333333333333,1.291842093489116,11.35,18.143506885529685,5.809523809523809,0.7635719959236863,46.0,47.0,78.33333333333333,DDD_2013B
group1,M,East Anglian Region,Lower Than A Level,20-30%,0-35,60,-52.0,0.5384615384615384,1.0,1.297872340425532,0.7504691899113898,6.0476190476190474,1.0822690712630965,1.8294573643410852,1.5718422263370213,7.3538461538461535,0.9566321356607981,1.6690140845070423,1.1712987940950195,5.426573426573427,1.0677539865679035,88.8,81.0,89.8,DDD_2013B
group1,F,East Anglian Region,A Level or Equivalent,60-70%,0-35,75,-34.0,0.5384615384615384,1.0,1.5961538461538463,1.2327720986242356,6.834394904458598,1.0810176090889416,1.943089430894309,1.825595851564095,6.806451612903226,0.9826783076924692,2.484848484848485,3.0046346389442427,7.24,1.1063734211671516,86.2,63.666666666666664,82.6,DDD_2013B
group3,M,South Region,A Level or Equivalent,30-40%,35-55,60,-80.0,0.6153846153846154,1.0,2.2280701754385963,1.667147888919097,12.278260869565218,1.0756473165699278,3.7419354838709675,3.2690073886800626,8.015873015873016,0.9299807680791882,2.4948453608247423,1.774376130621961,8.346938775510203,0.9157841976536104,88.2,85.33333333333333,83.6,DDD_2013B
group1,M,Wales,Lower Than A Level,40-50%,0-35,60,-102.0,0.5384615384615384,1.0,2.4545454545454546,1.7453888361162773,4.74,0.8075623094785266,3.4776119402985075,3.304534116318952,5.485294117647059,1.0243778033131514,4.6875,4.439456790615793,5.959183673469388,1.0874999865192192,82.8,68.0,84.2,DDD_2013B
group1,M,South West Region,Lower Than A Level,80-90%,0-35,60,-25.0,0.5833333333333334,0.9230769230769231,1.4301675977653632,1.0490153086683727,5.866666666666666,1.1983653639247696,1.9836065573770492,1.6613427137465129,5.032520325203252,1.1984049189176011,2.1186440677966103,1.9531674539062684,7.184873949579832,1.095017957608632,56.6,57.5,59.0,DDD_2013B
group3,M,East Midlands Region,A Level or Equivalent,70-80%,0-35,60,-68.0,0.5384615384615384,1.0,1.3783783783783783,0.9134071235998807,9.741935483870968,0.8117424333550313,1.6490066225165563,1.1843348372071627,11.19078947368421,0.7473328630554562,1.7571428571428571,1.6915848793085877,7.4822695035460995,1.0892203745045141,91.8,79.66666666666667,80.2,DDD_2013B
group1,M,Wales,A Level or Equivalent,0-10%,0-35,60,-90.0,0.5,0.9230769230769231,3.081081081081081,3.1612237822645493,5.36,1.2837990097859124,3.4029850746268657,3.861463459004682,6.867647058823529,1.081866445496897,11.578947368421053,9.364921483171383,6.4,1.390888317766743,52.2,20.5,56.8,DDD_2013B
group1,M,Yorkshire Region,Lower Than A Level,90-100%,0-35,60,-127.0,0.5384615384615384,1.0,1.3061224489795917,0.9326902172423663,7.588832487309645,1.0715005049301831,2.635294117647059,2.379711161062206,4.0,0.8883941614207691,1.5894039735099337,1.457264666781835,10.18421052631579,1.003599075877343,72.8,48.0,58.4,DDD_2013B
group1,F,East Anglian Region,A Level or Equivalent,90-100%,0-35,60,-93.0,0.5384615384615384,1.0,1.2791878172588833,0.661031468464099,11.055555555555555,0.9879395126004397,2.209090909090909,2.0813521299644187,9.765765765765765,1.1109692459311746,1.713235294117647,1.475268152575781,6.817518248175182,0.9327933800470737,67.4,51.0,71.8,DDD_2013B
group3,M,North Western Region,HE Qualification,20-30%,35-55,60,-107.0,0.6153846153846154,1.0,3.2027027027027026,3.3020530339730576,5.24,0.9212320513920971,5.682926829268292,5.862759693140441,4.738095238095238,1.0693132008193056,4.384615384615385,4.843244116773449,7.377358490566038,1.1782373035003892,91.2,81.0,86.2,DDD_2013B
group1,F,West Midlands Region,A Level or Equivalent,20-30%,0-35,60,-22.0,0.5384615384615384,1.0,2.049586776859504,1.7928154751183103,6.5,0.9354467524327182,3.05,3.07254069608751,6.012345679012346,1.2724711963319888,2.925925925925926,2.396757068299673,6.414634146341464,0.9765795337647575,71.8,63.0,72.6,DDD_2013B
group1,M,West Midlands Region,HE Qualification,20-30%,0-35,60,-90.0,0.6666666666666666,0.6923076923076923,4.74,6.959973023639957,8.862745098039216,1.0346084651542566,5.488888888888889,8.799850779267437,7.217391304347826,1.0932365741213845,13.733333333333333,16.403251710153896,8.1875,1.2061793388220028,77.2,50.0,82.33333333333333,DDD_2013B
group3,M,South East Region,Lower Than A Level,50-60%,0-35,60,-116.0,0.5384615384615384,1.0,1.3548387096774193,0.8654967177519548,8.925133689839573,0.8267204085001602,1.8805970149253732,1.52199303506554,6.2444444444444445,1.0146031671962514,1.7906976744186047,1.6755335838763943,7.038461538461538,0.8778378559068305,97.2,83.33333333333333,89.4,DDD_2013B
group1,M,Yorkshire Region,Lower Than A Level,0-10%,0-35,60,-102.0,0.6363636363636364,0.8461538461538461,2.3883495145631066,2.89432510914483,4.653846153846154,1.1635588817179143,4.851063829787234,6.590436824620614,5.291666666666667,1.060598062291507,3.4057971014492754,4.971444459817518,5.585714285714285,0.9131151153597182,72.4,78.0,66.4,DDD_2013B
group1,M,Wales,A Level or Equivalent,20-30%,0-35,60,-107.0,0.5833333333333334,0.9230769230769231,5.476190476190476,5.2695077533707,3.627906976744186,1.2680647324488106,8.826086956521738,9.646724238701415,8.041666666666666,0.6918796244258798,8.538461538461538,7.961059071408875,4.7407407407407405,0.8331217179230175,82.8,67.0,82.2,DDD_2013B
group3,M,North Western Region,HE Qualification,90-100%,35-55,60,-98.0,0.5384615384615384,1.0,1.256281407035176,0.6739363045810439,12.935,0.8948260151695678,2.1512605042016806,2.5265996961890886,5.716666666666667,1.0638443616809616,1.7122302158273381,1.9569445435721013,9.35,1.14970064091116,97.0,89.0,96.4,DDD_2013B
group1,F,East Midlands Region,A Level or Equivalent,30-40%,0-35,60,-83.0,0.5384615384615384,1.0,2.651685393258427,1.7457814321926912,3.2444444444444445,1.0610692214284556,5.625,7.033573334099378,5.487804878048781,0.8337095447086302,6.555555555555555,6.5571964586113625,4.1891891891891895,0.782588889140951,44.0,42.333333333333336,50.8,DDD_2013B
group1,F,London Region,HE Qualification,70-80%,0-35,60,-68.0,0.5833333333333334,0.9230769230769231,1.6025641025641026,1.4127506328800783,7.547770700636943,1.1062090586180926,2.450980392156863,2.460087139164992,7.728155339805825,1.387123557890364,2.7176470588235295,3.5375932251080724,5.406976744186046,0.8112659166754483,70.2,48.5,72.4,DDD_2013B
group1,M,Yorkshire Region,A Level or Equivalent,0-10%,0-35,60,-30.0,0.5384615384615384,1.0,2.9382716049382718,2.590104626324706,4.902439024390244,1.0006186052282273,5.775,7.484984969924789,7.560975609756097,0.9974786111013,4.39622641509434,5.193707815311455,4.092592592592593,0.8987227297631548,69.4,67.66666666666667,81.4,DDD_2013B
group1,F,South West Region,A Level or Equivalent,50-60%,0-35,60,-90.0,0.6666666666666666,0.9230769230769231,4.98,4.859201244514768,6.627450980392157,0.9718923653321769,6.9393939393939394,7.909406559357796,5.617647058823529,0.7540175919616812,7.928571428571429,8.88164387281982,7.068965517241379,0.8632354781745812,52.6,32.333333333333336,52.0,DDD_2013B
group1,F,East Anglian Region,A Level or Equivalent,90-100%,35-55,60,-48.0,0.6153846153846154,1.0,1.3806818181818181,0.9606376399687215,7.389830508474576,1.1301701021446835,1.8692307692307693,1.8146196199031328,7.152671755725191,1.2651269741591036,2.1862745098039214,1.902215447068651,4.067961165048544,1.273085702015107,75.8,37.666666666666664,52.0,DDD_2013B
group1,M,Ireland,A Level or Equivalent,0-10%,0-35,90,-101.0,0.5384615384615384,1.0,1.2463054187192117,0.77614409025121,10.186274509803921,0.9222850256549973,1.7925925925925925,1.679979994089732,6.772058823529412,0.9470403566056247,1.5933333333333333,1.5504780240004297,6.596026490066225,0.9259216652321556,64.0,34.333333333333336,51.2,DDD_2013B
group1,F,North Western Region,Lower Than A Level,0-10%,0-35,60,-68.0,0.6363636363636364,0.8461538461538461,3.3194444444444446,3.6993581052983107,4.041095890410959,1.016123958987646,4.387755102040816,5.361188948244178,7.7,0.8552714714819197,4.777777777777778,6.141841924229427,5.021739130434782,1.0072821934367846,69.0,31.0,78.2,DDD_2013B
group1,F,South Region,A Level or Equivalent,40-50%,0-35,60,-18.0,0.5,0.9230769230769231,3.878787878787879,3.3120532860594154,4.537313432835821,0.8949061372344219,6.0,5.345928111041249,5.725,0.9118067056714738,6.552631578947368,7.4568936667954935,6.717948717948718,0.8841461147969101,73.4,65.0,70.2,DDD_2013B
group1,M,East Anglian Region,A Level or Equivalent,30-40%,0-35,60,-48.0,0.5833333333333334,0.9230769230769231,2.3173076923076925,1.6736937992155214,5.742857142857143,1.1417232986979955,3.081081081081081,3.325932794305969,7.346666666666667,1.280648458441703,6.444444444444445,7.256305413498542,6.1891891891891895,0.7567573457619028,60.6,47.5,56.4,DDD_2013B
group1,M,South West Region,A Level or Equivalent,30-40%,0-35,120,-36.0,0.5384615384615384,1.0,2.0689655172413794,1.7129894435119,6.564102564102564,1.3628054775099967,3.9482758620689653,6.533107086468642,19.152542372881356,1.3051792345144966,3.038961038961039,3.3773298330328414,6.512820512820513,1.0328550883736147,71.4,57.333333333333336,66.4,DDD_2013B
group1,F,Wales,A Level or Equivalent,50-60%,0-35,60,-53.0,0.6363636363636364,0.8461538461538461,1.7074829931972788,2.4049346653436974,12.506756756756756,1.7259169549769235,2.4653465346534653,3.1513944736755617,7.813725490196078,2.14538913631175,2.7191011235955056,3.8138168785141784,5.911111111111111,0.8932745363915812,83.0,68.0,68.5,DDD_2013B
group1,M,North Western Region,Lower Than A Level,20-30%,0-35,60,-34.0,0.5384615384615384,1.0,1.6490066225165563,1.1843348372071627,6.046052631578948,1.0084550577295248,1.975,1.765507521004283,9.652892561983471,1.0434413636775617,3.873015873015873,3.9164337937764633,4.109375,1.196885460708223,54.2,67.33333333333333,50.0,DDD_2013B
group1,M,South West Region,A Level or Equivalent,60-70%,0-35,60,-53.0,0.5384615384615384,1.0,1.3854748603351956,0.8559187016315564,5.427777777777778,0.9735439701764642,2.0,2.03361579958924,7.308333333333334,0.903457961424277,1.8125,1.7240768384506215,3.3333333333333335,0.7658404715781065,82.2,61.0,80.2,DDD_2013B
group1,F,South Region,Lower Than A Level,80-90%,0-35,90,-74.0,0.6923076923076923,1.0,3.037037037037037,3.284221538068209,7.902439024390244,1.192105407480959,3.646153846153846,3.780834767410702,8.969696969696969,1.23247392059139,4.461538461538462,4.844489646977087,9.566037735849056,1.013215585271085,38.6,40.0,39.8,DDD_2013B
group1,M,North Region,A Level or Equivalent,0-10%,0-35,120,-82.0,0.6153846153846154,1.0,2.8735632183908044,3.094648786103046,3.965909090909091,1.1532693228884172,7.714285714285714,9.474555175162356,10.724137931034482,0.9194904690515093,8.037037037037036,11.154445410761237,5.25,1.6586786221637193,63.4,56.333333333333336,54.0,DDD_2013B
group1,M,London Region,HE Qualification,20-30%,0-35,120,-89.0,0.8461538461538461,1.0,1.8333333333333333,1.535864830832716,7.438848920863309,1.0391753665040941,3.16,3.1538907760141326,5.881578947368421,0.9397757367616024,3.9310344827586206,3.689064299019312,4.983050847457627,1.2532432819209318,63.4,70.33333333333333,75.4,DDD_2013B
group3,F,East Anglian Region,Lower Than A Level,20-30%,35-55,60,-90.0,0.6666666666666666,0.9230769230769231,3.2278481012658227,2.9955067508820066,7.1125,1.1613122186424745,4.679245283018868,5.733751573948437,10.092592592592593,0.9087608647126202,5.9523809523809526,7.0709035575114685,9.162790697674419,1.5478987759967717,90.0,86.66666666666667,92.0,DDD_2013B
group1,M,South East Region,Lower Than A Level,30-40%,0-35,60,-60.0,0.5384615384615384,1.0,3.1666666666666665,3.932603204668374,4.253164556962025,1.327647848461259,4.5,8.416254115301733,6.74468085106383,1.525705466215697,3.408450704225352,5.260574289096832,10.26388888888889,1.00203959211566,54.8,41.0,57.0,DDD_2013B
group1,F,West Midlands Region,A Level or Equivalent,60-70%,0-35,90,-82.0,0.5833333333333334,0.9230769230769231,1.0711297071129706,0.3877905252952133,9.933333333333334,1.0054718319239861,2.259259259259259,3.438023694335259,8.0,0.8482983506662731,1.6618705035971224,1.6530777480445917,8.3,0.9568051095536215,61.8,46.0,74.6,DDD_2013B
group1,M,East Anglian Region,Lower Than A Level,90-100%,0-35,180,-36.0,0.5384615384615384,1.0,1.1333333333333333,0.4118772355239569,7.8097345132743365,0.9986438010485088,2.6288659793814433,3.789567883317047,7.836734693877551,1.4317375822196878,1.437125748502994,1.078513647994931,5.101190476190476,0.9463574790588969,81.4,49.333333333333336,70.6,DDD_2013B
group1,M,East Anglian Region,Lower Than A Level,20-30%,0-35,120,-100.0,0.7692307692307693,1.0,5.108695652173913,5.978584971451822,4.9787234042553195,1.0583633371703154,6.911764705882353,9.595982893926749,8.028571428571428,1.0503587505680245,10.333333333333334,11.298099788173646,2.263157894736842,1.5693797970979526,74.0,45.0,79.8,DDD_2013B
group1,M,Yorkshire Region,Lower Than A Level,60-70%,35-55,60,-87.0,0.6153846153846154,1.0,2.7613636363636362,3.0737835391515516,7.067415730337078,1.092474795635686,6.0,6.828731869634978,5.8,0.8918977349225906,4.068965517241379,4.829957934383372,9.423728813559322,0.959562293465966,75.0,48.333333333333336,81.4,DDD_2013B
group1,M,North Region,A Level or Equivalent,0-10%,0-35,60,-74.0,0.7272727272727273,0.8461538461538461,2.520408163265306,3.1466873166551923,5.878787878787879,0.9336586995948535,4.12280701754386,10.768787860290956,5.0,0.8780856921500433,3.049382716049383,3.4853308113000594,6.853658536585366,0.8805078832960255,67.8,5.5,58.75,DDD_2013B
group3,M,Wales,A Level or Equivalent,40-50%,35-55,60,-90.0,0.5384615384615384,1.0,1.0756302521008403,0.34761790618609106,11.225941422594142,0.9353344543804375,1.1327433628318584,0.4989664834659928,8.550660792951541,1.2140948394163282,1.875,1.5823833315205313,4.255813953488372,0.8591350372513467,95.6,93.33333333333333,95.8,DDD_2013B
group1,M,North Western Region,A Level or Equivalent,0-10%,0-35,90,-86.0,0.6153846153846154,1.0,3.8214285714285716,2.4279219910872745,4.754385964912281,1.0948905970865368,5.648648648648648,4.709424453017447,7.657894736842105,1.0076231913248177,9.08695652173913,10.10361341068477,7.166666666666667,1.2975410450756577,44.2,34.0,48.8,DDD_2013B
group1,M,South Region,Lower Than A Level,80-90%,0-35,120,-86.0,0.6153846153846154,1.0,1.8333333333333333,1.5927635337049422,8.24812030075188,1.398987734869985,3.6666666666666665,4.400466175770763,8.925373134328359,0.848938535173747,5.7368421052631575,8.19256159170347,9.0,1.4337760750869053,61.6,42.0,48.6,DDD_2013B
group1,M,South East Region,Lower Than A Level,70-80%,0-35,60,-59.0,0.8181818181818182,0.8461538461538461,4.816326530612245,5.648279492419775,5.04,1.087446404444689,8.076923076923077,12.023054776297336,5.7407407407407405,0.6781255919210795,7.32258064516129,7.608710345273998,5.6875,1.651389142725746,59.4,60.666666666666664,45.0,DDD_2013B
group1,M,South West Region,Lower Than A Level,60-70%,0-35,60,-36.0,0.5384615384615384,1.0,4.735849056603773,5.038890840240029,4.518518518518518,0.880871096551355,7.0,8.560976730528191,11.333333333333334,0.9615933877408706,8.32,10.47902667235846,2.8846153846153846,0.943657188225093,60.2,37.666666666666664,41.6,DDD_2013B
group3,F,Scotland,A Level or Equivalent,30-40%,0-35,60,-15.0,0.5833333333333334,0.9230769230769231,2.059322033898305,1.9537051054336572,9.672268907563025,1.0211297844078113,2.8333333333333335,2.911685361880014,5.094117647058823,1.0979963850740202,2.9625,2.9955399335797357,7.54320987654321,0.933011736692816,70.6,69.5,78.0,DDD_2013B
group1,M,Ireland,A Level or Equivalent,20-30%,0-35,60,-64.0,0.5555555555555556,0.6923076923076923,3.9672131147540983,5.653810553112989,5.096774193548387,0.9934088181384014,5.147058823529412,7.924386422824995,5.485714285714286,0.9216837136759853,4.714285714285714,7.305819598101229,5.52,0.6867256384462975,84.8,58.0,75.66666666666667,DDD_2013B
group1,F,Ireland,A Level or Equivalent,70-80%,0-35,60,-3.0,0.5384615384615384,1.0,2.4,2.3852382904287905,7.072916666666667,0.8825311983277335,3.5396825396825395,6.137734679372158,7.6875,0.7968723977832752,3.388059701492537,3.1234946623089708,4.25,0.7553324915603982,51.6,29.0,41.8,DDD_2013B
group1,M,South West Region,A Level or Equivalent,40-50%,0-35,60,-77.0,0.5454545454545454,0.8461538461538461,6.368421052631579,7.841059817471516,5.282051282051282,0.7362975194432471,10.083333333333334,12.032263391350797,5.24,0.9212320513920971,10.333333333333334,8.16736691675727,4.7894736842105265,0.9783306094090103,60.2,47.0,67.4,DDD_2013B
group1,F,London Region,Lower Than A Level,50-60%,35-55,60,-66.0,0.5384615384615384,1.0,2.0782608695652174,1.6284091154066869,6.2155172413793105,1.1138224684859217,3.3384615384615386,3.6540941211405387,8.772727272727273,1.0559402440104158,3.1449275362318843,3.6472203852782776,5.142857142857143,1.046230741964744,72.8,85.0,77.6,DDD_2013B
group1,F,London Region,A Level or Equivalent,30-40%,0-35,60,-78.0,0.6666666666666666,0.9230769230769231,2.6989247311827955,3.5440855392456903,6.797872340425532,1.0948724102674718,3.1621621621621623,4.210316836504607,6.8133333333333335,1.1538589290690149,4.755102040816326,4.714916985151568,3.08,1.4503069042023933,70.2,51.5,67.4,DDD_2013B
group1,M,Scotland,A Level or Equivalent,80-90%,35-55,60,-43.0,0.6363636363636364,0.8461538461538461,3.282051282051282,5.129232331355668,13.341772151898734,1.2552099692652838,5.627906976744186,9.46427683402914,9.75,1.209830631120674,4.877551020408164,8.941086467028732,7.4,0.9169294839831013,91.0,85.5,94.5,DDD_2013B
group1,F,West Midlands Region,A Level or Equivalent,0-10%,0-35,60,-58.0,0.5833333333333334,0.9230769230769231,3.8181818181818183,3.611558755351578,5.059701492537314,1.0721729858725917,3.9074074074074074,4.430888656208558,6.709090909090909,1.0242826974990706,5.311111111111111,5.303610357886675,3.9347826086956523,1.0813638148232798,61.0,55.0,55.4,DDD_2013B
group3,M,South East Region,A Level or Equivalent,60-70%,0-35,60,-78.0,0.5384615384615384,1.0,2.7142857142857144,2.1770811973104127,9.619565217391305,1.2024696091665144,4.2727272727272725,4.2095770239465535,7.642857142857143,1.1453079420490844,3.289855072463768,3.0442880423129277,8.028571428571428,1.0380484625635573,79.6,77.66666666666667,89.0,DDD_2013B
group1,F,East Anglian Region,A Level or Equivalent,40-50%,0-35,60,-72.0,0.6923076923076923,1.0,2.6666666666666665,2.3311174417287055,6.306818181818182,0.8566558612827414,3.23943661971831,3.1005289352090255,3.611111111111111,1.03979970761328,4.808510638297872,4.821321746757203,8.041666666666666,0.9346983673251021,73.8,71.33333333333333,60.8,DDD_2013B
group1,F,Scotland,A Level or Equivalent,50-60%,0-35,60,-29.0,0.6923076923076923,1.0,3.4927536231884058,3.6926922603409924,5.442857142857143,1.01235130306699,6.676470588235294,7.7916839438549435,5.057142857142857,1.151988345847045,6.0,6.123724356957944,3.0526315789473686,1.1617158984774494,70.2,41.333333333333336,59.0,DDD_2013B
group3,M,South Region,A Level or Equivalent,60-70%,0-35,60,-44.0,0.5384615384615384,1.0,3.5538461538461537,3.583951944217659,3.0454545454545454,0.9606113619761657,6.71875,8.097129618853593,8.93939393939394,0.8505705539016784,6.607142857142857,6.081783886171493,3.7241379310344827,0.6869347033700521,90.4,83.66666666666667,92.0,DDD_2013B
group3,M,Ireland,A Level or Equivalent,70-80%,0-35,60,-59.0,0.5384615384615384,1.0,1.2261306532663316,0.6846960565931554,6.065,1.1137766717569064,2.479591836734694,2.529127602479439,5.898989898989899,0.953030568254252,1.975609756097561,2.1708327881258844,6.016129032258065,1.1150333555660557,87.2,61.333333333333336,91.2,DDD_2013B
group1,M,Wales,Lower Than A Level,80-90%,0-35,60,-36.0,0.5,0.9230769230769231,1.7737226277372262,1.2833360749711884,6.818840579710145,1.1170445336232,2.2830188679245285,2.050573517828991,7.97196261682243,1.0744915882343717,3.5072463768115942,4.333939888036252,6.985714285714286,0.945061884631379,79.0,66.5,79.4,DDD_2013B
group1,M,Scotland,HE Qualification,40-50%,35-55,60,-78.0,0.5384615384615384,1.0,2.6354166666666665,2.949111522463982,8.515463917525773,1.037570526510147,5.372093023255814,8.191235896673357,7.613636363636363,0.8811736032903307,3.5846153846153848,6.927960350304021,10.181818181818182,1.053634481567635,89.8,27.666666666666668,75.6,DDD_2013B
group3,M,Wales,Post Graduate Qualification,80-90%,35-55,60,-22.0,0.5384615384615384,1.0,1.55625,1.4086296253393396,7.496894409937888,0.9822430610768853,2.15929203539823,2.148780267307046,4.517543859649122,1.188528763687821,3.050632911392405,3.5078619910329603,4.525,0.9317053424179764,86.8,86.33333333333333,89.6,DDD_2013B
group1,F,South West Region,A Level or Equivalent,70-80%,0-35,60,-24.0,0.5384615384615384,1.0,2.3394495412844036,1.7171260630518144,5.990909090909091,1.0531687153074791,3.5072463768115942,3.372131410136522,4.785714285714286,0.9633284912915768,4.581818181818182,3.970683815960415,4.232142857142857,1.2097790342979202,48.8,32.666666666666664,46.0,DDD_2013B
group3,M,East Anglian Region,Lower Than A Level,70-80%,0-35,60,-25.0,0.5384615384615384,1.0,1.417142857142857,0.9424490334357472,5.556818181818182,0.8552825941602891,2.1359223300970873,2.0438743663153054,7.451923076923077,0.9808140771329628,2.1153846153846154,2.574360858779772,4.390476190476191,1.030412146592115,88.6,91.66666666666667,92.4,DDD_2013B
group1,F,South West Region,A Level or Equivalent,10-20,0-35,60,-48.0,0.5,0.9230769230769231,2.041322314049587,1.6603046618762272,7.319672131147541,1.0590006501081262,2.6739130434782608,2.3725013259861463,7.118279569892473,0.9078336204512724,3.464788732394366,3.4962469098632565,3.9722222222222223,1.1195583614709845,48.2,27.0,51.2,DDD_2013B
group1,M,East Anglian Region,A Level or Equivalent,10-20,35-55,60,-65.0,0.7272727272727273,0.8461538461538461,2.5,3.368287521091729,5.646464646464646,1.301504587000273,3.1944444444444446,4.137219890144265,7.684931506849315,0.8932277865689753,5.25,5.384501568655835,5.594594594594595,1.4058718043800318,73.8,72.0,59.8,DDD_2013B
group3,F,Scotland,A Level or Equivalent,60-70%,0-35,60,-42.0,0.6666666666666666,0.6923076923076923,1.3989071038251366,1.1717362467647,10.652173913043478,1.0936033771538392,1.9104477611940298,3.4367817752855356,6.207407407407407,1.037401288923104,1.4764705882352942,1.2460728424597127,10.064327485380117,1.1323855605798112,79.25,43.0,83.25,DDD_2013B
group3,M,South West Region,A Level or Equivalent,10-20,0-35,60,-67.0,0.5384615384615384,1.0,2.2612612612612613,2.043667432968627,4.892857142857143,0.9661267103759688,4.320754716981132,5.045079800030843,5.7407407407407405,1.5635015000590136,3.5555555555555554,5.189249985516826,4.953125,0.9572820161697506,85.6,78.33333333333333,85.0,DDD_2013B
group3,M,Yorkshire Region,Lower Than A Level,30-40%,0-35,60,-22.0,0.6666666666666666,0.9230769230769231,2.619565217391304,2.8664117450923285,7.526881720430108,0.8598196298749914,3.2567567567567566,4.438501569966778,6.506666666666667,1.1425094611654028,5.075,4.999423043635212,10.073170731707316,0.8060226836307581,89.0,89.5,92.4,DDD_2013B
group3,M,Yorkshire Region,HE Qualification,20-30%,0-35,60,-29.0,0.5384615384615384,1.0,1.5935483870967742,1.0487888759944584,4.628205128205129,1.2733918663362591,4.068965517241379,5.58463452436414,7.864406779661017,0.9137727714068555,2.962025316455696,3.352928448213299,4.35,1.0236340466113625,91.4,92.0,96.0,DDD_2013B
group1,M,West Midlands Region,HE Qualification,80-90%,35-55,60,-58.0,0.5833333333333334,0.9230769230769231,1.8823529411764706,1.6735804311998241,7.9489051094890515,1.2013223499876486,2.6315789473684212,3.738962854199542,6.53125,1.0308793525402993,2.808988764044944,3.5447669640496495,7.533333333333333,1.1345395051707856,89.4,41.0,72.5,DDD_2013B
group1,F,South East Region,A Level or Equivalent,60-70%,0-35,60,-48.0,0.5833333333333334,0.9230769230769231,1.2763819095477387,0.7099544549870302,6.565,1.2529963322297653,3.408450704225352,6.24403135525378,7.0,1.001416230705385,1.776978417266187,1.4195486395719314,7.042857142857143,1.3914881223228983,66.0,45.5,60.6,DDD_2013B
group3,M,London Region,A Level or Equivalent,0-10%,0-35,120,-24.0,0.6923076923076923,1.0,1.5153374233128833,1.2290507640062844,8.987804878048781,0.9984873558498183,2.520408163265306,3.107123812851088,9.505050505050505,1.6018667658674715,2.289719626168224,2.4418109031386215,5.546296296296297,1.2095881543136948,85.0,85.33333333333333,91.6,DDD_2013B
group1,M,Ireland,A Level or Equivalent,20-30%,0-35,60,-22.0,0.6666666666666666,0.9230769230769231,1.7310344827586206,1.3294483631159093,5.280821917808219,1.0097732334401808,2.4791666666666665,2.599510750189519,6.030927835051546,1.0241984156516843,2.1792452830188678,1.9311835493209895,5.271028037383178,0.9830852797034748,68.4,58.0,70.0,DDD_2013B
group1,M,East Anglian Region,Lower Than A Level,30-40%,35-55,60,-59.0,0.5384615384615384,1.0,1.5886075949367089,1.0774453557925896,6.452830188679245,1.1019526108498103,3.1298701298701297,3.2781198452396354,5.5,0.8996008156195979,2.1578947368421053,1.8220816033736205,5.982608695652174,0.8387975487236041,68.0,47.0,49.2,DDD_2013B
group1,F,East Anglian Region,A Level or Equivalent,50-60%,0-35,60,-46.0,0.5,0.9230769230769231,3.0375,3.921520468493072,5.827160493827161,0.8079842968515121,3.6875,5.309096715686006,7.569230769230769,1.0275309963419046,4.431372549019608,5.689481178317701,3.326923076923077,1.08008993751124,84.0,64.5,76.2,DDD_2013B
group3,F,South West Region,A Level or Equivalent,70-80%,0-35,60,-22.0,0.5833333333333334,0.9230769230769231,2.007936507936508,1.9036639692804267,4.960629921259843,0.8739158420391486,2.813953488372093,2.7632531037634385,4.885057471264368,1.2798659099315226,3.2465753424657535,3.247994346592166,4.891891891891892,0.8358259679418542,88.4,69.5,87.6,DDD_2013B
group1,F,East Midlands Region,Lower Than A Level,30-40%,0-35,60,-36.0,0.5,0.9230769230769231,3.716417910447761,4.059429614170152,4.323529411764706,0.9856436268999367,5.8,8.835244108769064,5.536585365853658,0.8603062936085095,8.0,12.13714731012136,4.483870967741935,0.9425833279107902,71.0,42.0,65.6,DDD_2013B
group1,M,North Western Region,Lower Than A Level,0-10%,0-35,60,-36.0,0.7692307692307693,1.0,1.585987261146497,1.445792241286723,6.2025316455696204,1.0955458645614833,3.323943661971831,4.009897212388809,6.194444444444445,1.041932858934441,2.36,3.4510136118965034,7.227722772277228,0.9842901869252344,71.2,40.666666666666664,64.6,DDD_2013B
group3,M,Scotland,HE Qualification,70-80%,35-55,90,-30.0,0.5384615384615384,1.0,2.326923076923077,1.5914962593546853,4.695238095238095,1.057836070910697,5.8,5.292471673070761,3.8292682926829267,1.0491975261611097,3.2266666666666666,2.0106025272346906,9.342105263157896,1.0445539895552618,89.8,87.0,86.6,DDD_2013B
group1,M,East Anglian Region,Lower Than A Level,30-40%,0-35,60,-22.0,0.7692307692307693,1.0,2.103448275862069,1.6279050840017486,5.034188034188034,1.245247450213998,2.5384615384615383,1.7276039432159749,5.663043478260869,0.9570693506160675,5.066666666666666,5.890670590009257,6.021739130434782,1.1871988122015134,76.2,77.66666666666667,76.2,DDD_2013B
group3,F,North Western Region,A Level or Equivalent,40-50%,0-35,60,-15.0,0.5384615384615384,1.0,2.4705882352941178,2.687359049411574,6.223300970873787,1.2578805498721244,5.431818181818182,6.507232924851114,5.044444444444444,1.0414193817240391,2.6853932584269664,2.94493210918033,12.022222222222222,0.7788095572197453,81.8,76.33333333333333,83.2,DDD_2013B
group1,M,West Midlands Region,Lower Than A Level,0-10%,0-35,90,-46.0,0.5384615384615384,1.0,3.9464285714285716,3.7095436762106306,5.228070175438597,1.06588929753274,6.545454545454546,6.359495405940775,9.147058823529411,1.0787242236662011,16.916666666666668,13.235340661435293,4.230769230769231,1.2512473115698368,64.6,43.666666666666664,47.8,DDD_2013B
group1,M,South Region,A Level or Equivalent,70-80%,0-35,60,-46.0,0.6153846153846154,1.0,3.903225806451613,3.4769011896517568,2.6825396825396823,0.7740857259887827,6.0,7.315405082095695,5.828571428571428,0.7500800931218311,17.0,13.366625103842283,3.2857142857142856,1.267598238009848,53.0,30.333333333333332,51.8,DDD_2013B
group1,M,East Anglian Region,A Level or Equivalent,90-100%,35-55,60,-23.0,0.5384615384615384,1.0,1.703448275862069,1.434322032699279,7.273972602739726,0.9540293360994029,2.4742268041237114,2.549888819084221,7.346938775510204,1.2192925746989725,2.4123711340206184,2.050165528477658,4.408163265306122,0.7708854670391583,80.0,79.33333333333333,85.4,DDD_2013B
group1,M,Wales,Lower Than A Level,40-50%,0-35,60,-29.0,0.6923076923076923,1.0,2.0782608695652174,2.9503131742387882,7.103448275862069,1.03521622690178,3.7936507936507935,5.406563305771409,7.28125,0.9779288049519521,2.986666666666667,4.055337934841654,5.368421052631579,1.0562559646326224,75.0,39.333333333333336,61.0,DDD_2013B
group1,F,Wales,Lower Than A Level,60-70%,0-35,60,-30.0,0.6153846153846154,1.0,2.3365384615384617,3.35478379470063,14.666666666666666,0.973042793833067,4.172413793103448,5.167842303262103,10.135593220338983,1.0311774978809933,3.038961038961039,4.3116780175947085,6.666666666666667,1.4941552797483937,61.0,43.0,38.8,DDD_2013B
group1,M,Scotland,HE Qualification,50-60%,0-35,60,-34.0,0.8333333333333334,0.9230769230769231,3.380281690140845,3.132165828410105,6.25,1.3687950905814938,6.297297297297297,8.359508441372698,8.157894736842104,1.251829046850656,9.434782608695652,10.832720161019417,5.583333333333333,1.1467310945305742,70.4,42.333333333333336,37.0,DDD_2013B
group3,M,South Region,HE Qualification,90-100%,0-35,60,-15.0,0.5384615384615384,1.0,2.386138613861386,2.116460710855285,4.852941176470588,0.96668091563546,3.2567567567567566,4.658357670531274,6.226666666666667,0.9566391641267356,3.816666666666667,3.0168547246061634,5.819672131147541,0.9326368775296782,92.8,92.66666666666667,90.0,DDD_2013B
group1,M,London Region,HE Qualification,70-80%,0-35,60,-30.0,0.6363636363636364,0.8461538461538461,3.0,3.7782270974625116,3.7560975609756095,0.9000243620322977,4.918367346938775,7.51896694670074,7.58,1.0293923972624428,6.1875,8.041976566539734,4.515151515151516,0.759665138084887,85.2,49.0,75.5,DDD_2013B
group1,F,East Midlands Region,Lower Than A Level,0-10%,0-35,60,-15.0,0.6666666666666666,0.9230769230769231,1.8992248062015504,1.8785173726585136,8.46923076923077,1.0747310798698437,2.4081632653061225,4.312142373502793,10.666666666666666,1.0816292687422988,3.191780821917808,2.9658123032249404,6.256756756756757,1.6663805310841897,84.4,76.5,75.0,DDD_2013B
group3,M,East Midlands Region,A Level or Equivalent,20-30%,0-35,60,-25.0,0.5384615384615384,1.0,2.1315789473684212,1.742306262739471,5.139130434782609,1.2563198251841599,3.796875,5.261961996025726,6.030769230769231,0.9923305439073776,3.737704918032787,3.3857625401291918,5.209677419354839,1.0649119756745937,92.4,92.0,95.8,DDD_2013B
group1,M,East Anglian Region,A Level or Equivalent,30-40%,0-35,60,-29.0,0.9090909090909091,0.8461538461538461,4.346938775510204,4.52102044347735,6.84,1.1215880322560796,5.325,6.044228015858791,9.682926829268293,0.8282213927480937,6.181818181818182,5.997158418026749,5.0588235294117645,0.7012505248053303,77.8,39.0,85.75,DDD_2013B
group1,M,London Region,Lower Than A Level,50-60%,0-35,90,-21.0,0.5384615384615384,1.0,3.3285714285714287,4.141418326575278,10.154929577464788,1.1647711181481355,4.854166666666667,7.261057842553508,12.16326530612245,0.8515460203339764,5.384615384615385,6.1798287517381665,5.425,0.9316395095031947,66.4,55.666666666666664,68.8,DDD_2013B
group1,F,North Western Region,A Level or Equivalent,20-30%,0-35,60,-27.0,0.5384615384615384,1.0,1.875,1.3522957160708984,6.693430656934306,1.227688537639745,3.5245901639344264,4.4294715914243055,8.209677419354838,0.8610690656230675,2.6,3.22490309931942,5.461538461538462,1.2356811588884207,64.6,44.666666666666664,53.8,DDD_2013B
group1,F,North Region,A Level or Equivalent,40-50%,0-35,60,-25.0,0.5384615384615384,1.0,1.1848341232227488,0.6086341820765291,8.160377358490566,1.0101168887006349,1.7605633802816902,1.5706960893738513,5.461538461538462,1.1418642007486068,1.4968152866242037,1.1187458856630035,5.272151898734177,0.9283966169237198,88.8,56.666666666666664,82.2,DDD_2013B
group1,F,East Midlands Region,A Level or Equivalent,10-20,0-35,60,-25.0,0.5384615384615384,1.0,1.7638888888888888,1.1884414846315163,4.910344827586207,1.1352502981677492,4.381818181818182,5.208578782095259,6.696428571428571,1.1074567460828637,3.0135135135135136,3.054272745951841,6.173333333333333,1.0631660335260735,45.6,37.333333333333336,60.6,DDD_2013B
group1,F,South West Region,A Level or Equivalent,30-40%,0-35,60,-25.0,0.8461538461538461,1.0,2.2830188679245285,2.159165257492909,4.08411214953271,0.9897177284845777,3.4705882352941178,3.7831937397779867,5.130434782608695,0.9081382715072605,4.339622641509434,4.6074496375494345,4.444444444444445,1.0674151020104596,72.8,70.33333333333333,73.0,DDD_2013B
group1,M,East Anglian Region,A Level or Equivalent,50-60%,0-35,60,-16.0,0.6153846153846154,1.0,6.7368421052631575,7.179867538213175,4.358974358974359,0.9212974152441982,5.195121951219512,7.376379573324307,5.833333333333333,0.7738435366674471,15.5,15.078582040882903,1.6153846153846154,0.8247860988423225,52.8,37.666666666666664,40.4,DDD_2013B
group1,F,London Region,A Level or Equivalent,20-30%,0-35,60,-22.0,0.6666666666666666,0.9230769230769231,2.2882882882882885,2.209020298632559,6.803571428571429,1.0759458287618218,3.2533333333333334,4.638538135666887,7.394736842105263,0.8827129362855846,2.8433734939759034,2.596817600734403,4.607142857142857,0.7754134055859017,58.0,28.5,57.2,DDD_2013B
group3,M,London Region,HE Qualification,30-40%,0-35,60,-16.0,0.5384615384615384,1.0,1.937984496124031,1.699043563599166,4.153846153846154,1.1360473434366598,2.2857142857142856,1.8744962693311138,6.349056603773585,1.15357155501511,3.6666666666666665,4.797072519975569,5.172413793103448,1.2411285187280163,83.4,81.33333333333333,89.2,DDD_2013B
group1,F,South East Region,HE Qualification,90-100%,0-35,60,-24.0,0.5384615384615384,1.0,4.344827586206897,4.872233264868978,5.305084745762712,0.9921452479554875,7.533333333333333,9.027671381630627,8.516129032258064,0.9645638284981537,8.4,7.804912982645397,4.038461538461538,1.0694267012693086,74.8,51.0,60.8,DDD_2013B
group1,F,North Western Region,A Level or Equivalent,10-20,0-35,60,-24.0,0.5384615384615384,1.0,1.5238095238095237,0.9662098366977583,5.047337278106509,0.9979356352244707,3.1142857142857143,4.012815907986207,5.464788732394366,0.7930860897494455,2.484848484848485,2.767757643791827,6.23,1.2958641336950907,71.0,58.333333333333336,70.0,DDD_2013B
group1,M,South West Region,A Level or Equivalent,40-50%,0-35,60,-22.0,0.6666666666666666,0.9230769230769231,3.3943661971830985,4.220625793949912,3.1666666666666665,0.891635491899864,5.230769230769231,7.410737368176056,6.65,0.9501986605379423,9.61111111111111,10.210368944701662,2.0526315789473686,0.7324541977992666,84.4,66.5,65.0,DDD_2013B
group1,F,East Anglian Region,Lower Than A Level,50-60%,0-35,60,-22.0,0.8461538461538461,1.0,2.659340659340659,2.700698593655518,7.4021739130434785,0.8879065634547034,3.646153846153846,4.1133576963913,6.954545454545454,1.0288323576021843,4.39622641509434,4.5460871706485095,7.462962962962963,1.2484151853344614,53.6,41.0,29.4,DDD_2013B
group1,F,South West Region,A Level or Equivalent,50-60%,35-55,60,-18.0,0.5384615384615384,1.0,3.0246913580246915,3.0082191934846407,4.902439024390244,1.2315719170622412,4.644444444444445,4.375321056040841,6.695652173913044,1.2100767390069582,4.659090909090909,5.976477852918645,7.733333333333333,1.128750848505718,68.8,56.0,69.4,DDD_2013B
group1,M,North Region,A Level or Equivalent,20-30%,0-35,60,-16.0,0.5384615384615384,1.0,3.414285714285714,2.721321381629116,5.267605633802817,1.187882184954688,5.348837209302325,6.346666620136427,8.568181818181818,1.1270026075703936,5.829268292682927,6.139635327217694,7.571428571428571,0.9392992800668575,84.8,76.33333333333333,72.6,DDD_2013B
group1,M,Yorkshire Region,Lower Than A Level,70-80%,0-35,60,-23.0,0.5384615384615384,1.0,1.8671875,1.7674711404386396,5.410852713178294,1.0914611435381611,2.5632183908045976,2.5595291601226795,6.420454545454546,1.1499999148753575,2.735632183908046,2.2280441423696034,8.693181818181818,0.827762747283867,91.0,82.66666666666667,90.0,DDD_2013B
group1,M,South West Region,A Level or Equivalent,80-90%,35-55,60,-21.0,0.7692307692307693,1.0,2.311926605504587,2.012448516509281,10.50909090909091,1.3613795379090556,3.5441176470588234,3.347682751822238,11.217391304347826,1.0498654270042522,3.9482758620689653,4.101443536178423,6.067796610169491,0.8777796850542273,33.4,34.666666666666664,34.2,DDD_2013B
group3,M,East Anglian Region,A Level or Equivalent,40-50%,0-35,60,-21.0,0.6153846153846154,1.0,4.490196078431373,4.415303156158625,4.403846153846154,0.9820085938118861,6.735294117647059,7.443967757283712,7.257142857142857,0.9312833803829366,13.470588235294118,10.897922090121261,7.333333333333333,1.2034729358976113,93.2,88.66666666666667,94.8,DDD_2013B
group1,M,North Western Region,A Level or Equivalent,10-20,0-35,60,-20.0,0.5384615384615384,1.0,1.2427184466019416,0.8885836295377341,9.531400966183575,1.0726104313000744,2.43,2.567296262804529,6.8316831683168315,1.1562601861810549,1.4201183431952662,1.1831445128522875,9.711764705882352,0.9177464123691049,77.2,69.33333333333333,68.2,DDD_2013B
group1,M,South East Region,HE Qualification,40-50%,0-35,60,-16.0,0.5384615384615384,1.0,2.1271186440677967,1.4532404708599176,4.445378151260504,1.3391830563952403,3.283582089552239,2.9685521935339056,4.161764705882353,0.9320788551786261,2.539325842696629,2.3162282220694337,6.433333333333334,1.0580737153496196,82.2,74.0,82.4,DDD_2013B
group1,F,West Midlands Region,HE Qualification,90-100%,35-55,60,-20.0,0.6666666666666666,0.9230769230769231,4.490196078431373,5.025425550218043,5.0576923076923075,1.0901545838011109,5.666666666666667,7.555508870070519,8.702702702702704,1.1194521440818936,14.066666666666666,10.511671517662549,4.375,0.9926258723451548,79.6,75.0,80.4,DDD_2013B
group3,M,East Anglian Region,A Level or Equivalent,70-80%,35-55,60,-22.0,0.5384615384615384,1.0,2.8275862068965516,3.4106771357691863,8.25,1.2989878996367215,3.22972972972973,4.146453501280597,7.493333333333333,1.5193020669150321,5.186046511627907,4.861196276214365,6.318181818181818,1.154603417770138,77.0,73.33333333333333,73.2,DDD_2013B
group1,M,London Region,HE Qualification,40-50%,35-55,90,-20.0,0.6363636363636364,0.8461538461538461,1.7414965986394557,1.9900039078028324,7.6891891891891895,0.931078942382635,3.0476190476190474,3.2483722036750526,5.764705882352941,0.9894276613491755,3.0277777777777777,4.175624174383561,4.835616438356165,1.3155094860815453,51.333333333333336,43.333333333333336,58.4,DDD_2013B
group3,F,Scotland,HE Qualification,50-60%,55<=,60,-113.0,0.5384615384615384,1.0,3.78125,4.1460202757565146,6.3076923076923075,0.970903281809979,10.952380952380953,9.744106888146243,9.363636363636363,0.9302166653983288,6.228571428571429,6.6336296261403325,3.5277777777777777,1.4384040246093155,90.4,93.0,93.8,DDD_2013B
group1,M,Scotland,HE Qualification,20-30%,35-55,90,-136.0,0.5454545454545454,0.8461538461538461,1.2673267326732673,0.9020825999279413,7.955665024630542,0.9971239878092266,1.7571428571428571,2.1419799506394583,6.1063829787234045,1.0739020390149852,1.695945945945946,1.6357352204265814,6.5369127516778525,0.9933889638599346,70.6,46.5,57.25,DDD_2013B
group1,M,Wales,HE Qualification,70-80%,35-55,60,-214.0,0.5833333333333334,0.9230769230769231,2.381443298969072,2.1910960868605627,6.816326530612245,0.9577516265372502,5.65,7.047640085108687,6.609756097560975,0.995667416145038,4.277777777777778,6.525470175113,4.181818181818182,0.8724950641986691,83.4,74.66666666666667,81.75,DDD_2013B
group1,M,Scotland,A Level or Equivalent,40-50%,35-55,75,-83.0,0.6923076923076923,1.0,1.4382022471910112,0.967903625260042,4.17877094972067,1.051548564001221,3.8870967741935485,4.36493043044358,3.4444444444444446,0.7545511288016988,1.856060606060606,2.034558585423443,7.157894736842105,0.7712831237263855,71.2,45.333333333333336,53.8,DDD_2013B
group3,M,South Region,A Level or Equivalent,80-90%,35-55,60,-89.0,0.5384615384615384,1.0,2.088495575221239,1.5501009306072728,5.078947368421052,1.0740396498395053,2.75,2.5736149626359444,5.4941176470588236,1.2790126769585797,4.28,4.55371568398953,5.490196078431373,0.9972283017014136,89.6,90.66666666666667,90.8,DDD_2013B
group3,M,South East Region,A Level or Equivalent,60-70%,35-55,90,-59.0,0.5384615384615384,1.0,1.8529411764705883,1.4274007029858617,7.394160583941606,1.1225541045999046,2.2903225806451615,2.375512050802166,5.276595744680851,1.2170808395629347,3.2686567164179103,2.72242143528146,3.75,1.0044346115546243,94.6,91.33333333333333,93.6,DDD_2013B
group1,F,South West Region,HE Qualification,70-80%,35-55,60,-9.0,0.5833333333333334,0.9230769230769231,3.141025641025641,3.624320299821421,6.1265822784810124,0.9787763841466752,4.9787234042553195,7.161155364950692,4.104166666666667,0.8955759175367187,4.033333333333333,4.6211256485716765,2.9836065573770494,0.7518844818996352,77.2,73.5,72.8,DDD_2013B
group1,F,North Western Region,A Level or Equivalent,0-10%,35-55,60,-170.0,0.5384615384615384,1.0,1.2736318407960199,0.6243006037007288,12.668316831683168,0.9651297354662962,1.952,1.8177263359092493,9.420634920634921,0.8677783582664947,1.62987012987013,1.225818647097739,11.72258064516129,1.0250648791482149,56.4,34.666666666666664,52.6,DDD_2013B
group1,M,Wales,A Level or Equivalent,80-90%,35-55,60,-71.0,0.6153846153846154,1.0,1.4350282485875707,1.0266417695871912,8.095505617977528,1.318804346824274,2.189655172413793,2.43136674072137,8.008547008547009,1.163990857581481,2.165137614678899,2.3511768584638078,6.9818181818181815,1.288915185185082,69.4,69.66666666666667,65.4,DDD_2013B
group3,M,North Western Region,A Level or Equivalent,30-40%,35-55,60,-151.0,0.6153846153846154,1.0,1.7956204379562044,1.5910535084144848,5.333333333333333,1.1367890754990189,4.290909090909091,5.5799665712284465,5.571428571428571,1.1254336588387048,3.8125,5.188127472091127,6.615384615384615,1.341781868642533,91.6,93.0,93.0,DDD_2013B
group1,F,London Region,HE Qualification,0-10%,35-55,150,-150.0,0.5384615384615384,1.0,2.865168539325843,3.1737238352817245,6.488888888888889,1.2067532964461993,5.040816326530612,7.317100927716835,8.18,1.375007302608576,4.574074074074074,5.406501508410705,3.618181818181818,1.2331949065469727,60.8,41.0,53.2,DDD_2013B
group3,M,North Western Region,HE Qualification,20-30%,55<=,90,-12.0,0.6923076923076923,1.0,2.3917525773195876,2.2199695053786206,6.73469387755102,0.9511338745849188,3.3142857142857145,3.048130133128934,5.366197183098592,0.9881811337016639,5.0,4.988876515698588,4.872340425531915,0.8967395371280119,82.4,73.66666666666667,68.6,DDD_2013B
group3,M,Scotland,A Level or Equivalent,60-70%,35-55,60,-65.0,0.5384615384615384,1.0,1.5304878048780488,1.059133692110905,9.218181818181819,1.0911761239999251,2.4,2.335496832484569,7.811881188118812,1.2094190469774648,1.5855263157894737,1.025787237323869,14.660130718954248,0.7942662604250958,92.0,85.33333333333333,94.0,DDD_2013B
group1,M,Scotland,A Level or Equivalent,50-60%,35-55,60,-15.0,0.75,0.9230769230769231,4.388888888888889,4.0859476934316135,8.127272727272727,1.049061965334647,7.7,7.566486908594439,11.35483870967742,1.1955671503309266,9.041666666666666,11.145204336850218,6.28,1.2790658991720971,56.2,24.5,57.2,DDD_2013B
group1,F,West Midlands Region,A Level or Equivalent,30-40%,0-35,60,-57.0,0.6666666666666666,0.9230769230769231,1.890625,1.8833475599304723,6.488372093023256,0.9105071473493709,2.388888888888889,2.3592726190261253,9.780219780219781,1.146600448857199,4.804347826086956,5.893950062818243,5.340425531914893,1.2032004431877503,72.2,53.0,72.6,DDD_2013B
group1,M,North Western Region,Lower Than A Level,0-10%,35-55,60,-20.0,0.6666666666666666,0.9230769230769231,1.4619883040935673,1.1644309995888882,9.80232558139535,1.03556816512158,1.848,1.550525405228197,10.73015873015873,1.503985432890411,2.0,2.857738033247041,11.745901639344263,1.1389680611542752,83.4,80.33333333333333,94.0,DDD_2013B
group1,M,East Midlands Region,Lower Than A Level,50-60%,0-35,60,-23.0,0.5384615384615384,1.0,1.3529411764705883,0.8697604488919194,6.723404255319149,0.9662009644983119,1.9824561403508771,1.9687040620418335,7.7043478260869565,0.9605383910509803,2.438775510204082,2.5648951528203012,7.848484848484849,0.9908121318142907,81.8,75.33333333333333,79.8,DDD_2013B
group1,F,South East Region,HE Qualification,60-70%,35-55,90,-16.0,0.6153846153846154,1.0,4.0,3.522325887963371,6.344262295081967,1.2108528234633653,6.882352941176471,9.568777211650568,4.428571428571429,0.6939608675883796,7.428571428571429,6.402711066002352,1.2758620689655173,0.49981735159207913,84.0,83.0,70.2,DDD_2013B
group3,M,South Region,Post Graduate Qualification,90-100%,55<=,60,-36.0,0.6153846153846154,1.0,3.090909090909091,3.2613438390276537,4.346153846153846,1.307729869844441,7.933333333333334,9.362188564253747,7.580645161290323,1.69919960920012,4.448979591836735,4.703993093150559,9.56,1.5141241391494618,93.6,94.0,93.8,DDD_2013B
group1,M,London Region,Lower Than A Level,40-50%,35-55,90,-94.0,0.8181818181818182,0.8461538461538461,2.016,1.8664439191215487,7.801587301587301,1.2703476874623727,3.210526315789474,4.086777995678859,6.454545454545454,1.1673037839204488,4.2631578947368425,4.937199595886727,3.6551724137931036,1.0938108677057212,55.2,30.333333333333332,47.0,DDD_2013B
group3,M,Scotland,A Level or Equivalent,0-10%,0-35,70,-52.0,0.5384615384615384,1.0,1.0158730158730158,0.1252329770939926,16.68774703557312,0.8548462445040458,1.310880829015544,0.9052714551996595,10.6340206185567,1.5329524139512478,1.116591928251121,0.4399457883550088,14.035714285714286,1.0690172806122589,94.0,92.33333333333333,93.0,DDD_2013B
group1,M,Scotland,Lower Than A Level,50-60%,0-35,60,-22.0,0.6923076923076923,1.0,3.953125,4.210454439523314,6.2615384615384615,0.9363919710852769,5.923076923076923,6.1788459805874645,7.925,0.6779839611596474,4.7254901960784315,6.063261272195184,3.3076923076923075,1.0515383153057127,74.8,60.0,67.2,DDD_2013B
group1,M,Scotland,HE Qualification,30-40%,35-55,160,-12.0,0.6153846153846154,1.0,3.5384615384615383,3.9610483266622545,11.651515151515152,0.9835119625157726,5.0,6.50469915608025,8.191489361702128,0.9411203638292142,18.0,11.878169433498964,1.9230769230769231,1.1070682002478438,74.0,39.0,44.2,DDD_2013B
group1,F,North Western Region,A Level or Equivalent,30-40%,35-55,60,-60.0,0.6153846153846154,1.0,1.7162162162162162,1.714446581898726,12.442953020134228,0.9495157641667938,1.889763779527559,1.5947749329024998,7.03125,1.1349878989946094,1.7464788732394365,1.760224920018473,13.573426573426573,0.7749240876646333,64.6,53.666666666666664,39.6,DDD_2013B
group1,F,South Region,A Level or Equivalent,90-100%,35-55,60,-72.0,0.6923076923076923,1.0,1.575,1.261675037151433,6.180124223602484,1.1015671406681773,2.2410714285714284,2.544187991362379,5.982300884955753,1.5187488792844555,2.1621621621621623,1.7660461259318567,4.901785714285714,1.2713855876447402,72.8,57.666666666666664,65.6,DDD_2013B
group3,M,London Region,HE Qualification,10-20,35-55,60,-30.0,0.5,0.9230769230769231,4.224137931034483,5.541052859128741,6.338983050847458,0.8166775168267584,5.975609756097561,7.967081664191878,6.785714285714286,0.9178037939818406,10.166666666666666,10.606260114818436,3.08,0.9316315030888808,91.4,57.0,89.8,DDD_2013B
group1,M,South West Region,HE Qualification,70-80%,0-35,90,-81.0,0.5833333333333334,0.9230769230769231,3.282051282051282,3.5158174527373225,8.91139240506329,0.950204465681592,5.976190476190476,7.703303362489447,5.674418604651163,0.7786453827565846,7.171428571428572,9.550133088957804,3.638888888888889,0.9826595133262522,82.2,70.5,82.2,DDD_2013B
group1,M,East Anglian Region,Lower Than A Level,50-60%,0-35,60,-53.0,0.5384615384615384,1.0,2.240740740740741,2.203948751759159,6.348623853211009,1.0664759465495754,2.6666666666666665,3.4897413333431193,8.068181818181818,0.975359993866567,5.4,8.161196493476199,3.4878048780487805,1.152298177569006,55.4,62.666666666666664,62.8,DDD_2013B
group1,F,South East Region,A Level or Equivalent,10-20,0-35,120,-88.0,0.6923076923076923,1.0,2.1052631578947367,1.668916351571328,9.373913043478261,1.1023265685264916,3.8548387096774195,4.33380450054785,8.301587301587302,0.8866534281993491,2.6292134831460676,2.533332437324,6.477777777777778,0.8826888808073109,70.8,63.666666666666664,68.6,DDD_2013B
group1,F,East Midlands Region,HE Qualification,30-40%,35-55,80,-184.0,0.5384615384615384,1.0,1.6597222222222223,1.4297693806136995,15.151724137931035,0.974351768598323,2.2264150943396226,2.3836067863156436,8.336448598130842,1.383336299204389,2.5934065934065935,3.1445827208710044,6.836956521739131,0.9122147218596216,89.2,79.66666666666667,89.4,DDD_2013B
group1,F,North Western Region,Lower Than A Level,30-40%,0-35,160,-28.0,0.75,0.9230769230769231,2.4019607843137254,2.644852291151863,8.106796116504855,1.0510413263851441,4.528301886792453,6.277566203997636,7.055555555555555,1.217827970696162,2.9615384615384617,3.5836653502604485,8.08860759493671,1.1219729621185177,74.6,29.5,52.2,DDD_2013B
group3,M,Scotland,HE Qualification,30-40%,0-35,60,-24.0,0.5833333333333334,0.9230769230769231,1.467455621301775,1.2003744602185593,7.2176470588235295,1.2159949503393677,2.505050505050505,3.0350797231694986,5.99,1.589837143116498,1.5,1.365150674334655,11.74251497005988,0.8766319902325961,90.8,83.66666666666667,92.25,DDD_2013B
group1,M,South West Region,A Level or Equivalent,40-50%,35-55,120,-126.0,0.45454545454545453,0.8461538461538461,5.613636363636363,5.755547007284845,10.733333333333333,1.1397811697541427,7.0,8.029113691228108,9.15625,1.1826369489166817,7.357142857142857,11.28819207948201,4.103448275862069,1.0365811055535645,72.6,67.0,80.75,DDD_2013B
group1,M,North Western Region,HE Qualification,80-90%,35-55,60,-29.0,0.5384615384615384,1.0,1.8676470588235294,1.5290220720225152,4.62043795620438,1.0836108245620686,3.640625,3.461200761915684,5.446153846153846,0.9240095290388193,3.324324324324324,3.1670742217778125,5.1066666666666665,0.9042239507848927,80.6,59.0,75.8,DDD_2013B
group3,M,East Midlands Region,A Level or Equivalent,10-20,35-55,60,-25.0,0.5384615384615384,1.0,2.4411764705882355,3.4456847152153385,6.854368932038835,1.2618131062092057,3.557142857142857,5.780115124187517,6.028169014084507,1.8206137607664667,3.982456140350877,5.917562324103492,5.482758620689655,1.8604024475156027,85.8,85.0,81.4,DDD_2013B
group1,F,West Midlands Region,A Level or Equivalent,10-20,0-35,60,-79.0,0.5384615384615384,1.0,1.6486486486486487,1.124040723987274,7.033557046979865,1.100845673516478,2.3173076923076925,1.8657069930774026,6.228571428571429,1.0564675967917851,2.6222222222222222,2.286146739899816,5.846153846153846,0.8341079370518832,82.0,62.0,81.8,DDD_2013B
group1,F,Wales,A Level or Equivalent,20-30%,0-35,60,-21.0,0.6153846153846154,1.0,3.485294117647059,5.008925308688939,8.695652173913043,0.912112931604415,4.471698113207547,6.062507013746635,9.944444444444445,1.0049190832332333,5.8,8.253049164570664,5.170731707317073,1.1905682803555113,81.8,66.0,84.2,DDD_2013B
group1,F,East Midlands Region,Lower Than A Level,10-20,35-55,120,-67.0,0.5384615384615384,1.0,1.9534883720930232,1.7041331425219866,9.392307692307693,0.9780903350864123,2.735632183908046,3.189589789601305,5.954545454545454,1.5073968313472603,3.4383561643835616,2.9673515191247146,6.608108108108108,1.183441431188623,81.2,55.0,77.2,DDD_2013B
group1,F,South Region,Lower Than A Level,80-90%,0-35,130,-51.0,0.5384615384615384,1.0,5.159090909090909,5.976477852918646,5.0,1.0163114133418403,7.566666666666666,6.339168515764853,9.67741935483871,0.98254770876533,8.107142857142858,9.61996105988225,6.827586206896552,1.0392756458094532,79.6,54.666666666666664,52.0,DDD_2013B
group1,M,North Western Region,Lower Than A Level,20-30%,0-35,120,-153.0,0.5555555555555556,0.6923076923076923,2.784090909090909,3.6748566744632964,5.573033707865169,1.0139305133233119,3.78125,4.620412783043771,6.107692307692307,0.9786339946213604,4.54,7.019535422734215,3.823529411764706,0.7659416862050704,86.8,72.0,78.0,DDD_2013B
group1,F,London Region,Lower Than A Level,20-30%,0-35,60,-115.0,0.6153846153846154,1.0,3.4477611940298507,3.870179629726516,5.382352941176471,0.7533654472753029,4.529411764705882,5.859532203773507,7.75,0.9148052505544595,5.473684210526316,5.544594845945905,4.358974358974359,0.957216263849788,75.2,68.66666666666667,79.0,DDD_2013B
group1,F,North Western Region,A Level or Equivalent,60-70%,35-55,60,-24.0,0.5384615384615384,1.0,2.0327868852459017,2.080743772890267,10.357723577235772,1.3308064627710092,2.929411764705882,4.954046530949454,5.767441860465116,1.231344926405091,3.103896103896104,3.5930650146622565,12.76923076923077,1.1394250935085803,79.6,64.0,77.6,DDD_2013B
group1,F,West Midlands Region,A Level or Equivalent,80-90%,0-35,60,-25.0,0.5384615384615384,1.0,1.5408805031446542,1.3628996376619174,9.1625,1.0569519300835615,2.8333333333333335,3.157829563196976,8.211764705882352,1.7375193730274068,1.828125,1.857563279832662,7.5271317829457365,1.0684810095048447,70.4,67.66666666666667,74.0,DDD_2013B
group1,M,London Region,A Level or Equivalent,50-60%,0-35,60,-152.0,0.7692307692307693,1.0,1.855072463768116,2.0020089349782064,5.366906474820144,0.9885166043192478,2.6391752577319587,4.4515577025779915,7.653061224489796,1.0114684594412444,2.7294117647058824,3.458558175000088,6.244186046511628,0.9983201840100974,64.6,41.0,52.8,DDD_2013B
group1,M,South Region,A Level or Equivalent,40-50%,35-55,110,-34.0,0.5384615384615384,1.0,1.0448979591836736,0.20750392499724105,6.634146341463414,1.0061759619075812,1.0493827160493827,0.21711298242630983,4.073770491803279,1.1787842742493053,1.2760416666666667,0.6155480751409861,8.005181347150259,0.8126084064032858,87.4,79.66666666666667,89.4,DDD_2013B
group1,M,East Midlands Region,Lower Than A Level,10-20,0-35,60,-136.0,0.6666666666666666,0.9230769230769231,3.7241379310344827,4.869500869440662,4.610169491525424,1.1450184530327305,10.285714285714286,11.58508893855743,8.954545454545455,1.3860470925665673,8.0,9.641181512261916,4.739130434782608,1.1891267336528186,54.2,65.0,59.6,DDD_2013B
group3,F,East Anglian Region,A Level or Equivalent,80-90%,0-35,180,-176.0,0.5384615384615384,1.0,2.3904761904761904,3.226975358345639,5.415094339622642,1.1983682204251922,2.608108108108108,2.4372540554111892,8.413333333333334,1.323428255760621,5.125,6.933191828888786,6.551020408163265,1.2235418139609155,98.4,94.0,96.6,DDD_2013B
group1,F,Scotland,A Level or Equivalent,60-70%,0-35,120,-24.0,0.6363636363636364,0.8461538461538461,5.217391304347826,6.1097846606107,4.829787234042553,0.9705036782162106,9.6,12.020815280171307,9.038461538461538,0.7000614342827576,8.615384615384615,9.161121866133746,3.6666666666666665,1.108444918677084,60.666666666666664,37.666666666666664,56.8,DDD_2013B
group1,F,South West Region,HE Qualification,90-100%,0-35,60,-283.0,0.6153846153846154,1.0,2.9302325581395348,2.6559176886360487,7.436781609195402,1.1065338031190075,4.509433962264151,4.409878079203525,6.7592592592592595,1.0328476432085427,6.078947368421052,5.414602772719735,6.641025641025641,1.1455020006138594,75.4,60.666666666666664,69.8,DDD_2013B
group1,M,West Midlands Region,No Formal quals,30-40%,0-35,60,-85.0,0.5,0.9230769230769231,2.1171171171171173,2.60676999277838,5.089285714285714,1.3229466164879617,2.875,3.3522643177914877,5.438356164383562,0.9923154541770961,3.1466666666666665,4.148243957137517,11.5,1.2749938792403235,51.75,39.333333333333336,49.6,DDD_2013B
group1,M,East Anglian Region,A Level or Equivalent,60-70%,0-35,180,-51.0,0.6363636363636364,0.8461538461538461,6.368421052631579,6.010895749371725,6.256410256410256,1.038835398002998,10.3125,8.638817434502634,4.764705882352941,0.7072684240692594,12.736842105263158,12.665974126959021,2.65,0.7666509303362281,56.8,15.0,55.8,DDD_2013B
group1,F,South West Region,Lower Than A Level,30-40%,0-35,60,-168.0,0.5384615384615384,1.0,5.512820512820513,4.459595183845579,4.9,1.19243764555033,7.033333333333333,5.950852348879185,8.580645161290322,1.4806017633968915,7.814814814814815,5.751501723878041,4.5,0.6653426004804662,76.2,68.66666666666667,83.6,DDD_2013B
group1,M,South West Region,A Level or Equivalent,0-10%,0-35,90,-28.0,0.8,0.7692307692307693,4.6,4.9651849134236485,5.470588235294118,1.3671286467947084,5.609756097560975,5.986977738310406,12.357142857142858,1.042617122377921,17.727272727272727,15.251825524119461,4.666666666666667,1.0654595635840212,59.4,70.5,39.666666666666664,DDD_2013B
group3,M,London Region,HE Qualification,30-40%,0-35,60,-22.0,0.5384615384615384,1.0,1.471264367816092,0.8094682542022007,18.4,0.8146271154915516,1.4797687861271676,0.8111834261623537,9.373563218390805,1.0832796324860594,1.4883720930232558,0.8128239136112345,5.53757225433526,1.1849682066083977,94.8,94.0,94.2,DDD_2013B
group3,F,Yorkshire Region,Lower Than A Level,50-60%,35-55,60,-204.0,0.5384615384615384,1.0,1.5555555555555556,1.0215078369104986,7.423312883435583,1.0131388745243506,1.8,1.2419525124438,3.879432624113475,1.2092320338550353,1.9426229508196722,1.9340326572912117,7.203252032520325,0.9021243543534954,88.0,89.33333333333333,92.6,DDD_2013B
group3,F,Scotland,A Level or Equivalent,80-90%,0-35,60,-100.0,0.0,1.0,2.574074074074074,3.115243509792272,6.238532110091743,0.9038699955514242,2.929411764705882,2.831742839136845,8.046511627906977,1.4637266045459985,4.545454545454546,4.98448772143315,7.339285714285714,1.2064569564501928,77.5,62.0,71.0,DDD_2013J
group1,M,North Region,Lower Than A Level,30-40%,0-35,60,-36.0,0.6666666666666666,1.0,5.948717948717949,7.7796925860950985,6.425,1.08162108062921,8.884615384615385,11.064635278496704,4.222222222222222,0.8535407758014134,8.923076923076923,14.751062543215188,4.333333333333333,0.6793662204867575,53.5,49.0,56.333333333333336,DDD_2013J
group3,F,South West Region,A Level or Equivalent,60-70%,35-55,120,-38.0,0.0,1.0,1.8092105263157894,1.8004177316293244,6.993464052287582,1.0461096298539456,2.712871287128713,3.4068655202792093,7.3431372549019605,1.1225764069070774,4.543859649122807,5.849512114693829,5.586206896551724,0.9361167588453534,90.5,81.0,83.33333333333333,DDD_2013J
group1,F,East Anglian Region,A Level or Equivalent,40-50%,0-35,60,-67.0,0.3333333333333333,1.0,4.566037735849057,6.01443594759969,7.277777777777778,1.2038097750379881,6.05,8.332666639997864,6.097560975609756,1.084110695455035,5.186046511627907,6.814745266362068,7.568181818181818,1.2091739913598127,45.5,41.0,52.666666666666664,DDD_2013J
group3,M,East Anglian Region,Lower Than A Level,70-80%,0-35,60,-37.0,0.0,1.0,3.7794117647058822,3.8588745874478185,5.797101449275362,0.9368364318278831,5.340425531914893,6.728513614994031,7.25,1.0114289425101135,5.829268292682927,6.6929158033864065,5.285714285714286,0.8008395886502193,84.5,88.0,85.33333333333333,DDD_2013J
group3,F,West Midlands Region,A Level or Equivalent,50-60%,0-35,120,-72.0,0.0,1.0,1.3103448275862069,0.7360863725351967,6.5931372549019605,1.1726062086419282,3.5555555555555554,3.4350672498445527,5.657534246575342,1.1095296542057367,1.593939393939394,1.338441802888397,5.771084337349397,0.9039159705601368,87.0,85.0,96.66666666666667,DDD_2013J
group3,M,South East Region,A Level or Equivalent,30-40%,0-35,60,-88.0,0.0,1.0,1.5303867403314917,1.4664448183128265,6.153846153846154,1.3965119174981235,2.6989247311827955,2.254391589747708,6.542553191489362,1.6361513404744927,2.4607843137254903,2.476309808939607,6.834951456310679,1.2876512513460217,96.0,97.0,97.33333333333333,DDD_2013J
group3,M,Yorkshire Region,A Level or Equivalent,20-30%,0-35,120,-151.0,0.0,1.0,2.5283018867924527,2.1830845245500092,7.813084112149533,0.789787164092852,3.036144578313253,3.514589047664627,6.738095238095238,0.9759113441887105,4.6909090909090905,5.188565516711929,4.303571428571429,1.2176779632775174,89.0,77.0,89.0,DDD_2013J
group3,M,Yorkshire Region,HE Qualification,80-90%,55<=,60,-103.0,0.0,1.0,2.6989247311827955,2.8771398321663555,5.553191489361702,0.8008671039576015,4.428571428571429,5.496634153096513,4.526315789473684,1.0388175385951468,3.78125,4.59630199872594,8.046153846153846,0.8242359453867453,89.5,94.0,92.66666666666667,DDD_2013J
group3,M,North Western Region,Lower Than A Level,30-40%,35-55,60,-121.0,0.0,1.0,1.9928571428571429,1.6728747005133642,3.9078014184397163,0.9813898027328156,5.142857142857143,6.570134448142341,5.5,1.4294424735273425,3.3974358974358974,3.8623717348172764,4.6075949367088604,1.002878961694864,88.0,72.0,97.0,DDD_2013J
group1,F,Yorkshire Region,A Level or Equivalent,60-70%,0-35,60,-95.0,0.0,0.8333333333333334,4.088235294117647,4.84917378442674,5.217391304347826,0.9199939613328388,6.780487804878049,7.285300937922713,4.690476190476191,0.9379881080509002,5.625,7.867587697014426,5.63265306122449,0.906463522963008,90.5,18.0,51.5,DDD_2013J
group3,F,East Midlands Region,Lower Than A Level,20-30%,0-35,60,-29.0,0.0,1.0,1.5766871165644172,1.290495672411188,7.445121951219512,1.0138750503011735,2.623529411764706,2.375351956819769,7.162790697674419,1.2672448510707617,1.976,1.8814201911013584,7.436507936507937,0.857112659753449,85.5,86.0,85.33333333333333,DDD_2013J
group1,F,West Midlands Region,A Level or Equivalent,0-10%,35-55,120,-156.0,0.3333333333333333,1.0,2.9213483146067416,3.3446861488212085,7.177777777777778,0.8458077412027238,4.545454545454546,6.232585165492553,4.75,0.897827479433262,6.121951219512195,14.884883476116332,6.928571428571429,0.9048508676250451,83.0,47.0,64.0,DDD_2013J
group1,F,North Region,A Level or Equivalent,20-30%,0-35,120,-124.0,0.0,1.0,2.2231404958677685,2.1153707449120485,5.434426229508197,1.1481855253064461,5.0754716981132075,5.594808914739879,11.907407407407407,0.9380030659452577,3.4857142857142858,4.564331965796951,4.591549295774648,0.6666117758776793,65.0,28.0,42.333333333333336,DDD_2013J
group3,M,North Western Region,Lower Than A Level,0-10%,0-35,90,-201.0,0.0,1.0,1.927007299270073,1.7766253391006679,3.9420289855072466,1.2564765177349624,3.746268656716418,3.4786939537274164,6.485294117647059,1.2497499505661325,3.9523809523809526,5.314097415027838,4.609375,0.9975955004578532,93.0,85.0,90.33333333333333,DDD_2013J
group3,M,East Anglian Region,A Level or Equivalent,90-100%,0-35,120,-121.0,0.16666666666666666,1.0,3.7846153846153845,4.9607594796950805,5.333333333333333,1.1103848636641918,4.032786885245901,5.253466198979979,5.903225806451613,0.9805660352418778,18.46153846153846,27.55181598556734,7.857142857142857,0.6504925025453934,80.0,63.0,78.0,DDD_2013J
group1,M,North Western Region,Lower Than A Level,90-100%,0-35,210,-134.0,0.0,1.0,1.7215189873417722,1.4925437514376776,4.10062893081761,1.0985236055428949,3.0240963855421685,3.0241947269800757,5.666666666666667,1.1573018204890912,2.9411764705882355,4.329722693134028,3.9651162790697674,0.9432108098754546,80.5,63.0,75.66666666666667,DDD_2013J
group1,F,Wales,A Level or Equivalent,80-90%,0-35,60,-58.0,0.4,0.8333333333333334,3.9545454545454546,6.125437047344378,5.298507462686567,0.9042560654693489,4.767441860465116,8.448266120510638,3.977272727272727,0.950617414835093,5.655172413793103,9.25540715346195,4.0,0.710046946804693,79.0,25.0,51.5,DDD_2013J
group1,M,Scotland,Lower Than A Level,50-60%,0-35,60,-78.0,0.25,0.6666666666666666,6.378378378378378,6.120781319730674,2.710526315789474,1.1846649522583366,24.25,39.60789964496621,7.666666666666667,0.9760845356801585,7.125,9.402697181432266,3.2222222222222223,0.6168463386206317,38.0,16.0,11.0,DDD_2013J
group3,M,South West Region,Lower Than A Level,30-40%,35-55,120,-132.0,0.0,1.0,2.0078125,1.4661325940939198,5.651162790697675,0.9003164736936498,3.155844155844156,3.42231429493081,3.6923076923076925,0.9017087687849683,3.230769230769231,3.3649186205133286,5.746835443037975,0.8454535295979887,79.5,4.0,82.33333333333333,DDD_2013J
group3,M,East Anglian Region,Lower Than A Level,80-90%,35-55,60,-120.0,0.0,1.0,1.0866141732283465,0.4078987328259471,11.72156862745098,0.8602783564116372,1.6578947368421053,1.1854820639493564,6.431372549019608,1.4439894708444303,1.2450980392156863,0.6267639071189983,10.209756097560975,0.9837455130476018,79.0,76.0,81.0,DDD_2013J
group3,M,North Western Region,A Level or Equivalent,30-40%,0-35,90,-186.0,0.16666666666666666,1.0,2.2796610169491527,2.066772508540085,5.2521008403361344,1.0574317566632847,3.7857142857142856,4.155990463027853,11.23943661971831,1.2337842106688421,7.636363636363637,10.88811904617305,4.411764705882353,0.8554141297250901,92.0,92.0,93.66666666666667,DDD_2013J
group1,M,Wales,Lower Than A Level,0-10%,0-35,60,-25.0,0.3333333333333333,1.0,3.656716417910448,4.600896614877036,4.132352941176471,1.0011265042081832,3.888888888888889,4.826376157122012,6.046875,1.027965955776878,16.642857142857142,24.129800097540237,2.933333333333333,0.8843216571974418,43.0,41.0,42.666666666666664,DDD_2013J
group3,M,South East Region,A Level or Equivalent,80-90%,0-35,150,-156.0,0.0,1.0,2.385321100917431,2.0042004819541988,5.609090909090909,1.0705278891577779,4.344827586206897,4.1530023979189306,5.779661016949152,1.2869323630884963,5.083333333333333,5.001418238576247,5.224489795918367,1.3160642638125144,77.0,72.0,69.66666666666667,DDD_2013J
group1,F,East Anglian Region,A Level or Equivalent,80-90%,0-35,120,-203.0,0.16666666666666666,1.0,2.4601769911504423,2.467775886408102,4.640350877192983,1.49715610736437,4.079365079365079,5.140922432924031,5.59375,1.2785243007090288,4.190476190476191,4.369458307229572,7.71875,1.299683425558373,81.5,72.0,65.0,DDD_2013J
group1,M,North Western Region,A Level or Equivalent,0-10%,0-35,165,-81.0,0.3333333333333333,1.0,1.1031746031746033,0.6538804193875267,11.035573122529645,1.1011056264997259,1.5660377358490567,1.2453879568728594,8.4,1.0768052921434816,1.37,1.8493785456269156,8.17412935323383,1.1335532472215035,84.0,65.0,71.33333333333333,DDD_2013J
group3,M,South Region,A Level or Equivalent,90-100%,0-35,70,-49.0,0.0,1.0,2.6435643564356437,3.0152418092612123,3.3137254901960786,1.3228392626679637,4.298245614035087,5.371767839762882,3.8620689655172415,1.0193441518937556,6.641025641025641,11.117760043914515,4.05,0.6783386107563534,92.5,93.0,95.66666666666667,DDD_2013J
group3,M,Ireland,A Level or Equivalent,90-100%,0-35,120,-172.0,0.0,1.0,2.4954954954954953,2.471193579385821,5.205357142857143,1.158685897883136,3.803030303030303,4.605079793745154,6.7164179104477615,1.0766706799604138,4.413793103448276,6.003024041318955,6.5423728813559325,1.085680792851819,76.5,82.0,84.66666666666667,DDD_2013J
group1,M,Wales,Lower Than A Level,60-70%,0-35,60,-156.0,0.2,0.8333333333333334,2.7362637362637363,2.4075583059060057,4.010869565217392,0.7879936810144691,3.903225806451613,4.175296896950416,4.714285714285714,0.8597140537758873,4.067796610169491,4.40166272180639,4.483333333333333,0.7210266937479571,75.5,20.0,61.0,DDD_2013J
group1,M,Yorkshire Region,A Level or Equivalent,20-30%,0-35,60,-151.0,0.3333333333333333,1.0,4.518518518518518,5.702501075713928,7.236363636363636,1.0778455204177917,5.4222222222222225,6.8040392043953934,4.1521739130434785,1.2959463677255945,22.142857142857142,35.937114387165124,7.875,0.6004533434723092,90.0,70.0,77.33333333333333,DDD_2013J
group3,F,Scotland,HE Qualification,50-60%,35-55,60,-186.0,0.0,1.0,1.6646341463414633,1.7523951673024998,8.503030303030304,1.2900308322095417,2.758241758241758,2.697079322941183,6.739130434782608,1.2785104496339093,1.5796178343949046,1.6684377328500588,8.58860759493671,1.1151075254048257,95.0,95.0,89.66666666666667,DDD_2013J
group3,M,Yorkshire Region,A Level or Equivalent,70-80%,35-55,60,-145.0,0.0,1.0,2.4074074074074074,2.304149191354454,5.293577981651376,1.2973124152095064,3.6029411764705883,4.312909140037556,7.536231884057971,0.868383692089154,3.6615384615384614,3.406230151671176,5.333333333333333,0.8581990921797703,69.5,30.0,74.66666666666667,DDD_2013J
group3,F,South West Region,A Level or Equivalent,70-80%,0-35,60,-116.0,0.3333333333333333,1.0,1.3157894736842106,0.7880047062067895,6.79047619047619,1.064894872632789,2.9767441860465116,3.0906947408063696,5.7011494252873565,1.1531482604200924,1.8686131386861313,2.2222720165214565,6.043478260869565,1.003513314878301,84.0,76.0,92.0,DDD_2013J
group3,M,East Anglian Region,HE Qualification,70-80%,0-35,60,-143.0,0.0,1.0,2.0,2.4820523647993085,10.251798561151078,0.9217575247544045,2.4554455445544554,2.0125841720298183,5.137254901960785,1.199955324227122,2.4464285714285716,2.8846886437583814,7.265486725663717,1.1527206371966472,89.0,86.0,77.66666666666667,DDD_2013J
group3,M,East Anglian Region,Lower Than A Level,60-70%,35-55,60,-200.0,0.0,1.0,2.1,1.867006771737662,5.68595041322314,1.2872442932367285,3.8181818181818183,3.866658628719241,3.8059701492537314,1.0830773364466346,3.1710526315789473,3.1385268641821407,4.87012987012987,0.6316679859265028,85.0,83.0,92.66666666666667,DDD_2013J
group1,M,London Region,Lower Than A Level,70-80%,0-35,120,-151.0,0.0,1.0,1.7320261437908497,1.638382289219398,5.5064935064935066,1.0315181439903394,3.125,3.316147681126094,5.617283950617284,1.2972470456144394,2.8777777777777778,3.499045705465824,7.516483516483516,2.161961887697745,80.0,82.0,79.0,DDD_2013J
group3,F,South East Region,A Level or Equivalent,40-50%,0-35,90,-155.0,0.0,1.0,2.4220183486238533,1.8623639795305327,5.872727272727273,1.0175637457054503,3.8461538461538463,3.6921824898644346,5.7272727272727275,1.4729725408696668,3.506849315068493,3.046506595317335,4.864864864864865,0.8820745748266161,89.5,84.0,89.0,DDD_2013J
group3,M,London Region,Lower Than A Level,10-20,0-35,60,-124.0,0.0,1.0,2.022222222222222,2.190436018296073,5.323529411764706,1.0843377171577542,4.032258064516129,4.630503785697635,4.476190476190476,1.1860628708228709,3.445945945945946,4.194392512031193,3.1733333333333333,1.0932931357408888,95.5,59.0,89.33333333333333,DDD_2013J
group1,M,East Midlands Region,Lower Than A Level,60-70%,0-35,60,-157.0,0.5,0.6666666666666666,2.275,2.041430129783999,6.223140495867769,1.8191196085814854,6.3,8.97060727441542,7.439024390243903,1.4680838152795763,3.606060606060606,4.567035018237637,7.313432835820896,1.529417220567668,70.0,41.0,77.5,DDD_2013J
group3,M,Wales,HE Qualification,10-20,0-35,60,-192.0,0.0,1.0,4.305084745762712,6.017945110647262,4.1,1.2694647492364004,5.904761904761905,8.014649768863125,5.093023255813954,0.9256238256710911,2.1769911504424777,3.303758921115395,2.763157894736842,0.6885084166211227,93.0,71.0,92.0,DDD_2013J
group1,F,West Midlands Region,Lower Than A Level,50-60%,0-35,120,-148.0,0.0,1.0,1.9225352112676057,1.5668278640262188,5.265734265734266,1.39515569154221,4.653846153846154,6.243065534654023,6.245283018867925,1.0616229943936912,3.4782608695652173,5.228903539468283,7.8428571428571425,1.058394384055784,71.5,67.0,64.33333333333333,DDD_2013J
group1,F,East Midlands Region,A Level or Equivalent,30-40%,0-35,120,-157.0,0.16666666666666666,1.0,4.518518518518518,4.142466409336446,3.6,1.8422647458873533,4.4363636363636365,4.806491121635085,6.178571428571429,1.0556217432679988,24.4,31.840575092517128,3.8181818181818183,0.8709210075319943,57.5,37.0,35.0,DDD_2013J
group1,F,South Region,Lower Than A Level,90-100%,0-35,60,-151.0,0.0,1.0,3.7096774193548385,3.98516551181139,5.571428571428571,1.0192106109923997,4.666666666666667,4.869939635841249,5.387755102040816,0.6600263302759095,7.884615384615385,11.211875572184784,7.296296296296297,1.0628185847404412,54.0,24.0,31.0,DDD_2013J
group1,F,South West Region,A Level or Equivalent,20-30%,0-35,120,-142.0,0.0,1.0,2.5306122448979593,2.275843931528095,6.161616161616162,1.093878793238644,4.137931034482759,4.092990481650259,6.372881355932203,1.0571264872948436,4.769230769230769,7.588989404459298,5.30188679245283,0.9530326184576937,66.5,40.0,50.333333333333336,DDD_2013J
group3,M,South Region,HE Qualification,40-50%,0-35,60,-36.0,0.0,1.0,5.173913043478261,5.254857426234161,4.191489361702128,0.901640592301097,6.222222222222222,7.414700113812951,7.891891891891892,0.8782761096325918,9.304347826086957,14.322375319150407,9.958333333333334,0.8453850386171944,79.5,56.0,86.0,DDD_2013J
group3,F,West Midlands Region,HE Qualification,70-80%,0-35,60,-163.0,0.0,1.0,3.4743589743589745,4.204896215265269,6.544303797468355,0.7918706338938533,4.648148148148148,5.481211157328544,4.327272727272727,1.3410274553386432,5.76595744680851,7.286714432138887,6.270833333333333,0.8948602270102992,91.0,87.0,95.66666666666667,DDD_2013J
group3,M,West Midlands Region,A Level or Equivalent,0-10%,0-35,60,-81.0,0.0,1.0,2.3947368421052633,2.055075396642976,5.947826086956522,1.011896593014834,3.3466666666666667,3.125714332771005,6.2631578947368425,1.031287948973605,4.048387096774194,3.8429301463850094,10.34920634920635,1.2307075701048575,92.0,84.0,82.33333333333333,DDD_2013J
group1,F,East Anglian Region,A Level or Equivalent,30-40%,0-35,60,-36.0,0.0,1.0,4.655172413793103,4.3510503839229635,4.389830508474576,1.1623224917946824,7.606060606060606,6.0048906835355575,5.647058823529412,0.8248921436230987,6.27906976744186,7.500239937099628,6.318181818181818,0.9434889062328514,60.0,51.0,62.333333333333336,DDD_2013J
group3,F,Ireland,HE Qualification,90-100%,0-35,60,-164.0,0.0,1.0,2.7157894736842105,2.5501904722135693,5.21875,0.8707514769605308,3.185185185185185,3.1902629637347726,6.329268292682927,1.4635442946588053,6.0,7.396910551999781,8.75,0.7553888037944163,88.0,89.0,92.0,DDD_2013J
group3,M,South West Region,A Level or Equivalent,40-50%,0-35,90,-70.0,0.0,1.0,1.8296296296296297,1.4585862135640515,3.1911764705882355,1.2867214395954267,3.236842105263158,3.6692176134343466,8.025974025974026,1.1371548463252046,4.392857142857143,7.861710596714528,3.5789473684210527,0.8454710063666817,87.5,4.0,90.0,DDD_2013J
group3,F,South West Region,A Level or Equivalent,90-100%,0-35,90,-177.0,0.0,1.0,2.1015625,1.8816973563633663,2.75968992248062,0.926617230839316,3.5652173913043477,3.4405807515488416,4.5285714285714285,0.784474786480008,3.684931506849315,5.717606123799556,3.810810810810811,0.7291525198567306,82.5,79.0,71.33333333333333,DDD_2013J
group3,M,Ireland,A Level or Equivalent,80-90%,35-55,75,-88.0,0.0,1.0,1.9097222222222223,1.8279615091525532,4.310344827586207,0.9409169995275884,3.2839506172839505,3.083158153181712,5.2073170731707314,1.2010490179796511,3.269230769230769,3.0860939752340695,4.050632911392405,0.9668933821782006,94.0,90.0,95.33333333333333,DDD_2013J
group1,M,South Region,Lower Than A Level,20-30%,0-35,60,-72.0,0.0,1.0,3.2151898734177213,3.128327504643079,7.1625,0.6834215738173646,3.6307692307692307,3.416729205181245,7.5,1.3718183268514537,15.857142857142858,21.675427927129274,6.866666666666666,1.4590911967281204,59.5,46.0,44.333333333333336,DDD_2013J
group3,F,South East Region,A Level or Equivalent,90-100%,0-35,120,-37.0,0.0,1.0,1.622093023255814,1.2435471960174933,4.236994219653179,1.0678233387990197,4.0,3.6322924423973313,5.671875,1.2135447438570144,2.763440860215054,3.211385484092922,10.819148936170214,1.6736273577604317,83.5,90.0,89.66666666666667,DDD_2013J
group3,M,North Region,A Level or Equivalent,10-20,0-35,120,-156.0,0.0,1.0,1.1872340425531915,0.49683486279390054,7.203389830508475,1.1777569438067947,1.894736842105263,1.8392322092702775,7.91044776119403,1.0605317822155806,1.6560509554140128,1.2284729722467433,8.443037974683545,1.4777331487171042,89.5,94.0,92.66666666666667,DDD_2013J
group3,M,Scotland,HE Qualification,80-90%,35-55,90,-185.0,0.0,1.0,1.8979591836734695,1.524838612064623,6.5,1.2407985336546228,4.716981132075472,5.537902124626693,5.944444444444445,1.0069632662874906,2.3596491228070176,2.07866189507235,7.982608695652174,1.0324912728017,83.0,86.0,85.0,DDD_2013J
group1,M,London Region,HE Qualification,0-10%,0-35,120,-174.0,0.0,1.0,3.185185185185185,2.6462762096534402,3.8048780487804876,1.2144517950059455,5.48936170212766,6.8805723359816,8.458333333333334,1.044973779902786,24.1,23.149034057121643,4.181818181818182,0.7410461108286658,86.5,53.0,64.33333333333333,DDD_2013J
group3,F,London Region,HE Qualification,50-60%,0-35,90,-185.0,0.16666666666666666,1.0,3.141025641025641,2.913133533902452,3.759493670886076,0.9148093001993776,4.88,5.494487032936017,4.705882352941177,1.045526183316324,9.708333333333334,18.078281869755184,3.72,0.8347023094656063,89.5,86.0,88.0,DDD_2013J
group3,M,South Region,HE Qualification,90-100%,35-55,90,-148.0,0.0,1.0,2.7349397590361444,2.82879073254313,6.119047619047619,1.1906551206564564,4.729166666666667,5.514929768783093,6.081632653061225,0.9987154490060819,3.9649122807017543,4.499860760864487,8.155172413793103,0.8868134283806064,75.0,68.0,81.0,DDD_2013J
group1,M,East Midlands Region,A Level or Equivalent,70-80%,35-55,60,-156.0,0.5,1.0,4.607843137254902,4.261823231306288,3.8076923076923075,0.8416632951106376,8.214285714285714,8.121107126025425,7.206896551724138,0.9546623664778049,17.0,25.301515106148617,5.357142857142857,0.8155161964465616,71.5,57.0,52.333333333333336,DDD_2013J
group3,M,East Anglian Region,HE Qualification,60-70%,35-55,60,-177.0,0.0,1.0,1.5657142857142856,1.6099444655844528,5.6647727272727275,1.1250985234657638,3.111111111111111,3.4928498393145966,5.317073170731708,1.1919722784669184,3.223529411764706,4.489077937426718,7.337209302325581,0.8528166534982858,77.0,75.0,82.33333333333333,DDD_2013J
group1,M,London Region,Lower Than A Level,80-90%,0-35,60,-143.0,0.0,1.0,2.5353535353535355,1.996492492271523,3.69,0.9179714283389208,3.038961038961039,3.1011099814232836,6.794871794871795,0.9714691065551699,4.12280701754386,4.8663207553793235,7.137931034482759,0.8911701455595993,88.0,51.0,70.66666666666667,DDD_2013J
group3,M,East Anglian Region,A Level or Equivalent,90-100%,35-55,90,-99.0,0.0,1.0,1.7919463087248322,1.6244548681694395,9.046666666666667,1.0836731444328926,2.1440677966101696,2.310420185001371,8.193277310924369,1.076216618099246,3.7083333333333335,3.872756051782725,10.986301369863014,0.8584387333837598,69.5,76.0,73.66666666666667,DDD_2013J
group1,F,South Region,A Level or Equivalent,60-70%,0-35,60,-81.0,0.0,0.8333333333333334,2.2990654205607477,2.185781468435316,5.638888888888889,0.9789331324945567,3.828125,3.9180278789612335,6.523076923076923,1.1297736031818153,3.236842105263158,3.6106081521081976,7.220779220779221,0.9970681881357715,56.0,56.0,47.5,DDD_2013J
group3,F,South East Region,A Level or Equivalent,70-80%,0-35,90,-151.0,0.0,1.0,1.2672811059907834,0.8726760032937179,5.967889908256881,1.0165137620637257,1.608187134502924,1.307778848932746,4.930232558139535,1.3875342965110102,1.9921259842519685,2.438110324053439,9.8359375,1.357418627985247,85.0,91.0,87.0,DDD_2013J
group1,M,Yorkshire Region,Lower Than A Level,0-10%,0-35,90,-88.0,0.0,1.0,3.7260273972602738,3.9343934799146005,5.621621621621622,1.1211204474508114,5.341463414634147,6.5635727926852505,7.0,1.0821459441818522,6.394736842105263,5.572807888911486,4.641025641025641,0.8201024280112964,76.0,56.0,72.66666666666667,DDD_2013J
group3,F,Scotland,A Level or Equivalent,40-50%,0-35,120,-32.0,0.6,0.8333333333333334,3.1625,4.999857592908731,8.518518518518519,0.9344286488603417,4.464285714285714,6.4072807612314575,6.614035087719298,1.1785668560138534,3.923076923076923,4.871177001979643,8.56060606060606,1.0578223737873391,59.5,70.0,75.5,DDD_2013J
group3,M,East Anglian Region,A Level or Equivalent,70-80%,0-35,90,-116.0,0.6666666666666666,1.0,4.666666666666667,6.3989582485484835,6.826923076923077,1.6150330275948472,6.444444444444445,11.108412370668699,9.243243243243244,0.7555976487831014,12.368421052631579,15.524928077542436,9.6,0.8975274678557507,86.0,20.0,42.666666666666664,DDD_2013J
group3,F,North Western Region,Lower Than A Level,80-90%,0-35,120,-63.0,0.0,1.0,1.2077922077922079,0.551779626875322,5.237068965517241,1.051249851880899,3.032967032967033,2.630802790237862,4.695652173913044,1.0022052159735322,1.436046511627907,0.9312524159171361,10.45086705202312,1.1425197325126726,88.5,81.0,87.66666666666667,DDD_2013J
group3,F,London Region,Lower Than A Level,30-40%,0-35,60,-53.0,0.0,1.0,2.3275862068965516,2.3210786925159543,6.829059829059829,1.0582478899887928,3.550724637681159,6.309507839210641,5.542857142857143,1.216636808071665,3.216867469879518,3.748327083012628,3.869047619047619,0.8161389834070459,85.0,27.0,73.0,DDD_2013J
group3,M,Yorkshire Region,A Level or Equivalent,60-70%,0-35,60,-150.0,0.0,1.0,3.034090909090909,2.7645076618324285,5.348314606741573,0.892572866262166,6.8108108108108105,7.2985456612101,5.0,1.1069160572937484,3.9076923076923076,5.762820156299011,5.121212121212121,0.952681097988818,94.5,90.0,96.33333333333333,DDD_2013J
group1,F,South East Region,A Level or Equivalent,80-90%,0-35,60,-123.0,0.0,1.0,2.8636363636363638,3.1079498294069614,8.932584269662922,1.110377670195119,3.410958904109589,3.57396300592663,7.27027027027027,1.0676590280721074,4.0,4.4576863664837925,9.9375,0.9796594334328753,58.5,27.0,40.0,DDD_2013J
group3,M,London Region,A Level or Equivalent,30-40%,0-35,90,-70.0,0.0,1.0,2.0,1.9299320405546458,4.807142857142857,0.9316043034730846,3.36,3.4743850321101934,7.894736842105263,1.117099418633414,3.7027027027027026,4.816437977085958,5.16,0.9188799072987816,86.0,48.0,93.33333333333333,DDD_2013J
group3,M,North Western Region,HE Qualification,40-50%,0-35,60,-107.0,0.0,1.0,1.8888888888888888,1.689586000978007,7.6482758620689655,0.8617680703305091,2.7472527472527473,2.14783305058536,6.586956521739131,1.3372691314253409,3.1547619047619047,3.2727205720360013,4.988235294117647,1.1250370825738372,84.5,84.0,80.66666666666667,DDD_2013J
group3,M,West Midlands Region,A Level or Equivalent,50-60%,0-35,60,-87.0,0.0,1.0,2.9397590361445785,2.5961951408784762,4.071428571428571,0.9815681032487134,5.545454545454546,5.756511158576526,3.6444444444444444,1.2936892079651408,2.7865168539325844,2.318266937490745,5.377777777777778,1.0130374089945557,81.5,86.0,86.33333333333333,DDD_2013J
group1,F,South Region,HE Qualification,70-80%,0-35,180,-63.0,0.0,1.0,1.2801932367149758,0.9341129229218328,7.735576923076923,1.1297676775615824,1.9307692307692308,2.6153644462374297,6.893129770992366,1.1214690210727154,2.100840336134454,1.9846656123728952,11.975,0.8822091814021397,60.5,20.0,54.333333333333336,DDD_2013J
group3,M,East Anglian Region,A Level or Equivalent,60-70%,0-35,60,-42.0,0.8333333333333334,1.0,2.5137614678899083,3.1464697410692652,6.1,0.9726036353378895,2.895348837209302,3.2900172349537544,3.310344827586207,0.9826695617513512,6.416666666666667,16.165881178757758,8.486486486486486,1.3386559212296574,72.5,81.0,73.0,DDD_2013J
group3,M,East Anglian Region,Lower Than A Level,40-50%,35-55,90,-151.0,0.0,1.0,1.8116883116883118,1.579151259253227,6.006451612903226,1.3797133591196238,3.2564102564102564,2.8804576540953173,5.632911392405063,1.0849023013196444,2.6736842105263157,2.8450857417553395,4.958333333333333,0.8561124140577853,88.5,83.0,85.0,DDD_2013J
group1,M,London Region,Lower Than A Level,40-50%,0-35,120,-37.0,0.16666666666666666,1.0,3.189873417721519,3.1666367719253756,3.55,0.8839641287049693,5.229166666666667,7.866545332036986,9.224489795918368,1.2701504508325066,11.55,12.093821824212124,3.7142857142857144,0.670599837467796,72.5,12.0,59.666666666666664,DDD_2013J
group1,M,South East Region,Lower Than A Level,80-90%,0-35,60,-145.0,0.2,0.8333333333333334,6.5,6.282491302795171,3.6,1.2930420225026222,8.380952380952381,9.394020387864774,4.7727272727272725,1.3650978219497911,21.625,38.744354427451746,4.222222222222222,0.9392930682934076,73.0,78.0,80.0,DDD_2013J
group3,M,Wales,A Level or Equivalent,30-40%,0-35,60,-103.0,0.0,1.0,2.0725806451612905,1.8086215705098183,5.056,1.5347497704431625,4.226415094339623,3.226342948972283,6.0,1.0398440845456636,3.4246575342465753,4.60651051417441,6.027027027027027,1.082167867351807,90.0,85.0,92.33333333333333,DDD_2013J
group1,F,North Western Region,A Level or Equivalent,30-40%,0-35,60,-72.0,0.0,1.0,4.888888888888889,4.823944470199915,5.581818181818182,1.134962989807728,5.666666666666667,5.564112651042926,12.023255813953488,0.8711151207070522,8.206896551724139,10.781529544102026,11.166666666666666,1.2811674615764959,60.5,23.0,68.33333333333333,DDD_2013J
group1,F,South West Region,Lower Than A Level,30-40%,0-35,60,-116.0,0.0,1.0,3.1325301204819276,2.6354574941269653,8.023809523809524,1.1870140928633939,3.6307692307692307,3.6036840124431646,6.893939393939394,1.0790492579352426,4.406779661016949,4.526240138949905,6.583333333333333,1.001569030248134,76.0,56.0,69.0,DDD_2013J
group3,F,Scotland,Lower Than A Level,40-50%,35-55,60,-79.0,0.0,1.0,1.8911564625850341,1.2720884117884963,7.02027027027027,1.128005646672047,4.08955223880597,4.187757566148716,6.838235294117647,1.5691366570625402,2.0403225806451615,1.5376002501437314,11.56,1.0946185074480235,78.5,74.0,82.33333333333333,DDD_2013J
group1,M,South East Region,A Level or Equivalent,30-40%,0-35,120,-131.0,0.16666666666666666,1.0,3.432098765432099,2.8676570210057295,4.426829268292683,0.9840419360091482,4.083333333333333,6.413152974430465,8.557377049180328,0.9759930083176337,7.9411764705882355,11.824323099264213,4.742857142857143,1.1519105665193015,87.5,60.0,73.66666666666667,DDD_2013J
group1,F,East Anglian Region,A Level or Equivalent,40-50%,0-35,120,-145.0,0.16666666666666666,1.0,2.6931818181818183,2.671079486225482,3.337078651685393,1.1461073720096662,6.361111111111111,8.092863797472713,11.837837837837839,0.9221426988623374,3.703125,4.0421575548724835,5.476923076923077,0.8853173269214291,85.5,82.0,88.33333333333333,DDD_2013J
group1,F,South Region,A Level or Equivalent,60-70%,0-35,120,-95.0,0.3333333333333333,1.0,3.442857142857143,4.196740330254652,5.154929577464789,0.984130097462942,3.757142857142857,4.087576491455416,4.408450704225352,1.2578449638111722,3.63768115942029,4.221691236559786,5.985714285714286,1.381548268075352,84.0,58.0,86.0,DDD_2013J
group1,M,West Midlands Region,A Level or Equivalent,90-100%,0-35,60,-25.0,0.6666666666666666,1.0,3.0217391304347827,3.1517595325436,6.440860215053763,1.4982931157287949,4.551724137931035,4.554436486771851,7.47457627118644,1.2050527533079831,4.0,5.669032636568849,4.633333333333334,1.0176487227592808,89.5,56.0,74.66666666666667,DDD_2013J
group1,F,South Region,A Level or Equivalent,90-100%,35-55,60,-107.0,0.16666666666666666,1.0,1.6794871794871795,1.2950883865075897,6.210191082802548,1.1265246225364105,4.421052631578948,4.996239187132417,8.10344827586207,1.1713186264126676,2.3545454545454545,1.870026068779505,11.567567567567568,1.354980385894322,88.0,81.0,83.66666666666667,DDD_2013J
group1,M,London Region,A Level or Equivalent,30-40%,0-35,60,-102.0,0.16666666666666666,1.0,3.090909090909091,2.727621015726643,7.101123595505618,1.422873986461606,4.890909090909091,4.987661543926941,9.089285714285714,1.191546798991316,5.36734693877551,7.796083091182767,5.3,0.8209173553889468,94.5,0.0,60.666666666666664,DDD_2013J
group1,F,North Western Region,Lower Than A Level,70-80%,35-55,60,-116.0,0.0,1.0,3.3095238095238093,4.354685028589491,6.529411764705882,1.108789067848689,4.666666666666667,5.372887913245714,8.672727272727272,0.8063951587117894,6.619047619047619,12.068811611131983,5.953488372093023,0.9726640938438742,73.5,26.0,61.666666666666664,DDD_2013J
group3,F,North Region,A Level or Equivalent,0-10%,35-55,60,-136.0,0.0,1.0,2.6634615384615383,2.4360184645587966,5.857142857142857,0.767317745077983,3.1948051948051948,2.7958567138147807,5.82051282051282,1.3195946820081166,5.645833333333333,5.632313999850133,4.73469387755102,1.142395890655652,85.5,82.0,89.33333333333333,DDD_2013J
group3,M,East Midlands Region,A Level or Equivalent,90-100%,0-35,60,-29.0,0.0,1.0,1.1504424778761062,0.456483933037017,3.8854625550660793,1.126782217275284,3.876923076923077,5.63612148419597,6.196969696969697,1.4669784025386552,1.9166666666666667,1.627408794296474,4.5041322314049586,0.994996319229302,78.5,82.0,84.33333333333333,DDD_2013J
group1,M,London Region,HE Qualification,0-10%,0-35,60,-79.0,0.16666666666666666,1.0,9.875,13.280624985293427,3.04,0.72356458341408,12.105263157894736,14.597925030793876,3.75,1.0044346115546243,42.6,67.28149819972798,3.0,0.5443310539518174,58.0,28.0,67.0,DDD_2013J
group1,M,South East Region,HE Qualification,40-50%,0-35,60,-120.0,0.4,0.8333333333333334,3.1704545454545454,2.9525815352074636,5.550561797752809,1.3765866856037536,4.043478260869565,4.198861129235961,8.057142857142857,1.0880574528364781,10.235294117647058,12.173379829389544,4.333333333333333,1.138357583611442,78.5,21.0,51.0,DDD_2013J
group3,M,Yorkshire Region,Lower Than A Level,0-10%,0-35,60,-121.0,0.0,1.0,1.6325301204819278,1.4905446174680637,5.461077844311378,1.416518140332065,2.8588235294117648,3.609356034030469,4.930232558139535,1.0479238318802422,2.2710280373831777,2.3972078626899127,8.564814814814815,1.0795204952360886,73.5,71.0,68.33333333333333,DDD_2013J
group1,F,North Western Region,Lower Than A Level,0-10%,0-35,60,-102.0,0.0,1.0,3.0843373493975905,3.6499409259406246,8.30952380952381,1.3934489535116839,4.730769230769231,6.110471194614304,10.150943396226415,0.9501977996936138,5.641025641025641,9.418590741292286,7.875,1.0313063776323819,89.0,94.0,76.66666666666667,DDD_2013J
group1,M,South West Region,A Level or Equivalent,70-80%,0-35,60,-124.0,0.0,1.0,3.6142857142857143,4.492482794214654,3.8028169014084505,1.4380199006160872,4.189655172413793,5.269764456108785,7.1525423728813555,0.9733482633236399,6.657894736842105,10.172236501776768,5.794871794871795,0.8818085630803559,74.0,52.0,88.33333333333333,DDD_2013J
group3,M,Scotland,A Level or Equivalent,70-80%,0-35,120,-108.0,0.2,0.8333333333333334,1.9834710743801653,2.05743963489568,3.30327868852459,1.18577453187716,8.107142857142858,9.795461102013432,8.551724137931034,0.9443062850800177,3.16,4.460153918080963,4.565789473684211,0.8158979359081215,81.0,76.0,91.5,DDD_2013J
group3,M,Yorkshire Region,A Level or Equivalent,30-40%,0-35,60,-116.0,0.0,1.0,6.2439024390243905,8.114124992273899,5.928571428571429,1.0484697044500897,9.625,13.06110222394526,5.76,1.0197698542100349,10.26086956521739,11.955285599053695,6.708333333333333,1.0641076739582973,81.0,90.0,88.66666666666667,DDD_2013J
group3,M,South West Region,A Level or Equivalent,30-40%,35-55,60,-124.0,0.0,1.0,1.6024844720496894,1.251396735180285,7.555555555555555,0.9129498938334563,3.072289156626506,3.856521662068416,5.464285714285714,1.2864642419891867,1.937984496124031,2.374183866301798,6.7846153846153845,0.8441315294956415,90.5,83.0,90.33333333333333,DDD_2013J
group1,F,Scotland,HE Qualification,80-90%,0-35,60,-99.0,0.0,1.0,1.2798165137614679,0.88492545094785,5.292237442922374,0.8284063061248145,2.3679245283018866,2.7196830056814774,3.9158878504672896,0.9145203553573595,2.2605042016806722,3.0125786715206035,5.591666666666667,0.996660654248538,90.0,81.0,83.33333333333333,DDD_2013J
group1,M,North Region,Lower Than A Level,60-70%,0-35,90,-114.0,0.0,1.0,2.7333333333333334,2.851374594586212,6.637362637362638,0.897192136668371,3.23943661971831,4.100399941233588,5.222222222222222,0.9986976580641037,8.107142857142858,9.358455419068246,5.344827586206897,1.1142441664352403,83.5,68.0,75.33333333333333,DDD_2013J
group3,M,North Region,A Level or Equivalent,30-40%,0-35,60,-79.0,0.0,1.0,2.3545454545454545,2.1697941543443373,5.558558558558558,1.0008362912411048,2.5142857142857142,2.579930998310605,7.066037735849057,1.0246445843552876,7.294117647058823,9.693888770812839,3.9714285714285715,0.909837317268996,77.5,71.0,89.0,DDD_2013J
group3,M,Scotland,HE Qualification,90-100%,0-35,60,-53.0,0.16666666666666666,1.0,3.125,3.5648749393679062,3.561797752808989,0.954142652695978,6.351351351351352,6.783215462596778,3.8421052631578947,1.0160099529199265,2.272727272727273,2.866472861665825,5.475409836065574,1.0379467025033706,86.5,64.0,86.0,DDD_2013J
group3,F,Yorkshire Region,A Level or Equivalent,80-90%,35-55,60,-123.0,0.0,1.0,1.0689655172413792,0.5216785802714717,13.511450381679388,0.855808385443097,1.116,0.7542010853270059,16.00796812749004,1.6747778652941114,1.4162162162162162,1.287378848988347,10.365591397849462,1.0944696246277443,93.5,97.0,94.33333333333333,DDD_2013J
group1,M,Yorkshire Region,A Level or Equivalent,40-50%,0-35,60,-122.0,0.16666666666666666,1.0,4.344827586206897,5.853629026234026,4.47457627118644,0.8605073566957209,7.903225806451613,8.178650413157733,4.3125,1.3058767206983346,6.0,9.532997890511032,4.953488372093023,0.9908661752693273,61.5,50.0,49.666666666666664,DDD_2013J
group3,M,East Midlands Region,A Level or Equivalent,20-30%,35-55,60,-39.0,0.0,1.0,4.833333333333333,5.445267982039672,3.890909090909091,0.9216867727804959,4.454545454545454,5.356955263670746,12.589285714285714,0.771264775323133,3.857142857142857,4.9476522384673585,5.6875,0.833355472072387,82.5,62.0,76.33333333333333,DDD_2013J
group3,F,Wales,A Level or Equivalent,60-70%,0-35,150,-36.0,0.0,1.0,2.5980392156862746,2.230569806532232,10.592233009708737,1.1649483897988604,3.7183098591549295,3.9503457302279226,7.833333333333333,1.0199459416346284,4.103448275862069,3.7495714617007216,5.8474576271186445,0.8736041466241731,90.5,91.0,92.33333333333333,DDD_2013J
group3,M,East Anglian Region,A Level or Equivalent,80-90%,0-35,120,-45.0,0.0,1.0,2.2857142857142856,1.8046214549432926,3.825,1.0010389465325382,3.2051282051282053,3.0295470252424175,6.924050632911392,0.9242722087868293,4.785714285714286,5.4563200576422,5.175438596491228,1.0942906336103035,85.5,66.0,83.0,DDD_2013J
group1,F,Wales,A Level or Equivalent,50-60%,0-35,120,-56.0,0.0,1.0,4.327586206896552,3.9085508196749665,5.0,1.1241569345777849,6.513513513513513,8.497128997561543,9.894736842105264,0.974290376809266,19.307692307692307,28.199836333403944,6.214285714285714,0.91874966015598,85.5,21.0,65.0,DDD_2013J
group1,M,West Midlands Region,A Level or Equivalent,10-20,0-35,60,-96.0,0.8,0.8333333333333334,5.775,5.530741592598824,3.341463414634146,1.1798203807588967,5.775,5.885608262141189,4.7560975609756095,0.7781364815750015,47.0,60.8276253029822,3.75,0.6359594676112971,61.5,20.0,59.0,DDD_2013J
group1,M,South Region,Lower Than A Level,80-90%,0-35,60,-29.0,0.0,1.0,3.0,3.00648649405931,6.227848101265823,1.0333522031373101,3.2054794520547945,3.9684831418929556,5.5675675675675675,1.505660604571915,6.6,7.3851998260431815,5.916666666666667,0.8566113351850687,67.5,69.0,66.33333333333333,DDD_2013J
group3,M,South East Region,No Formal quals,20-30%,0-35,60,-29.0,0.16666666666666666,1.0,1.5421686746987953,1.2820552138564134,3.9760479041916166,1.1016151920495347,2.9878048780487805,4.531083053803995,6.975903614457831,0.9464373508264127,2.6881720430107525,3.532392016945999,4.138297872340425,0.9540323378727616,70.5,54.0,66.33333333333333,DDD_2013J
group1,M,North Western Region,Lower Than A Level,20-30%,0-35,120,-50.0,0.16666666666666666,1.0,3.77027027027027,4.153055641191201,2.7333333333333334,1.0507638648067326,9.142857142857142,8.813769890491791,3.3793103448275863,1.0024958441481742,27.333333333333332,58.208819492123936,2.2857142857142856,0.7654655446197431,49.0,44.0,47.333333333333336,DDD_2013J
group3,F,South Region,A Level or Equivalent,90-100%,0-35,60,-87.0,0.16666666666666666,1.0,3.8548387096774195,4.895118927852648,5.650793650793651,0.9279701748294816,4.192982456140351,5.66454700146707,6.896551724137931,1.1188610280101816,11.380952380952381,15.612418744307975,7.7727272727272725,0.6570820191299483,80.5,90.0,86.66666666666667,DDD_2013J
group3,M,South Region,Lower Than A Level,90-100%,35-55,60,-96.0,0.0,1.0,1.3676470588235294,0.7605626339356216,9.234146341463415,0.7871469233562025,2.0161290322580645,1.4760079701447288,5.296,1.5001574382743625,2.0916030534351147,1.915324361681891,8.924242424242424,0.8643033119090178,91.0,90.0,90.66666666666667,DDD_2013J
group1,F,North Western Region,A Level or Equivalent,80-90%,35-55,120,-56.0,0.0,1.0,2.642105263157895,2.9496331884233675,6.083333333333333,0.9349252345617292,4.116666666666666,4.20287095849793,4.836065573770492,1.0637588441386487,5.767441860465116,6.910437961802441,4.795454545454546,0.7682258330543755,62.5,51.0,55.666666666666664,DDD_2013J
group3,M,London Region,HE Qualification,20-30%,0-35,60,-38.0,0.0,1.0,2.7731958762886597,2.9315281660451684,6.63265306122449,0.9906258854736304,4.4035087719298245,7.566041730566365,9.293103448275861,1.0886112257449128,4.254237288135593,8.25789741198457,3.9833333333333334,0.8482380041590479,86.0,80.0,90.0,DDD_2013J
group3,M,South East Region,Lower Than A Level,50-60%,0-35,60,-63.0,0.5,1.0,3.023529411764706,3.677397082138382,2.546511627906977,1.0068156632983047,3.515151515151515,4.493559234290185,5.850746268656716,0.7512830895983006,16.0625,16.995955401212374,6.882352941176471,1.392664165538489,67.5,72.0,73.0,DDD_2013J
group3,M,Wales,A Level or Equivalent,40-50%,0-35,60,-44.0,0.75,0.6666666666666666,6.842105263157895,15.177377040399902,5.358974358974359,1.0449480340454504,10.6,18.36209864548894,10.23076923076923,1.7538148014038946,18.846153846153847,53.61257028260902,1.7857142857142858,0.641248781675256,87.5,90.0,60.0,DDD_2013J
group1,F,South East Region,A Level or Equivalent,60-70%,35-55,60,-98.0,0.0,1.0,1.875,1.527715969647527,9.655172413793103,1.135179568641554,2.8505747126436782,2.851065633628958,7.125,1.2080505390154288,2.3904761904761904,2.305908956835919,8.075471698113208,0.9835754853774106,77.5,70.0,77.66666666666667,DDD_2013J
group1,M,East Midlands Region,Lower Than A Level,60-70%,0-35,60,-49.0,0.0,1.0,4.269230769230769,6.132892304951452,4.150943396226415,0.8908858995126218,5.842105263157895,8.231535654533936,7.256410256410256,0.702496249213882,6.903225806451613,8.009805818327422,6.375,0.8705087404087495,74.0,35.0,62.0,DDD_2013J
group3,F,East Anglian Region,A Level or Equivalent,80-90%,35-55,60,-29.0,0.16666666666666666,1.0,2.0952380952380953,2.217849666424021,8.15748031496063,1.0832507186141467,3.7611940298507465,3.7135687003319364,5.4411764705882355,1.0469615852520213,3.037037037037037,4.884783629917615,3.268292682926829,1.093888325435031,81.0,87.0,84.33333333333333,DDD_2013J
group1,M,South Region,A Level or Equivalent,70-80%,0-35,120,-98.0,0.3333333333333333,1.0,2.9213483146067416,3.3139674077412096,3.488888888888889,1.3343302965372599,5.466666666666667,5.987107360441646,4.978260869565218,1.0433391891801926,6.7631578947368425,8.155363715110859,4.769230769230769,0.9370583709488877,63.0,30.0,49.666666666666664,DDD_2013J
group3,F,London Region,A Level or Equivalent,50-60%,0-35,90,-58.0,0.0,1.0,2.5544554455445545,1.9051259670937903,5.990196078431373,1.0723778442699998,3.8253968253968256,3.265359153983814,6.375,1.5616265340205437,10.043478260869565,14.046928686855244,5.125,0.7871917370340279,92.5,72.0,85.0,DDD_2013J
group3,M,South Region,Lower Than A Level,50-60%,35-55,60,-91.0,0.0,1.0,2.1968503937007875,1.9721850346186218,8.4765625,1.0655298702095883,3.402439024390244,3.35128409551155,9.168674698795181,1.0491190656478901,3.289156626506024,4.304082351652105,8.571428571428571,1.3361948460709863,91.5,84.0,93.66666666666667,DDD_2013J
group1,F,Scotland,A Level or Equivalent,40-50%,0-35,90,-29.0,0.6666666666666666,1.0,8.4,7.902858496379211,3.0,1.0300154851464987,9.857142857142858,10.560984401768216,5.0344827586206895,1.1181388847475688,28.75,29.05044873024462,5.111111111111111,1.2181674544453827,56.5,17.0,49.0,DDD_2013J
group3,M,North Western Region,A Level or Equivalent,0-10%,0-35,120,-92.0,0.0,1.0,1.275,0.801615830493942,4.437810945273632,1.0992711275222222,2.3980582524271843,3.141561388443285,5.548076923076923,1.0365849596937622,2.292452830188679,3.39458106295783,5.766355140186916,0.8907880546933726,95.0,93.0,93.0,DDD_2013J
group1,M,East Anglian Region,A Level or Equivalent,50-60%,0-35,60,-70.0,0.0,1.0,1.550561797752809,1.1350724704214328,8.949720670391061,1.0465236842409902,1.903448275862069,1.7172496499208423,6.623287671232877,1.8031628853616235,1.8551724137931034,2.0882585459634235,9.561643835616438,1.011763634130686,79.0,49.0,77.66666666666667,DDD_2013J
group1,F,Wales,A Level or Equivalent,10-20,0-35,60,-56.0,0.0,1.0,2.9148936170212765,2.6300969950963276,6.2631578947368425,1.2604369729971032,5.627906976744186,6.410643143628427,5.113636363636363,1.4859274029755225,6.372093023255814,10.019084778594523,4.636363636363637,1.5969863005476503,49.0,30.0,47.666666666666664,DDD_2013J
group1,F,Wales,HE Qualification,40-50%,0-35,120,-38.0,0.0,1.0,5.434782608695652,8.413354923144627,5.25531914893617,0.9801083453715298,8.923076923076923,11.540963831233775,7.555555555555555,0.9498679565855968,8.241379310344827,11.070085728193645,6.433333333333334,0.9007351408307293,79.0,62.0,75.33333333333333,DDD_2013J
group1,M,East Anglian Region,A Level or Equivalent,50-60%,35-55,60,-57.0,0.0,1.0,3.0795454545454546,2.4923865261253684,6.617977528089888,1.0776692593733013,3.4705882352941178,3.239083103334536,5.27536231884058,1.1914274869195223,8.862068965517242,9.731114082199847,8.133333333333333,1.01026044946796,67.0,33.0,58.666666666666664,DDD_2013J
group1,M,West Midlands Region,A Level or Equivalent,40-50%,0-35,60,-65.0,0.3333333333333333,1.0,3.3544303797468356,3.1624316134636765,5.1125,1.2859775738909491,3.9454545454545453,4.147369455531229,7.732142857142857,1.0237565566151863,5.627906976744186,6.0119850767087915,6.204545454545454,1.3208518969440604,72.5,57.0,64.66666666666667,DDD_2013J
group3,M,East Anglian Region,A Level or Equivalent,90-100%,0-35,60,-80.0,0.0,1.0,1.9416058394160585,2.0642846053125417,4.717391304347826,1.104732387016833,4.1525423728813555,6.35667870153533,5.633333333333334,0.8363733167184346,2.216666666666667,2.7199336785455404,4.644628099173554,0.7886999385796785,89.5,4.0,95.66666666666667,DDD_2013J
group3,M,South West Region,A Level or Equivalent,50-60%,0-35,90,-73.0,0.16666666666666666,1.0,3.011904761904762,2.599787051608649,8.51764705882353,1.4957766414332574,5.1020408163265305,5.201141292860569,6.66,1.6452537838176575,4.865384615384615,4.71970772671794,8.415094339622641,0.7220775347124849,92.5,68.0,86.33333333333333,DDD_2013J
group1,F,Yorkshire Region,A Level or Equivalent,20-30%,0-35,120,-74.0,0.0,0.6666666666666666,5.456521739130435,8.104063512252852,7.595744680851064,0.8373523123097715,7.258064516129032,9.956464372240728,5.625,0.9181301448939376,8.571428571428571,13.337300996963288,7.517241379310345,0.9754369012848462,82.5,45.0,84.0,DDD_2013J
group3,M,North Western Region,A Level or Equivalent,0-10%,35-55,60,-73.0,0.0,1.0,1.6545454545454545,1.2622789372002277,10.891566265060241,1.2507183306824077,2.8222222222222224,2.353948524910346,7.1098901098901095,1.1116750849601427,1.430939226519337,1.3131529917033267,24.335164835164836,1.0788974190646354,86.0,85.0,82.33333333333333,DDD_2013J
group1,M,North Western Region,A Level or Equivalent,10-20,0-35,90,-52.0,0.0,1.0,2.9368421052631577,2.676972433734468,2.7395833333333335,0.9235004909370523,4.754716981132075,5.0493931866091915,5.111111111111111,0.7850204384899041,5.229166666666667,7.34626720477629,4.285714285714286,0.7999999999999998,82.5,75.0,80.66666666666667,DDD_2013J
group3,M,Scotland,HE Qualification,20-30%,0-35,60,-43.0,0.0,1.0,2.9080459770114944,2.7349256352631737,7.761363636363637,0.896868253834381,3.2025316455696204,3.1353229369328948,7.8125,1.2441530452480516,3.5652173913043477,3.4363038490829805,11.528571428571428,1.284045101050048,91.0,95.0,91.0,DDD_2013J
group1,F,West Midlands Region,A Level or Equivalent,80-90%,0-35,60,-81.0,0.0,1.0,3.1358024691358026,3.6081611882638818,5.7560975609756095,0.8137579206752148,4.648148148148148,5.763114355275076,5.6909090909090905,1.4443085586846494,6.8108108108108105,11.192353138137161,6.2894736842105265,1.176833564482983,67.0,67.0,76.66666666666667,DDD_2013J
group3,M,Wales,A Level or Equivalent,70-80%,0-35,60,-58.0,0.0,1.0,2.77,2.4156685504130206,4.841584158415841,1.0534655212327602,4.47457627118644,4.7754975628232375,6.316666666666666,1.5499135309017713,3.984848484848485,4.047762626980772,3.985074626865672,0.64959413046308,83.5,87.0,92.0,DDD_2013J
group3,M,East Anglian Region,HE Qualification,90-100%,55<=,90,-53.0,0.0,1.0,3.123456790123457,3.8157001849247227,5.134146341463414,0.9685183957669825,4.62962962962963,5.114892412215479,4.181818181818182,1.1617729752945558,6.621621621621622,11.407481344741733,4.894736842105263,0.8939617071323238,87.0,79.0,83.33333333333333,DDD_2013J
group3,M,South East Region,HE Qualification,40-50%,0-35,60,-78.0,0.0,1.0,2.3846153846153846,2.148961873854098,4.805084745762712,1.5344047111680559,3.328767123287671,3.666874215794655,5.608108108108108,1.326240630904178,3.5135135135135136,3.472961088033232,5.826666666666667,1.0457841157417695,79.0,75.0,84.0,DDD_2013J
group3,F,North Western Region,A Level or Equivalent,0-10%,0-35,120,-73.0,0.0,1.0,1.5178571428571428,0.9786536901978636,8.100591715976332,1.048319045124792,1.9763779527559056,1.7748890728993072,7.515625,1.0093571151745815,3.3289473684210527,4.334014791221452,5.298701298701299,1.0732383883443934,83.0,51.0,93.33333333333333,DDD_2013J
group3,F,North Western Region,HE Qualification,50-60%,0-35,60,-74.0,0.0,1.0,3.5789473684210527,2.6796176736976824,7.87012987012987,0.840933547775722,4.464285714285714,3.5056540601734207,5.0,1.022552705286001,7.6875,11.588196163449282,5.848484848484849,0.7169756401479754,87.5,87.0,90.33333333333333,DDD_2013J
group3,M,London Region,HE Qualification,50-60%,35-55,60,-59.0,0.0,1.0,1.4427083333333333,1.147201903624154,5.357512953367876,0.925434389498453,2.0072463768115942,2.1998552600416152,5.345323741007194,1.1145327325823529,2.279279279279279,2.860931733706762,4.446428571428571,0.9015236856159247,81.5,85.0,86.0,DDD_2013J
group3,M,South Region,Lower Than A Level,90-100%,35-55,60,-55.0,0.0,1.0,3.1547619047619047,3.224507238413253,7.035294117647059,1.1780767330630308,5.604651162790698,7.743321346208832,8.022727272727273,0.770887064854005,4.266666666666667,6.150283627652061,22.442622950819672,1.188095688261915,70.5,80.0,77.0,DDD_2013J
group1,M,North Western Region,Lower Than A Level,20-30%,0-35,120,-63.0,0.16666666666666666,1.0,4.295081967213115,5.502557775844132,4.709677419354839,0.9266087985988655,5.0,6.434613843825357,5.979591836734694,1.0644087662809991,10.333333333333334,12.027745701779144,4.88,1.579140428655966,52.5,24.0,43.333333333333336,DDD_2013J
group3,F,London Region,Lower Than A Level,20-30%,0-35,90,-29.0,0.0,1.0,1.098814229249012,0.42969925007033777,7.511811023622047,1.3336839293551945,2.673076923076923,4.496907907872861,8.019047619047619,1.2347352203031796,1.6815286624203822,1.5360547890222953,10.962025316455696,1.3080184912782822,90.0,86.0,91.0,DDD_2013J
group1,F,North Region,Lower Than A Level,60-70%,35-55,120,-38.0,0.0,1.0,2.0145985401459856,2.695272008154099,6.942028985507246,1.0378575883308714,2.358490566037736,2.593723850797511,7.850467289719626,1.1754660869382623,3.010989010989011,3.9707108389486847,9.326086956521738,0.7624943431630593,73.0,38.0,74.66666666666667,DDD_2013J
group3,M,East Midlands Region,HE Qualification,70-80%,0-35,60,-73.0,0.0,1.0,1.9538461538461538,1.219108445752252,5.473282442748092,0.7934556839366759,3.3866666666666667,2.725720005714004,3.5657894736842106,1.9468678049127952,3.550724637681159,3.521097054495682,4.185714285714286,0.8079515487536563,91.0,49.0,91.0,DDD_2013J
group3,M,South East Region,A Level or Equivalent,70-80%,0-35,60,-74.0,0.0,1.0,1.3285714285714285,0.8867136557613955,7.796208530805687,0.8764814919915398,1.603448275862069,1.106047305415921,4.628571428571429,1.0071380661487936,1.885135135135135,1.977848926529044,4.248322147651007,1.2588864882445656,95.5,84.0,90.0,DDD_2013J
group1,M,South East Region,Lower Than A Level,60-70%,0-35,90,-66.0,0.0,1.0,1.590643274853801,1.161502650574996,7.906976744186046,1.0541892045039798,2.4174757281553396,2.8337056451277065,4.596153846153846,0.8542023153564394,2.6559139784946235,2.9543432421639615,5.01063829787234,1.1536557962277048,80.5,59.0,67.33333333333333,DDD_2013J
group3,F,South Region,A Level or Equivalent,80-90%,35-55,60,-53.0,0.0,1.0,1.0451127819548873,0.34454589538214553,26.726591760299627,1.0650850745673222,1.224669603524229,0.8863314323966328,13.785087719298245,0.8572604198315165,1.1716738197424892,0.7688242456726071,24.153846153846153,1.1343581671051552,91.5,93.0,89.66666666666667,DDD_2013J
group1,M,Wales,HE Qualification,30-40%,35-55,60,-53.0,0.6666666666666666,1.0,3.0843373493975905,3.3539376904094365,5.559523809523809,1.3426977968749116,4.19672131147541,3.75863304997596,5.354838709677419,1.0511141950096532,6.852941176470588,8.25404346436257,5.114285714285714,1.1399112451261644,77.5,37.0,68.66666666666667,DDD_2013J
group1,M,West Midlands Region,A Level or Equivalent,50-60%,0-35,120,-72.0,0.0,1.0,3.875,4.9777281743560255,3.3692307692307693,0.917501482172074,5.868421052631579,6.6461574048735566,3.9743589743589745,0.6228396586398539,10.409090909090908,14.773396588234093,4.0,0.9640268803757271,76.5,69.0,80.33333333333333,DDD_2013J
group3,M,South Region,Lower Than A Level,60-70%,0-35,120,-70.0,0.16666666666666666,1.0,1.8299319727891157,1.9667585099438345,6.601351351351352,0.914472856905092,2.7888888888888888,3.0482798407488123,4.923076923076923,0.9974856783791077,3.842857142857143,5.282280234146016,5.197183098591549,1.070388663487822,92.5,92.0,85.0,DDD_2013J
group3,M,South Region,HE Qualification,80-90%,0-35,60,-66.0,0.0,1.0,3.3333333333333335,3.228776858192588,7.817073170731708,1.3163312529394082,5.613636363636363,6.236486447794997,9.71111111111111,1.324181772803918,5.1923076923076925,6.119843845048893,7.69811320754717,0.9749049875333576,84.5,85.0,87.33333333333333,DDD_2013J
group3,F,Ireland,Lower Than A Level,80-90%,0-35,60,-49.0,0.0,1.0,1.2714285714285714,0.6168626107323092,6.369668246445498,1.4088965553275887,3.0123456790123457,3.1721200606238638,5.585365853658536,1.0723969776816322,1.7482517482517483,1.654990453436282,10.61111111111111,1.7307129893630897,87.0,65.0,87.0,DDD_2013J
group3,M,West Midlands Region,A Level or Equivalent,40-50%,35-55,60,-37.0,0.0,1.0,4.074626865671642,4.665519662620403,6.0,1.3406661108997395,4.52542372881356,5.3121718793709,5.883333333333334,1.4661281442179321,4.678571428571429,8.139928842345094,11.192982456140351,1.3267819083810677,89.0,78.0,81.0,DDD_2013J
group3,M,East Anglian Region,Lower Than A Level,40-50%,0-35,60,-66.0,0.0,1.0,2.074380165289256,2.013145504164227,4.713114754098361,1.0929006167232345,2.8850574712643677,2.91517795282872,6.1022727272727275,1.229804801972595,3.0987654320987654,4.0236952489956455,4.439024390243903,1.0798625503468435,81.5,77.0,88.0,DDD_2013J
group1,F,East Anglian Region,Lower Than A Level,70-80%,0-35,90,-37.0,0.0,1.0,7.27027027027027,8.617323149230174,12.710526315789474,0.8747675397556158,7.323529411764706,8.30378003823266,7.628571428571429,0.9617960026586336,14.722222222222221,21.878825529171984,11.526315789473685,0.9303197736572563,69.5,64.0,50.0,DDD_2013J
group1,F,Wales,A Level or Equivalent,90-100%,0-35,60,-38.0,0.0,1.0,3.842857142857143,2.947048212653105,5.028169014084507,1.2732194040096048,5.229166666666667,4.816812680306668,5.918367346938775,0.9341327757905634,7.848484848484849,9.307662206890395,4.470588235294118,0.637852612817938,75.0,50.0,73.0,DDD_2013J
group1,M,Yorkshire Region,A Level or Equivalent,40-50%,0-35,60,-51.0,0.0,1.0,4.573770491803279,5.014841361377388,11.903225806451612,1.6947682676998646,7.382352941176471,7.5559116165097,6.257142857142857,0.9545891172703751,5.4222222222222225,5.750450136091675,5.521739130434782,0.7819099838002107,70.0,41.0,54.0,DDD_2013J
group3,M,South Region,A Level or Equivalent,80-90%,0-35,60,-56.0,0.0,1.0,1.2307692307692308,0.7544738360147218,7.328828828828829,0.9428926693652532,1.4545454545454546,0.9737512995384826,7.00531914893617,0.975251395923718,1.7548387096774194,1.496063820275053,5.608974358974359,1.0494409784961416,87.5,72.0,72.33333333333333,DDD_2013J
group3,F,East Anglian Region,HE Qualification,50-60%,0-35,60,-59.0,0.0,1.0,1.1341463414634145,0.4069456702027489,10.995951417004049,1.0047433437542772,2.383177570093458,2.3296483652919058,7.555555555555555,1.1343088531764456,1.5974842767295598,1.5715810665701746,12.75,1.1973956103130987,87.5,91.0,92.66666666666667,DDD_2013J
group3,F,Yorkshire Region,Lower Than A Level,80-90%,0-35,90,-60.0,0.0,1.0,3.278481012658228,2.991169520270262,10.85,1.0132067659055366,4.133333333333334,4.18417789210358,12.98360655737705,1.0984311492737855,6.076923076923077,9.421097867034549,9.725,0.7622400580484264,86.0,87.0,95.66666666666667,DDD_2013J
group3,F,South East Region,A Level or Equivalent,30-40%,0-35,60,-57.0,0.0,1.0,4.0,3.264312746186865,5.873015873015873,0.867411790342301,3.9365079365079363,3.6538667802092406,4.765625,0.9433454109521168,8.88,13.007433772014116,5.461538461538462,1.0285548186061841,96.0,98.0,95.0,DDD_2013J
group1,M,East Midlands Region,A Level or Equivalent,0-10%,0-35,60,-53.0,0.16666666666666666,1.0,4.9411764705882355,5.334460665169,5.634615384615385,1.284052303406573,7.03125,8.050182827016235,10.090909090909092,0.8911787727557338,6.708333333333333,6.675582805800662,10.68,0.7742579511264451,77.0,8.0,45.333333333333336,DDD_2013J
group1,F,Wales,HE Qualification,60-70%,0-35,180,-45.0,0.3333333333333333,1.0,3.8194444444444446,4.129339847280058,5.315068493150685,1.0157582387851452,6.358974358974359,7.216527738780499,9.25,0.8359175902426845,5.553191489361702,5.444616450092848,7.458333333333333,1.124765683770695,54.5,38.0,41.0,DDD_2013J
group1,F,South East Region,HE Qualification,30-40%,0-35,60,-38.0,0.0,1.0,3.9206349206349205,4.341478814879925,5.25,0.8832017614757813,5.744186046511628,6.601201273274196,5.681818181818182,0.9151174787971215,9.05,17.9486841622971,5.190476190476191,0.9087664218010857,93.5,97.0,92.33333333333333,DDD_2013J
group3,F,London Region,HE Qualification,20-30%,0-35,60,-50.0,0.0,1.0,1.8333333333333333,2.021417758385186,6.867549668874172,1.0519862219103522,3.0,3.085137320956172,5.482352941176471,1.513117504163809,2.8152173913043477,4.559567522932163,6.10752688172043,0.7328089969336535,84.5,75.0,89.33333333333333,DDD_2013J
group1,M,North Western Region,Lower Than A Level,20-30%,0-35,90,-53.0,0.5,1.0,3.764705882352941,4.623488529331548,4.333333333333333,1.0129087073351777,6.555555555555555,6.995690283287457,3.8378378378378377,0.9511475231484913,7.517241379310345,10.894365154437711,6.1,1.3185261290228127,44.5,82.0,53.666666666666664,DDD_2013J
group1,M,North Western Region,Lower Than A Level,20-30%,0-35,90,-51.0,0.5,1.0,4.396551724137931,4.708855618313199,8.576271186440678,1.8871293041900614,5.372093023255814,7.508798825422375,20.272727272727273,3.967255475611259,14.857142857142858,20.0532258784433,3.1333333333333333,0.7449847404260256,43.0,31.0,42.0,DDD_2013J
group3,F,London Region,A Level or Equivalent,40-50%,0-35,90,-51.0,0.0,1.0,1.8104575163398693,1.9659992570637888,8.233766233766234,1.3967934542179747,2.254385964912281,2.920211543763953,15.08695652173913,1.2299946790319436,2.4018691588785046,3.6416350595916933,7.611111111111111,1.1997699887896511,84.0,42.0,92.33333333333333,DDD_2013J
group3,M,London Region,A Level or Equivalent,20-30%,0-35,90,-51.0,0.0,1.0,2.115702479338843,2.1102530758364346,3.959016393442623,0.9811502238381171,3.2432432432432434,3.0467175726377187,5.626666666666667,1.0858304998876194,1.018796992481203,0.13606345686042048,11.093632958801498,0.9881726443466375,89.0,74.0,81.33333333333333,DDD_2013J
group3,M,London Region,A Level or Equivalent,40-50%,0-35,90,-50.0,0.16666666666666666,1.0,1.9172413793103449,1.4457958605896213,4.123287671232877,1.1069905037572183,3.3132530120481927,2.866661655124358,4.690476190476191,1.3471683383627058,4.754716981132075,6.725112696731897,5.555555555555555,0.9597916440561461,78.0,66.0,72.66666666666667,DDD_2013J
group3,M,South West Region,Lower Than A Level,30-40%,0-35,120,-19.0,0.0,1.0,2.6354166666666665,2.402278706240419,4.350515463917525,0.967939140187279,8.448275862068966,10.273357383113968,4.966666666666667,1.1860220694293426,3.890625,3.9324340679040883,4.123076923076923,0.7423966715978425,83.5,76.0,77.0,DDD_2013J
group1,F,South Region,Lower Than A Level,80-90%,0-35,90,-35.0,0.16666666666666666,1.0,4.62,5.360056350602356,6.686274509803922,1.2661152354373975,6.571428571428571,7.329576323064673,4.583333333333333,1.097404902787097,12.052631578947368,18.26494421383495,5.3,0.7309951180305855,74.5,31.0,69.33333333333333,DDD_2013J
group3,M,South East Region,A Level or Equivalent,40-50%,0-35,60,-49.0,0.0,0.8333333333333334,3.223529411764706,3.799675645894739,9.13953488372093,1.220122344189885,5.708333333333333,6.629907522648054,8.122448979591837,0.83820240282362,6.85,7.170273391776671,5.2439024390243905,0.8379066862885076,94.5,80.0,95.5,DDD_2013J
group3,F,London Region,HE Qualification,20-30%,0-35,90,-35.0,0.16666666666666666,1.0,2.336283185840708,3.007759665399489,4.2894736842105265,0.9889486823923602,3.151898734177215,4.0066886628356615,7.25,1.1016148561633767,4.47457627118644,9.814408711269419,5.566666666666666,0.9993184955897028,83.0,86.0,90.0,DDD_2013J
group1,M,Yorkshire Region,Lower Than A Level,90-100%,0-35,60,-45.0,0.0,1.0,2.053435114503817,1.966304527237429,5.515151515151516,1.2231601030135646,3.507042253521127,3.3160787490072825,4.375,1.3319380454495997,4.123076923076923,5.406904417928561,3.878787878787879,1.0170062722581903,95.5,77.0,83.66666666666667,DDD_2013J
group3,M,Scotland,A Level or Equivalent,20-30%,0-35,90,-36.0,0.8,0.8333333333333334,3.643835616438356,4.066700351683231,3.918918918918919,1.0451860088536624,7.8125,12.161381235221068,7.212121212121212,0.9519565704664439,9.916666666666666,14.376661844708648,4.32,0.9322009591594977,92.0,67.0,86.5,DDD_2013J
group3,F,Scotland,A Level or Equivalent,50-60%,0-35,60,-45.0,0.0,1.0,4.625,5.143619171538479,7.491228070175438,0.8655162343885202,5.72093023255814,5.87701568823655,5.545454545454546,0.7596905974251479,5.7560975609756095,6.061272505855838,6.690476190476191,0.6345406295219017,93.5,93.0,95.66666666666667,DDD_2013J
group3,M,East Anglian Region,A Level or Equivalent,70-80%,0-35,60,-35.0,0.0,0.8333333333333334,9.75,12.752663830847604,6.36,0.6624406222621173,11.65,14.81917321367296,8.666666666666666,0.9563596800894321,58.5,61.98117993929017,1.6,0.7500000000000001,93.0,37.0,51.0,DDD_2013J
group1,M,Scotland,A Level or Equivalent,80-90%,0-35,60,-35.0,0.0,1.0,18.916666666666668,14.469141667910387,2.769230769230769,0.9304519013580126,9.428571428571429,11.977359594549329,4.454545454545454,0.8713592669473141,5.404761904761905,6.8219857055199284,2.604651162790698,0.7224974401479967,72.0,18.0,66.33333333333333,DDD_2013J
group3,F,London Region,HE Qualification,10-20,0-35,60,-44.0,0.0,1.0,4.431034482758621,5.295188378490643,6.966101694915254,1.1250561967929362,7.323529411764706,8.909377382712755,6.057142857142857,1.4168699551892967,9.518518518518519,10.78949050757752,5.464285714285714,0.9426957599493018,82.0,74.0,79.0,DDD_2013J
group3,M,South East Region,A Level or Equivalent,70-80%,35-55,60,-43.0,0.0,1.0,1.0,0.0,33.72857142857143,1.100026956886872,1.5942857142857143,2.426143865443521,9.659090909090908,1.267768112140059,1.4,1.3057671817597858,16.861878453038674,1.3952669108188018,94.0,89.0,91.33333333333333,DDD_2013J
group1,F,North Western Region,Lower Than A Level,30-40%,0-35,120,-43.0,0.3333333333333333,1.0,4.290322580645161,6.45129824721844,4.317460317460317,0.9508066598937291,7.533333333333333,7.946950546499314,5.193548387096774,0.7310218623505341,6.277777777777778,9.34302218193147,7.648648648648648,1.0846272340930816,56.5,27.0,60.0,DDD_2013J
group1,M,South Region,A Level or Equivalent,80-90%,0-35,60,-39.0,0.0,1.0,14.875,12.148388096094616,3.764705882352941,0.7261843774138906,10.8,10.410520994091558,8.380952380952381,1.063699493076051,30.2,21.016660058153864,5.333333333333333,0.6643841132959156,62.5,28.0,45.333333333333336,DDD_2013J
group3,M,North Region,HE Qualification,40-50%,0-35,120,-39.0,0.2,0.8333333333333334,1.6790123456790123,1.3725540457636956,3.1901840490797544,0.9301054530783883,3.757575757575758,4.304061073560844,3.8059701492537314,0.8299284535340322,3.033707865168539,3.9035224133939916,3.922222222222222,0.6650952383250547,73.0,60.0,61.666666666666664,DDD_2013J
group3,M,East Anglian Region,Lower Than A Level,50-60%,0-35,90,-34.0,0.0,1.0,1.7671232876712328,1.3798605421309091,4.319727891156463,1.053429133556633,2.5543478260869565,2.180654858970412,4.559139784946237,1.2397138187656818,2.526315789473684,2.2730713370836924,6.552083333333333,0.9230944131910366,85.0,84.0,86.0,DDD_2013J
group3,M,East Anglian Region,Lower Than A Level,0-10%,0-35,120,-39.0,0.16666666666666666,1.0,3.41025641025641,3.3514327133483124,4.6455696202531644,1.1844997234776649,5.434782608695652,5.631862426953917,6.914893617021277,0.7287957157299102,9.842105263157896,7.500097465253642,2.65,0.8461165028218363,42.5,18.0,54.0,DDD_2013J
group3,F,Wales,HE Qualification,20-30%,35-55,90,-39.0,0.0,1.0,1.618421052631579,1.2066823354249863,7.019607843137255,0.9496467273219413,2.0677966101694913,2.139289815696781,5.991596638655462,1.1156216605733646,2.9047619047619047,2.120576459583787,6.352941176470588,1.186486554047507,88.5,88.0,87.0,DDD_2013J
group3,F,East Anglian Region,Lower Than A Level,70-80%,0-35,90,-39.0,0.0,1.0,3.3766233766233764,2.762716821874329,5.756410256410256,1.264141047915483,6.421052631578948,4.858158804539846,5.333333333333333,1.0566865847835578,4.94,4.555373592959042,10.117647058823529,0.7288419336653005,71.5,93.0,93.66666666666667,DDD_2013J
group3,M,North Region,HE Qualification,30-40%,0-35,60,-38.0,0.0,1.0,5.431818181818182,4.780764399679525,5.777777777777778,1.0903015163016623,10.391304347826088,10.219140376740388,6.833333333333333,1.0284472508442934,14.058823529411764,18.416943924804997,5.5,0.639243124537242,83.5,70.0,82.0,DDD_2013J
group3,M,Yorkshire Region,A Level or Equivalent,40-50%,55<=,60,-35.0,0.0,1.0,1.832116788321168,1.669665971638768,7.891304347826087,1.2067950013827702,2.3465346534653464,2.2380153867404777,6.715686274509804,1.0140858863426323,3.2133333333333334,2.7028180155580626,5.434210526315789,1.308498860810235,79.0,67.0,91.66666666666667,DDD_2013J
group3,F,London Region,A Level or Equivalent,30-40%,0-35,120,-37.0,0.16666666666666666,1.0,2.533980582524272,2.2743908211788053,9.067307692307692,1.4137829106317157,3.48,3.426289459380141,10.289473684210526,1.229609962438825,4.722222222222222,5.23203725488246,4.036363636363636,0.7318399030510374,84.0,93.0,85.33333333333333,DDD_2013J
group1,F,South Region,A Level or Equivalent,90-100%,0-35,90,-31.0,0.6666666666666666,1.0,6.666666666666667,9.305723573590083,3.4,0.9728138475612488,9.461538461538462,10.733986283690767,3.074074074074074,1.2612104359230585,15.375,26.747897113605024,6.9411764705882355,0.720289130877145,50.5,30.0,43.0,DDD_2013J
group3,M,West Midlands Region,Lower Than A Level,70-80%,35-55,90,-35.0,0.0,1.0,1.4656084656084656,0.9920601148203239,6.515789473684211,1.0290157549646082,2.48,1.8612475451273065,7.02970297029703,0.996570194392108,1.9280575539568345,2.198946677256445,7.9071428571428575,0.7871689308195926,86.0,79.0,75.0,DDD_2013J
group1,M,South Region,A Level or Equivalent,80-90%,0-35,120,-35.0,0.5,1.0,2.2641509433962264,2.2095114167635854,3.0373831775700935,0.9632096246742392,2.5714285714285716,2.8563490960892994,4.032608695652174,0.9231205835651788,7.09375,9.155852614408676,3.696969696969697,0.8995504864471442,89.5,86.0,83.33333333333333,DDD_2013J
group3,F,South East Region,A Level or Equivalent,60-70%,0-35,60,-34.0,0.0,1.0,2.2327586206896552,1.4765279992379872,3.1965811965811968,0.9453752961196477,4.237288135593221,3.5102754732791395,5.85,1.0476392077016408,3.2,2.760728458509026,4.578947368421052,0.9832458293559978,86.0,85.0,90.33333333333333,DDD_2013J
group3,M,South Region,Post Graduate Qualification,90-100%,35-55,60,-35.0,0.0,1.0,2.5555555555555554,3.2362818556518196,5.91743119266055,1.0715253503897388,4.183333333333334,5.756327886288556,5.475409836065574,1.2130885287359217,4.865384615384615,7.600384010303189,9.962264150943396,1.0374950905434417,93.0,77.0,89.33333333333333,DDD_2013J
group1,M,East Midlands Region,HE Qualification,80-90%,35-55,90,-73.0,0.0,1.0,2.336206896551724,2.253283461267488,5.589743589743589,1.2281762088286297,3.819672131147541,3.8232106783056543,9.64516129032258,1.3596212437700763,6.357142857142857,8.017728613855395,4.953488372093023,1.2329464446407772,71.0,61.0,74.66666666666667,DDD_2013J
group1,F,Scotland,HE Qualification,20-30%,35-55,60,-100.0,0.16666666666666666,1.0,2.2704918032786887,1.8940397390208343,7.2439024390243905,1.1642498486731265,4.183333333333334,3.21801953342644,5.688524590163935,0.9641912289886706,2.6634615384615383,2.183835482810479,6.809523809523809,0.7823671715501425,71.0,65.0,68.33333333333333,DDD_2013J
group3,M,East Anglian Region,A Level or Equivalent,30-40%,35-55,90,-57.0,0.16666666666666666,1.0,1.1974248927038627,0.6190873947260733,7.380341880341881,0.8858099461213964,3.272727272727273,3.3507122716331117,4.089743589743589,1.183828728087135,1.44,0.956285918865634,6.3125,0.7949374621908967,65.0,80.0,81.33333333333333,DDD_2013J
group3,M,Scotland,HE Qualification,70-80%,35-55,210,-67.0,0.16666666666666666,1.0,2.9574468085106385,3.7614767564898437,3.9157894736842107,1.1907297435748314,5.976190476190476,6.3225808841014155,5.883720930232558,1.8350055125637559,4.482142857142857,6.558799977347772,4.631578947368421,0.9139076937674137,73.0,63.0,73.33333333333333,DDD_2013J
group1,F,Scotland,A Level or Equivalent,0-10%,35-55,60,-39.0,1.0,1.0,4.490909090909091,3.915178096666808,7.214285714285714,1.2493700010287743,5.040816326530612,6.698753564636328,7.74,0.7122648908679517,15.866666666666667,21.403826983131065,5.875,0.6365223532617699,76.5,25.0,39.0,DDD_2013J
group1,F,East Anglian Region,A Level or Equivalent,30-40%,35-55,90,-135.0,0.0,1.0,1.3676470588235294,0.9710754552780763,6.482926829268293,0.9781368283980462,1.701219512195122,1.676908776154302,7.2,0.9285148990164203,1.5919540229885059,1.1925315173357949,4.897142857142857,0.9994395589849527,69.0,59.0,64.0,DDD_2013J
group3,F,East Midlands Region,Lower Than A Level,80-90%,35-55,60,-24.0,0.5,0.6666666666666666,2.9318181818181817,3.18688207279035,5.696629213483146,1.1353308028091043,4.327586206896552,5.698223579864361,6.338983050847458,1.08193990343528,19.083333333333332,33.62212024392527,4.923076923076923,0.7365327343370422,79.0,78.0,64.5,DDD_2013J
group3,M,South West Region,A Level or Equivalent,20-30%,35-55,60,-29.0,0.0,1.0,2.0601503759398496,2.3217006518088645,5.731343283582089,1.1012700311111763,3.6231884057971016,4.392846622553008,4.671428571428572,1.1939184145478576,5.020408163265306,6.917639879077159,7.54,1.2129907060115008,84.0,83.0,86.0,DDD_2013J
group3,F,South West Region,HE Qualification,30-40%,35-55,130,-51.0,0.0,1.0,2.4864864864864864,2.648721354866309,5.946428571428571,1.0206632476859783,3.8333333333333335,4.788483837791325,5.013698630136986,1.2664103900635042,3.657142857142857,3.7295751566178805,7.422535211267606,1.3513527565703503,93.5,97.0,92.33333333333333,DDD_2013J
group1,M,South Region,Lower Than A Level,10-20,35-55,60,-109.0,0.0,1.0,6.473684210526316,7.195106603290664,6.230769230769231,1.2084059257425501,8.571428571428571,9.154754164341268,6.379310344827586,0.9125694786281173,13.277777777777779,15.984571809958263,4.578947368421052,0.6108197818660425,67.0,52.0,43.666666666666664,DDD_2013J
group1,F,North Region,HE Qualification,30-40%,0-35,60,-160.0,0.16666666666666666,1.0,1.576271186440678,1.1312210292198217,11.348314606741573,1.2896152676192307,2.79,3.514170448255739,8.425742574257425,1.3475602060063143,1.9924242424242424,1.6554154116283546,7.706766917293233,1.1045505356398466,77.5,10.0,58.333333333333336,DDD_2013J
group3,M,South Region,HE Qualification,70-80%,55<=,120,-25.0,0.0,1.0,1.405128205128205,1.0178683805776418,5.260204081632653,1.1552355557522078,3.921875,3.178822221245742,6.446153846153846,0.8435800481486273,1.9172932330827068,1.7190779451626885,8.761194029850746,1.1177428984141649,91.5,92.0,88.0,DDD_2013J
group3,M,Scotland,HE Qualification,90-100%,55<=,60,-73.0,0.0,1.0,1.125,0.7286085679870431,9.04417670682731,1.0564183009229777,1.3413461538461537,1.0466519501340623,5.851674641148326,1.1408385103118184,1.535294117647059,1.8175479862203672,6.918128654970761,0.8478271860590045,93.5,83.0,89.66666666666667,DDD_2013J
group1,M,East Midlands Region,HE Qualification,40-50%,35-55,60,-70.0,0.0,1.0,4.19672131147541,4.261532088076414,8.629032258064516,0.8393605658415887,4.92,4.843847349252156,6.509803921568627,0.9248802851603861,6.972222222222222,6.975410325303393,4.675675675675675,0.95394988420237,76.0,61.0,65.0,DDD_2013J
group1,M,North Western Region,Lower Than A Level,0-10%,0-35,60,-17.0,0.0,1.0,3.010869565217391,3.6539743986345514,3.795698924731183,0.921233217902746,5.319148936170213,5.70699945139347,3.9791666666666665,1.1522012736523803,7.0,7.810249675906654,7.583333333333333,1.3284891675057693,85.0,56.0,73.0,DDD_2013J
group3,M,Scotland,HE Qualification,90-100%,55<=,130,-63.0,0.0,1.0,2.831460674157303,3.3953040935445604,10.666666666666666,1.181233465492745,3.7611940298507465,6.017876279579654,10.955882352941176,0.9809968648679166,5.976190476190476,7.7033033624894465,5.511627906976744,0.7079811701742484,92.5,88.0,92.33333333333333,DDD_2013J
group3,M,South West Region,HE Qualification,30-40%,35-55,60,-24.0,0.16666666666666666,1.0,2.696078431372549,4.28395397929972,5.786407766990291,1.2438036140387807,7.382352941176471,9.34852023902909,5.371428571428571,1.093806383142202,4.472727272727273,6.663484088824719,5.053571428571429,1.0037264036099178,86.0,43.0,81.0,DDD_2013J
group1,F,Scotland,HE Qualification,40-50%,35-55,60,-169.0,0.0,1.0,1.8758620689655172,1.562951084312629,5.931506849315069,0.963173102411475,3.1927710843373496,3.014023448713959,4.142857142857143,1.122412468879986,2.15,1.9943196645397019,6.7272727272727275,1.1963848637238577,73.0,75.0,84.33333333333333,DDD_2013J
group3,F,East Anglian Region,HE Qualification,90-100%,35-55,140,-202.0,0.0,1.0,1.0333333333333334,0.1994415996547923,22.055350553505534,1.6243235008835062,1.9465648854961832,1.5054412953796672,8.628787878787879,1.4426499759805307,1.3869346733668342,1.2210403540489265,13.945,1.4521324515620573,89.5,90.0,91.0,DDD_2013J
group1,F,Yorkshire Region,A Level or Equivalent,40-50%,0-35,60,-63.0,0.3333333333333333,1.0,3.4875,3.631764748696344,6.54320987654321,0.8856435753404582,3.3857142857142857,3.6247652883249053,5.394366197183099,1.0146349820167853,13.055555555555555,16.909698651860477,16.210526315789473,2.6744103846862504,88.5,81.0,70.66666666666667,DDD_2013J
group3,F,East Midlands Region,HE Qualification,10-20,0-35,60,-98.0,0.0,1.0,1.3236714975845412,0.9836380107653948,6.274038461538462,1.1592689605239883,2.4464285714285716,2.351305122402403,5.053097345132743,1.6426741687867792,2.0930232558139537,2.319893116022254,12.253846153846155,1.4839267434087136,86.5,88.0,89.33333333333333,DDD_2013J
group3,M,Ireland,Lower Than A Level,80-90%,0-35,60,-36.0,0.0,1.0,2.6285714285714286,2.9327630148204777,4.5754716981132075,1.0122703458343454,4.3125,5.816983890926773,10.861538461538462,1.35830007531765,4.314814814814815,4.505024758896109,8.545454545454545,0.8642070238032935,86.5,85.0,92.66666666666667,DDD_2013J
group3,M,London Region,A Level or Equivalent,0-10%,35-55,60,-35.0,0.16666666666666666,1.0,1.4945652173913044,1.236941771686575,8.086486486486486,0.8691495111734387,1.8445945945945945,1.635960005822531,2.9328859060402683,0.9793676076597531,3.104651162790698,3.378231593661156,5.517241379310345,0.8438348722745858,85.5,72.0,89.33333333333333,DDD_2013J
group3,M,London Region,A Level or Equivalent,90-100%,35-55,60,-50.0,0.3333333333333333,1.0,1.8357142857142856,1.4720939634427288,6.205673758865248,0.9986243599296475,3.4210526315789473,3.254794035039132,4.51948051948052,1.328357242387512,3.1341463414634148,3.3064179831888088,10.349397590361447,1.8751948214299914,90.5,88.0,90.33333333333333,DDD_2013J
group1,M,Yorkshire Region,Lower Than A Level,20-30%,35-55,60,-63.0,0.0,1.0,1.9428571428571428,1.5114499616723207,9.141843971631205,1.302689262904724,2.125,1.831483199120706,7.7984496124031,1.212764396538963,3.1219512195121952,5.412354965188077,6.614457831325301,1.0528957942037978,81.5,51.0,67.66666666666667,DDD_2013J
group1,M,North Western Region,HE Qualification,70-80%,0-35,60,-37.0,0.0,0.8333333333333334,6.024390243902439,8.424629976675678,4.476190476190476,0.931686555140907,9.148148148148149,10.43552992905894,6.214285714285714,1.4279267367378543,8.571428571428571,10.768364404944325,5.724137931034483,1.2836839134329834,87.0,52.0,77.5,DDD_2013J
group3,F,East Midlands Region,HE Qualification,60-70%,35-55,90,-52.0,0.2,0.8333333333333334,1.86986301369863,2.33197769738592,4.761904761904762,0.8191458966508958,3.63768115942029,3.674118599757088,4.1,1.0381930553900125,3.5072463768115942,4.879799864524934,3.5714285714285716,0.7856716871569194,93.5,94.0,97.0,DDD_2013J
group3,F,Yorkshire Region,A Level or Equivalent,10-20,0-35,120,-123.0,0.0,1.0,1.8211920529801324,2.1635960581563642,5.2368421052631575,1.0338455617447193,4.031746031746032,5.028846638654331,4.765625,1.2200202217893135,2.6732673267326734,3.712435618003601,5.529411764705882,0.9508242197410808,79.5,93.0,91.0,DDD_2013J
group1,M,East Anglian Region,Lower Than A Level,70-80%,35-55,60,-198.0,0.0,1.0,4.491803278688525,3.2538333844849934,7.919354838709677,1.4132849417124582,6.410256410256411,6.83149805840544,8.65,1.2487556036523368,7.617647058823529,9.165200012307269,11.057142857142857,0.7280037892688511,69.5,51.0,58.0,DDD_2013J
group1,M,Yorkshire Region,A Level or Equivalent,30-40%,0-35,90,-70.0,0.16666666666666666,1.0,5.7555555555555555,7.097232352875808,10.41304347826087,1.6408455364173617,6.2105263157894735,7.237880437601778,6.769230769230769,1.0544327917874587,46.6,26.85702887513807,4.0,1.1726039399558574,45.0,49.0,50.333333333333336,DDD_2013J
group3,M,Yorkshire Region,A Level or Equivalent,30-40%,35-55,60,-37.0,0.0,1.0,3.5974025974025974,4.12712382410158,4.9743589743589745,0.8200575712935916,6.384615384615385,7.411283661152964,6.0,0.9624909811987273,4.614035087719298,4.510916861051454,6.896551724137931,0.80583807306431,90.5,75.0,81.66666666666667,DDD_2013J
group3,F,Scotland,HE Qualification,90-100%,0-35,240,-72.0,0.0,1.0,1.6829268292682926,1.1063458758757068,6.963636363636364,0.9115076588016546,2.8636363636363638,2.208561284345188,6.46067415730337,1.3231868501665538,2.262295081967213,1.6303083858179026,9.325203252032521,0.7146681289544944,93.0,92.0,96.33333333333333,DDD_2013J
group3,M,East Anglian Region,Lower Than A Level,20-30%,0-35,90,-53.0,0.3333333333333333,1.0,1.4375,0.8898791023245387,10.26943005181347,0.9899757839123751,1.9615384615384615,1.7181378334663127,4.7251908396946565,1.262513733876188,2.235294117647059,1.9031903738728797,6.716666666666667,1.2291046736302005,80.0,68.0,88.0,DDD_2013J
group1,M,South East Region,HE Qualification,50-60%,35-55,60,-107.0,0.0,1.0,2.909090909090909,2.9071310012290827,5.831460674157303,1.0695984745637346,4.421052631578948,6.207562692914681,4.344827586206897,1.0926182145938177,4.886792452830188,6.3780283225318835,6.37037037037037,1.0527270209499624,83.0,26.0,69.33333333333333,DDD_2013J
group3,M,East Anglian Region,HE Qualification,40-50%,35-55,160,-49.0,0.0,1.0,2.909090909090909,2.4099237534386164,5.966292134831461,0.9969648329162818,6.146341463414634,7.69922390767328,6.476190476190476,1.2994542373161484,4.788461538461538,7.741754724490951,5.037735849056604,1.1379975857791778,83.0,68.0,73.66666666666667,DDD_2013J
group1,F,London Region,Lower Than A Level,70-80%,35-55,60,-35.0,0.0,1.0,2.504854368932039,1.9944717046236708,8.365384615384615,0.6915032709120937,3.0113636363636362,2.3852724280265902,5.337078651685394,1.0867237096210938,3.7846153846153845,3.5641106345601297,5.181818181818182,0.8636379590221102,79.5,57.0,66.66666666666667,DDD_2013J
group3,M,South Region,Lower Than A Level,90-100%,35-55,70,-179.0,0.16666666666666666,1.0,1.7232704402515724,1.7353799776721817,8.5875,0.9204563906192041,2.205357142857143,2.1272085199895394,11.345132743362832,0.9508378774359934,2.852272727272727,3.8612122827657354,4.831460674157303,0.8321032926686999,93.0,94.0,92.33333333333333,DDD_2013J
group1,F,Yorkshire Region,Lower Than A Level,80-90%,0-35,120,-204.0,0.0,1.0,2.739130434782609,2.9496491324864107,5.43010752688172,0.9629546401856084,5.1020408163265305,5.863889842215034,5.68,0.8938670005319318,6.121951219512195,12.562235314527468,4.785714285714286,0.9137043137043075,67.5,69.0,67.33333333333333,DDD_2013J
group1,M,South Region,Lower Than A Level,40-50%,35-55,60,-87.0,0.6666666666666666,1.0,4.0144927536231885,3.4363658711903784,4.9,1.3837835469686253,10.04,10.99424091664965,9.26923076923077,1.4540652953575257,5.612244897959184,4.261339414484861,6.12,1.178121572130886,54.5,58.0,30.0,DDD_2013J
group1,F,South Region,HE Qualification,50-60%,35-55,60,-87.0,0.2,0.8333333333333334,3.3375,4.81543864742233,8.25925925925926,0.9962022437712548,4.045454545454546,5.106351454299359,6.880597014925373,1.199662260353369,4.603448275862069,6.986050399294883,9.440677966101696,1.4999374145549476,72.5,49.0,56.5,DDD_2013J
group3,M,London Region,A Level or Equivalent,50-60%,0-35,60,-151.0,0.0,1.0,2.339622641509434,2.004218372537238,5.429906542056075,0.9823224749177372,2.759493670886076,2.718479919675217,8.325,1.018859219983891,6.305555555555555,11.456300685510373,6.45945945945946,1.0454056743349225,92.0,96.0,94.33333333333333,DDD_2013J
group1,M,West Midlands Region,HE Qualification,30-40%,0-35,150,-43.0,0.2,0.8333333333333334,4.1875,3.8704210016687757,4.430769230769231,1.0376426906190115,8.689655172413794,10.498651097967171,5.066666666666666,0.974839286420603,10.521739130434783,18.595868468847375,4.75,0.8045347008981123,73.5,39.0,54.0,DDD_2013J
group1,F,Scotland,A Level or Equivalent,40-50%,0-35,120,-151.0,0.16666666666666666,1.0,2.1196581196581197,1.7178695364256253,10.0,1.089938577028502,3.1794871794871793,2.4534290328668606,7.493670886075949,0.9481032350640585,4.816326530612245,6.159929211537781,7.24,0.955561557820727,81.0,76.0,73.33333333333333,DDD_2013J
group3,M,Scotland,A Level or Equivalent,60-70%,0-35,90,-39.0,0.16666666666666666,1.0,3.0833333333333335,3.117027984124503,4.470588235294118,0.9362653458202614,7.0588235294117645,8.149888180941739,4.3428571428571425,1.1185371456775086,7.34375,8.334186784254282,8.93939393939394,0.9555474643478787,83.5,79.0,86.66666666666667,DDD_2013J
group1,F,Yorkshire Region,HE Qualification,10-20,35-55,70,-190.0,0.16666666666666666,1.0,5.02,5.567727708566098,6.607843137254902,0.9794262906054007,7.424242424242424,7.685336293188083,6.529411764705882,1.0308920477381545,10.545454545454545,20.25722040051345,4.434782608695652,0.7429018200185346,57.5,24.0,55.666666666666664,DDD_2013J
group1,M,North Western Region,A Level or Equivalent,40-50%,35-55,60,-44.0,0.0,1.0,4.618181818181818,4.919691758979114,5.339285714285714,0.8173614716843528,5.8,6.8057291099447035,9.365853658536585,0.826625017326982,8.96,18.419826274967956,6.730769230769231,1.20175382042162,73.0,47.0,43.666666666666664,DDD_2013J
group3,M,Wales,HE Qualification,30-40%,55<=,60,-106.0,0.0,1.0,1.864864864864865,1.8867552994083678,5.87248322147651,0.969381372266849,3.486842105263158,5.188431801749302,5.87012987012987,1.0174489881156952,2.435185185185185,2.7726068173321634,5.036697247706422,0.8618379328771989,90.0,91.0,95.0,DDD_2013J
group1,F,South East Region,A Level or Equivalent,0-10%,0-35,60,-43.0,0.0,1.0,4.327586206896552,4.566805982128308,4.3559322033898304,0.8387357874121388,6.121951219512195,5.9883016037571934,3.761904761904762,1.1319740128813947,6.769230769230769,8.10583835174471,6.2592592592592595,1.0602784207321474,89.0,52.0,73.0,DDD_2013J
group1,F,East Anglian Region,A Level or Equivalent,70-80%,0-35,120,-139.0,0.4,0.8333333333333334,7.162162162162162,7.232309887325509,5.0,1.1173276388918243,9.586206896551724,10.178819891531456,9.266666666666667,0.9815333367304933,24.7,25.23247466614755,5.454545454545454,0.9681023820971739,60.5,51.0,47.0,DDD_2013J
group3,M,London Region,HE Qualification,20-30%,35-55,60,-179.0,0.0,1.0,3.2435897435897436,3.8144833267800573,8.075949367088608,1.3585409069653485,5.5,6.061719594673153,7.851063829787234,1.1641135834072145,7.142857142857143,10.649890519025389,4.444444444444445,1.105384548471707,77.5,60.0,65.66666666666667,DDD_2013J
group3,M,Wales,A Level or Equivalent,80-90%,35-55,60,-139.0,0.0,1.0,1.8389261744966443,1.4798973398195094,10.76,1.2131572183641328,2.4174757281553396,1.746280483303265,7.346153846153846,1.7575878019943274,2.25,1.3347484399909422,6.276190476190476,1.0985064354375174,93.0,96.0,93.0,DDD_2013J
group1,M,South East Region,HE Qualification,70-80%,55<=,120,-85.0,0.16666666666666666,1.0,3.626865671641791,3.6632318108282904,10.338235294117647,0.968791184806471,4.418181818181818,4.276078634081521,6.339285714285714,1.0259052833796,8.482758620689655,12.636739774096268,5.8,1.2235306896007014,66.5,71.0,64.0,DDD_2013J
group1,M,Scotland,A Level or Equivalent,60-70%,35-55,60,-176.0,0.5,1.0,2.787878787878788,2.2958379701446052,3.91,0.9919153045378571,5.0588235294117645,4.764081295300837,4.711538461538462,0.7934236150398832,6.282051282051282,7.9536443747131536,8.225,1.0579909240679912,73.0,43.0,49.666666666666664,DDD_2013J
group1,F,London Region,Lower Than A Level,20-30%,0-35,60,-124.0,0.0,1.0,5.489795918367347,4.839604189133961,10.62,1.1978777947374024,6.225,8.303497872768856,9.170731707317072,0.7777516172208407,6.944444444444445,7.410203176101927,5.5675675675675675,1.556065670652363,64.0,69.0,75.0,DDD_2013J
group1,M,South East Region,Lower Than A Level,50-60%,35-55,60,-74.0,0.0,1.0,3.791044776119403,4.032208633945135,2.573529411764706,0.8251357340412767,10.25,10.747092630102339,3.96,0.8282828282828282,4.509803921568627,6.191518550467592,4.019230769230769,0.7327138439811923,73.0,50.0,51.333333333333336,DDD_2013J
group1,F,West Midlands Region,Lower Than A Level,30-40%,0-35,60,-156.0,0.0,1.0,2.4423076923076925,2.8449475674760385,9.18095238095238,1.1440333308892574,3.5,4.69041575982343,9.191780821917808,1.1432517046711628,3.0238095238095237,3.8401060178518422,12.16470588235294,0.7746331345605415,88.0,52.0,71.33333333333333,DDD_2013J
group3,F,South West Region,A Level or Equivalent,70-80%,35-55,165,-39.0,0.0,1.0,3.0823529411764707,3.193042155575606,7.023255813953488,1.166268224287933,4.0,4.529473372507898,7.390625,0.7524496747500065,4.481481481481482,5.26555464204198,12.218181818181819,1.413099813949345,82.5,38.0,89.0,DDD_2013J
group3,F,South West Region,A Level or Equivalent,70-80%,0-35,60,-152.0,0.3333333333333333,1.0,2.816326530612245,2.281015051566832,5.656565656565657,1.0717172230222154,4.15625,3.7468240519392517,6.276923076923077,1.423165094092816,4.5,4.437677597137985,8.94915254237288,1.0947362895318664,79.0,37.0,84.0,DDD_2013J
group1,M,Scotland,HE Qualification,60-70%,35-55,90,-37.0,0.3333333333333333,1.0,2.7263157894736842,2.6354462065704856,4.197916666666667,1.6249881294038078,5.714285714285714,7.815824205670013,5.651162790697675,1.288466785703233,9.461538461538462,12.300343960168819,3.962962962962963,1.2256181807089308,75.0,35.0,38.666666666666664,DDD_2013J
group3,M,Scotland,A Level or Equivalent,50-60%,0-35,90,-32.0,0.8,0.8333333333333334,3.4714285714285715,6.794544761006197,5.436619718309859,1.1790838240452677,4.113636363636363,5.674159743514981,5.666666666666667,1.1562976353228813,10.565217391304348,13.637602051802219,6.875,1.058352584367547,65.0,72.0,77.0,DDD_2013J
group1,M,West Midlands Region,A Level or Equivalent,70-80%,0-35,60,-193.0,0.0,1.0,2.8541666666666665,2.361886697521671,5.608247422680412,1.419919862406833,4.901960784313726,5.333872521764217,5.538461538461538,1.456314740520328,5.0,6.315426777709911,7.2592592592592595,0.8777438089133965,79.5,52.0,66.66666666666667,DDD_2013J
group3,M,South Region,A Level or Equivalent,90-100%,0-35,60,-152.0,0.0,1.0,2.0902255639097747,2.1371839536562542,7.029850746268656,1.1030924451753967,3.921875,3.8143616974180827,4.892307692307693,1.2823327182400739,2.32,2.009472517348719,7.9504950495049505,0.958451155331558,74.0,70.0,74.0,DDD_2013J
group1,F,East Anglian Region,A Level or Equivalent,20-30%,35-55,60,-69.0,0.6666666666666666,1.0,2.0763358778625953,2.4608263796809493,8.242424242424242,1.0044774330440729,2.8735632183908044,3.2162544939407653,9.193181818181818,1.4010867209953208,2.2522522522522523,2.570703718540433,5.383928571428571,1.0583588896477094,59.0,30.0,58.333333333333336,DDD_2013J
group1,M,North Region,Lower Than A Level,70-80%,0-35,90,-115.0,0.16666666666666666,1.0,3.585714285714286,4.0378386281214205,4.816901408450704,1.3269313834863385,8.185185185185185,10.277073202922786,6.892857142857143,0.915369700523202,5.097560975609756,8.21220091707692,7.642857142857143,0.9782179491666747,74.5,39.0,70.66666666666667,DDD_2013J
group1,F,East Anglian Region,HE Qualification,60-70%,35-55,120,-29.0,0.3333333333333333,1.0,3.6923076923076925,4.736570083282434,5.5,0.9218118245171758,4.591836734693878,5.586137482446087,4.32,1.2983119249992798,12.210526315789474,14.45521415871342,6.45,1.0440395723765359,55.0,18.0,45.0,DDD_2013J
group3,M,Yorkshire Region,Lower Than A Level,90-100%,0-35,60,-54.0,0.0,1.0,2.299145299145299,2.0225664699232717,3.7796610169491527,0.935813307386063,2.652173913043478,3.0180219947228144,5.473118279569892,0.9064919016881939,5.25,5.5024172637742454,2.979591836734694,0.5487152123936913,79.5,59.0,69.66666666666667,DDD_2013J
group3,M,North Western Region,HE Qualification,50-60%,0-35,60,-137.0,0.16666666666666666,1.0,3.676470588235294,4.104752165771475,6.188405797101449,1.3189025225142261,7.205882352941177,10.51054135146669,4.885714285714286,0.9819338628484686,18.846153846153847,23.902043684749895,5.357142857142857,0.7453559924999299,87.0,58.0,70.66666666666667,DDD_2013J
group3,M,West Midlands Region,A Level or Equivalent,30-40%,0-35,120,-54.0,0.5,1.0,1.64375,1.3239300889786985,4.782608695652174,1.7558403135284173,4.048387096774194,6.058261990001993,9.301587301587302,1.1059784757921018,3.234567901234568,5.341515714051283,5.804878048780488,0.9005526004791649,95.0,95.0,93.33333333333333,DDD_2013J
group1,F,Ireland,HE Qualification,60-70%,0-35,90,-32.0,0.0,1.0,9.586206896551724,14.651955601750405,2.6333333333333333,1.132822993510399,7.75,11.586630226256467,2.8,1.1157499537009508,8.933333333333334,16.533371735746492,3.9375,1.1445093876736736,62.5,61.0,67.0,DDD_2013J
group1,M,North Western Region,A Level or Equivalent,30-40%,0-35,60,-45.0,0.3333333333333333,1.0,5.5777777777777775,6.308323826100677,3.108695652173913,0.7971107786421856,7.081081081081081,7.413869803649472,4.842105263157895,0.7921370439566109,15.4,27.526091518515923,4.8125,0.739119650656218,81.5,53.0,63.666666666666664,DDD_2013J
group1,F,Scotland,HE Qualification,60-70%,0-35,75,-38.0,0.6666666666666666,1.0,3.3424657534246576,3.9059042845493392,6.121621621621622,1.062048776957642,3.588235294117647,4.096723460033575,6.144927536231884,0.9610726067044978,8.4,9.742518497116988,5.346153846153846,0.8803180608192384,77.5,60.0,71.66666666666667,DDD_2013J
group1,M,North Western Region,Lower Than A Level,70-80%,0-35,120,-40.0,0.0,1.0,4.8478260869565215,4.432041873570479,6.808510638297872,1.0727538306853068,5.575,4.64033321084729,4.7317073170731705,1.153810453704552,9.695652173913043,14.124237011118336,7.708333333333333,1.2462830053553429,69.0,73.0,73.66666666666667,DDD_2013J
group3,F,South East Region,A Level or Equivalent,80-90%,0-35,60,-39.0,0.0,1.0,2.0145985401459856,1.985185579781982,5.268115942028985,1.0172355657653325,4.28125,5.04729614870164,3.5538461538461537,1.1732640007728246,2.5660377358490565,2.9633278202033297,5.224299065420561,0.7724689507439219,88.5,79.0,75.66666666666667,DDD_2013J
group3,F,West Midlands Region,A Level or Equivalent,20-30%,0-35,90,-36.0,0.0,1.0,1.9787234042553192,1.509342738253892,8.97887323943662,1.1863732255151185,3.6231884057971016,4.7992078061824355,6.3428571428571425,1.0984065902834517,2.302521008403361,2.199979282832884,10.491666666666667,0.9232810617928513,79.0,73.0,83.0,DDD_2013J
group1,F,North Western Region,A Level or Equivalent,20-30%,0-35,60,-97.0,0.16666666666666666,1.0,3.2837837837837838,4.008621770703162,4.413333333333333,0.8174648237972526,3.4714285714285715,4.493865153357758,6.971830985915493,0.7922231945871269,10.545454545454545,15.05459041756675,6.173913043478261,1.0048977461721431,73.0,11.0,45.666666666666664,DDD_2013J
group3,F,East Anglian Region,A Level or Equivalent,40-50%,35-55,60,-40.0,0.0,1.0,1.6347305389221556,1.363726651041385,9.148809523809524,1.0530512517851858,2.0634920634920637,1.9214412579978883,5.94488188976378,1.069985553495592,2.663157894736842,3.4598318933328507,8.166666666666666,1.1005753673005338,88.0,67.0,83.0,DDD_2013J
group3,F,North Region,Lower Than A Level,10-20,0-35,60,-87.0,0.0,1.0,7.529411764705882,8.217628110635445,4.485714285714286,0.8954879436074696,8.142857142857142,8.686789824803952,7.517241379310345,0.8001662145316261,15.0,15.501860930471937,2.8,0.5714285714285715,73.5,75.0,78.0,DDD_2013J
group1,F,South Region,A Level or Equivalent,70-80%,0-35,60,-190.0,0.6,0.8333333333333334,9.296296296296296,11.458335275835111,4.357142857142857,0.970264705374275,17.5,17.809893533996988,3.933333333333333,0.8975052403304222,16.642857142857142,25.175101077964204,6.8,0.8408541820545713,49.5,51.0,57.5,DDD_2013J
group1,M,Yorkshire Region,A Level or Equivalent,0-10%,35-55,120,-114.0,0.0,1.0,5.466666666666667,6.844373933783465,7.391304347826087,1.1973731340502545,7.65625,10.600089394023538,8.06060606060606,1.0482184612236658,22.363636363636363,30.757999698526323,4.666666666666667,0.9394961741404219,78.5,30.0,62.666666666666664,DDD_2013J
group1,M,Wales,A Level or Equivalent,20-30%,35-55,120,-87.0,0.16666666666666666,1.0,9.521739130434783,9.889707989150738,3.3333333333333335,0.758287544405155,13.6875,11.8023655820913,4.647058823529412,0.6882165680540853,17.1,12.059574342958102,6.363636363636363,0.6776309271789385,60.5,34.0,51.333333333333336,DDD_2013J
group1,M,South Region,Lower Than A Level,90-100%,0-35,60,-143.0,1.0,1.0,2.73,3.4402695454650862,6.237623762376238,0.9711587964443882,3.73972602739726,4.4002127387342,6.283783783783784,1.2480105569783926,14.1875,16.203780423098802,4.0,0.7621563835205847,71.5,64.0,59.0,DDD_2013J
group1,F,Yorkshire Region,HE Qualification,30-40%,0-35,120,-73.0,0.0,0.8333333333333334,6.972222222222222,7.828468600877225,4.945945945945946,0.9377278456442683,14.0,11.445523142259598,7.0,0.9747375947837487,43.4,46.992552601449525,7.666666666666667,1.206472776131444,70.0,38.0,44.0,DDD_2013J
group1,M,Scotland,A Level or Equivalent,90-100%,0-35,60,-79.0,0.16666666666666666,1.0,5.6875,6.879374816968503,6.244897959183674,0.9395978954958417,6.275,7.44548563965148,4.097560975609756,1.0559731838826993,11.217391304347826,12.06782544898598,9.458333333333334,1.0638470093735215,78.5,26.0,57.333333333333336,DDD_2013J
group3,F,Wales,HE Qualification,50-60%,0-35,90,-46.0,0.0,1.0,2.65625,2.274934932557066,3.670103092783505,1.1371236168220025,5.266666666666667,6.45051090295109,4.804347826086956,1.147154761398911,3.0384615384615383,2.982382503067874,5.113924050632911,1.5600148111975634,84.5,88.0,93.66666666666667,DDD_2013J
group3,M,Yorkshire Region,HE Qualification,10-20,35-55,150,-10.0,0.0,1.0,6.071428571428571,7.623432608653137,2.302325581395349,0.9345481621188184,6.0256410256410255,9.471528469679898,4.05,0.7767973440365122,40.6,53.52382647008714,1.8333333333333333,0.7977240352174658,62.5,63.0,50.0,DDD_2013J
group1,F,Yorkshire Region,A Level or Equivalent,70-80%,0-35,180,-162.0,0.0,1.0,2.872093023255814,2.897449229633488,3.5517241379310347,1.1113572061230337,6.594594594594595,7.736850706770737,5.315789473684211,1.301255303981726,6.0,9.586448768965493,6.309523809523809,1.2327615183790235,83.5,71.0,66.0,DDD_2013J
group1,M,East Midlands Region,Lower Than A Level,40-50%,0-35,60,-205.0,0.5,1.0,2.1983471074380163,1.977455581931588,3.9672131147540983,1.2344172485764642,4.071428571428571,4.520085046895559,6.421052631578948,0.9014903006470505,4.1,3.780861707896401,4.573770491803279,0.8439623527269999,46.5,51.0,39.333333333333336,DDD_2013J
group1,M,South East Region,A Level or Equivalent,50-60%,0-35,60,-36.0,0.16666666666666666,1.0,6.348837209302325,6.156234628910886,6.75,1.0293728333207557,9.125,11.337941305346321,13.92,1.042814468694397,25.333333333333332,32.65348373451139,7.2,1.0736748938937606,77.5,56.0,66.33333333333333,DDD_2013J
group1,F,East Anglian Region,Lower Than A Level,30-40%,0-35,60,-173.0,0.2,0.8333333333333334,7.405405405405405,6.41811437979974,2.973684210526316,0.8980011914635733,13.45,15.298692754611421,6.285714285714286,1.2127365862165658,11.681818181818182,14.881712534697341,7.6521739130434785,0.8152963640033143,71.0,10.0,62.5,DDD_2013J
group1,F,London Region,A Level or Equivalent,50-60%,0-35,90,-114.0,0.0,1.0,3.0813953488372094,2.5168379614534993,6.264367816091954,1.3873185672378128,5.488888888888889,6.747464918640395,5.195652173913044,1.2328052672163112,28.875,39.386137880513964,2.888888888888889,0.5520269267079739,66.5,18.0,41.0,DDD_2013J
group1,M,Ireland,A Level or Equivalent,90-100%,0-35,60,-145.0,0.3333333333333333,1.0,4.258620689655173,4.740865065881729,5.610169491525424,1.350341648713262,4.433962264150943,5.507021510910008,7.037037037037037,1.2771809330451467,11.35,19.167612486197978,7.380952380952381,1.2574522910663501,61.5,24.0,55.333333333333336,DDD_2013J
group1,F,South West Region,A Level or Equivalent,20-30%,0-35,90,-152.0,0.3333333333333333,1.0,2.5090909090909093,2.474625185391411,5.045045045045045,1.1574266627272056,4.581818181818182,4.4956394885237865,9.053571428571429,1.1769959772732987,3.45,3.3898582920981117,4.246913580246914,1.055324648425737,54.0,47.0,57.333333333333336,DDD_2013J
group3,M,South Region,Lower Than A Level,70-80%,0-35,60,-74.0,0.0,1.0,1.8243243243243243,1.7051989977681012,5.832214765100671,1.1694057079773266,2.2232142857142856,2.0255566309979254,6.884955752212389,1.0728621691466382,2.547169811320755,2.4461128559865792,4.214953271028038,0.7689698912407047,89.5,82.0,90.33333333333333,DDD_2013J
group1,F,South East Region,Lower Than A Level,30-40%,0-35,60,-170.0,0.16666666666666666,1.0,3.0609756097560976,3.615288390646854,4.385542168674699,1.09030290076142,4.220338983050848,4.705344710924646,5.333333333333333,0.9029033032390567,4.350877192982456,5.386793467328141,4.603448275862069,0.7599674557130283,68.0,30.0,46.333333333333336,DDD_2013J
group1,F,Scotland,HE Qualification,30-40%,0-35,60,-78.0,0.5,1.0,4.892857142857143,4.474893889767144,6.684210526315789,0.9029405465495839,6.230769230769231,6.157842831713146,5.1,1.016775855879543,6.583333333333333,7.549361373179663,12.108108108108109,0.5423510034741226,58.5,27.0,47.333333333333336,DDD_2013J
group3,M,East Anglian Region,A Level or Equivalent,50-60%,0-35,60,-69.0,0.0,1.0,1.832214765100671,1.490522693389889,6.36,1.176801100835246,2.6470588235294117,1.9561008491928231,6.0,1.1081679366010344,2.84375,2.8921968521487176,5.793814432989691,0.9829249782657743,88.0,77.0,89.33333333333333,DDD_2013J
group1,M,South West Region,A Level or Equivalent,30-40%,0-35,60,-86.0,0.3333333333333333,1.0,3.76056338028169,5.381090672059481,5.527777777777778,0.9605616691469308,5.044444444444444,7.603693945455828,7.456521739130435,1.0647308555430273,4.9361702127659575,7.718989163713615,7.104166666666667,0.7974329088221456,81.0,40.0,75.66666666666667,DDD_2013J
group1,F,London Region,A Level or Equivalent,20-30%,0-35,180,-44.0,0.0,1.0,4.344827586206897,6.273172409157516,9.05084745762712,1.103636715298444,6.097560975609756,9.372312622956994,17.095238095238095,0.8067950724714662,11.5,16.766194057027217,8.952380952380953,1.0355824275436558,76.0,68.0,66.0,DDD_2013J
group1,M,East Anglian Region,A Level or Equivalent,60-70%,0-35,70,-29.0,0.0,1.0,4.981481481481482,6.702550178542269,3.5636363636363635,1.2281408154431102,9.12,11.001212054435943,4.961538461538462,1.2214899664412717,10.36,14.302913456122612,3.730769230769231,0.8526838961547305,70.0,30.0,57.333333333333336,DDD_2013J
group1,F,North Western Region,Lower Than A Level,40-50%,0-35,120,-45.0,0.16666666666666666,1.0,2.423076923076923,2.534010627069876,4.247619047619048,1.2553731367532326,3.3,4.267674246971161,9.549295774647888,1.2317833163519185,4.788461538461538,6.571884674502612,8.641509433962264,0.8241425378848504,66.5,15.0,48.666666666666664,DDD_2013J
group3,F,South Region,Post Graduate Qualification,90-100%,35-55,60,-53.0,0.0,1.0,2.533333333333333,2.8858629780717457,6.962264150943396,0.9113833628663737,3.5694444444444446,3.956903003252898,7.260273972602739,1.0524344965490833,4.925925925925926,8.827170430309492,7.381818181818182,1.0758613923020661,95.0,95.0,82.66666666666667,DDD_2013J
group1,M,West Midlands Region,A Level or Equivalent,70-80%,0-35,120,-87.0,0.0,1.0,2.2327586206896552,1.7363517907467327,7.931623931623932,1.1088074080573693,3.6,3.4699538484171413,8.605633802816902,1.2918452154525784,2.7472527472527473,2.7227168073794994,5.945652173913044,1.0926349439719008,70.0,61.0,59.333333333333336,DDD_2013J
group3,F,London Region,A Level or Equivalent,40-50%,0-35,60,-141.0,0.0,1.0,3.289473684210526,3.313873018986231,4.246753246753247,1.0275684422717664,8.928571428571429,9.805246409084127,5.551724137931035,1.0646694713813951,6.647058823529412,22.371359331968886,2.2285714285714286,1.296457521046882,94.0,77.0,81.33333333333333,DDD_2013J
group3,F,North Western Region,A Level or Equivalent,90-100%,35-55,150,-177.0,0.0,1.0,1.452127659574468,1.0661770100555366,6.476190476190476,1.0283783328067497,2.0681818181818183,2.0007371993181913,7.488721804511278,1.318021873248069,2.9545454545454546,2.8035654266234653,5.595505617977528,1.1116339635283985,82.0,89.0,93.33333333333333,DDD_2013J
group3,F,London Region,A Level or Equivalent,30-40%,0-35,120,-127.0,0.0,1.0,1.6547619047619047,1.304015425674233,8.071005917159763,0.9769479036818556,2.3628318584070795,1.8030824148358462,5.254385964912281,1.1996557022176917,3.585714285714286,4.629748974767226,4.605633802816901,0.8787460576426177,75.0,91.0,94.33333333333333,DDD_2013J
group1,M,South Region,A Level or Equivalent,10-20,0-35,60,-82.0,0.16666666666666666,1.0,8.814814814814815,7.200625170705864,4.642857142857143,1.030080137056043,8.5,7.22393142168343,5.344827586206897,1.091257472830461,17.0,35.119575956788196,15.266666666666667,0.7692781470243246,66.0,70.0,85.0,DDD_2013J
group1,F,South Region,Lower Than A Level,70-80%,0-35,90,-43.0,0.0,1.0,8.03225806451613,7.068634337539993,6.0,1.2011279421166312,9.576923076923077,8.92265914141329,5.407407407407407,1.4856541738451328,14.647058823529411,19.30978112405274,5.611111111111111,0.7303280636003973,65.0,51.0,78.33333333333333,DDD_2013J
group3,M,East Midlands Region,Lower Than A Level,40-50%,0-35,120,-169.0,0.0,1.0,1.7160493827160495,1.6169488013284867,6.564417177914111,1.1240135279614145,3.63768115942029,5.335703863631779,9.114285714285714,1.4031811590806256,3.3076923076923075,4.765426603074557,5.620253164556962,0.9131153955944546,87.0,70.0,82.33333333333333,DDD_2013J
group1,M,South Region,A Level or Equivalent,50-60%,0-35,210,-44.0,0.16666666666666666,1.0,2.2017543859649122,2.2856993839201953,6.095652173913043,0.8987998964643367,3.027027027027027,3.3636777530935986,5.453333333333333,0.9113739076554911,4.444444444444445,6.938181662357524,6.472727272727273,0.875368517632092,78.0,77.0,81.66666666666667,DDD_2013J
group1,M,East Midlands Region,Lower Than A Level,30-40%,0-35,60,-130.0,0.0,1.0,1.4234693877551021,1.210746836304843,8.187817258883248,0.977760551195888,1.9069767441860466,1.897538950790587,6.3076923076923075,1.0166226995625827,2.576923076923077,4.34370945159211,7.3619047619047615,0.9097813398976322,77.0,44.0,74.66666666666667,DDD_2013J
group1,M,East Anglian Region,Lower Than A Level,80-90%,0-35,60,-171.0,0.6,0.8333333333333334,3.0987654320987654,3.6318209560480983,9.048780487804878,0.9152044918201891,4.327586206896552,5.452789181772851,5.864406779661017,1.1278121767642295,4.280701754385965,4.414887095971475,9.293103448275861,2.1863704040712997,74.5,38.0,63.0,DDD_2013J
group1,F,East Midlands Region,Lower Than A Level,10-20,0-35,150,-71.0,0.0,1.0,3.5974025974025974,3.014263199923693,6.3076923076923075,2.7366842728093856,5.52,6.276746850113374,6.294117647058823,0.7086388639557848,4.709090909090909,4.954133056694617,3.4464285714285716,1.1276663749502218,54.0,25.0,44.333333333333336,DDD_2013J
group1,F,East Anglian Region,Post Graduate Qualification,90-100%,35-55,60,-39.0,0.16666666666666666,1.0,2.2416666666666667,2.3442969716562208,7.0,1.0258918263964414,4.032786885245901,4.301035585045204,9.193548387096774,1.130532631996905,2.606382978723404,2.8444176043021794,6.989473684210527,0.8739794039612205,79.0,70.0,73.66666666666667,DDD_2013J
group3,F,Scotland,HE Qualification,80-90%,35-55,60,-65.0,0.0,1.0,3.9193548387096775,5.499026402939169,6.73015873015873,0.8757275874407351,6.108108108108108,6.8830862900937735,4.657894736842105,1.1996706539438993,4.913043478260869,6.242599483322532,10.042553191489361,0.8934651354645693,82.5,95.0,89.33333333333333,DDD_2013J
group1,M,East Anglian Region,A Level or Equivalent,90-100%,0-35,90,-127.0,0.0,1.0,2.8617021276595747,2.875932999914189,2.5157894736842104,0.981918424641624,7.766666666666667,9.474769884689342,3.7096774193548385,0.7380554843103633,8.096774193548388,9.155525976915717,5.15625,0.8300818108308218,67.5,36.0,72.66666666666667,DDD_2013J
group1,M,Scotland,A Level or Equivalent,50-60%,0-35,150,-61.0,0.0,1.0,4.032258064516129,3.4969201528290244,6.428571428571429,0.8924004711019852,4.142857142857143,3.4558439118191,7.43859649122807,0.9648330950938584,10.3,14.970497302150127,5.809523809523809,0.865753831246616,65.0,35.0,71.66666666666667,DDD_2013J
group1,M,Scotland,A Level or Equivalent,30-40%,0-35,60,-36.0,0.6666666666666666,1.0,6.1395348837209305,8.181225299279056,5.363636363636363,0.8376551724170553,7.545454545454546,9.624483457213785,9.117647058823529,1.0552677434688447,12.45,21.419310028692877,3.857142857142857,1.1928762794252998,63.5,23.0,55.0,DDD_2013J
group1,M,South Region,Lower Than A Level,70-80%,35-55,60,-141.0,0.3333333333333333,1.0,1.354368932038835,0.8058658968544339,7.507246376811594,1.021014712171692,2.311926605504587,2.2717966772384184,7.363636363636363,1.5131995573857697,2.022222222222222,1.772369468349731,6.610294117647059,1.0158347686793172,93.5,82.0,89.33333333333333,DDD_2013J
group1,F,South Region,A Level or Equivalent,70-80%,0-35,60,-86.0,0.0,1.0,1.8,1.64514239702632,6.185897435897436,0.9883919136634525,2.9302325581395348,3.2495816841173606,4.988505747126437,0.8534619442234288,2.6320754716981134,2.6270587271994006,10.42056074766355,1.801069703888273,65.5,52.0,51.333333333333336,DDD_2013J
group3,M,West Midlands Region,A Level or Equivalent,60-70%,0-35,60,-37.0,0.0,1.0,2.816326530612245,2.826045792288868,4.101010101010101,1.1098730973046664,4.862745098039215,6.618216097539086,5.384615384615385,1.1244499789239362,6.641025641025641,11.750671155495262,4.525,0.9427784640401304,82.0,76.0,77.0,DDD_2013J
group1,F,London Region,No Formal quals,50-60%,0-35,75,-64.0,0.0,1.0,3.3037974683544302,3.243749138154114,12.1625,1.351226825548734,4.064516129032258,4.64783033373756,12.238095238095237,0.9698633837394801,5.340425531914893,9.060848879861192,5.208333333333333,0.8173713966123357,72.0,28.0,39.0,DDD_2013J
group1,M,South Region,A Level or Equivalent,50-60%,0-35,90,-38.0,0.0,1.0,3.5616438356164384,3.1666065843855593,3.2567567567567566,1.1967555987276746,5.777777777777778,6.917990015791136,9.673913043478262,1.1776331542458554,11.545454545454545,13.58825568793481,5.130434782608695,0.8665642732992689,65.5,30.0,69.66666666666667,DDD_2013J
group3,M,West Midlands Region,A Level or Equivalent,30-40%,0-35,60,-58.0,0.3333333333333333,1.0,3.1954022988505746,3.48030699147049,4.795454545454546,1.1252406534405217,5.666666666666667,5.843102255791114,3.7142857142857144,0.9421114395319915,5.6521739130434785,7.349126603600511,5.425531914893617,1.0507462425734384,67.5,56.0,71.66666666666667,DDD_2013J
group3,M,North Western Region,Lower Than A Level,60-70%,0-35,80,-60.0,0.0,1.0,2.1826086956521737,1.9266487980822529,6.189655172413793,1.1811209054830405,3.0609756097560976,3.6289220961112796,5.831325301204819,1.1252499361884682,4.826923076923077,5.264461515937821,4.6415094339622645,1.1741706492654314,89.5,86.0,85.33333333333333,DDD_2013J
group1,F,East Anglian Region,A Level or Equivalent,20-30%,0-35,180,-156.0,0.0,1.0,2.3789473684210525,2.8886385933052203,6.083333333333333,1.497918741271136,2.8205128205128207,3.436789462786717,5.481012658227848,1.170169360413902,8.84,14.296503068932626,4.346153846153846,0.7440473039242439,79.0,51.0,74.33333333333333,DDD_2013J
group3,M,East Anglian Region,A Level or Equivalent,30-40%,0-35,60,-38.0,0.16666666666666666,1.0,8.379310344827585,8.83747617941202,4.6,0.7564051217797036,10.125,10.09223765423532,2.8,0.8748177652797064,11.375,14.146259811931444,3.6470588235294117,0.6090712125322325,56.5,78.0,58.333333333333336,DDD_2013J
group3,M,East Anglian Region,Lower Than A Level,70-80%,0-35,60,-37.0,0.0,1.0,4.106060606060606,2.807291538277737,7.82089552238806,0.701002802977739,5.2,4.09323166392344,5.456521739130435,0.8040409205234277,4.584905660377358,3.4049396372383125,6.648148148148148,0.7610372468206344,86.5,75.0,87.0,DDD_2013J
group1,M,West Midlands Region,Lower Than A Level,60-70%,0-35,60,-165.0,0.3333333333333333,1.0,5.1521739130434785,6.362974116993293,5.74468085106383,1.518166174117952,5.2444444444444445,6.85948432846998,8.847826086956522,1.1460724766941797,23.3,25.351090268029456,6.7272727272727275,1.088823625863983,68.5,45.0,71.33333333333333,DDD_2013J
group3,F,Scotland,A Level or Equivalent,20-30%,35-55,60,-39.0,0.0,1.0,1.889655172413793,1.364822136251289,8.273972602739725,1.2662197102877861,2.9782608695652173,2.9313697839610944,5.752688172043011,1.2919795992307188,2.956043956043956,3.2038590893972025,8.554347826086957,1.1589612657789095,86.0,75.0,87.0,DDD_2013J
group1,M,East Anglian Region,A Level or Equivalent,80-90%,0-35,90,-43.0,0.0,1.0,4.295081967213115,4.371667348945486,3.3225806451612905,0.9875748008028027,7.466666666666667,10.653583930993017,6.225806451612903,1.0326881120509992,17.333333333333332,23.792028204014176,3.0,0.8573463331948967,57.5,65.0,28.666666666666668,DDD_2013J
group3,F,South West Region,A Level or Equivalent,20-30%,0-35,60,-73.0,0.0,1.0,2.4035087719298245,2.3032078370460494,5.48695652173913,1.03581742566268,3.074074074074074,3.3532736906558114,7.0,1.1204244378163783,3.364864864864865,3.692177307383757,6.426666666666667,1.5088651216521094,89.5,89.0,89.33333333333333,DDD_2013J
group3,M,Scotland,A Level or Equivalent,60-70%,35-55,90,-73.0,0.0,1.0,2.831460674157303,2.6935780320817098,6.433333333333334,0.959892630934572,4.648148148148148,5.670703950868246,4.527272727272727,1.2429962172651798,5.0638297872340425,4.927316296265265,5.416666666666667,0.7693846000030761,89.5,64.0,93.66666666666667,DDD_2013J
group1,F,Wales,Lower Than A Level,70-80%,35-55,60,-50.0,0.16666666666666666,1.0,1.3098591549295775,0.9405671105790675,9.070093457943925,1.1367672708828431,1.8026315789473684,2.0652901715028085,7.640522875816994,1.017396021535501,1.9924812030075187,2.115943233333412,6.059701492537314,0.7771160403650643,44.5,56.0,44.666666666666664,DDD_2013J
group1,M,South Region,Lower Than A Level,10-20,35-55,90,-192.0,0.0,1.0,2.1627906976744184,1.4989094873149582,6.053846153846154,1.1523460682464504,2.450980392156863,2.1554786332101705,7.281553398058253,1.2463151019438596,10.23076923076923,12.349275905275395,7.037037037037037,0.9278097999755919,62.5,46.0,42.666666666666664,DDD_2013J
group1,M,Yorkshire Region,A Level or Equivalent,30-40%,0-35,90,-90.0,0.16666666666666666,1.0,2.8947368421052633,2.9874691637704447,3.9895833333333335,0.7746741132437914,5.5777777777777775,6.54178488601922,4.565217391304348,0.7430402704681724,10.304347826086957,11.772212206597116,2.9583333333333335,0.6434323256619955,64.5,56.0,52.0,DDD_2013J
group1,F,London Region,Lower Than A Level,30-40%,0-35,90,-53.0,0.0,1.0,3.6666666666666665,3.168757744136595,4.8059701492537314,0.9465377957854367,4.481481481481482,5.127582610175959,8.636363636363637,0.828629011549296,15.2,17.70068602383212,2.125,0.4032738000235908,81.5,68.0,75.33333333333333,DDD_2013J
group1,M,Scotland,Lower Than A Level,40-50%,35-55,60,-114.0,0.0,1.0,1.3160377358490567,0.7904209439984728,9.126760563380282,1.2017949411725586,1.9593495934959348,1.467675612882994,5.935483870967742,1.8851920534656155,1.5248618784530388,1.708049767598775,6.626373626373627,0.9452692676865303,85.5,44.0,71.0,DDD_2013J
group1,F,North Region,A Level or Equivalent,50-60%,0-35,120,-107.0,0.2,0.8333333333333334,3.1184210526315788,3.0153699839905017,4.376623376623376,1.148670782573999,5.266666666666667,6.17693657524063,2.9782608695652173,0.9379775055094947,9.454545454545455,20.602189603297422,3.9130434782608696,0.807832032413046,85.5,43.0,73.0,DDD_2013J
group3,M,North Region,A Level or Equivalent,70-80%,0-35,60,-45.0,0.0,1.0,4.031746031746032,4.554219078868602,5.34375,0.8975989082789896,5.7073170731707314,7.082527452961352,5.214285714285714,0.9837295235823964,5.521739130434782,6.615601527818859,5.531914893617022,1.6033987570047874,85.5,95.0,89.0,DDD_2013J
group3,M,South West Region,A Level or Equivalent,80-90%,0-35,60,-157.0,0.0,1.0,1.5251396648044693,2.0968634568775935,5.25,1.015252786853802,2.606382978723404,2.3010894339275403,6.2,1.076156962013327,2.237704918032787,3.133538328736632,6.9105691056910565,1.0034018262458442,86.0,77.0,86.66666666666667,DDD_2013J
group1,F,Scotland,HE Qualification,90-100%,0-35,60,-53.0,0.0,1.0,3.3095238095238093,3.2744950515766194,6.294117647058823,0.9937880251004667,5.717948717948718,4.850115125864854,6.975,0.8927465718018804,4.212121212121212,4.4944928746707555,8.686567164179104,0.7626388873713615,88.5,62.0,86.0,DDD_2013J
group3,F,South East Region,Lower Than A Level,80-90%,0-35,60,-59.0,0.16666666666666666,1.0,2.9886363636363638,2.9691684589314002,4.123595505617978,0.9471555828632746,5.9523809523809526,7.001576062825483,4.6976744186046515,1.1399260626423733,5.104166666666667,5.787880159228304,4.224489795918367,0.9873762706930186,75.5,66.0,71.66666666666667,DDD_2013J
group3,M,North Western Region,HE Qualification,90-100%,0-35,90,-52.0,0.0,1.0,2.4107142857142856,2.927205633113741,7.451327433628318,1.2951413960113303,3.876923076923077,4.09461419240145,6.2272727272727275,1.4427649410244494,6.4,8.31063575586529,7.121951219512195,1.5552847576651063,88.5,90.0,93.33333333333333,DDD_2013J
group3,M,South West Region,A Level or Equivalent,60-70%,0-35,120,-53.0,0.6666666666666666,1.0,4.4423076923076925,4.267586274388771,4.150943396226415,0.9175290208664963,6.966666666666667,7.748118051071067,5.0,1.2128345896846295,25.875,26.29197324551463,2.5555555555555554,0.6419488287058001,79.0,60.0,88.0,DDD_2013J
group3,M,Scotland,HE Qualification,60-70%,0-35,120,-87.0,0.0,1.0,2.082089552238806,1.7559715836101721,5.385185185185185,1.3165533209817784,5.456521739130435,5.528538170214339,5.531914893617022,0.9425195994069684,2.8229166666666665,2.927167812666156,5.309278350515464,0.931933651022737,92.5,85.0,94.66666666666667,DDD_2013J
group3,F,Yorkshire Region,Lower Than A Level,50-60%,0-35,90,-45.0,0.0,1.0,1.3582089552238805,0.806873457314964,5.282178217821782,1.2333193503615056,2.4752475247524752,2.472221913202537,7.078431372549019,0.9407929783374785,2.048780487804878,2.271901271148388,10.5,1.1692735538351748,81.5,77.0,83.66666666666667,DDD_2013J
group1,M,East Anglian Region,A Level or Equivalent,60-70%,0-35,60,24.0,0.6,0.8333333333333334,4.875,6.4399848024136785,4.877551020408164,1.0040794924593348,5.0,7.690439333539869,8.681818181818182,0.9052142536673985,11.631578947368421,18.318814027344157,6.05,0.886226366299432,57.0,48.0,58.666666666666664,DDD_2013J
group1,F,Ireland,A Level or Equivalent,30-40%,0-35,150,-183.0,0.16666666666666666,1.0,1.6294117647058823,0.9410209147468246,5.748538011695906,1.1323985645270735,3.5205479452054793,6.305001517845213,5.635135135135135,0.9023066592061298,2.353448275862069,2.654788324796398,9.905982905982906,1.733228720260257,49.5,24.0,47.333333333333336,DDD_2013J
group3,F,South East Region,HE Qualification,90-100%,35-55,60,-151.0,0.0,1.0,1.763157894736842,1.1082881143640277,4.660130718954249,1.4055661269030588,1.8613138686131387,1.213784079014061,2.6956521739130435,1.1179176420105457,2.279279279279279,1.5676918248360094,8.544642857142858,1.1362746334907177,90.5,84.0,89.33333333333333,DDD_2013J
group1,M,North Western Region,Lower Than A Level,10-20,0-35,120,-38.0,0.5,1.0,2.252173913043478,2.219702359772627,4.181034482758621,0.9202323106584359,5.212765957446808,5.46505169319108,3.6666666666666665,0.7517197912973286,4.5576923076923075,5.410278748711863,8.39622641509434,0.9968312375204001,64.5,32.0,61.333333333333336,DDD_2013J
group1,F,East Anglian Region,Lower Than A Level,80-90%,35-55,60,-56.0,0.3333333333333333,1.0,1.4840425531914894,1.3423423690000615,11.862433862433862,1.0091857843050926,1.701219512195122,1.680563293123358,11.878787878787879,1.3439631634050666,3.5,4.379630055186151,5.28169014084507,1.0119780410441501,65.5,16.0,58.333333333333336,DDD_2013J
group1,M,South Region,Lower Than A Level,60-70%,0-35,180,-176.0,0.2,0.8333333333333334,8.0,9.67658842962558,2.8,0.7721463025466374,10.5,11.713982725971036,7.0,0.9629885455058694,23.09090909090909,44.21414829091373,5.666666666666667,0.673266067191741,66.5,24.0,62.0,DDD_2013J
group1,M,South Region,Lower Than A Level,60-70%,35-55,60,-56.0,0.0,1.0,2.302521008403361,2.3989920971487226,7.25,1.3979487832657411,4.421052631578948,5.223393014743018,6.913793103448276,1.3295138835762859,3.1547619047619047,3.0477882465223374,5.976470588235294,1.038441335233153,68.5,64.0,49.333333333333336,DDD_2013J
group1,F,North Western Region,HE Qualification,0-10%,0-35,60,-70.0,0.3333333333333333,1.0,2.282051282051282,2.1328552735797937,7.737288135593221,1.106239358869135,3.410958904109589,3.30334685684398,5.945945945945946,1.3471273384931741,3.4025974025974026,3.3570810482813793,9.551282051282051,0.8398706093331297,67.5,11.0,51.0,DDD_2013J
group1,F,London Region,A Level or Equivalent,40-50%,0-35,60,-85.0,0.5,1.0,2.3675213675213675,3.1775025179682657,5.559322033898305,0.9453333752506992,3.269230769230769,5.06496260142621,5.341772151898734,1.01092946945838,5.2745098039215685,7.045788618380625,6.826923076923077,1.0907593688772486,65.0,15.0,44.0,DDD_2013J
group1,M,North Western Region,Lower Than A Level,20-30%,0-35,70,-103.0,0.16666666666666666,1.0,2.3333333333333335,2.523050080936654,5.504347826086956,0.8427731401986778,2.48,3.0267494315209045,9.693069306930694,1.0535715597810185,29.6,37.340326725940685,3.6666666666666665,0.7329325225725954,81.0,37.0,55.0,DDD_2013J
group3,F,South West Region,A Level or Equivalent,50-60%,0-35,60,-59.0,0.0,1.0,3.25,3.270440816240239,3.458823529411765,0.9558609888455332,5.837209302325581,7.367658517234501,4.295454545454546,0.964458980956848,7.388888888888889,8.181085424939575,3.5945945945945947,0.631936883893254,81.5,84.0,85.33333333333333,DDD_2013J
group3,F,North Western Region,A Level or Equivalent,90-100%,0-35,60,-176.0,0.16666666666666666,1.0,2.375,2.9473610123188054,7.035398230088496,0.8947614640828523,2.739130434782609,3.4382130715906696,4.516129032258065,1.1999716549940316,4.09375,5.6560650127603225,5.6923076923076925,1.135553333518579,93.0,74.0,92.66666666666667,DDD_2013J
group3,M,London Region,A Level or Equivalent,20-30%,0-35,120,-165.0,0.16666666666666666,1.0,1.7448275862068965,2.0909172307627055,5.924657534246576,1.0209846732266263,2.3425925925925926,2.9167964664783352,5.4036697247706424,0.9888590484395043,7.75,11.75283081891612,4.2727272727272725,1.0050423649900422,95.0,91.0,98.33333333333333,DDD_2013J
group1,M,South Region,HE Qualification,90-100%,35-55,60,-59.0,0.0,1.0,2.5384615384615383,2.343854086561037,6.619047619047619,0.7929872228306664,4.406779661016949,4.414391214589081,3.816666666666667,0.8826903614375693,5.3061224489795915,5.4741973598596045,5.96,0.804641729677903,76.5,34.0,52.333333333333336,DDD_2013J
group1,M,South Region,HE Qualification,50-60%,35-55,60,-102.0,0.0,1.0,4.596153846153846,5.057549648441971,5.660377358490566,1.842359598148225,6.2631578947368425,5.787611235409068,6.923076923076923,1.2758600746324624,12.588235294117647,21.16618418471257,9.5,1.630446692584332,80.0,70.0,61.666666666666664,DDD_2013J
group1,M,East Anglian Region,Lower Than A Level,90-100%,35-55,60,-141.0,0.6666666666666666,1.0,2.6344086021505375,3.510186871764495,7.085106382978723,1.1018975188764473,3.0,2.8383689027624674,4.287671232876712,1.0433645873998678,9.210526315789474,15.76416099669832,6.5,1.1045896718670087,69.0,25.0,47.0,DDD_2013J
group1,M,North Western Region,Lower Than A Level,20-30%,0-35,60,-113.0,0.16666666666666666,1.0,11.681818181818182,11.720500410397582,2.8260869565217392,0.8770580193070293,13.277777777777779,14.413251890720549,8.263157894736842,0.5480668729757696,29.75,42.824392248210266,4.444444444444445,1.2237238250520417,76.5,58.0,46.0,DDD_2013J
group3,F,South West Region,A Level or Equivalent,90-100%,0-35,60,-29.0,0.5,1.0,3.6,3.405083639882374,6.473684210526316,1.3555920174449954,4.611111111111111,6.0979943088850925,7.236363636363636,1.1811343730122037,8.655172413793103,16.863476726068097,4.1,0.670472973008754,79.5,57.0,84.0,DDD_2013J
group1,M,North Western Region,Lower Than A Level,0-10%,0-35,60,-37.0,0.0,1.0,2.0991735537190084,2.1502130075788846,9.040983606557377,1.4003320781184705,3.4927536231884058,3.9393310435604088,4.728571428571429,1.3104575685200863,2.7471264367816093,3.073587370002219,8.340909090909092,1.3694612536347852,62.0,59.0,54.666666666666664,DDD_2013J
group1,F,South West Region,Lower Than A Level,90-100%,0-35,120,-137.0,0.16666666666666666,1.0,1.7222222222222223,1.5348831733608772,4.6482758620689655,0.9784008731750211,3.838709677419355,4.627762084888444,4.095238095238095,1.136802609544209,2.595744680851064,3.309546793312031,5.91578947368421,0.6294658461171028,74.5,66.0,71.66666666666667,DDD_2013J
group1,F,West Midlands Region,A Level or Equivalent,30-40%,0-35,120,-68.0,0.0,1.0,4.166666666666667,4.0137583896214295,5.7611940298507465,1.2401508673557922,8.366666666666667,10.430338154776598,6.193548387096774,0.9998643571199489,7.588235294117647,7.245134823426384,3.3714285714285714,0.897105050699642,88.5,33.0,70.0,DDD_2013J
group1,M,Wales,Lower Than A Level,70-80%,35-55,60,-60.0,0.16666666666666666,1.0,3.9344262295081966,3.940680366210114,11.612903225806452,1.2242943293743835,4.067796610169491,4.067806351050095,7.283333333333333,1.139420369412019,18.384615384615383,20.84681614994826,15.071428571428571,1.222023003657673,83.0,58.0,68.66666666666667,DDD_2013J
group1,F,Scotland,A Level or Equivalent,70-80%,0-35,90,-106.0,0.0,1.0,3.0,3.415650255319866,5.728260869565218,1.099618446836877,3.4507042253521125,3.388167361334215,6.972222222222222,0.8085097628958046,7.628571428571429,8.39147226192693,9.722222222222221,0.9208159646836749,82.5,32.0,73.66666666666667,DDD_2013J
group3,F,Ireland,A Level or Equivalent,60-70%,35-55,60,-43.0,0.3333333333333333,1.0,2.082089552238806,1.895973206017199,6.2,1.041365143086884,3.158536585365854,3.225934689683252,7.072289156626506,1.4934691877022237,2.963855421686747,3.8205024032172186,15.583333333333334,1.1386751307650604,87.5,82.0,71.66666666666667,DDD_2013J
group1,M,East Anglian Region,A Level or Equivalent,50-60%,0-35,60,-145.0,0.0,1.0,5.408163265306122,4.217613698067007,5.64,0.7444781892418529,6.075,5.464981760356173,7.585365853658536,0.6945337620578778,27.11111111111111,35.94594707489443,4.1,0.8267537198379655,69.5,59.0,62.0,DDD_2013J
group1,F,North Western Region,A Level or Equivalent,60-70%,0-35,120,-145.0,0.8333333333333334,1.0,4.39344262295082,4.758426520481288,5.241935483870968,1.0133359285755201,5.926829268292683,7.574266446007953,9.047619047619047,0.8082332566963062,26.142857142857142,26.08593855846844,4.0,0.625,47.0,36.0,42.666666666666664,DDD_2013J
group3,M,South West Region,A Level or Equivalent,30-40%,35-55,80,-160.0,0.0,1.0,2.347826086956522,3.3744225711649087,7.758620689655173,0.8637214914628527,4.60377358490566,9.311571838395306,5.055555555555555,1.0511033529888545,2.784090909090909,4.063996288226775,10.235955056179776,1.4917878854746156,90.0,84.0,91.33333333333333,DDD_2013J
group1,M,London Region,HE Qualification,20-30%,35-55,60,-67.0,0.0,1.0,2.5272727272727273,2.8242368163208655,6.531531531531532,0.9579665344331896,3.1125,3.3902083502681437,7.864197530864198,1.285132405423043,5.634146341463414,8.092453575897038,4.880952380952381,0.9999048140301963,87.5,25.0,58.666666666666664,DDD_2013J
group3,M,Wales,Lower Than A Level,10-20,35-55,60,-89.0,0.0,1.0,1.4232804232804233,0.9624259190545034,8.115789473684211,1.1064047989231507,1.8057553956834533,1.5411161861311617,6.571428571428571,1.2741059358341393,2.0813008130081303,1.7860731537115633,5.620967741935484,0.9453347531712755,83.5,69.0,78.66666666666667,DDD_2013J
group1,F,West Midlands Region,A Level or Equivalent,30-40%,0-35,120,-122.0,0.0,1.0,4.293103448275862,3.875286613914885,3.6779661016949152,1.0647854109107673,9.12,6.814934580268055,5.615384615384615,0.9488711923588455,8.586206896551724,16.90629054815166,3.4,0.7268138428568879,74.5,62.0,70.0,DDD_2013J
group3,F,Yorkshire Region,Lower Than A Level,20-30%,0-35,60,-203.0,0.0,0.8333333333333334,1.7531645569620253,1.4874708533707504,4.339622641509434,0.8369838128432129,3.3076923076923075,2.8021684196614327,4.7594936708860756,1.0546277548131722,2.480769230769231,2.889488042908644,6.447619047619048,1.2396562508047615,83.5,78.0,83.0,DDD_2013J
group3,M,East Anglian Region,Post Graduate Qualification,90-100%,0-35,60,-183.0,0.3333333333333333,1.0,2.2601626016260163,2.370714073701347,4.733870967741935,1.3808218245003125,4.5636363636363635,4.905641636454894,5.714285714285714,0.9617692030835671,3.6666666666666665,5.093492119541462,4.602739726027397,1.071469906610062,85.5,80.0,89.66666666666667,DDD_2013J
group3,F,South East Region,A Level or Equivalent,60-70%,0-35,90,-38.0,0.0,1.0,2.63,2.2637012687948546,9.821782178217822,1.022510404184198,3.63768115942029,2.8695716758303926,7.942857142857143,1.1153457625196315,3.7611940298507465,4.53634999531163,7.764705882352941,1.0739154094729237,88.5,72.0,83.0,DDD_2013J
group1,M,South East Region,Lower Than A Level,80-90%,0-35,90,-145.0,0.0,1.0,2.0303030303030303,1.9455935491815088,4.075187969924812,1.1472751401792516,3.4788732394366195,4.410568978292217,4.027777777777778,1.182733487216622,7.108108108108108,11.132494438913158,5.052631578947368,1.043280000633685,57.5,20.0,72.0,DDD_2013J
group3,F,South East Region,Lower Than A Level,70-80%,0-35,60,-129.0,0.0,1.0,7.2368421052631575,7.1108376004378595,7.205128205128205,1.0603429631508632,10.0,12.192894105447921,8.384615384615385,0.8007970946936509,22.181818181818183,28.91303575143289,7.416666666666667,1.0275217930646654,75.0,41.0,69.33333333333333,DDD_2013J
group1,F,East Anglian Region,HE Qualification,90-100%,35-55,60,-45.0,0.0,1.0,2.178861788617886,2.8227196521864153,6.790322580645161,0.8840604937741773,3.0454545454545454,3.9534913739487463,4.292134831460674,1.020170200647139,3.2266666666666666,5.13223341439376,6.881578947368421,1.0100725132838129,54.0,50.0,57.666666666666664,DDD_2013J
group1,F,London Region,A Level or Equivalent,10-20,0-35,60,-56.0,0.0,0.8333333333333334,1.6226415094339623,1.5535962579436275,12.9875,0.8971067174128825,1.953125,2.4393731445973317,14.906976744186046,1.332062489674973,2.898876404494382,3.519571719232794,5.166666666666667,0.9238430343587566,83.0,59.0,64.5,DDD_2013J
group3,F,North Western Region,HE Qualification,80-90%,35-55,60,-32.0,0.3333333333333333,1.0,3.8028169014084505,4.072976161095609,5.597222222222222,0.9887738118957057,4.288135593220339,4.3984748432626875,6.533333333333333,1.2564286998808232,8.096774193548388,8.719154541237268,7.0625,0.8413597845758818,74.0,67.0,69.33333333333333,DDD_2013J
group3,F,London Region,A Level or Equivalent,60-70%,35-55,60,-156.0,0.0,1.0,1.0035971223021583,0.05997601439040671,11.989247311827956,0.9026931447794898,1.8931297709923665,2.0540837687844657,4.128787878787879,1.1172534168101516,1.7972027972027973,2.2378291812600817,13.881944444444445,1.2764955085793397,96.0,75.0,87.66666666666667,DDD_2013J
group3,F,Yorkshire Region,A Level or Equivalent,50-60%,0-35,60,-68.0,0.0,1.0,2.8160919540229883,2.2074331912363094,4.693181818181818,1.0942140177899968,4.622641509433962,4.438582652735771,5.203703703703703,1.0338001727012034,6.486486486486487,6.681739716993295,8.763157894736842,0.8448478098900002,89.0,69.0,80.33333333333333,DDD_2013J
group3,M,West Midlands Region,A Level or Equivalent,30-40%,35-55,60,-152.0,0.0,1.0,1.510989010989011,1.2602683700384845,6.420765027322404,1.1883825756969044,2.838709677419355,3.38568059621389,4.712765957446808,1.5713931005852786,1.5363128491620113,1.4543888760228951,15.311111111111112,1.0697646436616932,88.5,30.0,79.0,DDD_2013J
group1,M,West Midlands Region,A Level or Equivalent,30-40%,0-35,120,-142.0,0.0,0.8333333333333334,2.494949494949495,2.125519083653269,5.61,1.07747928686341,5.333333333333333,7.813892152385116,7.744186046511628,0.9647448026997282,6.051282051282051,12.506732330079203,8.0,1.2933121239669874,82.0,69.0,73.0,DDD_2013J
group1,M,Wales,Lower Than A Level,90-100%,0-35,60,-192.0,0.0,1.0,13.75,20.1179853199403,6.9411764705882355,0.6855507937680232,6.363636363636363,8.588727133064234,8.0,0.9952332040455556,10.571428571428571,21.831606620197412,2.75,0.35208939510976517,75.0,74.0,82.66666666666667,DDD_2013J
group3,M,South East Region,A Level or Equivalent,70-80%,0-35,150,-141.0,0.0,1.0,1.5363128491620113,1.4270933106513677,5.794444444444444,0.9084244250892135,2.6808510638297873,2.0904944414749265,4.368421052631579,1.0183681041682167,3.36,3.9852430493211024,2.973684210526316,0.7942447062823853,84.5,68.0,74.0,DDD_2013J
group3,M,East Midlands Region,A Level or Equivalent,60-70%,0-35,60,-183.0,0.0,1.0,3.5942028985507246,2.9421822662164447,3.442857142857143,0.6971571796405954,4.203389830508475,3.8764526132346075,5.533333333333333,0.6845769985950236,11.65,12.209896762355053,5.619047619047619,0.7853513788612269,72.5,67.0,74.0,DDD_2013J
group1,F,East Anglian Region,A Level or Equivalent,90-100%,35-55,120,-124.0,0.0,1.0,2.232,1.6807064566867076,9.603174603174603,0.9363705659405278,2.804123711340206,2.8049033526789144,6.13265306122449,1.017422923050327,3.41025641025641,3.093503445894892,5.506329113924051,0.938511202129553,65.0,35.0,62.0,DDD_2013J
group1,F,Yorkshire Region,A Level or Equivalent,20-30%,0-35,120,-59.0,0.0,1.0,3.244186046511628,3.7162158061555917,3.0344827586206895,0.8944368158963797,6.605263157894737,6.732492706047616,6.564102564102564,0.7026256907686518,7.84375,15.28252085057917,4.303030303030303,0.7833695954216916,50.5,22.0,54.666666666666664,DDD_2013J
group3,F,North Western Region,A Level or Equivalent,10-20,0-35,90,-150.0,0.16666666666666666,1.0,3.0352941176470587,3.0450860446969044,8.069767441860465,0.9220731193686952,4.161290322580645,4.687596288452256,6.301587301587301,1.180992246381882,7.228571428571429,11.363216493389109,5.055555555555555,0.9439681970331537,78.0,41.0,79.66666666666667,DDD_2013J
group1,M,South West Region,A Level or Equivalent,30-40%,0-35,60,-192.0,0.0,1.0,5.25,5.937618979770947,6.020408163265306,0.7937561568524831,5.8604651162790695,7.259087556950146,7.454545454545454,0.8529613878071078,33.666666666666664,13.279056191361393,4.5,0.9749960430435691,67.0,67.0,78.0,DDD_2013J
group1,M,East Midlands Region,A Level or Equivalent,0-10%,0-35,60,-150.0,0.16666666666666666,1.0,2.171875,2.3480914514913866,3.62015503875969,1.1124974983770108,4.368421052631579,4.588929142696771,5.5344827586206895,0.9275383778983782,3.011627906976744,3.2194050822236293,4.160919540229885,0.7563816386971999,67.5,40.0,55.333333333333336,DDD_2013J
group1,M,South West Region,HE Qualification,60-70%,0-35,60,-37.0,0.0,1.0,2.841463414634146,2.7997773817812504,4.734939759036145,0.9564181138592169,4.529411764705882,6.22367396696347,6.576923076923077,1.1054487916142008,4.6,5.122977450583174,6.2745098039215685,0.8320836984642831,85.5,67.0,83.66666666666667,DDD_2013J
group1,M,South West Region,Lower Than A Level,60-70%,0-35,60,-80.0,0.0,1.0,3.671641791044776,3.9327223191371097,4.573529411764706,1.2623640237360179,4.88,6.063069876434759,5.784313725490196,1.0680817483160616,16.333333333333332,17.56077880906631,4.9375,1.0823339981319342,65.0,41.0,41.666666666666664,DDD_2013J
group3,M,Scotland,A Level or Equivalent,70-80%,0-35,75,-39.0,0.0,1.0,1.1651785714285714,0.547675040541406,7.2844444444444445,0.9179243334700459,2.040983606557377,2.6360424286569155,4.560975609756097,1.2985076025060105,1.5,1.3510898515577148,8.309941520467836,0.9424583833823623,92.0,94.0,88.66666666666667,DDD_2013J
group3,M,Wales,A Level or Equivalent,0-10%,0-35,60,-148.0,0.5,1.0,1.9606299212598426,2.198128983617981,5.515625,1.0276025812439629,3.36231884057971,4.624013454376778,6.728571428571429,1.2675514865897628,3.3970588235294117,5.854299876267381,7.072463768115942,1.0526884868066657,90.5,95.0,94.0,DDD_2013J
group1,F,Scotland,HE Qualification,0-10%,0-35,60,-102.0,0.3333333333333333,1.0,3.4603174603174605,5.15196610395518,8.1875,1.0415022790475459,3.892857142857143,6.686971243813181,15.0,0.8712877252635501,8.590909090909092,17.404594606594934,8.91304347826087,1.4071289555971596,64.0,40.0,62.333333333333336,DDD_2013J
group3,F,South West Region,HE Qualification,90-100%,0-35,60,-58.0,0.0,1.0,2.576923076923077,2.7893427826414485,7.40952380952381,1.0822103071776201,3.7205882352941178,3.89352922142219,5.927536231884058,1.4292872386713678,5.976190476190476,10.282564203396944,7.372093023255814,1.3665315119146566,79.5,65.0,87.33333333333333,DDD_2013J
group3,M,Yorkshire Region,A Level or Equivalent,80-90%,0-35,90,-128.0,0.16666666666666666,1.0,2.6082474226804124,3.1442960958129134,5.285714285714286,1.2708451832982428,5.113636363636363,5.950242946343233,6.977777777777778,1.0502989650284318,7.258064516129032,12.48724079994051,4.75,1.1189627171299632,80.0,65.0,81.33333333333333,DDD_2013J
group1,M,Wales,A Level or Equivalent,90-100%,0-35,60,-56.0,0.0,1.0,6.05,5.64755449684833,3.7804878048780486,1.2163985326440188,7.5,8.447179334528032,13.212121212121213,1.1862078442428574,23.333333333333332,28.919428302325297,11.25,0.8488190779904123,76.0,69.0,70.0,DDD_2013J
group3,F,Scotland,A Level or Equivalent,60-70%,0-35,60,-65.0,0.16666666666666666,1.0,2.356521739130435,1.8552500391743958,6.2155172413793105,1.0705077982006908,2.808988764044944,2.4067915482422855,5.344444444444444,1.019578314671237,4.508474576271187,4.966692097521635,5.316666666666666,0.8372840644097436,84.0,89.0,81.66666666666667,DDD_2013J
group1,F,Yorkshire Region,Lower Than A Level,40-50%,0-35,120,-67.0,0.3333333333333333,1.0,4.581818181818182,5.130485895301294,9.839285714285714,1.1166097656967031,7.2,9.21252344557636,12.805555555555555,1.20947685429891,10.5,15.407508051201079,6.96,0.8313293383215395,66.5,52.0,56.666666666666664,DDD_2013J
group1,F,East Anglian Region,A Level or Equivalent,0-10%,0-35,60,-60.0,0.0,1.0,2.8645833333333335,3.441602416459876,4.402061855670103,1.1368425446718287,6.605263157894737,5.997925198402611,7.923076923076923,1.6011864454574103,3.816901408450704,4.805680743081728,5.958333333333333,1.121478628266437,62.5,40.0,59.666666666666664,DDD_2013J
group3,M,East Anglian Region,Lower Than A Level,50-60%,0-35,60,-36.0,0.16666666666666666,1.0,3.111111111111111,3.3203915431767985,5.463414634146342,0.8091202272170908,5.340425531914893,5.957372472114519,4.708333333333333,1.1154304711078813,3.0121951219512195,4.117094452024326,5.783132530120482,1.152966433692769,91.5,62.0,95.33333333333333,DDD_2013J
group3,F,South West Region,A Level or Equivalent,40-50%,0-35,60,-99.0,0.0,1.0,2.8705882352941177,2.4191115807949277,8.0,1.003083907547816,3.873015873015873,4.375489146819762,7.109375,1.0619888471902967,6.297297297297297,9.974592347183544,5.0,1.0819086448445976,89.0,88.0,90.0,DDD_2013J
group1,F,Yorkshire Region,A Level or Equivalent,70-80%,35-55,60,-157.0,0.0,1.0,1.3596059113300492,0.8976006754889115,5.220588235294118,1.1854314134740347,2.6702127659574466,3.2441454227787556,5.484210526315789,1.0153605288505814,1.9496402877697843,1.9348959489950868,5.285714285714286,0.7050895015948779,76.5,70.0,81.33333333333333,DDD_2013J
group3,F,North Western Region,Lower Than A Level,0-10%,0-35,60,-114.0,0.0,1.0,1.45,1.0742023154532574,7.143646408839779,1.1476762697493743,1.792857142857143,1.6070726260776702,9.361702127659575,0.9863566540738763,2.19327731092437,2.42611955957702,6.341666666666667,0.9231767982664569,94.0,94.0,95.33333333333333,DDD_2013J
group1,M,South East Region,Lower Than A Level,10-20,35-55,60,-134.0,0.16666666666666666,1.0,3.4545454545454546,3.263701618063185,9.08955223880597,1.082240087244878,4.215686274509804,3.6349070166385062,6.596153846153846,1.0961595112785256,12.11111111111111,13.779306261410682,4.947368421052632,0.8955147023717004,62.0,61.0,45.0,DDD_2013J
group1,F,North Western Region,A Level or Equivalent,90-100%,0-35,210,-25.0,0.0,1.0,4.5,5.158948933490295,4.714285714285714,1.0009688195424238,6.488372093023256,7.734807206706379,4.931818181818182,0.9051399823971238,8.870967741935484,17.59117569594458,5.3125,1.193697405044381,62.5,29.0,57.333333333333336,DDD_2013J
group1,M,South West Region,A Level or Equivalent,30-40%,0-35,90,-59.0,0.16666666666666666,1.0,3.6710526315789473,3.984597538504943,4.220779220779221,0.9489402372986915,6.2,6.047538943465124,4.826086956521739,1.1490636946668484,12.130434782608695,19.88902015006381,3.7083333333333335,0.5692760692536359,74.0,25.0,66.33333333333333,DDD_2013J
group1,M,East Anglian Region,A Level or Equivalent,60-70%,0-35,60,-152.0,0.0,1.0,5.6521739130434785,6.063432805870314,5.085106382978723,0.7232081712740577,7.114285714285714,7.1897452649443645,3.388888888888889,0.9818289948976425,10.454545454545455,10.358926551885544,5.304347826086956,0.7063462466495254,63.0,42.0,67.66666666666667,DDD_2013J
group1,F,Yorkshire Region,A Level or Equivalent,20-30%,0-35,60,-169.0,0.0,1.0,10.125,9.469918047485255,2.72,0.8022459821756385,11.045454545454545,9.638599348587812,6.521739130434782,0.7881906142834006,33.2,23.08029462550251,8.166666666666666,0.9201796177628977,68.0,48.0,52.666666666666664,DDD_2013J
group3,F,London Region,HE Qualification,90-100%,35-55,60,-50.0,0.0,1.0,3.102272727272727,3.077690478814525,10.752808988764045,0.782851509653957,3.746268656716418,3.2675784917056334,6.220588235294118,0.9389212629121633,4.333333333333333,4.770190455435933,5.181818181818182,0.8631151037745803,84.5,80.0,94.0,DDD_2013J
group1,M,West Midlands Region,Lower Than A Level,30-40%,35-55,60,-94.0,0.0,1.0,1.8962962962962964,1.9055068431952145,5.110294117647059,0.9914734048110398,1.945736434108527,2.2855185322460883,5.8076923076923075,0.9010760638767074,8.133333333333333,12.467152243294024,5.645161290322581,0.7563176095600395,64.5,65.0,66.0,DDD_2013J
group1,M,West Midlands Region,Lower Than A Level,80-90%,0-35,60,-143.0,0.0,1.0,3.3333333333333335,3.6956268287880008,4.0394736842105265,0.9725131968824571,4.385964912280702,5.579792577957767,8.189655172413794,1.0159176357654591,5.7317073170731705,7.113453416744579,5.857142857142857,0.8646218192614906,92.0,93.0,87.0,DDD_2013J
group1,F,North Western Region,Lower Than A Level,0-10%,0-35,60,-37.0,0.3333333333333333,1.0,3.8142857142857145,3.628761345513302,7.197183098591549,0.9497224061247753,3.8666666666666667,4.567633614483345,7.508196721311475,0.9064160067583934,12.571428571428571,20.745051044939437,5.454545454545454,0.779244648504064,47.0,69.0,33.666666666666664,DDD_2013J
group1,M,East Anglian Region,A Level or Equivalent,60-70%,0-35,60,-42.0,0.3333333333333333,1.0,6.944444444444445,9.001410824165111,5.054054054054054,0.9560683787424078,9.08,12.037856952132302,7.461538461538462,0.7510222600664478,22.727272727272727,32.35456972080114,5.333333333333333,0.9812699042567239,66.0,66.0,57.666666666666664,DDD_2013J
group3,F,East Midlands Region,A Level or Equivalent,50-60%,0-35,60,-37.0,0.0,1.0,1.022140221402214,0.17069746544568384,11.496323529411764,0.6988264131192781,1.1787234042553192,0.5167850030788093,6.851694915254237,1.2188727885760609,1.441860465116279,1.8738249411940047,9.61849710982659,1.0909473151886766,89.0,94.0,95.33333333333333,DDD_2013J
group3,M,East Anglian Region,Lower Than A Level,70-80%,0-35,60,-37.0,0.0,1.0,3.536231884057971,2.7255852590338416,5.685714285714286,1.015386290013075,5.304347826086956,5.761441043571541,3.5106382978723403,0.7544906880453246,4.959183673469388,3.824042274835347,4.62,0.9794366315082722,60.5,46.0,61.666666666666664,DDD_2013J
group3,F,North Western Region,A Level or Equivalent,90-100%,0-35,60,-45.0,0.0,1.0,2.5353535353535355,2.4549538892262652,4.93,1.3261609923342192,4.327586206896552,5.484868918565101,5.508474576271187,0.9625705230445816,3.3026315789473686,3.559100024227493,5.64935064935065,0.7743476066215775,88.0,84.0,92.33333333333333,DDD_2013J
group1,F,East Anglian Region,A Level or Equivalent,80-90%,35-55,60,-202.0,0.0,0.8333333333333334,1.9924812030075187,1.904922811613269,12.007462686567164,0.938452372435682,2.789473684210526,2.835544665462357,10.4375,1.7663926368839005,4.258064516129032,5.577870455240205,8.714285714285714,1.0498347230604341,89.5,36.0,69.5,DDD_2013J
group1,F,South Region,A Level or Equivalent,60-70%,0-35,120,-205.0,0.16666666666666666,1.0,2.029850746268657,1.6855881751936985,6.703703703703703,1.1048784490466221,3.189873417721519,3.580846302228254,4.825,1.0335586305464182,4.366666666666666,4.960749897749593,5.836065573770492,1.3778540864694473,64.0,17.0,50.0,DDD_2013J
group1,M,South Region,HE Qualification,70-80%,35-55,60,-38.0,0.0,1.0,4.114754098360656,4.442590688084818,4.790322580645161,1.1066177893354323,7.382352941176471,8.120362381383671,5.0285714285714285,1.288332696303108,9.333333333333334,16.03438334565325,6.8,1.1961587886860443,75.5,75.0,86.66666666666667,DDD_2013J
group3,F,South Region,A Level or Equivalent,90-100%,35-55,60,-45.0,0.0,1.0,2.3135593220338984,2.082483529417933,7.38655462184874,1.0853373496344063,3.1125,2.6192749504057002,5.592592592592593,1.1587322424232254,3.876923076923077,4.790967061524779,8.863636363636363,1.0123194692722406,93.0,90.0,73.66666666666667,DDD_2013J
group1,M,North Region,Lower Than A Level,50-60%,0-35,120,-86.0,0.3333333333333333,1.0,5.04,4.25685521559409,3.6666666666666665,1.378704626191191,10.380952380952381,11.447603201003215,5.636363636363637,1.5173296550182882,21.0,13.012814197295423,2.25,1.1493422703098446,46.0,48.0,58.333333333333336,DDD_2013J
group3,M,London Region,A Level or Equivalent,90-100%,0-35,90,-143.0,0.0,1.0,1.4270833333333333,0.9350061361801799,5.227979274611399,0.948327632869573,2.1065573770491803,1.8754938833805945,5.390243902439025,1.0461593261063005,1.6687116564417177,1.2768364393640947,3.567073170731707,0.8302045141971838,74.0,79.0,83.66666666666667,DDD_2013J
group1,M,London Region,Lower Than A Level,10-20,0-35,60,-58.0,0.0,1.0,7.314285714285714,7.375521630890326,8.166666666666666,2.0833326391780043,9.296296296296296,11.076012941400109,3.5357142857142856,1.3340601018971867,70.5,2.1213203435596424,2.6666666666666665,0.8838834764831844,80.5,50.0,63.0,DDD_2013J
group3,F,South West Region,A Level or Equivalent,90-100%,0-35,60,-202.0,0.0,1.0,1.8027210884353742,1.3326225857016287,6.837837837837838,0.9923271069673091,2.6226415094339623,2.4782975346516727,6.186915887850467,1.4414691648138807,2.3684210526315788,2.289889891446987,6.460869565217391,2.128411168081722,89.5,69.0,92.66666666666667,DDD_2013J
group3,F,East Anglian Region,A Level or Equivalent,10-20,0-35,60,-86.0,0.0,1.0,3.159090909090909,3.8203519234786145,5.52808988764045,0.854553344424936,4.0,4.5044780586262325,5.546875,1.343419826410958,5.122448979591836,7.067038079060021,4.0,0.8396427811873333,77.5,87.0,81.0,DDD_2013J
group3,M,South Region,Lower Than A Level,90-100%,35-55,60,-169.0,0.0,1.0,2.5656565656565657,2.273007610003764,5.65,0.9624071812004461,3.5223880597014925,4.039045075244304,4.352941176470588,1.1225167382321724,3.0238095238095237,2.924661201576106,10.341176470588236,0.7418915675123127,92.0,96.0,90.66666666666667,DDD_2013J
group1,F,South Region,Lower Than A Level,50-60%,0-35,120,-32.0,0.16666666666666666,1.0,4.810344827586207,5.266434249429995,2.6440677966101696,0.8773859177421316,10.956521739130435,11.034978522323561,4.416666666666667,0.7157387448449304,7.8,7.537357939349992,5.111111111111111,0.5792570693249665,92.0,49.0,75.33333333333333,DDD_2013J
group1,F,East Anglian Region,Lower Than A Level,80-90%,0-35,60,-49.0,0.5,1.0,3.1645569620253164,4.111991157038143,6.025,1.1432947175800134,4.574074074074074,6.6007485334586615,7.5636363636363635,0.9773460244351997,6.205128205128205,11.462018484817097,9.8,0.9825105328215942,80.5,16.0,45.0,DDD_2013J
group3,M,South East Region,A Level or Equivalent,60-70%,0-35,60,-29.0,0.0,1.0,4.190476190476191,4.211570632073038,4.328125,1.7372049718011833,6.621621621621622,9.63890078838912,8.5,0.8589253088678924,9.384615384615385,13.449392322560668,5.518518518518518,0.8909759342430115,93.0,61.0,80.33333333333333,DDD_2013J
group1,M,East Midlands Region,A Level or Equivalent,50-60%,0-35,60,-131.0,0.5,1.0,4.566666666666666,4.295708014359539,3.0163934426229506,1.123831045701116,4.901960784313726,5.374960100171106,7.153846153846154,0.7223934089212481,6.209302325581396,6.479117148614514,5.75,1.1807733957009652,52.5,34.0,38.0,DDD_2013J
group1,M,East Midlands Region,HE Qualification,30-40%,35-55,60,-186.0,0.0,1.0,16.8,18.032510323619075,3.5,0.7759128922285868,7.545454545454546,10.574411653523889,8.764705882352942,0.9728766092863659,16.75,33.47488882458285,7.076923076923077,0.8173161390046723,58.0,50.0,57.333333333333336,DDD_2013J
group1,M,South West Region,A Level or Equivalent,40-50%,0-35,240,2.0,0.0,1.0,3.2857142857142856,3.8453542726778314,3.5492957746478875,0.8856588137604312,4.56,7.231337697684928,5.1568627450980395,1.1656333695679297,7.535714285714286,10.38332760070162,2.9655172413793105,0.48083890995663564,78.0,56.0,77.33333333333333,DDD_2013J
group3,M,North Western Region,Lower Than A Level,20-30%,0-35,60,-70.0,0.0,1.0,1.611842105263158,1.0737650667686842,9.15032679738562,0.9408392909676825,2.0166666666666666,1.5823784530343716,8.818181818181818,1.203936576335503,2.0081967213114753,1.815889016338439,12.910569105691057,1.724516428555862,90.0,80.0,90.0,DDD_2013J
group3,M,West Midlands Region,A Level or Equivalent,40-50%,0-35,60,-149.0,0.0,1.0,3.410958904109589,2.5918441334649276,6.662162162162162,1.2001207514673358,4.303571428571429,2.978221817596063,6.017543859649122,1.2798667790152856,6.485714285714286,6.805583471426577,6.777777777777778,1.1798724075702676,86.0,89.0,91.66666666666667,DDD_2013J
group1,M,South West Region,A Level or Equivalent,40-50%,0-35,60,-202.0,0.0,1.0,5.6,4.788243177541501,5.956521739130435,0.9618432940162998,8.4,7.518253649022124,8.35483870967742,1.1626559066095876,16.733333333333334,17.400602069496113,8.9375,1.132413791706772,72.0,52.0,62.333333333333336,DDD_2013J
group3,M,Scotland,A Level or Equivalent,70-80%,35-55,60,-58.0,0.16666666666666666,1.0,1.510989010989011,0.9386660982891997,6.371584699453552,1.043697348458869,2.015873015873016,2.157717783155627,7.2204724409448815,0.9147040819416254,2.168067226890756,1.9628728847136128,8.925,0.8571199718663626,89.0,92.0,92.33333333333333,DDD_2013J
group1,M,North Western Region,Lower Than A Level,40-50%,35-55,60,-36.0,0.3333333333333333,1.0,2.1,1.6108873279013889,6.380165289256198,1.0057720875094955,2.597938144329897,3.245701624888013,6.030612244897959,1.3198761310798421,4.537037037037037,7.347732195289694,6.327272727272727,0.735183052549305,64.0,30.0,45.0,DDD_2013J
group3,F,Yorkshire Region,A Level or Equivalent,70-80%,0-35,60,-60.0,0.0,1.0,1.5895953757225434,1.442424621536842,7.517241379310345,0.9553149233101026,1.9015151515151516,1.6103664581515824,7.2406015037593985,1.091185946964993,2.9775280898876404,3.319972371496101,7.611111111111111,0.911053007340071,94.0,88.0,88.66666666666667,DDD_2013J
group1,F,Scotland,A Level or Equivalent,50-60%,0-35,60,-95.0,0.0,1.0,6.0,4.643379761526736,4.255813953488372,0.9427456956592196,10.08,7.62080485688137,5.769230769230769,1.1450376024878446,8.206896551724139,8.247853878195171,8.266666666666667,1.0687842101309235,69.5,17.0,57.0,DDD_2013J
group1,M,London Region,A Level or Equivalent,50-60%,0-35,60,-36.0,1.0,1.0,5.7560975609756095,6.024037216870751,3.5,0.9803710053169074,4.680851063829787,6.328357101789578,6.708333333333333,0.7037845414883241,18.3,32.36270143922544,2.909090909090909,0.6789237807000135,37.5,36.0,41.0,DDD_2013J
group1,F,East Anglian Region,A Level or Equivalent,60-70%,35-55,60,-93.0,0.4,0.8333333333333334,3.0121951219512195,3.7001631677035856,11.698795180722891,1.3372477428592593,4.64,8.383073324702995,10.862745098039216,1.352478304985943,6.0,7.968688725254614,8.466666666666667,1.3337336906935788,75.66666666666667,24.0,64.0,DDD_2014B
group1,M,West Midlands Region,Lower Than A Level,30-40%,0-35,120,-43.0,0.6666666666666666,1.0,2.152542372881356,2.0407268633180253,5.4789915966386555,1.3436790852490212,3.0602409638554215,3.6269633794487746,11.642857142857142,1.438040823015541,1.7328767123287672,1.5856733406714048,11.54421768707483,0.9882396199864166,56.666666666666664,43.0,28.0,DDD_2014B
group3,F,South Region,A Level or Equivalent,20-30%,0-35,60,-75.0,0.16666666666666666,1.0,1.945736434108527,1.6022936563689911,6.007692307692308,0.9453283341319272,3.8125,3.567378656126999,4.492307692307692,1.0941017080554716,2.4038461538461537,2.431665020560619,6.647619047619048,0.8724634300895964,69.0,65.0,85.5,DDD_2014B
group3,M,Wales,HE Qualification,30-40%,35-55,150,-43.0,0.16666666666666666,1.0,2.2857142857142856,2.537745936880688,10.026548672566372,1.1420583280372771,3.361111111111111,4.243654933986509,9.904109589041095,2.6812900011162593,5.191489361702128,8.49459751041889,5.625,1.1604596790352808,94.0,21.0,24.0,DDD_2014B
group3,M,Scotland,Post Graduate Qualification,90-100%,35-55,60,-93.0,0.0,1.0,3.276315789473684,3.8802016587132035,5.935064935064935,1.0528643706207321,5.333333333333333,5.950553832131166,7.065217391304348,1.4244027088302933,5.666666666666667,7.29774916375884,4.621621621621622,1.1661352466272312,96.0,97.0,82.0,DDD_2014B
group1,F,North Western Region,Lower Than A Level,10-20,0-35,180,-121.0,0.5,1.0,4.169491525423729,4.825051517941442,4.866666666666666,1.0318169775200048,5.7894736842105265,7.905379265862366,4.743589743589744,1.1121482052258789,9.083333333333334,12.914153565713884,3.96,0.6486704791112049,68.33333333333333,20.0,43.0,DDD_2014B
group3,M,Wales,Lower Than A Level,30-40%,35-55,60,-23.0,0.0,1.0,2.8666666666666667,2.5048268010724395,3.1868131868131866,1.2121167891678752,5.186046511627907,4.762231439514406,3.727272727272727,1.0157885084370146,6.0,5.979640253474754,3.604651162790698,0.7031962112742561,89.0,81.0,70.5,DDD_2014B
group3,M,South Region,A Level or Equivalent,70-80%,0-35,60,-155.0,0.0,1.0,2.781609195402299,3.051592368752868,5.829545454545454,1.0559312228504565,3.289855072463768,3.6141122466835895,9.142857142857142,0.9608803336654361,5.181818181818182,7.173182379846859,6.088888888888889,0.7367744514118167,88.0,84.0,72.5,DDD_2014B
group1,F,South West Region,A Level or Equivalent,40-50%,0-35,60,-102.0,0.0,0.8333333333333334,5.613636363636363,9.793723450633275,12.355555555555556,1.7862202511364897,7.264705882352941,10.841303800405726,8.371428571428572,1.6670040466609732,5.958333333333333,10.68716892868008,10.48,1.1479352662763107,81.66666666666667,24.0,39.0,DDD_2014B
group3,M,East Anglian Region,A Level or Equivalent,70-80%,0-35,60,-22.0,0.0,1.0,2.4019607843137254,2.4056855259846515,5.12621359223301,1.0263858523062896,2.9740259740259742,3.2966251721468516,5.564102564102564,1.214379712868547,5.702702702702703,7.179696932882895,2.8421052631578947,1.2750911100075564,91.33333333333333,91.0,85.0,DDD_2014B
group1,M,South East Region,A Level or Equivalent,40-50%,0-35,60,-67.0,0.0,1.0,1.7638888888888888,1.9395988018256538,11.462068965517242,1.272031221939307,2.7738095238095237,3.8600555288976435,11.24705882352941,0.9846113793192057,2.289719626168224,2.861617651089375,8.518518518518519,0.9874113106544392,86.0,69.0,77.0,DDD_2014B
group1,M,West Midlands Region,A Level or Equivalent,20-30%,0-35,120,-23.0,0.0,1.0,3.0375,2.999762648838586,6.419753086419753,1.2758162487567384,5.133333333333334,5.370796453549003,7.043478260869565,1.094926710954868,3.609375,3.641110887087001,6.246153846153846,0.7953186333199473,70.33333333333333,31.0,63.0,DDD_2014B
group3,F,South West Region,A Level or Equivalent,0-10%,0-35,60,-68.0,0.0,1.0,2.6382978723404253,2.6471776970540475,4.6,0.8395269453631888,4.519230769230769,4.904941024671476,4.226415094339623,0.8692183255367893,2.962962962962963,3.2032969127308677,4.414634146341464,1.0718232044198897,82.33333333333333,78.0,75.5,DDD_2014B
group3,F,South Region,A Level or Equivalent,30-40%,0-35,60,-82.0,0.4,0.8333333333333334,2.205357142857143,2.185696305475292,7.31858407079646,1.0231975538954892,3.2533333333333334,3.3735590851355934,6.7105263157894735,1.2902795133639413,3.3529411764705883,3.7247245951776065,8.057971014492754,0.9070135147083357,85.66666666666667,4.0,33.0,DDD_2014B
group1,F,Yorkshire Region,Lower Than A Level,40-50%,0-35,60,-4.0,0.4,0.8333333333333334,4.75,6.824548929057977,3.0816326530612246,1.129522569898763,8.285714285714286,10.219288744030203,5.655172413793103,0.8850920089835003,8.608695652173912,14.018621156534433,6.458333333333333,1.002452767200661,66.0,28.0,71.0,DDD_2014B
group3,M,West Midlands Region,A Level or Equivalent,20-30%,0-35,60,-46.0,0.0,1.0,2.6288659793814433,3.376757528892875,3.122448979591837,1.0243312746430637,7.0,10.485108487755385,2.823529411764706,0.7657489978953793,4.612244897959184,6.220987081814979,3.74,0.7090554188939162,83.0,73.0,64.5,DDD_2014B
group1,M,North Region,Lower Than A Level,30-40%,0-35,60,-110.0,0.0,1.0,2.6736842105263157,2.826327988612809,7.364583333333333,1.0834687439722421,3.903225806451613,3.9988099763384723,5.841269841269841,0.8966979568940262,4.236363636363636,8.60009396237135,7.446428571428571,0.8021179458843799,71.0,35.0,43.0,DDD_2014B
group1,M,West Midlands Region,A Level or Equivalent,0-10%,0-35,90,-138.0,0.5,1.0,4.3559322033898304,5.358727048612503,3.7333333333333334,1.1415310386690753,5.815789473684211,8.955913834061235,8.846153846153847,0.8201925481282069,42.75,49.39213837579148,5.6,1.0570463276391961,70.66666666666667,57.0,58.5,DDD_2014B
group3,F,Scotland,HE Qualification,40-50%,0-35,60,-44.0,0.0,1.0,2.6041666666666665,2.95395957876584,6.22680412371134,0.9422319107531366,4.730769230769231,5.601524248495732,5.037735849056604,0.9262226048661827,3.08974358974359,3.7734062514649467,9.848101265822784,0.9587103668481933,90.66666666666667,92.0,89.5,DDD_2014B
group1,M,South West Region,A Level or Equivalent,10-20,0-35,60,-57.0,0.0,1.0,5.2105263157894735,7.57363097873084,4.076923076923077,1.337006924558209,5.5,7.987490219086343,6.864864864864865,1.155550375619056,38.0,17.339742404853272,3.4,1.269825479113112,47.0,47.0,41.0,DDD_2014B
group3,M,South Region,Post Graduate Qualification,90-100%,35-55,60,-25.0,0.16666666666666666,1.0,1.643835616438356,1.4609384137100903,7.959183673469388,0.9722040948812544,3.0,3.579123717095915,5.839506172839506,1.0564818589812999,2.2884615384615383,2.9384398374167877,7.780952380952381,1.1280954076790546,82.66666666666667,72.0,75.0,DDD_2014B
group1,F,South West Region,Lower Than A Level,10-20,0-35,60,-64.0,0.0,1.0,4.886363636363637,5.771686743465332,5.311111111111111,1.146886271892794,5.666666666666667,7.568401532317506,8.8,0.7623805962599776,9.235294117647058,6.067633514854719,4.722222222222222,0.8754237728134416,76.33333333333333,24.0,42.0,DDD_2014B
group3,F,London Region,A Level or Equivalent,10-20,0-35,120,-22.0,0.16666666666666666,1.0,1.8129496402877698,1.462419799974879,5.007142857142857,1.0029849569220455,3.78125,3.889214838947839,4.153846153846154,1.4127578609452334,6.794117647058823,8.190087918145437,3.4857142857142858,1.346260010993299,90.66666666666667,87.0,85.0,DDD_2014B
group1,M,East Anglian Region,HE Qualification,20-30%,35-55,60,-16.0,0.0,1.0,5.526315789473684,6.128078231917468,3.8461538461538463,0.963050708253032,6.0,7.900111689456192,10.11111111111111,0.7635188242924382,19.857142857142858,26.885117143310417,8.75,0.49733986244369177,75.0,25.0,60.0,DDD_2014B
group1,F,South West Region,A Level or Equivalent,40-50%,35-55,160,-24.0,0.5,1.0,3.6029411764705883,2.9782279910439033,4.333333333333333,1.0113836243512477,4.86,4.602616824443793,4.450980392156863,1.4898337137266233,47.4,74.08306149181472,2.6666666666666665,0.8003905296791062,67.66666666666667,38.0,61.5,DDD_2014B
group3,M,East Anglian Region,A Level or Equivalent,30-40%,0-35,150,-29.0,0.2,0.8333333333333334,3.453333333333333,4.150198084928495,5.184210526315789,1.1606174670142577,7.967741935483871,7.726507926041542,4.0625,1.0405960968052832,5.085106382978723,7.249677015996143,6.520833333333333,0.9779437381703461,74.0,53.0,51.0,DDD_2014B
group3,M,Scotland,HE Qualification,80-90%,0-35,60,-45.0,0.0,1.0,3.1463414634146343,4.094928966415408,10.024096385542169,1.3689719177183586,5.3478260869565215,8.316562835168405,6.51063829787234,1.141014370566811,3.287878787878788,3.9643222391539776,12.283582089552239,0.9260563101872802,84.66666666666667,62.0,72.5,DDD_2014B
group1,M,Scotland,A Level or Equivalent,90-100%,0-35,120,-17.0,0.6666666666666666,1.0,6.314285714285714,6.7900074875269665,9.472222222222221,0.9532325615355094,7.0,9.011104260855047,11.9375,1.0306426012379495,23.555555555555557,38.506853646822115,10.6,0.7712805070177244,67.0,50.0,20.5,DDD_2014B
group1,F,East Midlands Region,Lower Than A Level,50-60%,0-35,60,-64.0,0.0,1.0,2.619565217391304,2.6801770947898604,10.516129032258064,1.853297299030257,3.586206896551724,3.893469488540679,5.322033898305085,1.2778759151964376,3.3666666666666667,4.535982941208868,5.655737704918033,0.7271723785574821,72.33333333333333,30.0,43.0,DDD_2014B
group1,M,West Midlands Region,Lower Than A Level,60-70%,0-35,120,-12.0,0.2,0.8333333333333334,3.3157894736842106,4.484671749610487,4.766233766233766,1.2888773026167166,8.115384615384615,10.069069164831168,7.7407407407407405,1.2075819478809569,11.380952380952381,12.690453855068348,6.681818181818182,0.7309364739977857,75.33333333333333,68.0,62.0,DDD_2014B
group1,F,East Anglian Region,A Level or Equivalent,60-70%,35-55,150,-200.0,0.0,1.0,1.5087719298245614,1.0702853992806372,5.22093023255814,0.9737630833968777,4.275862068965517,4.274744697201845,4.559322033898305,1.0281751026356893,2.4158415841584158,2.0652715401741886,4.382352941176471,1.1396162874603564,80.66666666666667,50.0,43.0,DDD_2014B
group3,F,East Anglian Region,Lower Than A Level,70-80%,0-35,60,-64.0,0.16666666666666666,1.0,2.835294117647059,2.213847431098013,8.05813953488372,1.172627579408955,3.7868852459016393,3.396639290526057,6.403225806451613,1.164787919471709,6.416666666666667,8.97735245731486,12.108108108108109,0.7059784785989569,87.66666666666667,79.0,73.5,DDD_2014B
group1,M,London Region,A Level or Equivalent,70-80%,0-35,60,-25.0,0.3333333333333333,1.0,3.3733333333333335,5.7416763098285895,2.8421052631578947,0.9310045903888461,6.411764705882353,10.117843964423129,3.0285714285714285,1.0214851081991823,5.270833333333333,9.054773240656903,3.0,0.6208764195431095,67.0,10.0,31.5,DDD_2014B
group3,F,South West Region,A Level or Equivalent,30-40%,0-35,60,-110.0,0.0,1.0,2.407766990291262,1.9374376306413499,5.865384615384615,1.1738574928833974,3.9838709677419355,5.6785242122385435,6.26984126984127,1.174170555818693,4.116666666666666,5.633109345996649,4.967213114754099,1.0546090882141046,91.33333333333333,93.0,97.0,DDD_2014B
group1,F,West Midlands Region,A Level or Equivalent,90-100%,0-35,60,-29.0,0.3333333333333333,1.0,2.7045454545454546,2.2188279546109486,7.112359550561798,0.9159202899617667,3.5522388059701493,3.1153752733214657,4.544117647058823,1.164126747883304,5.093023255813954,6.739414816649504,6.590909090909091,0.9253466105108015,90.0,66.0,80.0,DDD_2014B
group1,M,North Western Region,A Level or Equivalent,80-90%,0-35,60,-8.0,0.0,1.0,3.3846153846153846,3.408135064134726,4.106060606060606,1.1233783884132156,7.586206896551724,8.462173147852532,7.566666666666666,1.1575178031177464,7.857142857142857,12.871772981316118,5.413793103448276,0.7412655554637532,70.0,63.0,69.0,DDD_2014B
group1,F,East Midlands Region,Lower Than A Level,10-20,35-55,120,-100.0,0.0,1.0,1.9242424242424243,1.6879510689030273,5.2781954887218046,1.1926778010050543,3.492957746478873,3.1752311026651263,4.597222222222222,0.7274821590945819,3.0121951219512195,3.5918079028311225,4.855421686746988,0.9457708224685158,52.333333333333336,39.0,45.0,DDD_2014B
group3,M,South Region,Lower Than A Level,90-100%,0-35,60,-12.0,0.0,1.0,2.1379310344827585,2.2492377519434483,4.64957264957265,0.9919148988307873,3.5294117647058822,3.8959243466071554,7.0,0.9229404035282837,4.0,6.0435577405973735,4.746031746031746,0.819036163371375,89.66666666666667,81.0,79.5,DDD_2014B
group3,M,East Anglian Region,A Level or Equivalent,0-10%,0-35,90,-64.0,0.16666666666666666,1.0,5.276595744680851,5.531342032531623,4.625,0.9523592122462151,7.967741935483871,9.023982383876652,3.5625,0.6313352356297046,18.076923076923077,27.204354855002958,3.142857142857143,0.6460304728887226,66.0,39.0,71.0,DDD_2014B
group1,M,London Region,A Level or Equivalent,40-50%,0-35,60,-72.0,0.16666666666666666,1.0,4.6415094339622645,6.11144682486713,3.6666666666666665,1.0756508696544758,7.533333333333333,10.21740682848885,6.32258064516129,0.9476070829586857,5.794871794871795,6.9554200265899695,4.525,0.8104616471865845,78.66666666666667,9.0,27.5,DDD_2014B
group3,M,Yorkshire Region,Lower Than A Level,50-60%,0-35,60,-25.0,0.0,1.0,2.6043956043956045,2.5728458989096143,4.989130434782608,0.9314916663753111,4.37037037037037,5.267544973601729,5.327272727272727,1.1872326515536826,4.549019607843137,6.096929474711664,9.634615384615385,0.7817703599890362,93.33333333333333,96.0,95.0,DDD_2014B
group3,M,South West Region,HE Qualification,70-80%,35-55,60,-113.0,0.16666666666666666,1.0,2.066666666666667,1.8504295814362515,8.099173553719009,0.9716032684624747,2.880952380952381,2.825890463795042,7.047058823529412,1.2270666528487877,3.141025641025641,3.3135861962311286,7.69620253164557,0.9649153957286242,92.33333333333333,85.0,90.0,DDD_2014B
group3,F,London Region,A Level or Equivalent,10-20,0-35,130,-17.0,0.16666666666666666,1.0,4.125,3.8943432168863974,8.017543859649123,0.7972680058153786,5.285714285714286,5.283595017279448,5.465116279069767,0.9044930851362563,10.117647058823529,12.051360674946507,6.388888888888889,1.4337282028147154,69.33333333333333,35.0,67.5,DDD_2014B
group1,M,Yorkshire Region,A Level or Equivalent,80-90%,0-35,60,-22.0,0.0,1.0,2.2612612612612613,2.2831864165985687,5.383928571428571,1.040454089083002,3.050632911392405,3.474813162943368,6.8875,1.0527551714163355,6.909090909090909,7.413516525423496,5.9411764705882355,0.9127724866531319,68.0,53.0,61.0,DDD_2014B
group1,F,North Region,A Level or Equivalent,0-10%,0-35,60,-207.0,0.16666666666666666,1.0,5.627906976744186,4.860057102417592,4.2727272727272725,1.1853947469943933,7.689655172413793,8.506734509769565,6.133333333333334,0.9513819418319102,13.117647058823529,10.403619279733714,4.277777777777778,0.7004564446837299,63.666666666666664,59.0,56.0,DDD_2014B
group3,M,Ireland,A Level or Equivalent,40-50%,0-35,60,-78.0,0.0,1.0,2.7444444444444445,2.5019592821802457,7.0,0.9847457303271859,3.9838709677419355,4.459257952986624,7.349206349206349,1.2565220602382263,7.966666666666667,13.548083802244644,4.806451612903226,0.8625662523049071,90.0,46.0,66.5,DDD_2014B
group1,M,North Region,A Level or Equivalent,40-50%,0-35,120,-4.0,0.0,0.6666666666666666,4.189655172413793,4.382808906865047,2.8813559322033897,1.1467722115530667,10.857142857142858,10.780935554420656,4.181818181818182,0.7514950442366786,9.6,16.32993161855452,4.884615384615385,1.0114662852157217,38.5,65.0,48.0,DDD_2014B
group3,M,Yorkshire Region,A Level or Equivalent,40-50%,0-35,90,-60.0,0.0,1.0,5.644444444444445,6.1168751512648685,5.630434782608695,1.5418366732787476,10.695652173913043,7.777793462560256,9.166666666666666,1.093481814818538,8.482758620689655,9.556675638582893,5.1,1.1222243158552383,88.66666666666667,85.0,89.0,DDD_2014B
group1,M,South East Region,Lower Than A Level,30-40%,35-55,60,-24.0,0.0,1.0,10.095238095238095,12.755017686795899,5.954545454545454,0.750152947518742,10.6,13.291865339768014,8.476190476190476,0.7269150599317025,12.727272727272727,10.393179581734447,4.833333333333333,0.8268675040194345,65.66666666666667,33.0,28.5,DDD_2014B
group1,F,South East Region,A Level or Equivalent,70-80%,35-55,120,-24.0,0.3333333333333333,1.0,2.1333333333333333,1.8007156996073324,8.760330578512397,1.048680705017078,2.7411764705882353,2.3611586198328998,7.604651162790698,1.1172924227852175,4.241379310344827,5.968661858399694,11.40677966101695,0.9810279011652908,83.66666666666667,37.0,70.0,DDD_2014B
group1,F,West Midlands Region,HE Qualification,20-30%,0-35,120,-110.0,0.0,1.0,2.606060606060606,2.641189364963359,4.86,0.9686179843854058,3.535211267605634,4.442750068258858,4.611111111111111,0.8519358809476476,5.5476190476190474,7.265697492082754,5.0,1.5965078168622682,72.0,61.0,66.5,DDD_2014B
group1,F,South West Region,Lower Than A Level,60-70%,0-35,60,-43.0,0.5,1.0,2.7241379310344827,2.9754407731808907,4.738636363636363,1.5288987584918587,2.9452054794520546,2.8814078877391025,8.337837837837839,0.8912700641522777,12.105263157894736,16.003106423587838,6.9,0.9764072616058824,65.66666666666667,64.0,35.0,DDD_2014B
group1,M,Yorkshire Region,Lower Than A Level,30-40%,0-35,120,-34.0,0.6666666666666666,1.0,3.727272727272727,5.012432096744605,3.985074626865672,1.1083105161457185,4.472727272727273,6.935828999169739,8.446428571428571,0.746078580486112,8.703703703703704,9.658853311519296,7.5,0.7350628954840942,73.33333333333333,31.0,48.0,DDD_2014B
group1,F,East Anglian Region,A Level or Equivalent,60-70%,0-35,60,-22.0,0.16666666666666666,1.0,5.95,4.861940100254376,5.512195121951219,0.8715354084626997,4.666666666666667,4.475116385823576,8.403846153846153,0.7680712497517483,33.285714285714285,31.53154127596834,3.375,1.3245596105368642,31.0,33.0,39.5,DDD_2014B
group3,F,East Anglian Region,A Level or Equivalent,90-100%,0-35,60,-129.0,0.16666666666666666,1.0,3.324675324675325,4.030938112183259,7.769230769230769,2.6394326248741797,3.657142857142857,3.7061864234524178,6.549295774647887,1.4311468452381073,1.6308724832214765,1.430124702975945,9.82,1.1127987270432862,80.66666666666667,35.0,81.5,DDD_2014B
group3,M,London Region,Lower Than A Level,10-20,55<=,60,-106.0,0.0,0.8333333333333334,9.12,8.828552165181634,11.76923076923077,1.2441498800056812,13.411764705882353,11.124628215863059,10.88888888888889,0.7428683560490325,14.733333333333333,18.425396551912744,6.6875,0.9274023483529851,74.66666666666667,60.0,82.0,DDD_2014B
group3,M,South East Region,A Level or Equivalent,80-90%,0-35,120,-1.0,0.0,1.0,3.3676470588235294,2.473165907276864,4.927536231884058,0.8992018760216366,4.163636363636364,4.067775970576716,3.642857142857143,0.9021738878688111,4.804347826086956,6.868994961960565,4.8936170212765955,0.9179783821086984,87.0,85.0,89.0,DDD_2014B
group3,F,Yorkshire Region,A Level or Equivalent,50-60%,0-35,60,-24.0,0.16666666666666666,1.0,1.4293785310734464,1.5727928828968583,5.668539325842697,0.8318139780223595,2.0756302521008405,2.501388305591165,6.208333333333333,0.8735924801928439,1.9655172413793103,2.431428402803796,7.367521367521367,0.7766992455345938,97.66666666666667,93.0,94.0,DDD_2014B
group1,M,East Midlands Region,HE Qualification,80-90%,0-35,120,-17.0,0.6666666666666666,1.0,12.444444444444445,11.551532733656257,4.7368421052631575,0.9437252163371589,12.444444444444445,11.551532733656257,6.2631578947368425,1.5863890385035941,57.666666666666664,13.316656236958787,11.5,0.7838154946660846,65.33333333333333,57.0,58.5,DDD_2014B
group1,M,South Region,A Level or Equivalent,70-80%,35-55,60,-46.0,0.0,1.0,1.795774647887324,1.5230555905268137,5.9020979020979025,1.1511137613933298,2.2450980392156863,1.4788025294089189,5.184466019417476,1.5194226181384711,3.7384615384615385,4.430987908599373,6.742424242424242,0.8760385291800835,76.33333333333333,71.0,51.5,DDD_2014B
group3,M,East Midlands Region,A Level or Equivalent,80-90%,0-35,60,-89.0,0.0,1.0,1.7956204379562044,1.6321164810804754,6.992753623188406,1.0165338308631822,4.872340425531915,7.461836297123475,5.229166666666667,0.9411080459844127,5.45,11.716632928426458,4.097560975609756,0.7347273392480701,89.0,85.0,88.5,DDD_2014B
group1,F,South West Region,Lower Than A Level,80-90%,0-35,120,-164.0,0.3333333333333333,1.0,4.685185185185185,5.39679875088114,8.0,1.0910274556998596,6.4324324324324325,8.039971463950675,9.052631578947368,0.789264261597431,8.576923076923077,9.936490635724777,12.851851851851851,0.6861210915944838,71.66666666666667,22.0,47.0,DDD_2014B
group3,F,London Region,A Level or Equivalent,90-100%,35-55,120,-137.0,0.0,1.0,1.6178343949044587,1.8829022601072787,5.506329113924051,0.8218254158497472,2.484848484848485,2.7787959379133986,4.05,1.2416463742307835,2.489795918367347,3.5150483505031507,6.484848484848484,1.0302228257329544,90.33333333333333,90.0,87.5,DDD_2014B
group3,M,South East Region,Lower Than A Level,30-40%,0-35,60,-65.0,0.16666666666666666,1.0,1.792857142857143,1.5005822782139,3.978723404255319,1.0951300675846607,3.3333333333333335,4.49724640477095,3.723684210526316,1.1855689769677882,3.05,3.3636177028064456,5.345679012345679,1.193716157307996,82.66666666666667,56.0,75.0,DDD_2014B
group3,M,Scotland,HE Qualification,60-70%,35-55,120,-89.0,0.3333333333333333,1.0,1.7162162162162162,1.2832809806825252,10.114093959731544,1.051711360645465,2.7111111111111112,3.152471634011311,8.68131868131868,0.9060214455508818,1.9516129032258065,1.518743804348445,14.984,0.8079849832072948,89.66666666666667,26.0,88.0,DDD_2014B
group1,M,West Midlands Region,A Level or Equivalent,70-80%,0-35,180,-24.0,0.0,1.0,5.170212765957447,5.802245251085697,3.4791666666666665,1.3658865083167702,5.384615384615385,7.00231309382604,8.65,0.820951709529168,9.2,9.331845119446278,7.1923076923076925,0.8588341845757201,72.33333333333333,90.0,62.5,DDD_2014B
group1,M,South West Region,Lower Than A Level,30-40%,0-35,60,-57.0,0.16666666666666666,1.0,3.611940298507463,4.625211621302994,5.779411764705882,1.0632448806384138,5.222222222222222,6.795348973876741,6.326086956521739,1.6117424648079557,2.256880733944954,2.350743261990141,6.709090909090909,1.1444178444139548,61.0,20.0,42.0,DDD_2014B
group3,M,South Region,A Level or Equivalent,80-90%,0-35,120,-28.0,0.0,1.0,7.5625,6.652370423996585,4.212121212121212,0.9510018580038714,15.0625,14.054506987677179,4.9411764705882355,0.8820777882306049,15.928571428571429,18.499331737262153,7.0,0.9461702252967461,76.66666666666667,71.0,71.5,DDD_2014B
group1,M,West Midlands Region,Lower Than A Level,40-50%,35-55,60,-150.0,0.6666666666666666,1.0,6.861111111111111,9.780893262676626,5.945945945945946,1.3201865633248473,10.291666666666666,12.152935471716706,6.08,1.0233594397553032,13.222222222222221,24.296103671057445,7.947368421052632,0.9340331238285554,70.33333333333333,36.0,76.5,DDD_2014B
group3,M,East Midlands Region,A Level or Equivalent,50-60%,0-35,180,-232.0,0.16666666666666666,1.0,7.484848484848484,6.833379526820954,4.911764705882353,0.918981238018826,8.72,8.258934555982387,9.307692307692308,0.9110422333567385,50.75,73.73092973779728,3.8,1.2162336850832993,62.0,31.0,50.0,DDD_2014B
group3,F,London Region,A Level or Equivalent,30-40%,0-35,120,-46.0,0.0,1.0,2.9876543209876543,3.072026314830709,3.9146341463414633,1.3304806878875775,3.3529411764705883,3.0943603292497173,4.3768115942028984,1.0031746459131936,12.631578947368421,14.024623291893873,3.6,1.1055415967851334,74.0,52.0,57.5,DDD_2014B
group3,F,East Midlands Region,A Level or Equivalent,80-90%,0-35,120,-171.0,0.0,1.0,7.314285714285714,8.5707142559499,8.222222222222221,1.251879521947942,10.652173913043478,13.462434926498164,7.791666666666667,0.8472687850839898,11.4,15.915566692954881,9.285714285714286,0.9353879891976942,91.66666666666667,71.0,95.0,DDD_2014B
group1,M,Wales,A Level or Equivalent,70-80%,0-35,60,-24.0,0.6666666666666666,1.0,8.517241379310345,9.814787275386244,2.933333333333333,0.92709445701687,9.85,11.037138263727224,3.857142857142857,0.8052184621787815,36.0,23.53720459187964,3.8,0.9618772043419509,62.666666666666664,37.0,39.0,DDD_2014B
group1,M,North Western Region,A Level or Equivalent,20-30%,35-55,60,-17.0,0.3333333333333333,1.0,3.0123456790123457,2.6386257178713968,7.524390243902439,0.7830214062106168,3.0657894736842106,2.7872831518202545,6.8311688311688314,1.0615074809492422,6.9393939393939394,9.048271222792346,5.882352941176471,0.809814793641114,86.33333333333333,29.0,60.0,DDD_2014B
group3,M,South East Region,A Level or Equivalent,50-60%,0-35,240,-86.0,0.3333333333333333,1.0,3.9833333333333334,3.572454251425912,4.60655737704918,1.5265618076237646,10.764705882352942,9.575550974778853,8.444444444444445,1.1339479486019208,14.25,16.699301382592825,9.705882352941176,0.8804790414973374,86.33333333333333,81.0,81.0,DDD_2014B
group3,M,North Western Region,Lower Than A Level,10-20,0-35,60,-40.0,0.16666666666666666,1.0,1.5389221556886228,1.283577938899333,6.065476190476191,0.8772313678537543,2.0081967213114753,2.071035600092057,4.829268292682927,1.0600447448426875,2.405940594059406,2.4420410226766553,4.519607843137255,0.7719082155491015,95.0,93.0,91.0,DDD_2014B
group3,M,Yorkshire Region,No Formal quals,30-40%,0-35,60,-20.0,0.0,1.0,1.188073394495413,0.883251718523695,13.155251141552512,0.696629395163201,1.2451923076923077,0.9285987373526879,7.5933014354066986,0.8502876724779446,1.4034090909090908,1.44688424760726,9.796610169491526,0.8376990403692757,94.66666666666667,87.0,93.5,DDD_2014B
group1,F,Yorkshire Region,Lower Than A Level,0-10%,0-35,180,-46.0,0.3333333333333333,1.0,1.4853801169590644,0.9289888566810868,7.540697674418604,1.1931257418316614,2.311320754716981,2.351749936282179,10.158878504672897,0.8948390839474591,2.2477064220183487,1.732884361205394,6.4363636363636365,0.9578687427452603,45.333333333333336,42.0,56.0,DDD_2014B
group1,M,East Anglian Region,Lower Than A Level,60-70%,0-35,180,-73.0,0.3333333333333333,1.0,4.959183673469388,6.806734360400825,6.68,1.0515079180479447,6.05,8.375636217702034,4.609756097560975,1.2629885643419867,16.692307692307693,20.61708278501356,6.642857142857143,1.0469938357190844,67.33333333333333,42.0,47.5,DDD_2014B
group3,M,South East Region,A Level or Equivalent,90-100%,35-55,60,-27.0,0.0,1.0,1.0889830508474576,0.37547901849307774,9.708860759493671,0.9321386544020126,1.117391304347826,0.45701917622236865,7.372294372294372,1.30934067325338,1.7832167832167831,2.0075205790251056,11.4375,0.9645991179532271,98.66666666666667,94.0,99.0,DDD_2014B
group3,M,South West Region,A Level or Equivalent,30-40%,0-35,120,-24.0,0.6666666666666666,1.0,1.548780487804878,1.131288846663956,4.3090909090909095,1.2609328898661407,3.210526315789474,4.076978585418976,5.441558441558442,1.0672501598594748,3.3472222222222223,5.840990949647621,4.712328767123288,1.218026724755009,87.33333333333333,28.0,73.0,DDD_2014B
group3,M,South West Region,A Level or Equivalent,20-30%,0-35,60,-151.0,0.16666666666666666,1.0,3.9508196721311477,4.81118914444304,7.419354838709677,0.8512528296353515,5.020833333333333,6.0546784560101745,3.979591836734694,1.430043010254187,10.347826086956522,12.104126627845766,6.75,1.1325099889941226,91.33333333333333,77.0,59.5,DDD_2014B
group1,F,London Region,Lower Than A Level,20-30%,0-35,60,2.0,0.16666666666666666,1.0,2.1523809523809523,1.5366106081802773,5.452830188679245,1.1568897686703796,2.215686274509804,1.8912380092237246,5.514563106796117,1.166168265273909,4.166666666666667,5.1790631426408575,6.163265306122449,0.9742529938886758,63.666666666666664,19.0,56.5,DDD_2014B
group1,M,East Anglian Region,HE Qualification,80-90%,35-55,120,-29.0,0.0,1.0,5.145833333333333,7.629700039650017,5.408163265306122,1.1037074645572218,5.130434782608695,7.025694732439629,7.723404255319149,1.1156242532859364,12.0,21.278575558006175,7.4,1.0873131183725102,69.66666666666667,57.0,57.5,DDD_2014B
group3,M,South Region,Lower Than A Level,90-100%,0-35,60,-178.0,0.0,1.0,3.269230769230769,3.077665994228089,6.506329113924051,1.1720171191333653,3.135135135135135,3.535821868089257,7.093333333333334,1.2919100593927937,10.416666666666666,12.175944447491775,5.32,1.0097607196511003,81.0,65.0,54.0,DDD_2014B
group3,F,East Anglian Region,A Level or Equivalent,40-50%,0-35,60,-248.0,0.0,1.0,1.7379310344827585,1.7560241142009332,6.102739726027397,0.9128885222284306,2.78494623655914,3.7960204057659013,5.138297872340425,1.0785875192570014,2.0161290322580645,2.245080877344276,7.456,0.8310264200104601,93.0,44.0,91.0,DDD_2014B
group1,M,North Region,A Level or Equivalent,60-70%,0-35,120,-185.0,0.16666666666666666,1.0,5.020408163265306,4.441704796201413,5.1,0.9543602763637612,6.594594594594595,8.16992948242197,9.18421052631579,1.0766816409532944,23.444444444444443,38.363756043664154,3.0,0.7888106377466154,28.333333333333332,0.0,29.0,DDD_2014B
group3,F,Wales,A Level or Equivalent,50-60%,35-55,120,-75.0,0.0,1.0,1.3891891891891892,0.833987209194411,7.720430107526882,0.9580299988666532,2.3363636363636364,2.3394395656298466,7.252252252252252,1.084069991566372,1.9504132231404958,1.4880145590093168,5.811475409836065,0.9074111285655563,95.33333333333333,91.0,92.0,DDD_2014B
group3,F,Yorkshire Region,A Level or Equivalent,10-20,0-35,60,-50.0,0.3333333333333333,1.0,4.112903225806452,3.9963296222280786,5.634920634920635,1.1584624769297773,7.083333333333333,7.806133119907339,5.378378378378378,0.9755993781324686,8.821428571428571,10.107033016771858,8.03448275862069,0.9259252573501665,84.66666666666667,90.0,85.0,DDD_2014B
group3,F,London Region,A Level or Equivalent,60-70%,0-35,120,-22.0,0.0,1.0,2.5670103092783507,2.401853522520183,8.316326530612244,1.2706544913501359,3.967741935483871,3.5573417130574465,6.666666666666667,1.52033830821583,3.696969696969697,3.4012201293504027,7.417910447761194,1.1615741390914185,87.66666666666667,72.0,87.0,DDD_2014B
group1,M,East Midlands Region,A Level or Equivalent,30-40%,0-35,60,-22.0,0.0,1.0,4.592592592592593,4.599091454651232,3.9454545454545453,0.985097822369577,6.0,6.8200308293159875,6.073170731707317,0.7267855851748537,9.708333333333334,9.67057017637698,2.56,0.6906886282906357,73.33333333333333,57.0,66.0,DDD_2014B
group3,M,East Anglian Region,Lower Than A Level,20-30%,0-35,60,-50.0,0.0,1.0,1.559748427672956,1.704763226324931,5.1,0.9265094918691577,2.0762711864406778,2.3173694918434538,6.34453781512605,1.0021633544358763,2.8846153846153846,3.4864515851141054,4.177215189873418,0.7942169304407419,87.0,91.0,90.0,DDD_2014B
group3,M,London Region,A Level or Equivalent,60-70%,0-35,60,-22.0,0.0,1.0,2.2589285714285716,2.134004127567146,4.911504424778761,1.1614482058653675,3.5522388059701493,5.422410238131424,4.794117647058823,1.3638548737594227,3.2,3.4718948794648226,5.078947368421052,1.1277854036900326,86.66666666666667,82.0,72.5,DDD_2014B
group3,F,South East Region,A Level or Equivalent,70-80%,0-35,120,-54.0,0.0,1.0,2.094017094017094,2.0042321858701126,7.88135593220339,0.849089342352207,2.891566265060241,2.7275113654399634,4.345238095238095,1.0159434603636452,2.9367088607594938,3.3102086546361655,7.7625,0.8921138608286813,95.33333333333333,96.0,90.5,DDD_2014B
group1,M,Wales,Lower Than A Level,70-80%,35-55,60,-53.0,0.0,1.0,2.6292134831460676,2.849968191496777,5.533333333333333,1.0149127560796476,3.65625,4.626420845672153,6.446153846153846,1.0668391236424226,4.66,9.117397587881653,4.882352941176471,0.9228213086808077,75.33333333333333,53.0,59.0,DDD_2014B
group3,M,East Anglian Region,A Level or Equivalent,40-50%,0-35,60,-134.0,0.16666666666666666,1.0,2.227722772277228,2.6072252995044827,5.1568627450980395,0.8860376248131561,3.3636363636363638,4.978836328783181,4.641791044776119,1.0875394769456794,3.559322033898305,5.018143585996574,6.05,1.0460015555195445,59.666666666666664,55.0,50.5,DDD_2014B
group3,M,West Midlands Region,A Level or Equivalent,20-30%,0-35,60,-148.0,0.3333333333333333,1.0,5.0,6.3110844736893315,4.530612244897959,0.9344214325902174,5.534883720930233,8.398834491731016,5.7727272727272725,0.9515838434019475,6.257142857142857,6.942379898526311,3.75,0.5908771466803703,82.66666666666667,78.0,75.0,DDD_2014B
group1,F,South West Region,A Level or Equivalent,20-30%,0-35,60,-131.0,0.0,1.0,4.175438596491228,3.4492380474199553,3.5344827586206895,0.986005588032427,5.1521739130434785,4.961932380319174,5.957446808510638,1.616701731859009,3.026666666666667,3.1277888456644676,6.605263157894737,0.9339294675770347,58.0,35.0,49.5,DDD_2014B
group1,F,Wales,Lower Than A Level,20-30%,0-35,60,-103.0,0.0,1.0,2.073170731707317,2.291004260099069,5.298387096774194,1.2622164237770208,2.6630434782608696,3.956569648408107,4.903225806451613,0.9570955312588597,4.157894736842105,5.963548421404499,6.0,0.7847932104330174,39.0,18.0,47.0,DDD_2014B
group1,M,North Region,Lower Than A Level,50-60%,0-35,60,-46.0,0.6,0.8333333333333334,5.428571428571429,6.725063630645953,5.558139534883721,0.9871994581945557,6.645161290322581,10.055009985397906,8.28125,0.8905580428166877,20.545454545454547,26.51551861217742,4.75,0.9916549306008828,65.66666666666667,31.0,78.0,DDD_2014B
group1,M,Ireland,A Level or Equivalent,70-80%,0-35,60,-115.0,0.6,0.8333333333333334,3.5,4.884039941876617,5.567164179104478,0.972137333836323,4.326923076923077,6.394609107758319,6.320754716981132,0.9361148339821487,34.833333333333336,53.458083267796525,3.857142857142857,0.6415002990995842,64.0,24.0,54.0,DDD_2014B
group1,M,Wales,A Level or Equivalent,40-50%,0-35,120,-100.0,0.4,0.8333333333333334,3.5833333333333335,4.1984235807479315,5.136986301369863,1.2023029753121484,5.923076923076923,7.068777216466253,9.175,0.6845205121028731,7.266666666666667,9.623725471667559,3.032258064516129,0.5951744991786962,54.0,54.0,39.0,DDD_2014B
group3,M,East Anglian Region,A Level or Equivalent,60-70%,0-35,180,-148.0,0.0,1.0,1.8623188405797102,1.5051833992845718,5.856115107913669,1.2738450026357442,4.114754098360656,4.586568654436334,6.048387096774194,1.112038368642617,2.342857142857143,2.060753089698835,4.320754716981132,0.8598518295941628,79.33333333333333,79.0,88.0,DDD_2014B
group3,M,South East Region,A Level or Equivalent,60-70%,0-35,120,-12.0,0.8333333333333334,1.0,3.4166666666666665,2.9154759474226504,5.876712328767123,1.3533993046560664,6.527777777777778,5.704565144869807,5.972972972972973,1.1615482445600491,5.0,4.413418274938963,6.0625,1.5725733231095393,99.66666666666667,100.0,99.5,DDD_2014B
group3,M,South Region,A Level or Equivalent,60-70%,0-35,60,-135.0,0.16666666666666666,1.0,1.263959390862944,0.8089868685241591,9.085858585858587,0.9662114027786951,2.3523809523809525,2.328671428671427,7.084905660377358,1.212335775412041,1.662162162162162,1.3877699727743316,7.261744966442953,1.0602660950979554,95.0,93.0,90.5,DDD_2014B
group1,F,West Midlands Region,Lower Than A Level,0-10%,0-35,60,-140.0,0.3333333333333333,1.0,2.9651162790697674,3.269997929190223,5.494252873563219,1.0993042070671002,3.796875,3.9768364530871985,6.123076923076923,1.0880470428781892,7.15625,8.413159335231919,6.0606060606060606,1.0529482418428742,64.0,21.0,32.5,DDD_2014B
group3,F,South East Region,A Level or Equivalent,90-100%,0-35,60,-46.0,0.0,1.0,2.2232142857142856,1.8144059233172867,5.79646017699115,1.1326001300549757,3.088607594936709,3.1953085538489945,5.4125,1.1248583160998114,3.476923076923077,4.984688093011978,5.015151515151516,0.8736343160879477,87.66666666666667,78.0,87.0,DDD_2014B
group3,F,Scotland,Lower Than A Level,70-80%,0-35,75,-131.0,0.0,1.0,1.4342857142857144,1.1167334489747824,7.846590909090909,0.9112894734098279,2.536842105263158,2.230401768577158,5.927083333333333,1.251297120734036,1.5838926174496644,1.279255860240102,10.06,0.9679976075473883,85.66666666666667,85.0,77.0,DDD_2014B
group3,M,Wales,A Level or Equivalent,30-40%,0-35,60,-73.0,0.0,1.0,1.946969696969697,1.682030733484883,7.135338345864661,0.9818274599033437,2.2803738317757007,2.252019607321747,6.675925925925926,1.1539686798763946,4.377358490566038,5.95891838112079,4.611111111111111,1.1341311421193936,82.0,85.0,73.0,DDD_2014B
group3,M,Scotland,A Level or Equivalent,90-100%,0-35,60,-107.0,0.0,1.0,3.5970149253731343,3.0154134421413232,4.838235294117647,1.1592746607768099,4.78,4.310831161866868,6.411764705882353,1.0628220278876772,6.2105263157894735,5.6528294505129075,6.9743589743589745,1.0503773625731985,91.33333333333333,83.0,86.5,DDD_2014B
group3,M,Wales,HE Qualification,70-80%,35-55,60,-100.0,0.0,1.0,1.841726618705036,1.6561654366960448,10.907142857142857,1.2133424141427667,3.5294117647058822,3.311989023322057,6.144927536231884,1.022976081870805,3.5714285714285716,3.8167116454716736,7.084507042253521,1.05036427073728,94.0,73.0,85.5,DDD_2014B
group3,M,West Midlands Region,A Level or Equivalent,50-60%,0-35,60,-135.0,0.0,1.0,2.0847457627118646,1.7810794344736476,5.773109243697479,1.1190727302111352,2.7444444444444445,2.5771733976583735,5.472527472527473,1.1471963294905008,4.032786885245901,4.266017710209972,4.919354838709677,0.8541282522065495,89.66666666666667,90.0,72.5,DDD_2014B
group3,M,East Anglian Region,HE Qualification,90-100%,35-55,60,-36.0,0.0,1.0,2.8850574712643677,3.3737195240403723,7.204545454545454,1.2033573629098586,4.357142857142857,5.299840722919104,6.2105263157894735,2.115319425331891,6.96969696969697,6.583525121870732,5.588235294117647,1.2758137916737424,83.33333333333333,70.0,90.0,DDD_2014B
group1,F,East Anglian Region,Lower Than A Level,40-50%,0-35,60,-134.0,0.6666666666666666,1.0,5.733333333333333,7.114006670582402,4.086956521739131,0.8128383614848113,8.89655172413793,11.78784127694479,4.033333333333333,0.7171058712242995,11.095238095238095,14.240452106252674,4.363636363636363,0.9128709291752769,57.0,21.0,32.5,DDD_2014B
group3,M,South Region,Lower Than A Level,50-60%,35-55,120,-29.0,0.0,0.8333333333333334,2.1779661016949152,2.7506995409628163,6.529411764705882,1.0189685884476176,3.983050847457627,6.1405703582774915,7.316666666666666,1.7565862457371566,2.473684210526316,3.0730195326669003,7.552083333333333,1.0306236062869458,89.66666666666667,48.0,93.0,DDD_2014B
group3,M,East Anglian Region,A Level or Equivalent,30-40%,0-35,60,-72.0,0.0,1.0,3.4,2.95003435619023,4.078947368421052,1.1296219658097832,5.627906976744186,5.075727748965348,4.886363636363637,1.044628797209275,5.714285714285714,6.685571337701682,5.186046511627907,0.7816080465105034,84.33333333333333,71.0,84.0,DDD_2014B
group1,F,West Midlands Region,A Level or Equivalent,40-50%,0-35,60,-74.0,0.5,1.0,5.72093023255814,5.2568575684544285,5.681818181818182,0.9854947995803935,12.789473684210526,12.241000991061062,2.25,0.8299933065325821,7.709677419354839,8.242950719198786,7.09375,0.8504713057514047,69.66666666666667,28.0,42.0,DDD_2014B
group3,F,Scotland,HE Qualification,70-80%,0-35,60,-118.0,0.0,1.0,1.9037037037037037,2.4884031745909945,5.8161764705882355,0.8251480623401569,2.839080459770115,3.585739076677092,5.5227272727272725,0.8111381488040895,2.238532110091743,3.0819038204787668,6.963636363636364,0.9420523291854094,75.0,72.0,73.0,DDD_2014B
group3,M,Wales,HE Qualification,90-100%,35-55,60,-117.0,0.0,1.0,1.9618320610687023,1.5758005543101516,9.166666666666666,1.2412276707875858,2.57,2.02636660458112,7.544554455445544,1.1159208661225257,3.289473684210526,2.5235730725761796,4.7272727272727275,0.7949013346750222,96.66666666666667,89.0,97.5,DDD_2014B
group3,F,East Midlands Region,A Level or Equivalent,40-50%,0-35,60,-99.0,0.0,1.0,1.7586206896551724,1.8644177750297128,4.0479452054794525,1.0605196309319025,2.6021505376344085,3.5482383410529494,4.787234042553192,0.8617409882697917,2.950617283950617,3.361179980928949,4.646341463414634,0.9268511484803998,86.66666666666667,43.0,80.5,DDD_2014B
group3,F,Scotland,HE Qualification,90-100%,35-55,60,-103.0,0.0,1.0,2.8850574712643677,2.6388214747739975,7.988636363636363,0.828939358950451,3.6615384615384614,3.52791069135173,7.242424242424242,0.8018967902490919,2.9047619047619047,2.67347095188623,6.952941176470588,1.016488220055116,82.0,89.0,85.5,DDD_2014B
group3,M,East Anglian Region,HE Qualification,90-100%,0-35,60,-36.0,0.0,1.0,3.71875,2.739880370462266,3.8615384615384616,0.9981968155575157,3.966666666666667,3.768588580225447,8.131147540983607,1.077563914872225,8.76923076923077,8.80139849027502,3.3333333333333335,0.725718035235908,75.0,64.0,67.0,DDD_2014B
group1,F,East Anglian Region,HE Qualification,30-40%,35-55,120,-107.0,0.0,1.0,2.1416666666666666,2.1195204520784205,39.48760330578512,9.083478947422826,2.5520833333333335,3.327302658679571,6.917525773195877,1.0811273030857294,4.288135593220339,5.44581727332096,5.65,0.8122492665207717,73.33333333333333,52.0,54.5,DDD_2014B
group1,F,South Region,A Level or Equivalent,60-70%,0-35,60,-104.0,0.0,1.0,1.4111111111111112,0.9847376583343278,4.370165745856354,1.2055805028406503,2.6823529411764704,2.7089435856326087,7.0813953488372094,1.095587618371597,1.7785714285714285,1.6051529304440284,8.375886524822695,1.0485179006234584,68.33333333333333,20.0,40.0,DDD_2014B
group3,M,East Anglian Region,Lower Than A Level,80-90%,55<=,60,-109.0,0.0,1.0,1.6602564102564104,1.3464255899653286,13.86624203821656,1.244812167296794,2.5444444444444443,2.389871469963671,6.989010989010989,1.1719417437119652,6.2,7.208257373247321,3.024390243902439,0.8808430594137514,91.33333333333333,83.0,84.5,DDD_2014B
group3,M,South Region,HE Qualification,70-80%,0-35,60,-107.0,0.16666666666666666,1.0,2.4571428571428573,2.5192664203500383,5.886792452830188,1.2859635819068889,4.241379310344827,4.798794968723412,4.610169491525424,1.0213312052394403,2.134453781512605,2.610033994674059,4.566666666666666,1.4664268092811619,90.0,91.0,87.0,DDD_2014B
group3,M,South Region,A Level or Equivalent,90-100%,35-55,60,-82.0,0.0,1.0,2.9176470588235293,3.5597343557452956,7.8023255813953485,1.125987417250618,3.7868852459016393,5.063314968471284,14.46774193548387,1.3717381326665659,4.75,5.221266887162227,6.822222222222222,1.063885735337802,92.66666666666667,94.0,92.5,DDD_2014B
group1,M,West Midlands Region,Lower Than A Level,40-50%,0-35,60,-73.0,0.0,1.0,2.0083333333333333,1.989450468161021,5.223140495867769,1.0174112152106465,2.6483516483516483,4.042478959949716,5.010869565217392,0.907634806529891,3.6,4.030353582503649,4.196969696969697,0.9790850662180822,83.33333333333333,73.0,74.5,DDD_2014B
group3,M,London Region,A Level or Equivalent,30-40%,0-35,90,-106.0,0.0,1.0,3.5942028985507246,4.180904913939474,4.257142857142857,1.0929298895331667,4.017543859649122,5.218412553060062,4.810344827586207,0.7579013864828901,10.25,14.528083748082686,4.92,1.1366423564110797,74.66666666666667,78.0,66.5,DDD_2014B
group3,M,North Western Region,A Level or Equivalent,20-30%,35-55,60,-86.0,0.0,1.0,1.040485829959514,0.21710532549748596,3.8225806451612905,1.0740282344189789,1.0532786885245902,0.2590531750963325,2.636734693877551,1.7443244842444792,2.1636363636363636,3.906069783165571,5.774774774774775,1.0160450606904559,76.0,65.0,64.0,DDD_2014B
group3,M,Scotland,HE Qualification,80-90%,0-35,60,-106.0,0.0,1.0,1.75,2.8281264681283065,7.154362416107382,1.1549682611030132,2.0393700787401574,3.667535773195545,4.109375,1.1475522023826417,2.134453781512605,3.5508995512187824,8.383333333333333,0.8622617298021287,93.0,49.0,58.5,DDD_2014B
group3,F,East Midlands Region,Lower Than A Level,50-60%,0-35,60,-68.0,0.0,1.0,3.0641025641025643,2.9732126294621684,3.5443037974683542,1.1031032293914644,3.0579710144927534,3.876338698440816,3.5285714285714285,0.9814035752072434,15.428571428571429,25.276058254386122,8.4,0.6815237917786826,73.33333333333333,33.0,66.0,DDD_2014B
group3,M,North Western Region,Lower Than A Level,0-10%,0-35,60,-23.0,0.0,1.0,1.2722772277227723,0.6911838300637031,7.349753694581281,0.8976585368505263,1.678082191780822,1.1382680825186482,6.074829931972789,1.0349083358912103,2.6451612903225805,4.684955480486175,4.446808510638298,1.229367156211257,81.0,86.0,83.0,DDD_2014B
group1,M,North Western Region,Lower Than A Level,30-40%,0-35,60,-28.0,0.0,1.0,6.5,7.897142829205058,4.0,1.0621700090875887,9.5,11.064357188738983,7.7407407407407405,0.8652485317145128,18.923076923076923,18.20925377594928,4.214285714285714,0.6353106716607223,61.666666666666664,29.0,37.0,DDD_2014B
group1,M,North Western Region,HE Qualification,90-100%,35-55,60,-89.0,0.16666666666666666,1.0,3.6515151515151514,4.070503368012078,2.417910447761194,0.9402594277619336,6.1891891891891895,9.734925206120938,5.631578947368421,1.3045001626273176,13.058823529411764,17.62622544759404,2.7222222222222223,0.5847570931385471,72.66666666666667,0.0,43.5,DDD_2014B
group3,F,Scotland,A Level or Equivalent,30-40%,0-35,60,-80.0,0.0,1.0,3.696969696969697,2.9455034673194116,5.82089552238806,0.9749525857079914,7.393939393939394,7.8856649764754865,5.0588235294117645,0.866883666028642,4.591836734693878,5.2158347340372195,5.58,1.3559050249975124,81.66666666666667,78.0,82.0,DDD_2014B
group1,F,South Region,A Level or Equivalent,80-90%,0-35,90,-102.0,0.16666666666666666,1.0,9.23076923076923,7.055821382703461,4.7407407407407405,1.039091869885671,16.615384615384617,16.0703581247093,16.071428571428573,0.7280889919830635,56.333333333333336,32.19213154380016,7.0,0.8630747123996123,45.666666666666664,38.0,45.5,DDD_2014B
group1,M,Scotland,HE Qualification,90-100%,0-35,60,-34.0,0.0,1.0,2.0427350427350426,1.816557764076589,4.296610169491525,0.9131979499221716,3.8833333333333333,5.725623840384725,5.639344262295082,0.9166615451288493,2.7951807228915664,3.2111051062720293,5.2023809523809526,0.7172480413450313,69.66666666666667,36.0,49.0,DDD_2014B
group1,M,South East Region,Lower Than A Level,70-80%,0-35,60,-25.0,0.5,1.0,2.7386363636363638,3.246551904489985,3.460674157303371,1.0838419044026892,3.870967741935484,5.669833521619201,8.142857142857142,0.8074835505119101,5.7073170731707314,7.26375902146755,3.7142857142857144,1.4030116943902002,98.33333333333333,87.0,90.5,DDD_2014B
group3,F,East Anglian Region,A Level or Equivalent,80-90%,35-55,60,-45.0,0.0,1.0,2.0086206896551726,1.7618946800442457,6.743589743589744,0.9518166734366476,2.647727272727273,2.2439690448377796,5.640449438202247,1.0578345730335237,2.219047619047619,1.9902693689981164,8.216981132075471,0.8218423641913177,88.66666666666667,79.0,87.0,DDD_2014B
group1,M,East Midlands Region,A Level or Equivalent,10-20,0-35,60,-66.0,0.16666666666666666,1.0,5.976744186046512,7.9596852417219885,5.113636363636363,0.7028829521651841,6.7631578947368425,9.445245366238483,5.717948717948718,0.821203454153155,44.4,32.082705621565026,5.333333333333333,0.5266343608235224,67.33333333333333,27.0,8.5,DDD_2014B
group3,F,West Midlands Region,HE Qualification,10-20,35-55,60,-93.0,0.3333333333333333,1.0,2.1,1.74606400106019,8.223140495867769,0.909559399131231,2.2803738317757007,2.358422852140269,5.842592592592593,0.9108026177915433,7.258064516129032,10.893324383723835,5.09375,0.7285647391247664,70.66666666666667,65.0,60.5,DDD_2014B
group3,M,South Region,A Level or Equivalent,90-100%,0-35,90,-82.0,0.0,1.0,2.9759036144578315,3.0161189066230816,6.535714285714286,0.8401865176818842,3.4305555555555554,4.027463427374846,4.301369863013699,0.9702144493519708,5.466666666666667,6.907176768339645,4.826086956521739,0.5687817700059314,90.0,89.0,86.0,DDD_2014B
group3,M,West Midlands Region,A Level or Equivalent,30-40%,0-35,60,-72.0,0.0,1.0,1.3350515463917525,0.7313188083194232,7.225641025641026,1.4096296452239507,2.443396226415094,2.276506047513728,6.186915887850467,1.2073427622204378,1.8041958041958042,1.5576198041718874,5.458333333333333,1.1780236170009464,86.66666666666667,58.0,80.5,DDD_2014B
group3,M,North Western Region,Lower Than A Level,10-20,0-35,60,-86.0,0.0,1.0,2.392523364485981,2.313850867431413,5.916666666666667,1.1484128524245245,3.772727272727273,3.2239271539081487,5.164179104477612,1.097748585194519,3.025,5.852566244440948,5.679012345679013,0.894379636305204,90.66666666666667,91.0,89.5,DDD_2014B
group3,M,East Midlands Region,HE Qualification,80-90%,0-35,60,-85.0,0.0,1.0,5.04,5.965752599767497,7.0588235294117645,0.6741249472052228,5.488888888888889,7.6948100048085015,5.978260869565218,0.7435719020738472,16.76923076923077,15.695826654208894,4.5,0.8089010988089465,84.33333333333333,68.0,73.5,DDD_2014B
group3,M,Ireland,Lower Than A Level,30-40%,35-55,60,-57.0,0.0,1.0,1.3144329896907216,0.8511485310515566,7.984615384615385,1.247097081778843,2.4056603773584904,2.4212484063934276,8.69158878504673,1.0212778467596921,1.6283783783783783,1.8080711164050782,7.114093959731544,1.4655659618269137,97.66666666666667,93.0,97.5,DDD_2014B
group3,F,South Region,A Level or Equivalent,90-100%,0-35,60,-79.0,0.0,1.0,1.1422018348623852,0.43250286016616957,9.28310502283105,0.800463961444809,1.5769230769230769,1.0597532368796634,5.140127388535032,1.073349218315464,1.5686274509803921,1.2448034397908654,7.337662337662338,1.0630702023616265,89.0,84.0,87.5,DDD_2014B
group3,F,London Region,HE Qualification,0-10%,0-35,60,-60.0,0.16666666666666666,1.0,3.445945945945946,3.962640229200631,5.72,1.4717358756532402,3.5970149253731343,3.992643619900407,8.470588235294118,0.9884435443828337,9.692307692307692,14.457577198878742,4.777777777777778,0.8241881463567139,72.66666666666667,80.0,87.0,DDD_2014B
group3,M,West Midlands Region,A Level or Equivalent,50-60%,0-35,60,-73.0,0.0,1.0,1.509090909090909,0.808628632980176,7.132530120481928,1.0844278853701144,2.4653465346534653,2.1239790791608257,5.078431372549019,0.9825022110174735,2.627659574468085,2.8054633433777703,6.336842105263158,0.9065659322988986,84.66666666666667,88.0,87.0,DDD_2014B
group1,F,Scotland,A Level or Equivalent,0-10%,0-35,120,-24.0,0.16666666666666666,1.0,6.024390243902439,6.9155180748735265,3.6666666666666665,1.0023584938419468,8.25,13.884777169153166,5.068965517241379,1.3329167751351954,70.66666666666667,116.36293797138903,2.75,0.9045340337332909,59.666666666666664,35.0,56.0,DDD_2014B
group3,F,Scotland,Lower Than A Level,20-30%,0-35,60,-45.0,0.0,1.0,1.5828220858895705,1.0588600376170065,5.201219512195122,0.9646319910635351,2.048780487804878,1.551591771436651,4.846774193548387,1.0659975021336423,2.6526315789473682,3.0762246170812753,7.322916666666667,1.0968076382759633,94.66666666666667,92.0,93.5,DDD_2014B
group3,F,East Midlands Region,A Level or Equivalent,80-90%,0-35,60,-52.0,0.0,1.0,2.883720930232558,2.6140732455247946,6.758620689655173,1.2908465754300387,4.224137931034483,4.440811935593302,6.508474576271187,1.3190971765230608,5.444444444444445,8.716639144750571,5.0,0.7967324574131848,86.33333333333333,88.0,92.5,DDD_2014B
group3,M,South Region,HE Qualification,40-50%,0-35,60,-50.0,0.0,1.0,2.484536082474227,2.046915372690167,5.142857142857143,1.0378634273483003,3.9344262295081966,4.122575459018372,4.854838709677419,1.2396657280559895,4.528301886792453,5.105064504922484,5.518518518518518,0.7693863251501473,85.66666666666667,82.0,88.5,DDD_2014B
group3,M,Wales,Lower Than A Level,80-90%,0-35,90,-29.0,0.0,1.0,3.1025641025641026,3.0773143274393453,4.139240506329114,1.0616158509478721,5.148936170212766,4.572976974453367,5.645833333333333,1.4093380884579572,12.470588235294118,15.760384065191843,4.944444444444445,0.8645846563240734,77.33333333333333,84.0,81.5,DDD_2014B
group3,M,South Region,A Level or Equivalent,90-100%,35-55,60,-29.0,0.0,1.0,2.1769911504424777,2.816501402752482,9.508771929824562,1.0143994662595412,3.4166666666666665,4.577193924813773,6.52054794520548,1.0220582837450103,2.7710843373493974,4.171112331041484,6.964285714285714,0.7292937571219683,93.0,76.0,90.0,DDD_2014B
group3,M,Scotland,HE Qualification,30-40%,0-35,60,-47.0,0.0,1.0,7.375,8.495729477498605,7.636363636363637,1.1180762416925507,8.428571428571429,10.668154658117956,14.586206896551724,0.8665455530127879,27.428571428571427,40.558012537011486,8.375,0.848386357678944,93.66666666666667,80.0,64.5,DDD_2014B
group1,M,North Western Region,Lower Than A Level,50-60%,35-55,60,-40.0,0.5,1.0,4.280701754385965,4.787462741238501,7.5344827586206895,1.0005863107426907,5.0476190476190474,5.272812832673735,4.651162790697675,1.2874004815907132,12.083333333333334,12.580347829656837,7.538461538461538,0.924356885521899,74.66666666666667,55.0,60.5,DDD_2014B
group1,F,South West Region,A Level or Equivalent,50-60%,0-35,60,-28.0,0.16666666666666666,1.0,4.611111111111111,5.651570717272062,6.490909090909091,0.8812896532326268,5.304347826086956,7.045469987374524,5.574468085106383,0.8247631490817301,11.4,11.095687708037104,5.25,0.995454521922232,68.0,16.0,55.5,DDD_2014B
group1,M,East Anglian Region,Lower Than A Level,90-100%,0-35,60,-29.0,0.0,1.0,3.2837837837837838,3.6546846284504575,3.4,0.9213600097624104,6.230769230769231,7.533998513620697,8.9,0.9068466864710594,5.5,6.725305177442116,4.82051282051282,1.0834102304660487,60.666666666666664,39.0,42.0,DDD_2014B
group1,M,Wales,HE Qualification,50-60%,0-35,60,-51.0,0.16666666666666666,1.0,5.973684210526316,6.51188867901257,4.128205128205129,0.8465909142398435,9.375,9.850237251611937,5.88,0.8834637070168719,9.869565217391305,16.032082459374696,8.083333333333334,0.9034010677503409,79.66666666666667,68.0,79.5,DDD_2014B
group1,M,North Western Region,A Level or Equivalent,10-20,0-35,60,-54.0,0.2,0.8333333333333334,2.825,2.647066683201701,3.246913580246914,1.1241128327201613,3.7719298245614037,3.635232080720811,5.741379310344827,0.8331534042692834,13.9,22.288262980023067,3.8181818181818183,0.8116219309075862,62.666666666666664,44.0,55.0,DDD_2014B
group3,F,Scotland,A Level or Equivalent,60-70%,0-35,60,-51.0,0.3333333333333333,1.0,2.3,2.3168707146185086,5.351351351351352,1.1038637223430328,4.224137931034483,5.177695428040697,4.728813559322034,0.9840782305796486,4.666666666666667,5.490598024502128,4.923076923076923,0.9289979060121718,66.0,73.0,59.5,DDD_2014B
group3,M,Scotland,HE Qualification,80-90%,0-35,60,-44.0,0.16666666666666666,1.0,1.9612403100775193,1.6649094418653536,5.138461538461539,0.8095411976972641,3.128205128205128,2.493414569845179,5.177215189873418,1.0411916638266414,2.34,2.0011108026404845,8.069306930693068,0.7764224827567863,88.33333333333333,65.0,88.5,DDD_2014B
group3,M,Scotland,A Level or Equivalent,80-90%,0-35,60,-40.0,0.0,1.0,4.280701754385965,4.42700473540726,9.327586206896552,1.1243082636839667,5.634146341463414,7.799859285785146,10.452380952380953,0.8259625810368235,5.674418604651163,10.361836871154049,7.159090909090909,1.2390025165751752,90.0,76.0,85.5,DDD_2014B
group1,M,South West Region,Lower Than A Level,10-20,35-55,60,-54.0,0.0,1.0,2.6630434782608696,3.255687074606403,4.333333333333333,1.0751491948476375,5.878048780487805,10.89540068549849,6.428571428571429,1.146689635141769,4.108108108108108,6.805976882220607,5.105263157894737,0.6508739842335916,69.0,5.0,42.5,DDD_2014B
group3,F,South East Region,A Level or Equivalent,40-50%,0-35,60,-29.0,0.0,1.0,5.354166666666667,6.278940089894334,6.612244897959184,0.9226175462871732,7.264705882352941,8.389419106301489,11.714285714285714,0.8989384975445419,11.4,16.239652576008936,6.238095238095238,1.081493786163349,81.33333333333333,74.0,81.0,DDD_2014B
group1,M,South West Region,A Level or Equivalent,60-70%,0-35,60,-24.0,0.0,1.0,3.1923076923076925,4.384321808704024,4.556962025316456,1.0033431770158192,4.906976744186046,7.702238244538841,4.9772727272727275,1.1889958537780925,4.836734693877551,7.509291296940939,9.84,0.9665398181352804,64.33333333333333,24.0,54.0,DDD_2014B
group3,F,West Midlands Region,A Level or Equivalent,0-10%,0-35,60,-66.0,0.0,1.0,1.2142857142857142,0.6754659666065685,5.962085308056872,0.8327853922987309,1.3280423280423281,0.9215544674606483,4.205263157894737,0.9696264911327954,1.8267716535433072,2.207830538229624,4.421875,0.712125919553981,92.33333333333333,87.0,90.0,DDD_2014B
group1,M,South East Region,A Level or Equivalent,80-90%,0-35,60,-22.0,0.3333333333333333,1.0,8.033333333333333,7.063667765322106,3.3225806451612905,0.8104324953285128,13.235294117647058,16.261647409490475,6.222222222222222,1.2281249188606713,16.692307692307693,15.659845760120668,6.571428571428571,1.168465621771886,44.666666666666664,45.0,39.5,DDD_2014B
group3,M,South East Region,Lower Than A Level,90-100%,0-35,60,-65.0,0.0,1.0,2.364485981308411,1.7877598682428624,2.7685185185185186,1.0352723825952088,6.473684210526316,6.331973101414855,5.0256410256410255,1.203605924707434,3.267605633802817,2.995032775775218,5.916666666666667,0.8269177094696165,84.66666666666667,66.0,76.0,DDD_2014B
group1,F,South Region,A Level or Equivalent,70-80%,0-35,60,-22.0,0.3333333333333333,1.0,4.526315789473684,4.2682601974085355,5.586206896551724,1.0838212470957331,4.811320754716981,4.468077386276256,7.277777777777778,0.8799841605601002,16.266666666666666,19.85830760544264,8.375,0.7112688093996331,79.0,29.0,72.0,DDD_2014B
group3,M,Scotland,HE Qualification,40-50%,0-35,60,-61.0,0.16666666666666666,1.0,2.6483516483516483,2.9149942876773696,4.141304347826087,1.1068867277974899,3.136986301369863,3.8525426974818653,6.486486486486487,1.0819141345062668,11.35,18.13770425906966,7.619047619047619,1.1344739970576672,85.66666666666667,59.0,83.5,DDD_2014B
group1,M,South West Region,A Level or Equivalent,60-70%,0-35,60,-27.0,0.0,1.0,3.0481927710843375,3.223025447550307,3.7023809523809526,0.9428352382104896,3.037974683544304,3.8777572092267247,7.175,1.0196088846003044,2.289719626168224,2.5881053964802954,4.611111111111111,1.0136963057638861,71.0,58.0,89.0,DDD_2014B
group3,M,Scotland,A Level or Equivalent,20-30%,0-35,90,-50.0,0.16666666666666666,1.0,4.314814814814815,4.321181154364277,4.945454545454545,1.2189925785559135,10.333333333333334,10.767234247165486,6.681818181818182,0.8835422755355935,19.416666666666668,21.262251370288457,6.846153846153846,0.710624193296265,66.33333333333333,62.0,59.0,DDD_2014B
group1,M,North Western Region,Lower Than A Level,20-30%,35-55,60,-22.0,0.3333333333333333,1.0,3.8545454545454545,5.093271457660012,3.6964285714285716,1.0363754503432014,4.608695652173913,6.971300726293847,7.48936170212766,0.7809348537924073,7.7727272727272725,13.672815637091267,3.6956521739130435,0.6648880541621078,66.0,49.0,58.5,DDD_2014B
group3,F,Scotland,HE Qualification,60-70%,35-55,60,-47.0,0.0,1.0,1.3850267379679144,1.0832996062565732,5.680851063829787,0.9705326053943334,3.0121951219512195,3.543360692689136,4.879518072289157,0.9577637419841771,1.5569620253164558,1.2024056083353825,9.61006289308176,0.8456829478652619,92.0,84.0,93.5,DDD_2014B
group3,M,Wales,A Level or Equivalent,90-100%,0-35,60,-24.0,0.0,1.0,2.1794871794871793,1.6795698577796052,4.288135593220339,1.012004374251898,2.9518072289156625,2.9955398326871565,4.916666666666667,0.9638476742874287,7.212121212121212,11.202001985575993,4.470588235294118,1.2806491818096812,86.0,78.0,88.5,DDD_2014B
group3,M,South Region,HE Qualification,70-80%,35-55,60,-57.0,0.0,1.0,1.39247311827957,1.1771460272811258,7.208556149732621,0.8612002435679662,2.1769911504424777,2.395047302304931,6.912280701754386,1.3720005572629483,2.1682242990654204,2.4705280976525605,7.694444444444445,0.9290471859080156,89.66666666666667,83.0,89.5,DDD_2014B
group3,M,Wales,HE Qualification,80-90%,0-35,90,-28.0,0.16666666666666666,1.0,2.9310344827586206,3.5034637460272586,6.431818181818182,1.0668745141219131,4.625,6.68317990308665,7.571428571428571,1.0457665253246051,7.185185185185185,13.132569720522614,3.892857142857143,0.7405096323567736,81.33333333333333,20.0,46.5,DDD_2014B
group1,M,South West Region,A Level or Equivalent,70-80%,0-35,60,-29.0,0.3333333333333333,1.0,3.081081081081081,3.6742598052701,3.986666666666667,1.2936876793760708,11.368421052631579,12.841817655680773,6.5,1.2493785437416998,5.044444444444444,6.3923091415869555,6.739130434782608,1.06214790334228,53.666666666666664,19.0,31.5,DDD_2014B
group1,M,East Anglian Region,Lower Than A Level,80-90%,0-35,60,-53.0,0.0,1.0,5.7555555555555555,5.977820960378743,4.695652173913044,0.7442048628670414,7.71875,9.605893268398882,3.757575757575758,0.8339661142448396,11.181818181818182,20.44187197568094,3.5652173913043477,0.6450746905091802,81.0,32.0,42.5,DDD_2014B
group1,M,South West Region,Lower Than A Level,50-60%,0-35,60,-34.0,0.0,1.0,4.959183673469388,5.6308642900589625,5.72,1.2607016591108133,6.294117647058823,8.593617828346751,4.085714285714285,0.8093782543345617,27.142857142857142,60.41917071986499,5.375,0.906380245111864,80.66666666666667,27.0,53.0,DDD_2014B
group3,M,London Region,A Level or Equivalent,0-10%,0-35,60,-51.0,0.0,1.0,1.7985611510791366,1.3031725842254842,4.192857142857143,1.0850745699619457,2.375,2.2563287476508673,7.752380952380952,2.0219779272464593,1.8518518518518519,1.7082701319053666,3.6176470588235294,0.8553216474690998,88.66666666666667,92.0,83.0,DDD_2014B
group1,F,East Midlands Region,A Level or Equivalent,60-70%,0-35,90,-23.0,0.0,1.0,6.216216216216216,8.67350734880243,4.473684210526316,1.457447168557045,8.25,12.465136566826278,6.724137931034483,0.9716020375622597,38.333333333333336,40.42111659351664,8.0,0.7039429765866795,62.333333333333336,59.0,51.5,DDD_2014B
group3,F,South East Region,HE Qualification,20-30%,35-55,60,-45.0,0.0,1.0,1.5590062111801242,1.139323925058708,9.95679012345679,1.1015762083552687,2.1052631578947367,1.796596689479402,6.695652173913044,1.3412195797883444,1.8455882352941178,2.0579697887520414,8.678832116788321,0.9678295383471301,94.66666666666667,96.0,96.0,DDD_2014B
group3,M,Scotland,Lower Than A Level,0-10%,0-35,60,-23.0,0.0,1.0,3.6029411764705883,3.5329565897623008,5.782608695652174,0.9883333999867973,4.8936170212765955,5.533432155123631,6.395833333333333,0.9264968297616358,7.090909090909091,8.8648309218353,6.411764705882353,0.6893566016208881,89.66666666666667,81.0,71.5,DDD_2014B
group3,F,Scotland,Lower Than A Level,20-30%,0-35,60,-28.0,0.0,1.0,1.786764705882353,1.389953840082437,7.576642335766423,0.9890616526617493,2.295238095238095,2.3693711009294036,8.849056603773585,1.1352538027136296,3.3013698630136985,3.9004448873987068,8.216216216216216,1.2614091513428196,93.66666666666667,93.0,96.0,DDD_2014B
group3,M,London Region,Lower Than A Level,60-70%,35-55,60,-43.0,0.0,1.0,2.1596638655462184,2.758601934280992,8.941666666666666,1.244288995149444,3.0120481927710845,3.5800734966689682,7.75,1.0059778710945664,3.151898734177215,4.051237884877926,4.45,0.907194657277953,90.33333333333333,66.0,57.5,DDD_2014B
group1,F,South East Region,Lower Than A Level,80-90%,0-35,60,-17.0,0.0,1.0,5.0,6.224949798994367,4.46,0.9867610856359709,8.153846153846153,8.880055439882378,4.555555555555555,0.8705643071987682,7.65625,12.3748167141852,5.606060606060606,0.7011625533523028,74.66666666666667,25.0,50.5,DDD_2014B
group1,M,North Western Region,A Level or Equivalent,0-10%,0-35,60,-43.0,0.0,1.0,8.241379310344827,8.394960956319457,5.2,0.7997164191667022,12.578947368421053,13.62724309557751,5.4,1.1224727748660546,15.8,14.868310820892422,3.6363636363636362,1.2031209415515967,52.333333333333336,42.0,43.5,DDD_2014B
group3,M,North Western Region,HE Qualification,80-90%,0-35,60,-36.0,0.0,1.0,1.823943661971831,1.5125915752109889,3.7552447552447554,1.0964753612232214,3.746268656716418,4.8690216912394515,4.764705882352941,1.3047928484558369,2.2962962962962963,2.047379265137082,4.238532110091743,0.8970601585699541,87.0,74.0,89.5,DDD_2014B
group3,M,East Midlands Region,HE Qualification,70-80%,0-35,60,-29.0,0.0,1.0,3.151898734177215,2.5724806325798406,5.575,0.9392558396438606,4.172413793103448,4.42535727979578,5.11864406779661,0.8744982333957407,5.1875,5.02612853845844,6.061224489795919,0.8739044104426259,90.0,89.0,87.0,DDD_2014B
group3,M,West Midlands Region,A Level or Equivalent,70-80%,0-35,60,-29.0,0.0,1.0,2.1875,2.3805944068088816,2.079646017699115,0.7812422928546956,3.6271186440677967,5.915783403640158,3.95,0.9132950136032514,4.185185185185185,5.756289666076263,3.090909090909091,0.6239177481057773,82.33333333333333,82.0,84.5,DDD_2014B
group3,M,West Midlands Region,A Level or Equivalent,0-10%,0-35,60,-23.0,0.16666666666666666,1.0,1.9461538461538461,2.3003590500384106,11.374045801526718,1.0249247287084253,1.7816901408450705,2.4060096071187034,25.615384615384617,0.8165036093953423,7.4411764705882355,9.099421148657846,6.485714285714286,1.1041022165864698,96.33333333333333,99.0,95.0,DDD_2014B
group1,M,Wales,A Level or Equivalent,70-80%,35-55,60,-29.0,0.3333333333333333,1.0,3.4788732394366195,3.7487489529539912,11.291666666666666,1.2921189932676087,4.490909090909091,4.841459556758751,9.017857142857142,1.0361243039226038,5.488888888888889,6.926963857479573,5.913043478260869,0.7860084325599589,81.0,32.0,46.5,DDD_2014B
group3,F,East Anglian Region,A Level or Equivalent,90-100%,0-35,60,-27.0,0.0,1.0,2.7857142857142856,2.3850509760480336,6.047058823529412,0.8583140764273857,3.65625,3.315278484316427,4.3538461538461535,1.3449674929037776,4.283018867924528,6.726461403952894,3.0925925925925926,0.7210784310798036,92.33333333333333,85.0,91.0,DDD_2014B
group3,M,East Anglian Region,A Level or Equivalent,70-80%,0-35,60,-28.0,0.0,1.0,1.25,0.588267892460988,6.785365853658536,1.0207683163441414,1.6139240506329113,1.1605219753806688,3.5157232704402515,1.2530383323696819,1.8828125,1.6052134243754863,5.434108527131783,0.7992993486546643,85.66666666666667,17.0,71.0,DDD_2014B
group3,M,South West Region,HE Qualification,80-90%,0-35,60,-17.0,0.0,1.0,3.0,2.6551836094703507,6.2682926829268295,1.4280049618453092,4.245283018867925,4.694127511203425,11.38888888888889,0.8094180899012385,16.071428571428573,25.580835030919552,7.4,0.9804517376874083,81.66666666666667,62.0,77.5,DDD_2014B
group3,F,South Region,HE Qualification,80-90%,0-35,60,-28.0,0.0,1.0,2.1293103448275863,1.7322022796518843,6.82051282051282,1.2948276583031735,3.0875,3.2537952523635836,8.580246913580247,1.0100493961286978,2.008130081300813,2.109680789152825,5.879032258064516,1.1777849991327047,90.66666666666667,87.0,88.5,DDD_2014B
group3,M,Wales,Post Graduate Qualification,80-90%,35-55,60,-22.0,0.0,1.0,2.056,1.8548280504602557,6.182539682539683,1.0075092004284683,3.588235294117647,3.722602580676737,6.811594202898551,1.0039126714404385,3.514705882352941,6.294969911036938,5.217391304347826,1.2373620386995938,95.33333333333333,92.0,95.5,DDD_2014B
group3,F,East Anglian Region,Lower Than A Level,50-60%,0-35,60,-25.0,0.0,1.0,2.8152173913043477,2.576006568767165,3.924731182795699,0.9275500167590919,4.137931034482759,5.2296330952515,5.440677966101695,1.1107044024233457,6.909090909090909,10.675215560948981,3.5294117647058822,1.1887201334021207,90.66666666666667,75.0,80.5,DDD_2014B
group1,F,North Region,Lower Than A Level,20-30%,0-35,60,-25.0,0.0,1.0,4.74,5.648947888314953,3.6470588235294117,1.0170246948667385,5.571428571428571,6.1530989897530795,7.348837209302325,0.9495358499792254,4.68,5.534456078209732,3.372549019607843,0.8467639542156981,66.0,42.0,58.5,DDD_2014B
group3,M,East Anglian Region,Lower Than A Level,60-70%,0-35,60,-24.0,0.0,1.0,1.984251968503937,1.628049041656837,4.5703125,1.098685286093606,3.0123456790123457,3.374514139696609,4.475609756097561,1.0024026552790255,4.2,5.771936783895692,3.6885245901639343,0.65040917795295,89.33333333333333,75.0,82.0,DDD_2014B
group3,M,North Region,Lower Than A Level,80-90%,0-35,60,-22.0,0.0,1.0,2.1538461538461537,1.69489794533265,5.296610169491525,0.9383219063839445,4.528301886792453,6.350662514151591,4.333333333333333,0.8860078227267179,2.3551401869158877,1.8339170185986136,4.601851851851852,1.0273378615382855,87.66666666666667,73.0,78.0,DDD_2014B
group3,M,South Region,A Level or Equivalent,70-80%,35-55,120,-17.0,0.0,1.0,2.9761904761904763,2.7241719886091373,5.294117647058823,0.9374512332995326,6.638888888888889,8.705179994127562,7.513513513513513,1.3476012730164888,4.471698113207547,5.013841508897397,6.592592592592593,0.7879200965360882,97.0,93.0,94.5,DDD_2014B
group3,M,South Region,A Level or Equivalent,90-100%,0-35,60,-22.0,0.5,1.0,3.857142857142857,4.110792808147929,5.546875,0.8521347919374213,3.7384615384615385,3.9893487997609145,5.803030303030303,0.9377440077894179,15.928571428571429,18.824960049867858,6.333333333333333,0.7398435111918139,81.33333333333333,85.0,67.5,DDD_2014B
group3,M,Scotland,A Level or Equivalent,80-90%,0-35,60,-17.0,0.16666666666666666,1.0,1.727891156462585,1.6657624981973598,3.97972972972973,1.1927777315750494,2.2280701754385963,2.6642008472192678,2.9391304347826086,1.2100410872333922,2.38,2.7880698221768645,4.455445544554456,0.7205827545624718,95.33333333333333,42.0,83.5,DDD_2014B
group3,M,East Midlands Region,HE Qualification,90-100%,0-35,60,-20.0,0.0,1.0,2.2051282051282053,2.8933290143269033,5.5508474576271185,0.969754119490957,4.1,4.564787852200058,3.8524590163934427,1.093062198859205,2.872093023255814,4.513500041712527,4.908045977011494,0.8741043290060091,91.66666666666667,30.0,63.5,DDD_2014B
group3,M,London Region,HE Qualification,20-30%,55<=,60,-39.0,0.0,1.0,10.416666666666666,9.131487171924105,4.2,0.8192690730516786,9.80952380952381,5.938173520696812,5.045454545454546,1.0008112933348066,28.0,11.747340124470732,7.0,0.20203050891044216,47.666666666666664,31.0,49.5,DDD_2014B
group3,M,East Midlands Region,A Level or Equivalent,80-90%,35-55,60,-22.0,0.0,1.0,3.3421052631578947,3.193963604797639,6.896103896103896,0.9341094098430982,5.291666666666667,5.242860731745816,5.591836734693878,0.9834395175462154,6.545454545454546,9.464046799238782,8.205882352941176,0.9974015906688196,95.66666666666667,88.0,90.0,DDD_2014B
group3,M,East Midlands Region,HE Qualification,70-80%,35-55,60,-123.0,0.0,0.8333333333333334,4.62962962962963,5.631100620647818,4.890909090909091,0.7910794644591732,8.821428571428571,9.432228327226351,4.137931034482759,0.8508166012066812,8.321428571428571,13.449641524697123,4.0344827586206895,0.5541731650409344,84.0,67.0,76.0,DDD_2014B
group3,M,South Region,A Level or Equivalent,20-30%,35-55,60,-110.0,0.3333333333333333,1.0,2.9195402298850577,3.2357680904215997,6.5227272727272725,1.1374425571898261,5.304347826086956,7.963443044360458,5.659574468085107,0.8959838406996844,3.6666666666666665,5.35814122801507,8.296875,1.0752207226552537,86.66666666666667,13.0,69.0,DDD_2014B
group3,M,Wales,HE Qualification,30-40%,55<=,120,-101.0,0.0,1.0,1.822695035460993,1.7083144907157646,9.47887323943662,0.9835172261196007,2.4245283018867925,2.2591532893776067,4.700934579439252,1.1443385551782097,4.566037735849057,6.19400899741735,4.981481481481482,1.1106535113812621,94.33333333333333,91.0,95.0,DDD_2014B
group1,M,West Midlands Region,A Level or Equivalent,70-80%,35-55,90,-24.0,0.3333333333333333,1.0,2.7282608695652173,2.961671865499543,6.494623655913978,1.2370796226272658,5.041666666666667,6.545936967321167,6.571428571428571,1.0108111250054497,3.183098591549296,4.894048453128495,7.069444444444445,1.0716745684708542,88.0,78.0,58.5,DDD_2014B
group3,M,North Region,Lower Than A Level,20-30%,35-55,120,-64.0,0.0,1.0,2.0756302521008405,2.2214656326495703,4.525,1.2468614893234895,5.627906976744186,6.392045860040033,6.295454545454546,1.4690035950437836,2.375,2.551175247926153,8.59047619047619,0.9192258591108672,85.33333333333333,72.0,75.5,DDD_2014B
group3,M,Wales,Lower Than A Level,10-20,35-55,60,-23.0,0.0,1.0,2.6979166666666665,3.2835147781372345,5.927835051546392,1.306766453245197,4.186440677966102,5.633871016454043,9.8,1.2130703344252833,5.880952380952381,6.492781661583438,5.604651162790698,1.2398240263557243,91.66666666666667,84.0,75.5,DDD_2014B
group3,M,East Anglian Region,A Level or Equivalent,90-100%,0-35,60,-23.0,0.0,1.0,1.7551020408163265,1.3678892686033435,4.128378378378378,1.4350401921925733,4.791666666666667,6.884946061481059,5.204081632653061,0.8663205768026168,3.53125,4.882650691763417,4.3076923076923075,0.8967059900842981,92.33333333333333,94.0,95.0,DDD_2014B
group3,F,Scotland,Lower Than A Level,30-40%,35-55,60,-74.0,0.0,1.0,1.5471698113207548,1.0169332975869672,7.45625,0.8372630715081492,1.7608695652173914,1.205548897161175,5.83453237410072,0.9431614248267495,1.9285714285714286,2.075296880655186,7.118110236220472,0.9269700295395209,89.33333333333333,93.0,88.0,DDD_2014B
group3,M,London Region,HE Qualification,30-40%,35-55,90,-78.0,0.0,1.0,1.9328358208955223,1.4827213407603983,4.029629629629629,1.624904342406752,4.285714285714286,5.055021934002537,6.035087719298246,1.151324278078801,4.071428571428571,4.516060805038524,5.894736842105263,0.8459399332980441,92.0,81.0,86.5,DDD_2014B
group3,M,London Region,A Level or Equivalent,70-80%,0-35,60,-28.0,0.0,1.0,2.962962962962963,3.3743312094563436,4.865853658536586,0.9200726206671603,5.042553191489362,5.191788863231057,5.020833333333333,1.213882667726456,7.590909090909091,7.938208331553884,4.739130434782608,0.8559195441974752,84.0,74.0,85.5,DDD_2014B
group3,M,Yorkshire Region,HE Qualification,0-10%,35-55,60,-1.0,0.0,1.0,5.690476190476191,5.858028034299494,5.093023255813954,1.220554009554672,7.387096774193548,8.864451174418859,5.21875,0.7809035276401297,12.1875,17.417304613515835,9.352941176470589,1.0940142652320168,71.33333333333333,43.0,68.5,DDD_2014B
group3,M,East Anglian Region,A Level or Equivalent,90-100%,35-55,120,-34.0,0.5,1.0,5.386363636363637,6.195331734988363,5.733333333333333,0.9779892396890362,6.25,8.996427862530455,5.1891891891891895,1.1526313494685878,15.333333333333334,19.930832778338573,6.6875,1.0013093009579106,70.66666666666667,56.0,54.0,DDD_2014B
group3,F,West Midlands Region,A Level or Equivalent,30-40%,0-35,90,-179.0,0.0,1.0,2.6,2.376301435137869,5.125,0.9593151433803482,3.757575757575758,4.1733978263819305,4.880597014925373,0.8938247309224661,4.9787234042553195,6.9140353840139435,3.6666666666666665,0.8375238987585583,82.66666666666667,100.0,79.5,DDD_2014B
group3,M,Wales,HE Qualification,30-40%,35-55,90,-17.0,0.0,1.0,1.8467153284671534,1.4240089998316532,5.065217391304348,1.1216506441942757,3.189189189189189,3.390864744743116,6.72,1.573644121174105,4.333333333333333,7.294350359683261,4.218181818181818,0.9479427314540304,96.33333333333333,95.0,92.0,DDD_2014B
group3,F,London Region,A Level or Equivalent,20-30%,0-35,120,-23.0,0.0,1.0,1.2820512820512822,0.7015710627723195,13.127551020408163,0.8514580068107566,1.6689189189189189,1.4909637731926866,7.919463087248322,1.0508255875252914,1.8818897637795275,1.461756788383913,6.078125,0.9033895986226016,79.0,48.0,76.5,DDD_2014B
group3,M,North Western Region,Lower Than A Level,20-30%,35-55,90,-82.0,0.0,1.0,1.2266009852216748,0.7884574320641807,8.5,1.0925364670716502,2.681318681318681,2.6536311427472814,5.065217391304348,1.008693264068963,2.024390243902439,1.9437306306415512,6.516129032258065,1.0251290741486345,86.66666666666667,91.0,88.0,DDD_2014B
group3,F,East Anglian Region,Lower Than A Level,90-100%,0-35,60,-64.0,0.0,1.0,1.430939226519337,1.225621702401347,13.835164835164836,1.3416039197954606,2.1596638655462184,2.162794775744643,8.916666666666666,1.1060225479147177,2.324074074074074,2.383073895355206,6.486238532110092,1.6525400837486441,97.0,93.0,95.0,DDD_2014B
group1,M,London Region,Lower Than A Level,0-10%,0-35,60,-136.0,0.16666666666666666,1.0,1.7086092715231789,2.7094634252892456,11.861842105263158,0.9292095043861148,1.9694656488549618,4.100542049154948,13.848484848484848,0.9122456675537525,2.450980392156863,3.434327152399831,7.466019417475728,1.0848995060522033,42.333333333333336,16.0,36.5,DDD_2014B
group3,F,South West Region,HE Qualification,70-80%,0-35,70,-29.0,0.16666666666666666,1.0,4.69811320754717,6.103545330569948,7.277777777777778,0.910831300997988,6.833333333333333,8.459989868281674,4.351351351351352,0.9840751987319791,8.586206896551724,13.162493362850885,5.466666666666667,1.0441616956386137,92.66666666666667,87.0,79.5,DDD_2014B
group3,F,South West Region,A Level or Equivalent,60-70%,0-35,60,-102.0,0.0,1.0,1.6496815286624205,1.5765356454947657,8.39873417721519,1.30002162083782,2.4901960784313726,3.4747892536400236,7.165048543689321,1.204071170675846,2.0,2.016064515096741,6.912698412698413,0.9259292144515717,84.33333333333333,68.0,81.5,DDD_2014B
group1,M,Wales,Lower Than A Level,10-20,35-55,60,-78.0,0.0,1.0,1.0669456066945606,0.28201607836701176,12.654166666666667,1.2244074348932688,1.0884955752212389,0.32816045191728477,17.621145374449338,0.9515897881965737,1.8592592592592592,2.1271625097135365,7.852941176470588,1.2142169603508157,69.66666666666667,47.0,64.5,DDD_2014B
group3,F,South West Region,Lower Than A Level,10-20,35-55,60,-17.0,0.3333333333333333,1.0,4.310344827586207,4.453293268092665,5.1525423728813555,0.8060217445153568,5.813953488372093,5.876733032956516,6.136363636363637,1.436559676346132,14.9375,11.030072529226635,4.647058823529412,0.6557890555437275,92.0,87.0,86.5,DDD_2014B
group3,M,London Region,Lower Than A Level,50-60%,35-55,60,-82.0,0.0,1.0,1.7181208053691275,1.3410390128389642,7.52,1.0776714764138011,3.0476190476190474,3.474189727514222,5.588235294117647,1.0201732512685666,2.265486725663717,1.9685822450753203,4.12280701754386,0.816644416630717,82.66666666666667,84.0,84.0,DDD_2014B
group1,F,North Western Region,A Level or Equivalent,30-40%,35-55,60,-66.0,0.0,1.0,3.011904761904762,3.661897748893399,7.094117647058823,1.1011858375956491,4.9,8.640790780138266,9.823529411764707,1.0944714421028692,6.621621621621622,7.750811252706072,3.8947368421052633,0.9512400119123278,68.0,59.0,60.5,DDD_2014B
group1,M,West Midlands Region,Lower Than A Level,20-30%,0-35,150,-34.0,0.5,0.6666666666666666,3.3205128205128207,3.480907441561268,6.569620253164557,1.1861719873195853,6.175,9.997147028925239,6.2682926829268295,0.892094948095667,6.571428571428571,7.09301941134718,6.416666666666667,0.7838606448479261,83.5,46.0,44.0,DDD_2014B
group3,M,South Region,Post Graduate Qualification,90-100%,35-55,60,-25.0,0.0,1.0,2.8705882352941177,2.581012330435471,3.1627906976744184,0.8555677105094815,5.4523809523809526,6.967528802052649,4.162790697674419,0.8590282462134269,7.071428571428571,9.124361251833918,4.827586206896552,0.851589150725074,93.0,87.0,91.0,DDD_2014B
group3,F,East Anglian Region,A Level or Equivalent,50-60%,0-35,120,-60.0,0.16666666666666666,1.0,1.0576131687242798,0.34732398263980735,9.618852459016393,0.7458205375487158,1.0753138075313808,0.47031346360937665,4.1,1.0102587021406166,1.6423841059602649,1.741050911991288,7.052631578947368,1.3207163214305437,91.33333333333333,77.0,91.5,DDD_2014B
group3,F,Scotland,HE Qualification,30-40%,0-35,60,-108.0,0.0,1.0,3.411764705882353,4.594725379926932,5.333333333333333,0.9930122706015356,6.27027027027027,6.652688047568311,4.552631578947368,1.061461189270074,4.403846153846154,6.657620181842097,8.358490566037736,0.8077921550427531,96.66666666666667,28.0,40.5,DDD_2014B
group3,F,East Midlands Region,Lower Than A Level,50-60%,0-35,120,-141.0,0.0,1.0,2.2327586206896552,2.0949535996550486,4.333333333333333,0.9377531519837886,3.1818181818181817,3.8103987660061067,4.282051282051282,0.9005159854901779,3.6451612903225805,4.081532877399944,4.444444444444445,0.9677846572751309,85.66666666666667,20.0,48.0,DDD_2014B
group1,F,East Anglian Region,Lower Than A Level,30-40%,0-35,60,-86.0,0.3333333333333333,1.0,3.4,3.9318519121985576,3.473684210526316,1.155743830462829,6.0,6.561249880929701,3.7857142857142856,1.1607991256809076,13.117647058823529,16.605279103876786,4.111111111111111,0.8460797752701907,69.0,34.0,22.5,DDD_2014B
group1,M,West Midlands Region,A Level or Equivalent,80-90%,0-35,60,-108.0,0.16666666666666666,1.0,3.6984126984126986,4.294163032479504,3.390625,1.1489265769843164,6.617647058823529,6.742064722334146,2.914285714285714,1.3387289903099686,10.8,9.518403227432636,3.3125,0.8519865588585386,70.33333333333333,69.0,84.5,DDD_2014B
group3,M,South Region,Lower Than A Level,80-90%,0-35,70,-23.0,0.16666666666666666,1.0,3.8923076923076922,4.805995854539011,5.712121212121212,0.9553675577428119,3.4507042253521125,3.7560949797604812,6.180555555555555,1.3003587824172687,9.423076923076923,9.679558159019766,6.037037037037037,0.9418726516822229,80.33333333333333,43.0,70.0,DDD_2014B
group1,F,South West Region,A Level or Equivalent,50-60%,0-35,60,-23.0,0.0,1.0,3.2666666666666666,3.112022603498356,8.881578947368421,1.1754965095208694,3.588235294117647,3.7105549092898675,8.623188405797102,0.8367351416892677,8.1,12.609110007150141,7.774193548387097,0.8467780753739876,66.0,36.0,64.5,DDD_2014B
group3,M,South Region,HE Qualification,70-80%,55<=,60,-29.0,0.0,1.0,2.392857142857143,1.8665241717996806,5.769911504424779,1.1967574310726383,5.1,4.72617548276379,4.392156862745098,1.1705966667142225,3.0987654320987654,3.1408794081897073,6.634146341463414,1.1818637870946358,98.33333333333333,85.0,93.5,DDD_2014J
group1,F,East Anglian Region,A Level or Equivalent,80-90%,0-35,90,-23.0,0.16666666666666666,1.0,3.0,3.6525209227202367,4.3,1.174847057721948,3.909090909090909,3.480615651675047,5.313432835820896,1.0696900666936109,5.688888888888889,8.657162621001447,7.608695652173913,1.4135322668364367,65.0,43.0,68.0,DDD_2014J
group3,M,East Midlands Region,A Level or Equivalent,90-100%,0-35,120,-63.0,0.0,1.0,1.3932038834951457,1.2937947314041882,5.9227053140096615,0.7694253097452312,1.727891156462585,1.5595829400759842,2.6216216216216215,0.9368689642982513,2.1068702290076335,2.376979040705455,5.7727272727272725,0.7821742497208964,81.0,97.0,91.5,DDD_2014J
group1,F,South West Region,Lower Than A Level,40-50%,35-55,60,-45.0,0.16666666666666666,1.0,4.09375,3.2057426151027335,3.6153846153846154,1.296162110031812,10.36,8.873556220591606,5.653846153846154,1.3107380182311354,13.11111111111111,21.237837734430194,3.1052631578947367,0.7741143896046941,50.0,45.0,31.0,DDD_2014J
group3,M,Scotland,Lower Than A Level,80-90%,35-55,60,-53.0,0.0,1.0,4.5964912280701755,4.531081742187617,5.275862068965517,1.3562524601321493,8.0,12.894443247642245,4.96875,0.9459713282580596,12.842105263157896,15.392145030988072,7.2,0.967847299454686,78.33333333333333,71.0,82.0,DDD_2014J
group1,M,Scotland,Lower Than A Level,60-70%,35-55,60,-14.0,0.16666666666666666,1.0,3.278481012658228,3.7721540770553257,5.3375,0.957129419800482,5.5813953488372094,5.649410243723021,7.431818181818182,0.8579439714290538,8.518518518518519,11.719052109116264,3.642857142857143,0.9228193431960857,59.333333333333336,58.0,62.5,DDD_2014J
group1,M,West Midlands Region,Lower Than A Level,30-40%,35-55,60,-136.0,0.0,1.0,1.1604938271604939,0.5482532018227034,9.073770491803279,0.8507063370764072,1.9044117647058822,1.8968928842660264,7.357664233576642,2.057796531549155,1.4748603351955307,1.2239117420362748,6.622222222222222,0.9901091868944982,86.66666666666667,68.0,68.0,DDD_2014J
group3,M,South West Region,Lower Than A Level,80-90%,0-35,90,-91.0,0.0,1.0,1.6627218934911243,1.495579096173345,8.282352941176471,0.907240214933716,2.418181818181818,2.48068434691401,6.27027027027027,1.0031781640638608,1.65625,1.2691148552133766,13.012422360248447,0.7616394606046689,96.66666666666667,88.0,88.5,DDD_2014J
group3,M,London Region,A Level or Equivalent,40-50%,35-55,120,-64.0,0.8333333333333334,1.0,5.690476190476191,5.9119065276864955,4.069767441860465,0.9215071948737469,16.857142857142858,18.637667165249987,3.4,0.7803823036130353,10.818181818181818,15.385943998574568,4.478260869565218,1.0240762708422722,64.33333333333333,64.0,61.5,DDD_2014J
group3,F,South Region,HE Qualification,60-70%,35-55,60,-120.0,0.0,1.0,1.2370689655172413,0.8163937353715446,7.454935622317596,0.8496348339964012,2.371900826446281,2.141386744631302,3.1147540983606556,1.0179143306229335,1.5917159763313609,1.3066414653034633,6.705882352941177,0.857964694166273,90.0,76.0,83.0,DDD_2014J
group3,M,Scotland,A Level or Equivalent,70-80%,0-35,60,-92.0,0.16666666666666666,1.0,5.404255319148936,5.792272117331945,3.2708333333333335,0.8994884523109814,6.864864864864865,8.49562685595805,5.315789473684211,0.825768691564081,10.681818181818182,13.861170031134984,6.478260869565218,1.1701742130310533,86.0,81.0,75.0,DDD_2014J
group1,M,West Midlands Region,A Level or Equivalent,60-70%,0-35,120,-130.0,0.0,1.0,3.357142857142857,4.016960599915522,5.482352941176471,1.1889147960673354,4.327868852459017,4.696528191034344,5.274193548387097,0.9770295227695559,15.4,22.85919633632944,6.375,0.6901849375214919,76.66666666666667,66.0,72.0,DDD_2014J
group1,F,Wales,A Level or Equivalent,70-80%,0-35,120,-107.0,0.16666666666666666,1.0,4.333333333333333,4.634676470769084,6.19672131147541,1.3005006863579038,7.647058823529412,9.89607315123614,5.485714285714286,0.809824655232367,14.25,22.110329411084464,8.705882352941176,0.7586246253140903,81.0,45.0,49.0,DDD_2014J
group1,F,East Midlands Region,Lower Than A Level,60-70%,0-35,60,-99.0,0.3333333333333333,1.0,2.564814814814815,2.986803211349866,3.5045871559633026,1.0645795782668204,5.434782608695652,7.0573906853046005,3.9361702127659575,0.7565636819336738,3.225,3.482233387797062,6.185185185185185,1.0561013862538287,66.0,39.0,54.0,DDD_2014J
group1,M,West Midlands Region,A Level or Equivalent,0-10%,0-35,120,-95.0,0.16666666666666666,1.0,5.9772727272727275,8.827780242898738,3.5555555555555554,0.741883161286196,9.25,12.237238250520416,6.0344827586206895,0.9018801223566472,10.333333333333334,20.71116561066472,5.375,0.6800089077773696,80.0,12.0,67.5,DDD_2014J
group1,F,West Midlands Region,HE Qualification,20-30%,35-55,60,-74.0,0.16666666666666666,1.0,3.4390243902439024,4.196110959517509,5.096385542168675,1.102684205426155,4.877551020408164,4.670977115217367,5.78,1.4154279428989005,5.553191489361702,7.073553041891163,8.229166666666666,1.2071224827461486,86.0,64.0,70.0,DDD_2014J
group3,M,East Anglian Region,HE Qualification,90-100%,35-55,60,-73.0,0.0,1.0,3.35,3.0067434757747327,3.962962962962963,0.8091536755855463,5.183673469387755,5.242746852349742,2.58,0.7870794247037713,4.622641509433962,4.165916720124522,4.055555555555555,0.7433952630802814,86.0,97.0,93.0,DDD_2014J
group3,M,London Region,HE Qualification,80-90%,0-35,60,-121.0,0.0,1.0,3.186046511627907,2.541475383949839,2.9770114942528734,1.016023734572882,7.542857142857143,10.13248374737193,2.5555555555555554,0.7795835250887438,6.225,6.244946675061283,4.512195121951219,0.7027442815141768,96.66666666666667,92.0,100.0,DDD_2014J
group1,M,Wales,HE Qualification,0-10%,0-35,120,-100.0,0.0,1.0,5.787234042553192,6.707997077508263,2.625,0.8433636716689035,5.704545454545454,6.906618145459336,5.822222222222222,0.7370069890479217,31.125,41.71138076969265,4.333333333333333,1.2211159897221189,75.0,57.0,74.0,DDD_2014J
group3,M,London Region,A Level or Equivalent,70-80%,0-35,60,-78.0,0.0,1.0,1.725609756097561,1.647925706795958,4.618181818181818,1.0676044583826723,4.383333333333334,5.266110604986835,2.4918032786885247,0.8524752130822735,2.098360655737705,2.410067850166501,5.869918699186992,1.3318771574770885,96.66666666666667,76.0,89.5,DDD_2014J
group1,M,East Midlands Region,A Level or Equivalent,40-50%,0-35,90,-81.0,0.0,1.0,3.486842105263158,3.4156245736424515,6.818181818181818,1.038362569335406,6.5,5.822150453005821,4.780487804878049,0.8723445456053456,5.266666666666667,7.331129145326423,6.630434782608695,0.7510487158695134,84.33333333333333,52.0,71.0,DDD_2014J
group1,M,North Western Region,Lower Than A Level,0-10%,0-35,120,-42.0,0.0,0.8333333333333334,5.760869565217392,6.457329281465779,4.319148936170213,0.9237733901358782,8.030303030303031,8.060260729672647,7.676470588235294,1.3219723404425123,19.0,37.30951621235526,6.181818181818182,1.2696551584793752,68.33333333333333,23.0,80.0,DDD_2014J
group1,M,Yorkshire Region,Lower Than A Level,60-70%,0-35,180,-102.0,0.0,1.0,4.076923076923077,4.6647202900726406,2.742424242424242,0.7730267018269367,5.4186046511627906,6.103209764969245,1.8636363636363635,0.8831154629381306,6.282051282051282,7.806706691411045,5.15,0.8956803996201649,56.0,60.0,58.0,DDD_2014J
group1,M,West Midlands Region,A Level or Equivalent,60-70%,0-35,60,-35.0,0.3333333333333333,1.0,5.372549019607843,6.776313996012067,4.865384615384615,1.065721426286658,10.583333333333334,10.500172531363749,3.36,0.733279218782595,10.565217391304348,21.582455178721027,6.333333333333333,0.9348589299121902,89.33333333333333,94.0,53.5,DDD_2014J
group3,M,Ireland,Lower Than A Level,60-70%,0-35,120,-28.0,0.2,0.8333333333333334,3.513157894736842,6.394775828341196,9.090909090909092,1.0554078426303806,4.306451612903226,8.357952352724151,5.126984126984127,1.6595755688243405,4.865384615384615,23.115251603906792,27.547169811320753,0.688609985235336,77.66666666666667,95.0,84.0,DDD_2014J
group1,F,South Region,A Level or Equivalent,10-20,0-35,120,-38.0,0.2,0.8333333333333334,7.257142857142857,9.531196015138478,2.861111111111111,0.8801815595188487,8.964285714285714,12.12735549585116,6.413793103448276,0.896609149093891,39.666666666666664,83.66042473396048,5.0,1.8015866023353653,65.0,46.0,86.0,DDD_2014J
group3,F,Wales,Lower Than A Level,40-50%,35-55,60,-50.0,0.16666666666666666,1.0,2.5225225225225225,2.568504505975296,6.553571428571429,1.3678121297706707,4.849056603773585,6.178113436264325,4.5,0.9415958007737453,3.2051282051282053,3.335596966992135,7.582278481012659,0.8835029907262657,81.0,88.0,85.5,DDD_2014J
group3,M,East Midlands Region,Lower Than A Level,30-40%,0-35,60,-106.0,0.0,1.0,4.2631578947368425,4.042304486788418,3.8275862068965516,0.8105605219297709,8.678571428571429,10.073998696418903,3.2413793103448274,0.7185380762029056,7.709677419354839,10.857235831116185,4.59375,0.6550070218810627,91.0,81.0,92.0,DDD_2014J
group1,F,West Midlands Region,Lower Than A Level,90-100%,0-35,120,-86.0,0.0,1.0,6.023809523809524,6.497609673951571,4.255813953488372,0.7535041612405986,6.833333333333333,6.983654385164588,5.297297297297297,0.8209372342170552,16.4,14.216690392432609,9.25,1.0726018828640231,63.333333333333336,52.0,52.5,DDD_2014J
group1,M,London Region,Lower Than A Level,0-10%,0-35,150,-102.0,0.6666666666666666,1.0,3.0930232558139537,2.7337881796542884,3.896551724137931,1.1431125693030517,5.636363636363637,7.649565754785461,4.888888888888889,0.7942198209355782,20.363636363636363,35.040755492063035,3.75,0.9622504486493763,66.66666666666667,41.0,57.5,DDD_2014J
group1,F,South East Region,Lower Than A Level,70-80%,0-35,60,-31.0,0.16666666666666666,1.0,3.021978021978022,3.162200436327779,3.217391304347826,0.9975316504843553,4.545454545454546,4.791265903310831,4.553571428571429,1.743043514098693,6.368421052631579,12.538418911126563,4.846153846153846,0.876136797680938,61.666666666666664,6.0,45.5,DDD_2014J
group1,F,South Region,A Level or Equivalent,80-90%,0-35,60,-85.0,0.0,1.0,1.4141414141414141,1.0520475661410804,4.437185929648241,0.9926902517092229,3.9705882352941178,4.110309529090742,4.797101449275362,1.7170117508619722,1.4095744680851063,0.8819726491128499,9.328042328042327,0.7222092366110916,77.66666666666667,78.0,85.5,DDD_2014J
group3,F,London Region,HE Qualification,40-50%,0-35,60,-95.0,0.16666666666666666,1.0,4.6923076923076925,6.040836396895493,4.679245283018868,0.7079111083723152,4.979591836734694,6.253298449346444,9.08,1.2486947133168846,18.692307692307693,28.105114052382632,9.285714285714286,0.898651191785245,96.0,93.0,94.5,DDD_2014J
group1,M,South West Region,A Level or Equivalent,30-40%,0-35,60,-35.0,0.5,1.0,8.482758620689655,10.30125058169143,7.066666666666666,0.964573625178963,8.75,11.07424439358681,4.655172413793103,1.036031258300435,10.0,3.605551275463989,7.5,0.7571877794400365,89.33333333333333,35.0,33.0,DDD_2014J
group3,M,South East Region,A Level or Equivalent,90-100%,0-35,120,-102.0,0.0,1.0,1.9517241379310344,2.39887425705255,5.054794520547945,1.2738712926740798,3.782608695652174,5.011368150683801,4.757142857142857,0.8381606791868406,2.963855421686747,3.6171872347222114,7.071428571428571,0.905698871895661,66.0,84.0,87.0,DDD_2014J
group3,F,South West Region,A Level or Equivalent,50-60%,0-35,120,-16.0,0.0,1.0,3.217948717948718,3.1443515049921484,3.3037974683544302,0.9612201403368037,6.3076923076923075,7.487371284031483,2.825,0.7910831275434966,4.9,7.445721960307414,5.2745098039215685,0.8114144030182506,96.66666666666667,88.0,88.5,DDD_2014J
group3,F,East Anglian Region,Lower Than A Level,60-70%,35-55,120,-99.0,0.0,1.0,1.3427230046948357,0.8741066076806245,9.14018691588785,1.0685100928522022,2.696969696969697,2.5533273427981222,7.72,1.082529623512525,1.720496894409938,1.509185128323492,13.067901234567902,1.1243742046066925,93.33333333333333,85.0,96.0,DDD_2014J
group1,F,North Western Region,A Level or Equivalent,30-40%,0-35,90,-17.0,0.5,1.0,3.642857142857143,3.893642958277305,4.380281690140845,0.9680966654889552,6.282051282051282,8.438473040808914,3.175,0.9781226474465393,9.375,9.876685326741876,4.36,0.8578840167017218,52.666666666666664,31.0,60.0,DDD_2014J
group1,F,South Region,A Level or Equivalent,50-60%,0-35,180,-28.0,0.16666666666666666,1.0,3.712121212121212,3.6784827621229144,3.029850746268657,0.8341284921582945,6.447368421052632,7.224946903091353,5.564102564102564,0.8698576301411237,8.214285714285714,14.027373088614837,5.862068965517241,0.9372713100540948,51.0,56.0,34.5,DDD_2014J
group1,F,North Western Region,A Level or Equivalent,0-10%,0-35,60,-92.0,0.3333333333333333,1.0,4.982456140350878,5.674162078071136,3.4482758620689653,1.1726465793238816,6.743589743589744,9.486050558355753,7.05,0.9472533287189738,33.285714285714285,79.31522402354267,7.75,1.289919291814981,81.0,83.0,57.5,DDD_2014J
group3,F,Scotland,A Level or Equivalent,70-80%,0-35,60,-94.0,0.0,1.0,2.324324324324324,2.296883905571998,4.705357142857143,1.0175007616948937,4.545454545454546,6.5399574747121845,4.267857142857143,0.9251215393516864,3.0875,2.869277463849908,8.91358024691358,1.2689233370014759,82.66666666666667,83.0,91.0,DDD_2014J
group3,F,East Anglian Region,A Level or Equivalent,90-100%,0-35,60,-100.0,0.0,1.0,3.1058823529411765,3.0784331567016547,4.883720930232558,0.7969755755524827,5.28,5.2723382877436995,3.9019607843137254,0.9250872769845206,4.979591836734694,6.26993419661897,7.04,0.7643893406174544,76.0,62.0,66.0,DDD_2014J
group3,M,Scotland,HE Qualification,60-70%,0-35,120,-51.0,0.0,1.0,2.7216494845360826,2.418428673924271,3.3979591836734695,1.1294685133043636,5.5,4.997871887539267,4.571428571428571,1.8022338569120269,5.72093023255814,8.045482557948574,8.659090909090908,1.121552130944002,92.66666666666667,96.0,92.5,DDD_2014J
group1,F,Ireland,HE Qualification,60-70%,0-35,120,-95.0,0.0,1.0,2.8415841584158414,3.4343345010855497,4.480392156862745,1.0481491801906928,6.769230769230769,7.784808209994435,3.9,1.3516979849330464,4.377049180327869,7.884930636824968,12.338709677419354,0.9623587650948702,79.33333333333333,60.0,65.5,DDD_2014J
group1,M,South Region,Lower Than A Level,40-50%,35-55,150,-98.0,0.16666666666666666,1.0,3.1904761904761907,3.8884326153664475,3.4941176470588236,0.9793061118587806,5.833333333333333,9.750338747502926,5.558139534883721,0.8405773391697193,13.866666666666667,19.974507562915093,5.8125,1.4777417437929175,78.33333333333333,75.0,50.5,DDD_2014J
group3,M,Wales,A Level or Equivalent,90-100%,0-35,120,-53.0,0.0,0.8333333333333334,4.962264150943396,5.9966730011506035,4.833333333333333,1.2608624343987738,12.523809523809524,13.757249171324359,4.909090909090909,1.2779119628952678,11.454545454545455,19.507574286554814,5.739130434782608,0.6878520886555253,87.5,78.0,83.5,DDD_2014J
group3,M,East Anglian Region,HE Qualification,80-90%,0-35,60,-29.0,0.0,1.0,3.8805970149253732,3.707169090893454,2.6029411764705883,1.2946978253876413,4.7272727272727275,5.012778284339547,4.053571428571429,0.998193559443721,11.9,16.075152450779104,4.857142857142857,0.81437488852138,87.66666666666667,76.0,85.0,DDD_2014J
group3,M,South West Region,HE Qualification,80-90%,35-55,120,-31.0,0.6666666666666666,1.0,4.030769230769231,3.884943817037572,5.803030303030303,0.922262548806912,5.822222222222222,6.695618950576051,4.065217391304348,0.8197182456372112,19.25,25.08213779492562,6.923076923076923,1.2210094993614358,83.33333333333333,75.0,93.0,DDD_2014J
group1,F,Ireland,Lower Than A Level,10-20,0-35,60,-64.0,0.0,1.0,2.922222222222222,3.1021115598633298,2.802197802197802,1.1036969088430815,3.0232558139534884,4.73280601803809,6.448275862068965,1.0679132334859138,17.923076923076923,26.027106185864312,5.785714285714286,1.041510047667993,57.666666666666664,70.0,79.5,DDD_2014J
group3,M,London Region,A Level or Equivalent,60-70%,0-35,90,-32.0,0.0,1.0,1.55,1.4808837765930638,6.69060773480663,1.0304143017537053,3.057471264367816,3.250603957617867,4.204545454545454,1.3644660910625837,1.4574468085106382,1.3771620327816239,12.60846560846561,0.9347167054597136,81.0,83.0,92.5,DDD_2014J
group3,M,West Midlands Region,A Level or Equivalent,30-40%,0-35,60,-37.0,0.0,1.0,2.309090909090909,3.3006684186704276,18.36936936936937,1.6871873445556245,3.6,7.580294820468224,10.704225352112676,1.107194427995843,3.090909090909091,7.5623405910677555,27.705128205128204,1.358077957988806,88.33333333333333,78.0,87.0,DDD_2014J
group1,F,London Region,Lower Than A Level,50-60%,0-35,120,-86.0,0.0,1.0,4.344262295081967,4.753543400810387,3.8548387096774195,0.8371652008007964,5.888888888888889,5.568671386435099,3.8043478260869565,1.7975675173945036,8.214285714285714,8.456236545174011,5.137931034482759,0.7864099508419881,65.0,79.0,58.0,DDD_2014J
group1,F,South Region,Lower Than A Level,90-100%,0-35,60,-36.0,0.0,1.0,5.311111111111111,6.218821220596181,5.521739130434782,1.1327093917069515,9.52,9.661435366100283,6.615384615384615,0.9921950688368296,9.285714285714286,11.475762357818398,8.448275862068966,0.9081793165286406,83.33333333333333,65.0,74.5,DDD_2014J
group3,M,East Anglian Region,A Level or Equivalent,80-90%,0-35,60,-29.0,0.0,1.0,4.9818181818181815,4.648739012977004,3.0,0.879664438186246,11.55,14.06179969016469,2.6666666666666665,0.668153104781061,11.608695652173912,9.456787511598518,22.166666666666668,1.3295308244790212,90.0,79.0,82.0,DDD_2014J
group1,M,Wales,Lower Than A Level,60-70%,0-35,60,-31.0,0.4,0.8333333333333334,2.336283185840708,2.8271976896270656,3.7719298245614037,1.1630790340181674,6.947368421052632,10.50854830517608,3.948717948717949,0.7735726032122301,4.169491525423729,9.899760607298719,10.033333333333333,1.1200941372311723,72.66666666666667,21.0,70.0,DDD_2014J
group3,M,East Midlands Region,A Level or Equivalent,50-60%,0-35,60,-41.0,0.0,1.0,3.701492537313433,3.676357409064832,4.352941176470588,1.085968681235916,6.628571428571429,7.77660788853989,3.1666666666666665,1.1226699477737654,13.0,23.338094752285727,2.0,0.7745966692414834,85.0,89.0,89.5,DDD_2014J
group1,M,South West Region,A Level or Equivalent,70-80%,0-35,60,-60.0,0.0,1.0,12.0,10.711528467275954,2.238095238095238,0.7283933093031357,16.307692307692307,16.059185405786803,9.0,0.7968190728895957,48.0,80.86717504649214,5.0,0.41633319989322654,75.0,39.0,71.5,DDD_2014J
group1,F,West Midlands Region,A Level or Equivalent,0-10%,0-35,120,-86.0,0.5,1.0,3.2873563218390807,3.576109507379173,4.363636363636363,0.7962449851577648,4.814814814814815,4.794155538105743,7.218181818181818,1.2699211717161165,35.57142857142857,45.79613208870062,6.5,0.7806839665455553,76.66666666666667,62.0,72.5,DDD_2014J
group3,F,South Region,A Level or Equivalent,40-50%,35-55,90,-71.0,0.0,1.0,2.0866141732283463,1.6667791488102546,6.265625,1.093893621406982,3.681159420289855,3.7826723887593032,4.885714285714286,1.0525341085477014,3.4078947368421053,2.9807275692530615,7.961038961038961,1.0133092901882486,96.0,88.0,89.5,DDD_2014J
group3,M,Yorkshire Region,A Level or Equivalent,90-100%,0-35,60,-59.0,0.0,1.0,3.3376623376623376,3.2020157697530305,5.3076923076923075,0.9402435700468752,8.75,8.185918351612068,4.137931034482759,0.7608474807008884,5.163265306122449,5.658131827936932,6.06,1.2346101924181663,88.33333333333333,92.0,92.0,DDD_2014J
group1,F,East Anglian Region,Lower Than A Level,50-60%,0-35,60,-29.0,0.3333333333333333,1.0,2.5742574257425743,3.2873896472838915,5.754901960784314,0.8981214761808473,3.608695652173913,5.116919429708452,2.9857142857142858,0.7813706238007301,2.8764044943820224,2.6535577520785063,5.911111111111111,1.3565856019614644,71.66666666666667,53.0,61.0,DDD_2014J
group1,M,East Anglian Region,A Level or Equivalent,90-100%,0-35,60,-74.0,0.0,1.0,7.3,10.894952959971878,4.451612903225806,1.3962773442909595,9.521739130434783,12.467665689576199,3.875,0.615726378590125,7.25,8.539125638299666,5.8,0.7741360110566776,75.0,59.0,66.5,DDD_2014J
group3,F,North Western Region,HE Qualification,70-80%,35-55,60,-50.0,0.16666666666666666,1.0,1.7515527950310559,1.8809274836520848,9.253086419753087,1.3132889093248643,3.7714285714285714,3.5063975839261508,7.394366197183099,1.2818722135540992,1.7402597402597402,1.6521136978598476,21.006451612903227,0.8470721980272659,81.66666666666667,88.0,88.5,DDD_2014J
group1,F,East Anglian Region,Lower Than A Level,50-60%,35-55,60,-74.0,0.0,1.0,2.924731182795699,3.4773695678967536,5.48936170212766,1.0858110507276755,4.121212121212121,5.136641080032903,5.626865671641791,1.1430545068666191,11.26086956521739,23.510572846554002,4.416666666666667,0.8316881826616674,76.0,61.0,74.5,DDD_2014J
group1,M,Yorkshire Region,HE Qualification,50-60%,0-35,60,-25.0,0.0,1.0,4.333333333333333,6.594230126992986,3.734375,1.219110734655032,4.627118644067797,7.09759139593228,10.566666666666666,1.2119929650076582,23.0,39.718453589679896,4.454545454545454,1.4047577868859613,69.33333333333333,34.0,43.0,DDD_2014J
group1,F,Scotland,Lower Than A Level,70-80%,0-35,60,-51.0,0.0,1.0,2.6448598130841123,2.9913470697134064,5.407407407407407,0.972409782132674,3.278481012658228,4.063397305592502,4.75,1.0348498091142613,3.8,5.046450898073484,9.732394366197184,0.9994668523750151,81.66666666666667,83.0,88.0,DDD_2014J
group1,M,South East Region,A Level or Equivalent,90-100%,0-35,60,-60.0,0.3333333333333333,1.0,4.064516129032258,4.786836347844689,1.8412698412698412,0.844739615405783,7.363636363636363,9.759028453879841,3.0294117647058822,1.0933004492693277,6.277777777777778,15.931300926363459,3.2162162162162162,0.7890214853314623,77.66666666666667,63.0,68.0,DDD_2014J
group1,M,Scotland,A Level or Equivalent,90-100%,35-55,90,-60.0,0.16666666666666666,1.0,4.161290322580645,4.855936196096542,6.476190476190476,1.0348595344564224,5.857142857142857,6.12301308169485,6.162790697674419,1.2938279422075503,7.5,9.299542003855969,7.586206896551724,1.7462001248519763,87.66666666666667,70.0,74.5,DDD_2014J
group3,M,South East Region,A Level or Equivalent,50-60%,0-35,90,-41.0,0.5,1.0,2.791208791208791,3.118106560492846,3.380434782608696,0.9199232723087318,12.11111111111111,12.413886384343893,6.842105263157895,1.9695913131480862,3.4166666666666665,5.226557318967305,6.465753424657534,0.9626574047618562,80.0,11.0,46.5,DDD_2014J
group1,M,North Western Region,Lower Than A Level,30-40%,0-35,60,-50.0,0.0,1.0,3.533333333333333,3.621756081946591,4.9868421052631575,0.9289510177540523,8.758620689655173,8.283611929646705,2.966666666666667,0.553762765409061,3.621212121212121,3.34095864416258,8.402985074626866,0.8407558432481573,61.666666666666664,42.0,69.5,DDD_2014J
group3,M,East Anglian Region,HE Qualification,90-100%,35-55,60,-50.0,0.0,1.0,2.621359223300971,2.405534895693552,4.798076923076923,1.050220663438826,2.9634146341463414,2.9035743062442827,5.0843373493975905,0.996456063871485,6.325,5.085865279480537,4.7560975609756095,0.8484041561056291,97.66666666666667,99.0,96.0,DDD_2014J
group3,M,South Region,A Level or Equivalent,70-80%,0-35,60,-64.0,0.0,1.0,3.6666666666666665,3.3716413462830483,5.6075949367088604,0.7865448708750128,5.096153846153846,5.100017744623552,4.566037735849057,0.9584282947203111,7.9411764705882355,6.527058720715789,5.257142857142857,0.8151086884048309,83.33333333333333,96.0,84.0,DDD_2014J
group3,M,South East Region,HE Qualification,70-80%,55<=,60,-71.0,0.0,1.0,1.9230769230769231,2.017797303702704,6.4375,1.1532983514159034,4.157894736842105,4.923665423544488,4.4655172413793105,0.9530112005557902,2.2072072072072073,1.8931316869007244,5.303571428571429,1.4944299458156256,91.0,96.0,92.5,DDD_2014J
group3,F,South West Region,A Level or Equivalent,70-80%,0-35,60,-70.0,0.16666666666666666,1.0,2.3304347826086955,2.8522743745214076,3.6379310344827585,1.0312931243888717,10.56,11.87111339905964,3.769230769230769,0.8269714118104003,3.074074074074074,3.80058475033046,5.865853658536586,1.1698797966804575,91.66666666666667,90.0,93.0,DDD_2014J
group3,M,South Region,HE Qualification,90-100%,0-35,90,-24.0,0.0,1.0,1.9333333333333333,2.0266876144505264,5.242647058823529,0.8110703762144931,3.9836065573770494,4.609742593242737,3.7580645161290325,1.169376294462008,2.4545454545454546,3.2333489534143163,7.87,0.7037268199778963,90.0,72.0,88.5,DDD_2014J
group3,M,West Midlands Region,A Level or Equivalent,20-30%,35-55,60,-35.0,0.16666666666666666,1.0,3.0952380952380953,2.5677285804986445,7.2,0.8142699703441186,6.45,5.7242175593408975,3.292682926829268,0.8570213513721925,3.8358208955223883,2.852946456312677,17.279411764705884,1.0435843793016923,91.66666666666667,89.0,92.0,DDD_2014J
group1,M,South Region,HE Qualification,70-80%,35-55,60,-51.0,0.16666666666666666,1.0,2.4684684684684686,3.0385996171077942,5.178571428571429,0.9283229992643396,3.7027027027027026,5.776024441496046,4.386666666666667,1.0077901682751935,4.338983050847458,7.099320437346209,8.45,1.125697202868936,57.666666666666664,25.0,63.5,DDD_2014J
group3,M,East Anglian Region,A Level or Equivalent,90-100%,0-35,120,-30.0,0.16666666666666666,1.0,4.714285714285714,6.684348844915224,4.631578947368421,0.965262707071972,7.764705882352941,10.68859154916179,9.4,0.9783929665524426,78.33333333333333,132.2132116444243,2.5,0.6,86.0,99.0,84.0,DDD_2014J
group3,F,Yorkshire Region,A Level or Equivalent,20-30%,0-35,120,-11.0,0.0,1.0,4.254237288135593,4.041138540231484,4.866666666666666,0.8451066748047771,7.84375,6.792355166632367,3.9393939393939394,0.9840142395659928,6.121951219512195,5.840355819430951,9.952380952380953,0.732791950969441,81.66666666666667,91.0,97.5,DDD_2014J
group1,F,Scotland,Lower Than A Level,60-70%,0-35,60,-45.0,0.5,1.0,6.973684210526316,9.086630636821011,5.256410256410256,0.8439165373135069,12.0,20.793771961357862,6.826086956521739,2.213171873481964,9.296296296296296,10.640325381139629,11.071428571428571,0.8107241659510491,55.0,50.0,44.5,DDD_2014J
group1,M,South Region,A Level or Equivalent,80-90%,0-35,120,-58.0,0.3333333333333333,1.0,4.568965517241379,5.044058756163747,6.338983050847458,0.9086032035607048,5.760869565217392,6.627165583527968,3.404255319148936,0.6374387225451559,12.5,16.91309053895672,7.095238095238095,0.7582407646979115,58.333333333333336,43.0,64.5,DDD_2014J
group3,F,North Western Region,A Level or Equivalent,90-100%,0-35,120,-52.0,0.0,1.0,3.5641025641025643,2.961176247467342,3.050632911392405,0.9949511844150005,9.10344827586207,7.527781059829587,3.033333333333333,0.7961536565573609,13.38888888888889,15.401065237752755,6.157894736842105,1.0448346523033247,75.0,44.0,78.5,DDD_2014J
group1,F,London Region,HE Qualification,30-40%,0-35,90,-60.0,0.0,1.0,7.62962962962963,8.71403884168948,1.9642857142857142,0.7872958216222169,11.375,10.190682018393076,4.882352941176471,0.6950460290051063,21.75,24.563329229913908,7.888888888888889,0.8831783327656835,52.666666666666664,64.0,52.5,DDD_2014J
group1,M,East Midlands Region,A Level or Equivalent,70-80%,0-35,60,-51.0,0.3333333333333333,1.0,9.0,8.442317648177381,2.2083333333333335,0.7157387448449304,14.583333333333334,12.802402710097631,5.615384615384615,0.8071736911044514,17.833333333333332,26.61140106545814,8.0,0.7933878532686808,73.33333333333333,53.0,61.0,DDD_2014J
group3,F,Scotland,A Level or Equivalent,90-100%,0-35,120,-44.0,0.0,1.0,2.3545454545454545,2.0209288609987444,3.063063063063063,0.8213416317979794,4.796296296296297,4.56971007556311,2.381818181818182,0.9180639009693378,7.6875,12.749288405189901,4.7272727272727275,1.0625181283985428,93.33333333333333,98.0,96.5,DDD_2014J
group1,M,East Anglian Region,Lower Than A Level,30-40%,0-35,60,-58.0,0.3333333333333333,1.0,3.72,4.476847346309917,4.25,1.1845696454604413,5.951219512195122,5.059403223267519,4.880952380952381,1.4266020248475841,10.192307692307692,12.573048097479722,6.148148148148148,1.244001429184716,52.666666666666664,50.0,36.0,DDD_2014J
group3,M,Scotland,HE Qualification,60-70%,0-35,120,-53.0,0.16666666666666666,1.0,2.8333333333333335,2.606335062140006,3.9587628865979383,1.0379817635647821,3.240506329113924,4.335941591388632,4.45,1.110542153983027,5.590909090909091,5.958453763129936,5.511111111111111,0.8652553110971893,95.0,60.0,89.5,DDD_2014J
group1,M,East Midlands Region,A Level or Equivalent,20-30%,0-35,120,-42.0,0.0,1.0,5.3061224489795915,4.801059265206712,4.86,0.9694917784363564,10.521739130434783,13.248909269745363,4.375,0.8699049912936189,14.666666666666666,17.426034163476974,5.3125,0.8170332016479842,76.66666666666667,36.0,61.5,DDD_2014J
group3,F,East Midlands Region,A Level or Equivalent,70-80%,0-35,120,-52.0,0.0,1.0,2.3252032520325203,2.594116719947398,3.7983870967741935,0.9701877337926224,4.82,5.7238847946877085,3.588235294117647,0.8445407785174596,8.129032258064516,10.02577323862145,2.75,0.9403709484353274,74.33333333333333,79.0,85.5,DDD_2014J
group1,M,West Midlands Region,A Level or Equivalent,40-50%,0-35,120,-53.0,0.16666666666666666,1.0,5.51063829787234,6.616423375160552,5.020833333333333,0.9929331399700334,11.0,13.856406460551016,6.565217391304348,2.6632728429259456,8.88888888888889,14.505525030492912,10.428571428571429,0.9319600025887487,85.0,81.0,73.5,DDD_2014J
group1,F,East Anglian Region,A Level or Equivalent,60-70%,35-55,60,-53.0,0.0,1.0,3.710144927536232,3.3037476459467805,7.9,0.9777317826145548,4.923076923076923,4.44948181096672,4.2075471698113205,1.3375863049567254,6.15,5.989520763329816,5.146341463414634,0.8115205608721892,60.0,61.0,53.0,DDD_2014J
group1,M,East Anglian Region,A Level or Equivalent,10-20,35-55,60,-36.0,0.6666666666666666,1.0,3.7384615384615385,3.554385157260514,2.8636363636363638,1.2691466354057568,7.363636363636363,8.253098591658551,4.323529411764706,0.78278601489517,12.421052631578947,18.613960679117778,3.75,0.7296879089339802,79.33333333333333,44.0,67.5,DDD_2014J
group3,M,Yorkshire Region,Lower Than A Level,20-30%,0-35,90,-45.0,0.16666666666666666,1.0,1.7861635220125787,2.063439367590971,4.8875,1.1503806750106143,2.901098901098901,2.63335419846141,5.956521739130435,1.4348033165914882,5.809523809523809,11.307752780214276,5.72093023255814,1.0973351167791707,80.0,57.0,88.0,DDD_2014J
group1,F,East Anglian Region,A Level or Equivalent,40-50%,0-35,180,-43.0,0.3333333333333333,1.0,7.428571428571429,7.009597262433314,3.9166666666666665,0.7305653069527402,11.714285714285714,12.962032468493733,8.5,0.8708700223252824,47.0,46.93257575146144,3.6,0.5719794522770555,34.333333333333336,29.0,34.0,DDD_2014J
group1,M,West Midlands Region,A Level or Equivalent,70-80%,0-35,120,-51.0,0.0,1.0,2.26271186440678,1.8920796052247923,4.016806722689076,0.9574095843291958,2.902173913043478,2.643922255380971,4.10752688172043,1.074899839661923,4.385964912280702,5.140019406456251,5.310344827586207,0.888234788195688,90.0,79.0,88.0,DDD_2014J
group1,F,South West Region,A Level or Equivalent,20-30%,0-35,120,-30.0,0.0,1.0,3.5064935064935066,3.5526986652231476,4.1923076923076925,1.0837473499870407,5.191489361702128,8.036975144462653,5.833333333333333,0.8580947095817832,12.15,21.404069952378585,5.619047619047619,1.0134119273814743,65.0,43.0,60.0,DDD_2014J
group3,M,South Region,HE Qualification,80-90%,0-35,120,-11.0,0.0,1.0,2.007751937984496,1.9744307883500238,4.292307692307692,0.9401277230574341,4.895833333333333,6.851741767479781,7.8979591836734695,1.199879363721228,3.7846153846153845,5.128024435919219,6.348484848484849,1.2516096573203166,76.66666666666667,86.0,89.0,DDD_2014J
group3,M,South Region,A Level or Equivalent,40-50%,0-35,60,-37.0,0.16666666666666666,1.0,8.066666666666666,7.109650233083312,3.6129032258064515,0.9859504116768318,8.2,9.026398067278304,6.580645161290323,0.8392523356483409,5.297872340425532,4.520075478482061,3.75,1.0631887745693944,76.66666666666667,70.0,83.5,DDD_2014J
group1,M,Scotland,Lower Than A Level,80-90%,0-35,120,-39.0,0.16666666666666666,1.0,4.551724137931035,5.722140483423901,3.983050847457627,1.0433778761720451,7.542857142857143,9.227015504812508,3.888888888888889,1.0719046561316612,10.714285714285714,13.572556344119029,9.090909090909092,0.8616263691415207,68.33333333333333,62.0,71.5,DDD_2014J
group1,F,Yorkshire Region,Lower Than A Level,0-10%,35-55,60,-43.0,0.5,1.0,1.919463087248322,1.5090572433910336,8.113333333333333,1.5482663641408547,3.375,3.875842088983267,8.283950617283951,1.8653206215518103,2.485981308411215,2.4003320760092817,12.11111111111111,0.9453993784902548,56.666666666666664,53.0,55.5,DDD_2014J
group3,M,Scotland,HE Qualification,90-100%,0-35,60,-38.0,0.0,0.8333333333333334,10.666666666666666,10.585743762933843,5.04,0.8044503325976864,11.352941176470589,11.340972050879216,6.888888888888889,0.6959822261416586,27.25,42.874817783869354,7.8,0.8324452861922013,81.66666666666667,38.0,81.0,DDD_2014J
group3,M,North Region,A Level or Equivalent,40-50%,0-35,120,-48.0,0.16666666666666666,1.0,2.014925373134328,1.6267735243887251,3.3185185185185184,1.01489131662771,4.90566037735849,5.046949386828399,4.111111111111111,0.9860235863218756,3.6027397260273974,7.210601234808903,10.85135135135135,1.4148664454945354,86.66666666666667,80.0,83.5,DDD_2014J
group3,F,East Anglian Region,A Level or Equivalent,40-50%,0-35,60,-49.0,0.16666666666666666,1.0,6.717948717948718,10.269906774416002,4.075,0.697095591393473,8.714285714285714,12.57233041498242,10.137931034482758,0.6987954306610209,35.0,46.921920960960946,5.0,0.7416198487095663,87.66666666666667,87.0,89.5,DDD_2014J
group3,M,East Anglian Region,HE Qualification,80-90%,35-55,60,-30.0,0.16666666666666666,1.0,2.63,3.3201405592735567,4.128712871287129,1.053639634378491,5.019230769230769,6.229249111628219,3.7358490566037736,1.0505050505050504,4.875,6.702254304781149,3.4489795918367347,0.7683654668867589,88.33333333333333,94.0,96.0,DDD_2014J
group3,M,Scotland,HE Qualification,40-50%,0-35,60,-42.0,0.0,1.0,2.361344537815126,2.342427729605185,4.375,0.994597652217176,3.493333333333333,4.084821387253763,3.4210526315789473,0.7605665904189709,6.615384615384615,8.785800100207704,7.875,0.9188543262480192,76.66666666666667,86.0,85.5,DDD_2014J
group3,M,South West Region,HE Qualification,70-80%,55<=,120,-45.0,0.0,1.0,1.6395348837209303,1.6359470007977903,4.468208092485549,1.024759219550991,3.4444444444444446,3.9677889287089863,2.7534246575342465,1.1258960387408006,1.7533333333333334,1.6585619495491177,19.841059602649008,0.840506827139144,95.0,80.0,97.5,DDD_2014J
group1,F,London Region,A Level or Equivalent,30-40%,0-35,120,-45.0,0.16666666666666666,1.0,4.285714285714286,4.4374817452730255,6.640625,1.3080300304479378,8.0,12.031209415515965,6.588235294117647,1.2848459369249892,4.063492063492063,4.446357755087451,13.921875,0.9834256735597082,59.333333333333336,30.0,42.5,DDD_2014J
group1,F,Yorkshire Region,HE Qualification,0-10%,0-35,60,-32.0,0.3333333333333333,1.0,7.9375,9.30465544247748,4.363636363636363,0.9023503261544881,11.545454545454545,14.127741277114103,3.5217391304347827,0.7893514747232483,15.0,24.146773421446326,7.176470588235294,1.0484756855079267,81.0,42.0,48.0,DDD_2014J
group3,M,Scotland,Lower Than A Level,60-70%,0-35,60,-32.0,0.0,1.0,4.660377358490566,4.74723966850703,4.962962962962963,1.0469593393825467,5.7560975609756095,8.202988747416633,4.5476190476190474,1.3247728721340308,3.8181818181818183,4.970401905771314,15.283582089552239,0.9538641393115942,75.0,62.0,84.0,DDD_2014J
group1,F,East Anglian Region,Lower Than A Level,40-50%,0-35,120,-36.0,0.16666666666666666,1.0,3.116279069767442,3.1489255110505567,2.471264367816092,0.956082687282632,8.714285714285714,10.773276756098493,8.137931034482758,1.1430786684593057,18.7,30.36829487036329,4.090909090909091,0.5461424767753115,51.0,36.0,32.5,DDD_2014J
group3,M,East Anglian Region,Lower Than A Level,70-80%,35-55,60,-29.0,0.0,1.0,2.9081632653061225,2.6167057857057467,4.808080808080808,1.0988258558216655,4.862745098039215,4.595735448622504,5.134615384615385,1.8649240999219268,3.6,3.311814599585699,5.47887323943662,0.8405265550461269,90.0,80.0,84.5,DDD_2014J
group3,F,East Anglian Region,Lower Than A Level,80-90%,0-35,60,-43.0,0.0,1.0,1.2317596566523605,0.6806594752858681,7.098290598290598,0.9680430241765693,2.71875,3.1845122736539473,5.814432989690721,0.9635542010469434,1.091633466135458,0.47704268269782524,21.174603174603174,0.7547802507020459,87.66666666666667,84.0,93.0,DDD_2014J
group1,F,South East Region,A Level or Equivalent,60-70%,0-35,120,-36.0,0.0,1.0,3.1666666666666665,3.1803645411679793,4.974683544303797,1.467785409071518,7.433333333333334,10.077914854576415,4.935483870967742,0.7921719621503628,15.933333333333334,12.509805677756873,4.75,1.0875778063037802,86.66666666666667,8.0,49.5,DDD_2014J
group1,M,South East Region,A Level or Equivalent,50-60%,35-55,60,-24.0,0.5,1.0,3.5142857142857142,5.177271558142327,6.71830985915493,1.0664040853970547,5.232558139534884,5.975494437810249,5.795454545454546,1.2182073795257313,4.5576923076923075,6.957612452610736,8.830188679245284,0.8787950064186212,87.66666666666667,18.0,39.5,DDD_2014J
group3,M,North Western Region,HE Qualification,40-50%,0-35,120,-36.0,0.0,1.0,4.508771929824562,4.305821669626666,5.275862068965517,0.912952818319261,12.238095238095237,10.396656971857645,6.181818181818182,1.103235254912415,4.9,4.887510112730286,14.529411764705882,0.6873614849954858,91.66666666666667,94.0,90.0,DDD_2014J
group3,F,East Anglian Region,A Level or Equivalent,80-90%,0-35,120,-35.0,0.0,1.0,3.7246376811594204,3.0864221527571107,4.0,1.223285972873298,7.935483870967742,9.212077159435749,10.59375,1.1666172527937595,32.57142857142857,16.164334637890736,5.0,0.7071067811865476,88.33333333333333,87.0,91.0,DDD_2014J
group3,M,London Region,HE Qualification,20-30%,0-35,60,-32.0,0.0,1.0,3.8840579710144927,4.775969971959678,2.8714285714285714,0.7874067600089419,4.660377358490566,8.043017507384457,5.592592592592593,0.6869564227756259,6.209302325581396,10.008468175297699,6.2727272727272725,0.713243756484886,82.66666666666667,78.0,79.5,DDD_2014J
group3,M,Scotland,A Level or Equivalent,90-100%,0-35,120,-16.0,0.0,1.0,2.2767857142857144,2.067377768224964,5.911504424778761,1.1736183240720666,3.5428571428571427,4.120242409801631,3.464788732394366,0.9378358014502625,8.172413793103448,9.475792335952105,3.6666666666666665,0.729541914463232,89.33333333333333,84.0,91.5,DDD_2014J
group3,M,London Region,A Level or Equivalent,30-40%,0-35,60,-38.0,0.8333333333333334,1.0,1.4031413612565444,0.8943039492230995,5.583333333333333,1.004778070430259,4.213114754098361,4.557465502149049,3.0,0.8317188662050619,2.3904761904761904,2.5172300026908325,6.320754716981132,0.9234163229564112,79.33333333333333,99.0,98.5,DDD_2014J
group1,F,London Region,A Level or Equivalent,60-70%,0-35,120,-27.0,0.0,1.0,3.676056338028169,3.8051643399363897,3.0694444444444446,0.9107395739331959,5.5777777777777775,7.114290640192549,5.565217391304348,0.8491580158824976,57.75,95.87622228686318,7.6,0.890858467358461,74.33333333333333,78.0,37.0,DDD_2014J
group3,M,South Region,Lower Than A Level,80-90%,0-35,90,-8.0,0.0,1.0,2.9058823529411764,3.002473303524171,5.755813953488372,0.9396980066161704,3.626865671641791,4.242054322568476,4.735294117647059,1.4243117698003886,8.535714285714286,12.254952567589253,4.413793103448276,0.8795223535035936,91.66666666666667,96.0,82.0,DDD_2014J
group3,M,North Region,HE Qualification,40-50%,0-35,60,-30.0,0.0,1.0,4.078125,5.271380312292539,4.2615384615384615,0.9699441309943179,7.194444444444445,7.9922085073774705,3.7837837837837838,1.383724639352433,6.914285714285715,10.68636136988316,6.305555555555555,0.764986567189744,71.66666666666667,71.0,50.5,DDD_2014J
group3,M,London Region,HE Qualification,40-50%,0-35,120,-36.0,0.16666666666666666,1.0,3.5972222222222223,3.000749775893916,4.671232876712328,1.047590083197284,6.15,5.279617313249037,6.146341463414634,1.1246622627888765,12.421052631578947,10.838797542335712,2.9,1.1739341055551173,65.0,96.0,86.0,DDD_2014J
group1,M,South Region,A Level or Equivalent,90-100%,0-35,60,-17.0,0.0,1.0,4.803571428571429,5.813525429726606,3.6491228070175437,1.2879053047349782,8.25925925925926,10.294108070574204,8.857142857142858,1.661994839653342,12.238095238095237,15.332660440721831,9.636363636363637,0.8623178217060676,60.0,49.0,56.5,DDD_2014J
group1,F,South West Region,A Level or Equivalent,30-40%,0-35,60,-32.0,0.0,1.0,7.628571428571429,9.994368162019208,3.2777777777777777,0.5824691619471045,8.074074074074074,9.198352385600728,3.5357142857142856,0.6906461783422901,23.6,33.72173713727624,9.727272727272727,0.6154047713328721,76.66666666666667,66.0,74.5,DDD_2014J
group1,F,East Midlands Region,A Level or Equivalent,80-90%,0-35,60,-30.0,0.0,1.0,3.8133333333333335,4.039311331902511,4.092105263157895,0.9904111145505748,6.309523809523809,7.744354655877057,2.883720930232558,1.020535759399091,4.722222222222222,7.69321354124497,5.1454545454545455,1.0602237816401259,61.0,57.0,58.0,DDD_2014J
group1,M,London Region,A Level or Equivalent,50-60%,0-35,120,-30.0,0.0,1.0,5.638297872340425,8.009303101407312,4.4375,1.3814549004590226,9.464285714285714,13.908383144460817,4.758620689655173,1.024536206360345,19.0,24.11776661854631,6.0,0.7715167498104596,71.0,80.0,68.5,DDD_2014J
group3,M,East Midlands Region,A Level or Equivalent,30-40%,35-55,120,-32.0,0.0,1.0,1.276190476190476,0.9382385827636672,6.18957345971564,0.9629969706139329,2.9555555555555557,3.3916987593840036,4.670329670329671,1.1633051589043881,1.224390243902439,0.5674074545793306,21.106796116504853,0.6396568046062892,91.66666666666667,80.0,92.5,DDD_2014J
group3,M,London Region,HE Qualification,80-90%,35-55,60,-30.0,0.3333333333333333,1.0,2.078125,1.7729790535732364,6.294573643410852,1.1334853875260618,4.60377358490566,5.745699470846767,4.2592592592592595,1.2117259480414289,2.280701754385965,1.9710684938904368,7.226086956521739,0.8525038026236016,91.66666666666667,89.0,94.5,DDD_2014J
group3,M,London Region,A Level or Equivalent,20-30%,0-35,120,-17.0,0.0,1.0,3.3974358974358974,3.5432018082913443,3.759493670886076,0.9484556243099848,7.513513513513513,8.49058832414398,3.473684210526316,0.890336860136604,29.5,41.015676445545964,3.0,0.7027283689263065,92.66666666666667,48.0,64.0,DDD_2014J
group3,M,South West Region,A Level or Equivalent,10-20,0-35,120,-30.0,0.3333333333333333,1.0,3.3466666666666667,3.7289710678986534,3.6052631578947367,1.0762154294041253,8.96,12.64410270969567,10.346153846153847,0.9816449539165434,50.5,27.258026340878022,4.4,0.6833316535624049,83.33333333333333,31.0,87.5,DDD_2014J
group3,M,East Midlands Region,A Level or Equivalent,80-90%,0-35,60,-24.0,0.0,1.0,3.8676470588235294,3.5235006836388103,3.2028985507246377,1.1106546612427293,6.0,6.799859942535232,4.431818181818182,0.7043958901212612,9.833333333333334,13.541134326214317,3.56,0.6791946633576366,75.0,61.0,69.0,DDD_2014J
group1,M,Wales,A Level or Equivalent,80-90%,0-35,120,-28.0,0.0,0.8333333333333334,5.0212765957446805,5.9617963506127465,2.6041666666666665,0.8893683151540761,11.05,9.784386057710304,6.666666666666667,1.0028530728448137,13.25,21.763337454141936,3.7777777777777777,0.34800469312350685,81.66666666666667,79.0,83.0,DDD_2014J
group1,M,East Anglian Region,Lower Than A Level,80-90%,0-35,60,-29.0,0.3333333333333333,1.0,2.4260869565217393,2.3435647969033235,5.060344827586207,0.870824767676265,3.5733333333333333,4.120395327836597,5.2894736842105265,0.8802596537349727,4.980392156862745,8.312617388232015,3.730769230769231,0.983604568231984,71.66666666666667,49.0,67.5,DDD_2014J
group3,M,South Region,A Level or Equivalent,40-50%,35-55,60,-25.0,0.16666666666666666,1.0,2.966292134831461,3.4688530924966825,4.311111111111111,0.9100383713831706,3.91044776119403,4.471225658293403,4.3088235294117645,1.305142837553097,10.782608695652174,36.70268323326973,4.0,0.770551750371122,95.0,90.0,94.5,DDD_2014J
group1,F,South Region,A Level or Equivalent,90-100%,0-35,60,-17.0,0.0,1.0,9.04,8.927859019197529,3.230769230769231,0.8640593957916215,8.884615384615385,7.931339977970548,6.111111111111111,1.6016520396760174,66.66666666666667,67.03978918025723,2.75,0.6982859770789643,51.0,58.0,52.0,DDD_2014J
group1,F,Scotland,A Level or Equivalent,60-70%,0-35,60,-17.0,0.16666666666666666,1.0,3.5384615384615383,3.9452381228708924,4.848484848484849,0.934348870872117,4.8936170212765955,7.562016186617198,8.020833333333334,0.9321129449167065,10.454545454545455,19.8271753690959,7.173913043478261,0.8726010009661072,61.0,30.0,50.5,DDD_2014J
group3,M,Scotland,Lower Than A Level,80-90%,0-35,60,-4.0,0.0,1.0,3.4927536231884058,3.4369240197911792,5.671428571428572,1.0872191322670068,6.315789473684211,9.45288534003127,9.435897435897436,0.810948970351512,5.825,5.329586023274901,9.926829268292684,0.7313122426451356,82.66666666666667,75.0,84.5,DDD_2014J
group3,M,South Region,Lower Than A Level,70-80%,55<=,60,-161.0,0.0,1.0,1.4191919191919191,0.7614008953147782,6.050251256281407,1.1013251454363802,3.527027027027027,2.9987347696049436,4.4,0.7196570961841162,1.8661971830985915,1.1375528870220282,7.083916083916084,0.8297852161958568,82.66666666666667,66.0,74.0,DDD_2014J
group1,M,North Western Region,Lower Than A Level,80-90%,55<=,60,-30.0,0.0,1.0,2.316666666666667,2.7131281624299115,4.735537190082645,1.0344315541570939,3.8970588235294117,6.3201636713228435,3.536231884057971,1.8101304256936945,4.509090909090909,5.419008817639677,6.071428571428571,0.8758979574322057,91.0,70.0,71.0,DDD_2014J
group1,F,South West Region,A Level or Equivalent,70-80%,35-55,60,-58.0,0.3333333333333333,1.0,2.8958333333333335,3.213390295775236,7.546391752577319,0.9491104856473664,3.9,3.525692623382854,4.163934426229508,1.0968224131730768,6.256410256410256,6.808346072895612,5.175,0.8321387503080772,86.0,40.0,34.0,DDD_2014J
group1,M,South Region,A Level or Equivalent,50-60%,35-55,60,-150.0,0.0,1.0,2.4869565217391303,2.432835387856903,5.258620689655173,0.9113515660646867,3.6164383561643834,5.103457806522242,4.824324324324325,1.5456728830746926,5.571428571428571,8.522030274529655,7.76,0.9652259711954991,73.33333333333333,60.0,63.5,DDD_2014J
group1,F,East Anglian Region,HE Qualification,30-40%,35-55,90,-22.0,0.0,1.0,8.633333333333333,17.26963317169932,4.709677419354839,0.7984668175777581,27.333333333333332,40.14660633229165,4.2,0.5194624816493197,10.869565217391305,20.289505455297654,22.166666666666668,0.5980162052676141,78.33333333333333,83.0,76.5,DDD_2014J
group3,M,Scotland,Post Graduate Qualification,70-80%,35-55,60,-150.0,0.3333333333333333,1.0,2.563106796116505,2.5308678776208313,6.105769230769231,0.9576654918322935,3.9402985074626864,4.578873081602283,9.191176470588236,2.993323771328454,3.646153846153846,3.6930287757424174,8.030303030303031,0.8600214424376139,89.33333333333333,90.0,87.0,DDD_2014J
group3,F,East Anglian Region,A Level or Equivalent,70-80%,35-55,60,-94.0,0.0,1.0,3.8405797101449277,5.446594155459736,7.9714285714285715,0.9854936315731837,5.72093023255814,7.085617832373208,5.568181818181818,1.5105515320114506,4.788461538461538,8.341572096296199,12.037735849056604,0.9431674106420366,86.33333333333333,87.0,83.5,DDD_2014J
group3,M,East Anglian Region,A Level or Equivalent,50-60%,35-55,60,-49.0,0.0,1.0,1.6342857142857143,1.2698861513688635,5.198863636363637,1.19719530498829,2.8191489361702127,2.835879056058324,5.221052631578948,1.411627263925596,2.365217391304348,2.3295599869993096,7.974137931034483,0.9271787756973977,87.66666666666667,74.0,89.0,DDD_2014J
group1,M,Scotland,Lower Than A Level,40-50%,35-55,180,-50.0,0.16666666666666666,1.0,3.5675675675675675,4.708142410879848,6.293333333333333,1.053620248331054,5.711111111111111,8.173188490485835,8.630434782608695,1.6867943956693197,10.666666666666666,23.062611690158043,7.36,0.8686136097394369,92.66666666666667,0.0,58.0,DDD_2014J
group3,M,London Region,HE Qualification,70-80%,35-55,120,-23.0,0.0,1.0,8.375,11.347161077385348,5.7272727272727275,0.8759450618656034,13.3,14.55696613851577,2.6666666666666665,0.9282279584547877,48.0,74.40094085426608,2.1666666666666665,0.6201736729460423,92.66666666666667,90.0,97.0,DDD_2014J
group3,M,South West Region,A Level or Equivalent,30-40%,35-55,60,-143.0,0.16666666666666666,1.0,1.6589595375722543,1.6046419087541053,9.666666666666666,1.1424800078290136,4.0,5.5052422569485815,6.358208955223881,1.466277683114357,2.0852713178294575,2.328596035409326,16.853846153846153,1.3734977851080536,91.66666666666667,66.0,77.0,DDD_2014J
group1,M,Scotland,Lower Than A Level,80-90%,35-55,60,-45.0,0.0,1.0,3.492957746478873,2.9173042323184974,7.375,0.796570099565216,5.040816326530612,4.527504756455578,3.02,0.9068012439992522,4.392857142857143,3.5351665586507512,12.105263157894736,0.7399569121807418,64.33333333333333,71.0,49.5,DDD_2014J
group3,F,East Midlands Region,A Level or Equivalent,60-70%,35-55,60,-29.0,0.16666666666666666,1.0,2.110294117647059,2.2166801808030723,7.189781021897811,1.1242461922946279,3.8970588235294117,4.182906601668174,4.449275362318841,1.1641203469747707,2.310344827586207,3.127476529932297,13.47008547008547,0.8546231207092836,91.0,78.0,88.0,DDD_2014J
group3,F,East Anglian Region,Lower Than A Level,80-90%,35-55,60,-126.0,0.0,1.0,2.47,2.2313423961572747,5.841584158415841,1.0208090588995569,4.547169811320755,5.719622223054223,3.925925925925926,1.0127787996973534,2.3173076923076925,2.4781155660653127,13.457142857142857,0.8585496537357952,82.66666666666667,83.0,72.0,DDD_2014J
group3,M,Scotland,HE Qualification,20-30%,35-55,60,-25.0,0.0,1.0,3.1149425287356323,2.9231445610105613,4.295454545454546,0.9840558658947802,6.552631578947368,6.741149827420584,5.17948717948718,1.7306636153100077,5.822222222222222,11.031543386804474,5.3478260869565215,1.0863017797155297,87.66666666666667,91.0,84.5,DDD_2014J
group3,M,South East Region,HE Qualification,90-100%,35-55,60,-154.0,0.16666666666666666,1.0,6.046511627906977,7.8678171728464665,3.5681818181818183,1.216327052665776,20.0,18.7669923003128,5.333333333333333,0.9509452534189337,5.622222222222222,7.364808486335815,3.4565217391304346,0.910299960864142,86.0,82.0,84.5,DDD_2014J
group3,F,East Midlands Region,Lower Than A Level,80-90%,0-35,120,-44.0,0.0,1.0,2.4854368932038833,2.630380862864462,4.1826923076923075,0.8153339526557712,4.571428571428571,6.050866633217677,5.982456140350878,0.9385447126383759,5.142857142857143,7.219764539096826,6.92,1.1425656420748576,93.33333333333333,83.0,90.0,DDD_2014J
group3,F,London Region,Lower Than A Level,40-50%,35-55,60,-4.0,0.16666666666666666,1.0,3.0121951219512195,3.101150333917426,5.554216867469879,1.0158886631324182,5.260869565217392,7.037786213192946,4.23404255319149,1.423947177746065,6.486486486486487,10.191558657431544,7.552631578947368,0.9728245459874426,77.66666666666667,20.0,63.0,DDD_2014J
group3,M,Scotland,HE Qualification,70-80%,35-55,70,-45.0,0.0,1.0,1.625,1.9201934426361469,6.446327683615819,1.1423139533834263,4.344262295081967,4.497722556663685,4.080645161290323,1.6185517379186416,1.82,2.3717294683713277,16.47019867549669,1.2011714953050283,92.66666666666667,87.0,90.5,DDD_2014J
group3,M,Scotland,HE Qualification,80-90%,35-55,60,-157.0,0.16666666666666666,1.0,3.7183098591549295,5.093926631900691,3.6944444444444446,0.8673381263415204,8.193548387096774,9.12658882912526,3.21875,2.128119020312292,5.976190476190476,8.38258384764709,7.604651162790698,1.2221478290496766,81.33333333333333,78.0,86.0,DDD_2014J
group3,M,East Anglian Region,HE Qualification,90-100%,35-55,60,-32.0,0.0,1.0,1.8873239436619718,1.5669394279652282,7.0,0.937005423513359,3.0113636363636362,2.561852410716642,4.01123595505618,0.9271581743611297,3.5072463768115942,2.593108448117802,8.471428571428572,0.9897842757278313,86.0,89.0,95.0,DDD_2014J
group3,F,South East Region,HE Qualification,60-70%,35-55,60,-84.0,0.0,1.0,2.050359712230216,2.0688291900240507,6.607142857142857,0.7219444565844299,3.231707317073171,3.573906741195217,4.301204819277109,1.0295022731224552,2.2666666666666666,2.2999208365380186,9.785123966942148,0.7779912862441825,93.33333333333333,96.0,99.5,DDD_2014J
group1,M,South Region,Lower Than A Level,80-90%,35-55,120,-37.0,0.6666666666666666,1.0,3.4473684210526314,6.757503951099311,5.077922077922078,1.0667874509445494,6.7105263157894735,10.770098483167487,3.3076923076923075,0.8361319510848887,9.818181818181818,15.419951095087551,2.739130434782609,0.8354093566311597,66.66666666666667,8.0,45.0,DDD_2014J
group3,M,London Region,A Level or Equivalent,40-50%,0-35,60,-129.0,0.0,1.0,7.617647058823529,6.628746880443625,5.228571428571429,1.2818372329393188,11.285714285714286,9.268995938842876,7.909090909090909,0.7018086217229309,21.727272727272727,23.499323007656663,8.5,0.8311967997735938,88.33333333333333,93.0,100.0,DDD_2014J
group3,M,South Region,A Level or Equivalent,90-100%,35-55,60,-93.0,0.0,1.0,6.722222222222222,5.03479953416284,3.135135135135135,1.5128266493118154,9.153846153846153,8.053284088828892,3.925925925925926,0.9221185383613133,7.0,6.244997998398398,19.0,0.8111071056538127,92.66666666666667,82.0,87.0,DDD_2014J
group3,M,South Region,A Level or Equivalent,60-70%,35-55,60,-67.0,0.16666666666666666,1.0,5.638297872340425,5.382845263123817,5.1875,1.589463662865176,11.454545454545455,9.936595530458646,6.478260869565218,1.685352364945472,22.5,31.30038794830323,5.444444444444445,0.7893501879923965,96.66666666666667,83.0,91.5,DDD_2014J
group3,F,Scotland,A Level or Equivalent,20-30%,0-35,60,-30.0,0.16666666666666666,1.0,2.390909090909091,2.4906999662614817,6.747747747747748,0.9724008313922694,3.6527777777777777,4.494628162164133,6.027397260273973,0.9500924269957691,4.537037037037037,3.864267671902635,6.709090909090909,0.8177099811824494,89.33333333333333,89.0,82.5,DDD_2014J
group1,M,London Region,Lower Than A Level,20-30%,0-35,180,5.0,0.16666666666666666,1.0,1.9603174603174602,2.013557225015643,5.448818897637795,1.3045955930986022,5.775,6.665977528484206,4.804878048780488,1.0260087537348799,2.5652173913043477,3.2692518478283965,6.870967741935484,1.0939672346246174,62.666666666666664,43.0,42.0,DDD_2014J
group3,M,South East Region,HE Qualification,90-100%,35-55,60,-122.0,0.0,1.0,8.15625,5.968245946458587,3.606060606060606,0.7930387050355648,13.0,12.078689367729647,4.428571428571429,0.8966736231995434,13.5,15.591287159632383,8.263157894736842,0.7054841017070262,76.0,77.0,74.5,DDD_2014J
group3,M,Scotland,A Level or Equivalent,30-40%,35-55,60,-64.0,0.0,1.0,2.704081632653061,3.0161393486685926,5.797979797979798,0.9731863879447866,5.954545454545454,7.4986961516406305,3.2222222222222223,0.8775167644092409,3.9344262295081966,4.969469631188076,6.290322580645161,0.8203044607242019,91.66666666666667,85.0,90.0,DDD_2014J
group3,M,South West Region,A Level or Equivalent,90-100%,35-55,60,-53.0,0.0,1.0,2.251968503937008,1.613280715085503,3.171875,0.9326750734279602,5.829268292682927,6.106973223391397,4.476190476190476,1.7767231448778371,4.111111111111111,3.7892509733545094,5.609375,0.8719997761963331,86.66666666666667,54.0,73.5,DDD_2014J
group3,M,Yorkshire Region,Lower Than A Level,20-30%,35-55,60,-43.0,0.0,1.0,1.653179190751445,1.2921740096412577,5.2701149425287355,0.9098123319777578,2.481818181818182,2.2533637167650853,4.531531531531532,1.1521316441410294,2.7244897959183674,2.662378644424297,5.484848484848484,1.3222092244783679,91.66666666666667,83.0,87.5,DDD_2014J
group1,M,West Midlands Region,A Level or Equivalent,30-40%,35-55,60,-81.0,1.0,1.0,2.1370967741935485,1.8711966408176872,5.776,1.0863671212574297,3.2025316455696204,2.906137390806245,5.1625,0.8384544243373809,3.272727272727273,3.342849255997847,9.987179487179487,1.0736965194590131,59.333333333333336,55.0,42.5,DDD_2014J
group3,F,North Region,A Level or Equivalent,80-90%,35-55,60,-30.0,0.0,1.0,2.7346938775510203,2.622468422492908,6.8686868686868685,0.882465679072271,4.517241379310345,6.193492281618524,8.677966101694915,4.506989878363594,5.104166666666667,7.638757789547714,7.448979591836735,0.7191454656661198,82.66666666666667,89.0,88.0,DDD_2014J
group1,F,Scotland,HE Qualification,20-30%,0-35,90,-151.0,0.0,1.0,2.2,1.7801663540416708,5.564885496183206,1.3680182650800221,7.6,10.310474399994463,8.027777777777779,1.0737744005259287,3.7916666666666665,3.996257051609069,10.246575342465754,1.4656211692147187,77.66666666666667,89.0,87.0,DDD_2014J
group1,F,West Midlands Region,Lower Than A Level,20-30%,0-35,60,-101.0,0.16666666666666666,1.0,3.533333333333333,4.2912019778162875,3.4342105263157894,0.8585368252139112,4.6909090909090905,5.058446281999917,3.3214285714285716,0.7762070590655461,10.347826086956522,16.92660277264534,7.375,0.6321374982702209,85.0,48.0,79.5,DDD_2014J
group1,M,East Midlands Region,HE Qualification,90-100%,35-55,60,-37.0,0.0,1.0,7.1,7.333799518981643,4.536585365853658,1.3950551060758578,12.894736842105264,13.33706088246043,5.0,1.0,15.75,23.61778990506944,7.764705882352941,0.9833321660356333,84.33333333333333,36.0,72.0,DDD_2014J
group1,M,South Region,A Level or Equivalent,50-60%,0-35,60,-41.0,0.5,1.0,2.2580645161290325,2.2155069442892916,3.656,0.9570046335330002,4.028985507246377,5.495910282930586,4.171428571428572,0.9850639116902355,2.696078431372549,2.795998610767068,4.533980582524272,0.8718964406383231,91.66666666666667,64.0,63.0,DDD_2014J
group1,M,East Midlands Region,Lower Than A Level,10-20,0-35,60,-135.0,0.16666666666666666,1.0,6.5,7.645339725100195,3.116279069767442,1.01289304860517,10.32,11.831173511814738,4.846153846153846,0.8521311448552096,20.916666666666668,36.322941243875896,10.461538461538462,0.690941762401971,51.666666666666664,51.0,39.0,DDD_2014J
group1,M,Scotland,HE Qualification,40-50%,35-55,60,-60.0,0.6666666666666666,1.0,5.777777777777778,7.725073959307293,2.9130434782608696,1.2352944296452875,10.047619047619047,10.91547612555765,3.772727272727273,0.6964022176683577,9.076923076923077,13.78079302544873,2.7857142857142856,0.9018207894907166,71.66666666666667,47.0,54.0,DDD_2014J
group1,M,Ireland,Lower Than A Level,90-100%,35-55,60,-65.0,0.0,1.0,2.5754716981132075,2.3419491808871604,5.700934579439252,0.8902982720237657,3.7857142857142856,4.974989205851976,4.746478873239437,0.80689253162397,3.8225806451612905,4.5178124459375715,3.888888888888889,0.829907438022537,76.0,35.0,83.5,DDD_2014J
group1,F,South Region,HE Qualification,90-100%,35-55,60,-66.0,0.0,1.0,1.6206896551724137,1.6216838413094095,4.377142857142857,1.0086442708602334,3.4285714285714284,3.7711807847514014,5.012820512820513,1.5660550555936608,1.9562043795620438,2.2454811260248033,7.7101449275362315,0.6972645485335116,75.0,74.0,75.5,DDD_2014J
group3,F,South West Region,A Level or Equivalent,30-40%,0-35,60,-41.0,0.0,1.0,1.5757575757575757,1.3396009378092613,5.891566265060241,1.1023708914783605,3.1447368421052633,4.468270201822091,3.3506493506493507,0.7870794247037712,2.0,1.7827772080782867,7.526717557251908,0.812616925509829,86.0,90.0,91.0,DDD_2014J
group1,M,South West Region,HE Qualification,30-40%,35-55,60,-94.0,0.0,1.0,1.9923076923076923,1.5921130897766165,4.0534351145038165,1.1740119640364086,5.020833333333333,6.173000867998648,3.2244897959183674,0.7981210911118385,2.8461538461538463,2.7524658719171025,3.9782608695652173,0.922817999612001,76.0,68.0,65.0,DDD_2014J
group3,M,London Region,Lower Than A Level,10-20,0-35,60,-30.0,0.3333333333333333,1.0,4.807017543859649,4.737534758603089,6.551724137931035,0.877338584407269,5.521739130434782,6.517460754464913,3.127659574468085,0.8254030549713832,15.8125,14.72964697472414,11.235294117647058,0.7253529438675151,83.33333333333333,90.0,86.0,DDD_2014J
group3,M,Scotland,Post Graduate Qualification,90-100%,35-55,60,-161.0,0.0,1.0,3.0229885057471266,2.569847572596082,5.3522727272727275,1.0490106177394969,6.414634146341464,7.4932489941149605,5.523809523809524,1.1224124688799857,8.392857142857142,11.441766522876664,6.724137931034483,1.089281953503078,74.33333333333333,82.0,79.5,DDD_2014J
group3,M,South Region,A Level or Equivalent,40-50%,0-35,60,-39.0,0.0,1.0,2.2661290322580645,2.2127085670570152,5.096,0.834916925941989,3.0,2.680680233005777,4.534090909090909,0.7352163538992522,2.727272727272727,2.088431588412111,6.786516853932584,0.7953432842936805,77.66666666666667,84.0,84.5,DDD_2014J
group1,M,Scotland,HE Qualification,0-10%,35-55,60,-99.0,0.0,1.0,2.319327731092437,2.1429141140411283,5.675,0.7583108972906026,4.56140350877193,3.6499390594699817,3.8448275862068964,0.9275142761217534,2.723404255319149,2.5543732489664586,3.905263157894737,1.0639698680111884,93.33333333333333,75.0,84.5,DDD_2014J
group3,M,North Western Region,HE Qualification,50-60%,0-35,60,-65.0,0.16666666666666666,1.0,2.594059405940594,2.818432961139158,4.294117647058823,0.8463270460900542,3.6323529411764706,4.149822552454128,5.840579710144928,1.1478565959845735,4.344262295081967,5.615114263906061,4.935483870967742,0.8815779700076365,85.0,84.0,90.5,DDD_2014J
group1,M,South East Region,Lower Than A Level,60-70%,35-55,60,-95.0,0.16666666666666666,1.0,12.428571428571429,13.691498926601968,4.681818181818182,0.8792172115470624,17.75,17.051392904979934,3.3846153846153846,0.6610472532840449,60.0,109.43491216243564,7.2,0.6994265728896764,89.33333333333333,69.0,77.5,DDD_2014J
group3,M,North Western Region,A Level or Equivalent,60-70%,35-55,60,-30.0,0.0,1.0,2.3275862068965516,3.567427186591786,6.102564102564102,1.1307127860609982,4.576271186440678,5.902084347866259,5.466666666666667,1.2304992868520834,1.8357142857142856,2.990658632219783,15.0,0.6775006215484836,85.0,90.0,90.5,DDD_2014J
group1,M,North Western Region,Lower Than A Level,40-50%,35-55,60,-39.0,0.16666666666666666,1.0,3.356164383561644,2.9644648337230306,6.243243243243243,1.563130272424872,4.88,5.2241198848637245,2.9019607843137254,0.9461872279154218,14.411764705882353,29.968856383605573,1.5,0.7777777777777778,71.0,42.0,71.0,DDD_2014J
group3,F,Ireland,Lower Than A Level,40-50%,0-35,120,-32.0,0.0,1.0,2.2195121951219514,2.7714486516889356,5.080645161290323,1.0028681468818492,4.714285714285714,8.717201981691739,2.5789473684210527,0.930009352388265,4.078125,8.351988048667177,5.2153846153846155,0.7884112024975274,81.33333333333333,79.0,74.0,DDD_2014J
group1,M,North Western Region,A Level or Equivalent,10-20,35-55,60,-56.0,0.0,1.0,4.0,7.275529763071094,4.741935483870968,1.1704436985908824,4.081632653061225,6.386302838542676,5.76,1.041412005908028,9.2,6.906518659932803,4.833333333333333,0.9661328086980622,76.66666666666667,54.0,58.0,DDD_2014J
group1,F,South Region,Lower Than A Level,80-90%,0-35,150,-121.0,0.3333333333333333,1.0,6.0,7.38319902934878,4.377777777777778,0.871205602149236,10.5,10.689336029983565,5.695652173913044,0.7686837175678842,11.521739130434783,15.005664279674804,5.916666666666667,0.672378493649578,77.0,11.0,39.0,DDD_2014J
group1,M,Scotland,A Level or Equivalent,50-60%,35-55,60,-50.0,0.3333333333333333,1.0,5.235294117647059,5.089551002963297,5.096153846153846,0.7109077425663096,8.25,10.779311127669372,3.242424242424242,1.0924590053235481,7.055555555555555,7.94245174253767,9.972972972972974,0.4898331815086851,74.33333333333333,23.0,36.5,DDD_2014J
group1,F,East Anglian Region,Lower Than A Level,60-70%,35-55,90,-136.0,0.3333333333333333,1.0,2.4051724137931036,2.2726290015553885,5.042735042735043,1.0096290216091728,3.473684210526316,4.731380867387523,6.116883116883117,1.0396331930905867,6.3023255813953485,7.294926102700002,7.5,1.2641122568742849,71.66666666666667,65.0,62.5,DDD_2014J
group1,M,East Anglian Region,Lower Than A Level,80-90%,35-55,60,-51.0,0.16666666666666666,1.0,5.681818181818182,6.967608535958331,3.888888888888889,1.2541522870782773,11.7,13.405026551339063,4.9523809523809526,1.0473268310915462,18.11111111111111,12.946470990625635,7.2,0.760218454633556,69.33333333333333,52.0,71.0,DDD_2014J
group1,F,South Region,A Level or Equivalent,80-90%,0-35,60,-154.0,0.0,1.0,4.649122807017544,4.715064111328163,6.931034482758621,0.7874539105849385,7.361111111111111,8.915965704535008,5.27027027027027,1.3680105962502598,8.0,9.892758294159757,9.875,0.8092360611860562,97.66666666666667,81.0,85.5,DDD_2014J
group1,F,East Midlands Region,HE Qualification,30-40%,35-55,60,-149.0,0.0,1.0,2.8152173913043477,3.4223870206706115,3.6666666666666665,0.9815683401025399,6.945945945945946,8.04827775208925,5.026315789473684,1.2808405897809731,4.588235294117647,8.59575818782319,12.442307692307692,1.2597225499099922,70.0,23.0,73.0,DDD_2014J
group1,M,Scotland,A Level or Equivalent,80-90%,0-35,60,-51.0,0.16666666666666666,1.0,4.132352941176471,6.906420140503718,3.4782608695652173,0.6541533968930121,4.52,5.315514450883472,3.0784313725490198,0.6618076539037215,33.5,4.949747468305833,2.6666666666666665,0.8838834764831844,50.0,42.0,67.0,DDD_2014J
group1,M,South Region,HE Qualification,40-50%,0-35,60,-96.0,0.5,1.0,5.541666666666667,6.080867565948951,4.061224489795919,1.5710732011136506,9.84,17.196608192702808,8.884615384615385,0.9638525951180092,22.25,41.16936563352254,2.2,0.5300865358950272,84.66666666666667,47.0,60.5,DDD_2014J
group1,F,East Anglian Region,Lower Than A Level,70-80%,35-55,60,-18.0,0.0,1.0,4.292307692307692,6.855023424748172,4.924242424242424,0.8668681301268296,5.947368421052632,5.25535694995195,3.3846153846153846,1.0780492023301294,9.75,18.59833724148877,8.172413793103448,0.8186741412831203,81.66666666666667,67.0,86.0,DDD_2014J
group1,F,East Midlands Region,Lower Than A Level,80-90%,0-35,60,-59.0,0.0,1.0,3.0549450549450547,3.2433269522466768,6.913043478260869,0.9768289767852238,4.491525423728813,4.26846044019561,4.216666666666667,1.1174731630136687,8.096774193548388,9.249702116679856,5.875,1.0040659756593122,66.66666666666667,50.0,61.5,DDD_2014J
group1,M,Scotland,HE Qualification,50-60%,0-35,60,-8.0,0.0,1.0,6.527777777777778,7.462232952335422,3.7027027027027026,0.8787666391690508,9.45,12.360697476488257,14.095238095238095,0.5295116415381917,12.0,9.591663046625438,11.88888888888889,0.5038068026894786,62.666666666666664,16.0,34.5,DDD_2014J
group1,M,East Midlands Region,Lower Than A Level,20-30%,0-35,60,-30.0,0.0,1.0,2.7403846153846154,2.7483276196632263,4.6,1.2218934791945468,3.1645569620253164,3.119131945922247,6.3875,0.8718391787049916,16.2,15.381807436059,4.9375,0.8666033937601388,76.0,72.0,59.0,DDD_2014J
group1,F,East Anglian Region,A Level or Equivalent,50-60%,0-35,60,-51.0,0.0,1.0,2.206611570247934,1.7122955127153179,4.967213114754099,0.9421387351144133,2.8241758241758244,2.9272414264529614,5.086956521739131,1.1861110918645594,3.638888888888889,2.903642954981836,6.123287671232877,0.7866771969916979,73.33333333333333,73.0,72.5,DDD_2014J
group1,M,East Anglian Region,Lower Than A Level,70-80%,0-35,60,-35.0,0.0,1.0,2.7244897959183674,2.482020345351779,3.8383838383838382,1.049125740769236,3.436619718309859,4.308570841494552,2.7222222222222223,0.7676833826042461,4.823529411764706,4.563796149491961,7.1923076923076925,1.0475961761534565,75.0,59.0,77.5,DDD_2014J
group1,F,Scotland,HE Qualification,50-60%,35-55,60,-58.0,0.3333333333333333,1.0,4.581818181818182,3.842698266365701,6.357142857142857,0.927017363250935,10.956521739130435,9.942920098193055,4.625,0.803722772241115,5.590909090909091,5.499759748740751,12.4,0.821613740530636,83.33333333333333,69.0,80.0,DDD_2014J
group1,F,Yorkshire Region,Lower Than A Level,40-50%,0-35,60,-136.0,0.3333333333333333,1.0,4.467741935483871,5.629890200529301,4.222222222222222,0.9354936650288244,5.520833333333333,7.22286435588722,5.673469387755102,0.8422183892099726,38.666666666666664,43.003875794320365,1.0,0.0,84.33333333333333,68.0,78.5,DDD_2014J
group1,M,Ireland,Lower Than A Level,50-60%,35-55,60,-22.0,0.16666666666666666,1.0,3.4358974358974357,3.176986007718652,5.9113924050632916,0.8944036087736317,4.666666666666667,3.9189910137735366,3.3636363636363638,1.0880854175209627,8.785714285714286,8.795441339682073,7.724137931034483,0.9639756445924071,83.33333333333333,84.0,82.0,DDD_2014J
group3,M,South West Region,A Level or Equivalent,20-30%,0-35,60,-86.0,0.0,1.0,2.392156862745098,2.40526181751468,4.611650485436893,0.8774326690080895,4.381818181818182,5.532700462773528,3.642857142857143,0.8258603799471642,4.298245614035087,5.088379310745717,12.672413793103448,1.044455865942948,95.0,93.0,97.0,DDD_2014J
group1,M,Yorkshire Region,A Level or Equivalent,90-100%,0-35,120,-143.0,0.0,1.0,7.297297297297297,7.655299053832163,4.315789473684211,0.868768710291159,11.045454545454545,13.396791629865188,3.130434782608696,0.8009928252942341,17.714285714285715,45.17390085747874,9.4,0.664702100077162,86.66666666666667,26.0,69.0,DDD_2014J
group3,M,Yorkshire Region,A Level or Equivalent,30-40%,0-35,60,-107.0,0.0,1.0,1.962962962962963,1.8463655602832578,5.036764705882353,1.0173318221913001,3.4027777777777777,3.6372862590403088,5.219178082191781,0.9457199549638946,2.869565217391304,2.8136925459176774,6.333333333333333,1.2145426838268303,89.33333333333333,85.0,86.5,DDD_2014J
group1,M,London Region,A Level or Equivalent,80-90%,35-55,60,-32.0,0.0,1.0,2.2698412698412698,1.8821804309372614,2.173228346456693,1.2783438469239343,5.088888888888889,8.13751755261959,5.239130434782608,1.0187292409513828,6.357142857142857,12.43288603069556,4.209302325581396,0.7054104182999322,73.33333333333333,57.0,54.5,DDD_2014J
group1,F,East Anglian Region,A Level or Equivalent,80-90%,0-35,90,-93.0,0.0,1.0,1.75,1.7100273531107908,6.426751592356688,1.0499371803573583,3.1645569620253164,4.083834233265432,4.8625,1.006317565084979,1.6363636363636365,1.3806230563651627,5.658064516129032,0.937460969648929,76.66666666666667,35.0,63.5,DDD_2014J
group1,F,South Region,A Level or Equivalent,50-60%,0-35,60,-32.0,0.0,1.0,11.434782608695652,13.92782070976361,4.5,0.9296222517045284,13.6875,16.608105450853408,5.588235294117647,0.6612336326121857,35.57142857142857,64.18166182240621,4.125,0.6232413273091859,71.0,40.0,20.5,DDD_2014J
group1,M,East Anglian Region,A Level or Equivalent,60-70%,0-35,90,-17.0,0.0,1.0,3.684931506849315,3.3244745296093496,4.297297297297297,1.5776889706258623,6.023809523809524,8.501041816320745,9.046511627906977,2.492006504315237,12.136363636363637,16.61122814342457,7.434782608695652,0.6947506250232619,77.66666666666667,50.0,65.5,DDD_2014J
group1,F,South Region,A Level or Equivalent,80-90%,0-35,60,-96.0,0.16666666666666666,1.0,1.9861111111111112,1.9178444744367116,6.544827586206897,0.8831165037334423,2.5157894736842104,2.4006344812682285,3.75,1.4727148022916348,2.5277777777777777,2.3340564077677604,10.53211009174312,0.7961129221548661,73.33333333333333,73.0,73.0,DDD_2014J
group1,F,West Midlands Region,A Level or Equivalent,50-60%,0-35,60,-43.0,0.16666666666666666,1.0,3.95,3.7345160555942885,7.213114754098361,0.8641864276984347,4.836734693877551,4.696394622365075,4.5,0.9325393448158794,7.866666666666666,14.185308897085996,6.32258064516129,0.9900851670777984,82.66666666666667,66.0,72.5,DDD_2014J
group1,M,Scotland,A Level or Equivalent,70-80%,0-35,90,-80.0,0.3333333333333333,1.0,3.590909090909091,3.8828113237992614,5.477611940298507,1.0693356257582813,6.2368421052631575,6.819820915958629,3.41025641025641,0.9616420840244949,14.8125,18.46155916131318,5.352941176470588,0.7498339388673398,73.33333333333333,60.0,69.5,DDD_2014J
group1,M,South East Region,A Level or Equivalent,80-90%,0-35,90,-149.0,0.0,1.0,6.846153846153846,7.909150135788632,5.1,1.6439045426449554,14.833333333333334,17.256712249065835,4.526315789473684,0.8847912734765954,21.444444444444443,42.520909888874414,5.3,0.9321976850592926,66.66666666666667,62.0,47.5,DDD_2014J
group1,M,South East Region,Lower Than A Level,10-20,0-35,90,-154.0,0.0,1.0,3.1058823529411765,4.320558631792456,4.709302325581396,1.1258961442888205,10.52,11.000454536063499,2.8461538461538463,0.7206644122147775,3.918032786885246,12.327875029064842,4.774193548387097,0.9024255117385971,57.666666666666664,43.0,42.0,DDD_2014J
group1,M,South West Region,HE Qualification,20-30%,0-35,60,-93.0,0.16666666666666666,1.0,6.534883720930233,6.127023814176878,3.8863636363636362,0.8900231298357122,8.423076923076923,7.91541825514269,4.851851851851852,0.8612094519798751,14.555555555555555,18.608101405261547,14.421052631578947,0.6012932942078532,96.0,95.0,84.5,DDD_2014J
group3,M,Scotland,Post Graduate Qualification,60-70%,35-55,60,-117.0,0.0,1.0,4.0,4.20987849267374,5.880597014925373,1.336891440621608,7.833333333333333,8.20463844139539,4.903225806451613,1.474653111939895,4.84,9.401172310745428,8.96078431372549,1.4335727189059448,90.0,56.0,86.5,DDD_2014J
group3,F,South East Region,HE Qualification,90-100%,35-55,120,-60.0,0.0,1.0,3.3974358974358974,2.9336371804003143,4.632911392405063,1.0327001438116374,7.757575757575758,6.680336364240497,6.9411764705882355,0.8797655141877501,8.166666666666666,14.474908929100282,7.483870967741935,1.3668347440704374,81.66666666666667,75.0,79.5,DDD_2014J
group3,F,Scotland,Post Graduate Qualification,60-70%,35-55,60,-15.0,0.3333333333333333,1.0,1.06640625,0.33060309566418916,18.404669260700388,0.7574525032075348,1.4457142857142857,1.248526224790712,5.6875,1.2040639560295667,1.0963855421686748,0.4565241531077774,31.96,0.7094107573947254,86.0,62.0,80.5,DDD_2014J
group1,F,South Region,HE Qualification,60-70%,0-35,120,-122.0,0.16666666666666666,1.0,2.3421052631578947,2.1111962274846707,5.121739130434783,1.0719300023391825,7.081081081081081,10.02601720629987,3.3157894736842106,0.8101460415984029,3.6470588235294117,4.325435724345395,11.782608695652174,0.7337763093065893,83.33333333333333,36.0,65.0,DDD_2014J
group3,F,South West Region,Lower Than A Level,90-100%,0-35,120,-161.0,0.0,1.0,1.3364928909952607,1.0073751954823142,6.047169811320755,0.9724721282638885,2.933333333333333,2.9520512769213596,4.6923076923076925,0.8096340853090925,1.431578947368421,1.178759383509004,8.680628272251308,0.8196615779534333,88.33333333333333,88.0,84.5,DDD_2014J
group3,M,Scotland,HE Qualification,90-100%,35-55,100,-57.0,0.0,1.0,1.7530864197530864,1.3923559211346714,5.564417177914111,1.0410775966560986,5.150943396226415,6.789120897025381,3.2222222222222223,0.9070997543424764,2.3508771929824563,2.394619544634603,10.165217391304347,0.7531125325785654,92.66666666666667,89.0,95.5,DDD_2014J
group1,F,West Midlands Region,A Level or Equivalent,0-10%,0-35,60,-65.0,0.5,1.0,2.8969072164948453,2.612009667232917,5.755102040816326,0.7699283071226484,3.6515151515151514,3.5712201071360816,7.014925373134329,0.7975119753567861,15.384615384615385,17.34713454502146,2.2857142857142856,0.8970437559004577,61.0,50.0,34.0,DDD_2014J
group1,M,Wales,A Level or Equivalent,90-100%,0-35,60,-50.0,0.0,1.0,4.3538461538461535,5.715742431081158,3.621212121212121,1.0864248579661608,5.096153846153846,7.007725751708709,6.264150943396227,0.6935302283783695,6.090909090909091,9.402667067994237,6.533333333333333,0.7298593772345987,71.0,81.0,83.0,DDD_2014J
group1,M,East Midlands Region,A Level or Equivalent,30-40%,0-35,120,-51.0,0.0,1.0,3.231707317073171,3.1867735162925106,2.602409638554217,0.8518266904496562,6.0,8.324801834361905,5.4222222222222225,1.2074802689231627,78.33333333333333,78.90711839456142,6.25,1.1832159566199232,80.0,42.0,74.5,DDD_2014J
group3,F,South Region,Lower Than A Level,90-100%,35-55,60,-162.0,0.0,1.0,1.7763975155279503,1.4873430811328596,6.135802469135802,0.917932937033597,3.0759493670886076,2.9034557301413466,9.625,2.432720949765904,2.7916666666666665,3.4516713470026796,7.278350515463917,0.922138743948952,92.66666666666667,79.0,79.5,DDD_2014J
group3,M,East Anglian Region,A Level or Equivalent,30-40%,0-35,60,-32.0,0.0,1.0,3.76056338028169,3.9909354031798263,3.3194444444444446,0.9132368288543136,4.625,4.796068465657337,4.2105263157894735,0.5964303535758947,10.681818181818182,11.10292266814877,3.1739130434782608,0.6413534197654589,87.66666666666667,73.0,81.0,DDD_2014J
group1,M,North Western Region,A Level or Equivalent,40-50%,0-35,120,-91.0,0.0,1.0,4.58,6.128188466223198,3.0392156862745097,0.8716604175105891,8.461538461538462,13.300318099145656,7.2592592592592595,0.719803758716261,7.666666666666667,17.97485015501487,10.6875,0.722287328078558,80.0,77.0,70.0,DDD_2014J
group3,F,East Anglian Region,Lower Than A Level,50-60%,35-55,60,-35.0,0.0,1.0,1.2412280701754386,0.7675478895370785,7.323144104803493,0.8822986372931708,2.15625,1.8631845568577974,4.945736434108527,1.2373017322764936,1.1176470588235294,0.6048533746824356,22.251046025104603,0.6660918896270128,86.0,71.0,79.0,DDD_2014J
group3,M,London Region,HE Qualification,30-40%,55<=,60,-91.0,0.0,1.0,1.5052631578947369,0.9745294261022506,5.5863874345549736,0.9792886150363637,2.8316831683168315,2.6041094713191035,4.823529411764706,1.2642015002656204,1.9357142857142857,1.6586842071578984,14.397163120567376,0.9187470775895241,72.66666666666667,70.0,81.0,DDD_2014J
group3,M,London Region,Lower Than A Level,60-70%,0-35,60,-142.0,0.0,1.0,1.7044025157232705,1.0406513242810047,3.5125,1.1939435484114622,4.5,5.30180072325346,3.175438596491228,1.1546300438408232,3.563380281690141,3.879368116316284,6.472222222222222,0.9933281456554421,76.0,76.0,70.5,DDD_2014J
group3,M,East Anglian Region,A Level or Equivalent,30-40%,35-55,120,-149.0,0.0,1.0,1.153225806451613,0.4596135472031112,9.55421686746988,0.8536533018151559,4.125,4.409585518440984,5.030769230769231,1.4710592696040077,1.1929824561403508,0.6208874277425356,26.131004366812228,0.6973537188463635,80.0,49.0,59.5,DDD_2014J
group3,F,Yorkshire Region,A Level or Equivalent,10-20,35-55,60,-115.0,0.0,1.0,2.977272727272727,2.9979965445421595,5.584269662921348,0.8722606685472375,3.591549295774648,4.291444860878884,3.388888888888889,0.8426293295669768,7.352941176470588,11.2408409933981,7.257142857142857,1.3185391450734234,81.66666666666667,78.0,83.5,DDD_2014J
group3,M,East Midlands Region,HE Qualification,80-90%,0-35,90,-135.0,0.0,1.0,3.5,3.805983085403404,4.323943661971831,1.0326503531698796,4.72,6.243494573537797,4.8431372549019605,0.9960172454463693,15.333333333333334,17.70660355697302,6.1875,1.4759577156718204,95.0,79.0,83.5,DDD_2014J
group1,M,Wales,A Level or Equivalent,30-40%,0-35,60,-57.0,0.0,1.0,3.6103896103896105,3.1041391897536292,4.0256410256410255,0.8530990582367494,6.309523809523809,6.49760967395157,3.2325581395348837,0.6699537684502339,6.421052631578948,5.763968128967201,4.666666666666667,0.6641764059895198,84.33333333333333,84.0,91.0,DDD_2014J
group3,F,North Western Region,A Level or Equivalent,40-50%,0-35,60,-144.0,0.16666666666666666,1.0,5.32,5.797395615133347,4.352941176470588,0.9839842385620288,7.032258064516129,7.696249610330744,5.8125,0.9229164488998457,12.736842105263158,13.698508050405254,4.3,1.3622032228472065,71.66666666666667,67.0,84.5,DDD_2014J
group3,F,Yorkshire Region,Lower Than A Level,50-60%,0-35,60,-65.0,0.16666666666666666,1.0,5.9772727272727275,7.235213104537841,3.6222222222222222,1.3186045862486537,13.842105263157896,13.87749240034515,3.6,1.1928283640879938,9.64,10.73110742964894,11.807692307692308,0.7596842644457562,91.0,79.0,84.5,DDD_2014J
group1,F,South West Region,Lower Than A Level,40-50%,0-35,120,-37.0,0.16666666666666666,1.0,3.329113924050633,4.28988529817177,4.95,0.9917011013305195,4.311475409836065,5.097518950779086,5.483870967741935,1.3871132055397277,7.029411764705882,11.36311228738038,5.057142857142857,0.811791865412071,66.66666666666667,55.0,53.0,DDD_2014J
group1,F,Scotland,A Level or Equivalent,50-60%,0-35,60,-39.0,0.0,1.0,4.732142857142857,7.002573738350704,6.43859649122807,0.7468525179444097,5.866666666666666,8.81269745104394,12.826086956521738,0.6932265550257961,6.611111111111111,10.629548512862696,9.486486486486486,0.6938945152533742,87.66666666666667,81.0,75.5,DDD_2014J
group1,F,North Western Region,Lower Than A Level,0-10%,0-35,60,-53.0,0.6666666666666666,1.0,8.678571428571429,8.232967024818333,4.9655172413793105,1.012460942700422,12.789473684210526,10.982708365468678,8.95,0.9059757778820156,20.333333333333332,27.227437142216182,6.384615384615385,1.2613255256195084,43.333333333333336,39.0,37.5,DDD_2014J
group1,M,North Region,A Level or Equivalent,10-20,0-35,60,-144.0,0.0,1.0,4.735849056603773,6.478220741590852,4.5,1.1117282236891581,8.869565217391305,11.254511611818318,8.541666666666666,0.9648060344528311,8.517241379310345,13.154631692881766,11.166666666666666,0.7889016307659484,73.33333333333333,70.0,63.0,DDD_2014J
group1,F,Scotland,A Level or Equivalent,80-90%,0-35,90,-31.0,0.5,1.0,3.259259259259259,2.8494638871978086,3.1097560975609757,0.7828712225001242,8.064516129032258,8.617561464323758,8.25,1.196106324605488,4.98,6.79582705092783,4.176470588235294,0.8866902871974532,70.0,54.0,46.5,DDD_2014J
group1,M,North Western Region,A Level or Equivalent,0-10%,0-35,60,-130.0,0.0,1.0,7.4375,7.361352873557432,4.2727272727272725,0.9205662830971887,11.8,11.41836009978758,5.238095238095238,0.8454056681863761,21.454545454545453,23.92222245680211,8.083333333333334,0.9733946153880484,65.0,45.0,40.0,DDD_2014J
group3,M,Scotland,HE Qualification,40-50%,35-55,60,-116.0,0.0,1.0,4.47457627118644,7.474914212870409,3.7333333333333334,0.877365606895589,5.076923076923077,8.295631153158928,7.6415094339622645,0.853828445757303,13.941176470588236,38.39021781039294,3.2777777777777777,0.7319600976843793,76.0,73.0,82.5,DDD_2014J
group1,M,West Midlands Region,A Level or Equivalent,40-50%,0-35,60,-45.0,0.0,1.0,1.8026315789473684,2.0588670249146577,5.882352941176471,0.8298594258467313,2.152542372881356,2.6234547544443267,2.8739495798319328,0.8063710436977652,5.183673469387755,6.888013348648248,4.74,0.8277035706555385,87.66666666666667,87.0,77.5,DDD_2014J
group1,M,Wales,A Level or Equivalent,20-30%,35-55,60,-30.0,0.0,1.0,2.0575539568345325,2.3367566528580297,7.671428571428572,1.0959961134480085,3.2195121951219514,3.6852203654360687,5.590361445783133,1.188834987134446,4.566666666666666,6.899684754937295,9.459016393442623,1.5932894548609478,71.66666666666667,44.0,60.5,DDD_2014J
group3,M,Yorkshire Region,Lower Than A Level,60-70%,0-35,60,-67.0,0.0,1.0,2.319327731092437,1.9307185503059885,3.191666666666667,1.0742181995445512,4.568965517241379,5.106281198974515,3.559322033898305,2.237639264595179,8.533333333333333,12.361601651982594,4.258064516129032,0.9278988775213698,76.66666666666667,74.0,80.5,DDD_2014J
group3,F,West Midlands Region,Lower Than A Level,80-90%,0-35,120,-137.0,0.0,1.0,1.598802395209581,1.7666927792855696,6.029761904761905,0.901386028277678,2.6458333333333335,3.7668335625189626,6.484536082474227,0.8530682196690326,1.8897058823529411,3.2218531454167505,8.386861313868613,1.1435852496902794,83.33333333333333,94.0,85.5,DDD_2014J
group1,F,South West Region,Lower Than A Level,50-60%,0-35,90,-39.0,0.16666666666666666,1.0,6.333333333333333,6.08511063404532,3.810810810810811,1.4448255079604932,6.806451612903226,8.878510966893453,6.78125,0.819175463614316,105.5,139.30003589374985,4.333333333333333,0.6617173282340483,72.66666666666667,44.0,56.5,DDD_2014J
group1,M,South West Region,Lower Than A Level,90-100%,0-35,60,-120.0,0.16666666666666666,1.0,1.7124183006535947,1.4033475139558416,3.909090909090909,0.7035192601878815,2.739130434782609,3.3277704816294356,10.064516129032258,0.8891482404353106,11.777777777777779,13.103908512373458,3.1578947368421053,0.9486832980505139,81.66666666666667,68.0,62.0,DDD_2014J
group3,F,London Region,HE Qualification,20-30%,35-55,60,-35.0,0.0,1.0,4.453125,4.542321927391703,8.446153846153846,1.1810584889339022,7.3076923076923075,7.108756076520391,5.5,0.9586491873792049,6.232558139534884,10.232621060915976,13.545454545454545,1.1513050663072313,92.66666666666667,59.0,80.0,DDD_2014J
group3,M,South East Region,Lower Than A Level,50-60%,0-35,60,-39.0,0.16666666666666666,1.0,3.7916666666666665,4.5561829217999374,4.342465753424658,1.594187064175841,10.12,14.56399670420177,4.153846153846154,1.4593250596181884,5.739130434782608,6.958399505022515,7.276595744680851,0.8667112551764437,57.333333333333336,68.0,74.5,DDD_2014J
group1,M,East Midlands Region,Lower Than A Level,50-60%,0-35,120,-39.0,0.16666666666666666,1.0,5.695652173913044,6.348646628192644,2.9361702127659575,0.7314893468576749,6.685714285714286,7.2346040526292335,5.444444444444445,0.8184920257206316,16.53846153846154,19.998397371687,2.0714285714285716,1.0711879011730392,66.0,68.0,59.0,DDD_2014J
group1,M,Scotland,A Level or Equivalent,0-10%,0-35,60,-49.0,0.0,1.0,3.202247191011236,3.184407234981458,5.977777777777778,1.1530697272431203,3.943661971830986,4.650306668669933,8.527777777777779,0.8859635461506,6.484848484848484,14.701448083694874,8.176470588235293,1.2174226475633112,76.66666666666667,91.0,74.5,DDD_2014J
group1,F,South East Region,Lower Than A Level,40-50%,0-35,120,-72.0,0.16666666666666666,1.0,4.491525423728813,4.527208477470462,3.05,0.8173190267403706,8.030303030303031,8.875826892763458,3.823529411764706,1.0335210111426727,16.866666666666667,28.281409003762437,7.6875,0.8625169494771504,71.66666666666667,77.0,11.5,DDD_2014J
group3,M,East Midlands Region,A Level or Equivalent,20-30%,0-35,90,-16.0,0.3333333333333333,1.0,3.160919540229885,3.470384883213531,3.409090909090909,0.9874771446018946,6.631578947368421,8.492989327075307,5.3076923076923075,0.8085692419339302,14.11111111111111,13.127828048883247,4.368421052631579,1.1244262742477202,70.0,70.0,68.0,DDD_2014J
group3,F,East Midlands Region,A Level or Equivalent,60-70%,0-35,90,-162.0,0.0,1.0,1.1124031007751938,0.4125478869858572,10.142857142857142,0.7880591503744632,1.709090909090909,1.4399279361125472,4.018072289156627,1.0846421102743948,1.1188524590163935,0.5032948177910512,17.681632653061225,0.6676854859345892,93.33333333333333,90.0,90.5,DDD_2014J
group1,F,London Region,A Level or Equivalent,30-40%,0-35,120,-48.0,0.3333333333333333,1.0,2.8131868131868134,2.5944902642676713,5.771739130434782,1.0576278563799533,5.674418604651163,5.906900445091068,3.909090909090909,0.9979698158662942,4.473684210526316,6.003288572458476,5.982758620689655,1.0098181738462042,59.333333333333336,37.0,56.5,DDD_2014J
group1,F,South East Region,A Level or Equivalent,30-40%,0-35,60,-37.0,0.6666666666666666,1.0,3.493333333333333,3.0106717097923754,4.2105263157894735,1.278579534092424,5.354166666666667,5.807147405818781,5.938775510204081,1.117668208842136,8.777777777777779,14.53201593652743,6.571428571428571,1.065550081143693,66.0,48.0,60.5,DDD_2014J
group1,F,East Anglian Region,A Level or Equivalent,60-70%,0-35,60,-31.0,0.0,1.0,1.5903614457831325,1.4273191193861203,4.173652694610778,0.9544330077268824,2.2710280373831777,2.7594437963553857,4.37037037037037,0.901158722952226,3.696969696969697,4.132310573515824,4.298507462686567,1.1670179695951666,74.33333333333333,75.0,69.0,DDD_2014J
group1,M,Yorkshire Region,A Level or Equivalent,90-100%,0-35,120,-128.0,0.0,1.0,1.3666666666666667,0.9402398825207403,5.270142180094787,1.0361367024111905,5.16,6.1257569294890954,4.019607843137255,1.4734452982706334,1.3850267379679144,1.1365815442844915,7.792553191489362,1.1066467510676532,76.66666666666667,92.0,68.0,DDD_2014J
group3,F,London Region,A Level or Equivalent,20-30%,0-35,90,-115.0,0.0,1.0,2.509433962264151,2.6267680051234716,6.196261682242991,0.758401278028717,3.4657534246575343,4.10988710233161,3.5,0.8561770620675319,4.862745098039215,5.681618106994299,4.980769230769231,0.6802711895562826,86.66666666666667,89.0,92.0,DDD_2014J
group3,M,West Midlands Region,HE Qualification,20-30%,35-55,60,-103.0,0.16666666666666666,1.0,2.16260162601626,1.6858815067351067,4.217741935483871,0.9205086171619575,4.125,3.897496143741029,4.0,1.2380195102228024,5.733333333333333,9.939361603790712,3.630434782608696,1.0247921756098757,86.0,93.0,90.5,DDD_2014J
group1,F,Ireland,A Level or Equivalent,50-60%,0-35,60,-67.0,0.0,1.0,4.030769230769231,4.326405952004325,5.242424242424242,1.2295301793340199,6.588235294117647,9.626723055715473,7.257142857142857,1.127827355577567,18.76923076923077,20.363995376455666,3.7857142857142856,1.2516987389148668,71.0,82.0,65.0,DDD_2014J
group3,M,South West Region,HE Qualification,60-70%,0-35,90,-128.0,0.16666666666666666,1.0,8.233333333333333,11.518151591811684,3.193548387096774,0.6998185081086373,13.4,13.621411716223,3.1875,0.5109338910115836,7.1875,12.324602765741918,5.470588235294118,0.8391231404355556,80.0,80.0,82.0,DDD_2014J
group1,F,London Region,Lower Than A Level,70-80%,35-55,60,-127.0,0.0,1.0,3.7083333333333335,4.736545065227352,5.493150684931507,1.263446098151819,6.282051282051282,7.366169889393416,5.325,0.8391944909225425,15.470588235294118,16.302291430420233,5.222222222222222,0.8926032750384268,71.0,71.0,75.5,DDD_2014J
group1,F,North Region,A Level or Equivalent,80-90%,35-55,60,-31.0,0.0,1.0,4.459016393442623,5.439282337747029,7.274193548387097,1.092595545358545,5.190476190476191,6.8582800063689975,7.837209302325581,0.8848403970947498,10.083333333333334,11.545436390595004,9.88,1.3110534510970044,82.66666666666667,68.0,69.0,DDD_2014J
group1,M,Yorkshire Region,A Level or Equivalent,0-10%,0-35,60,-130.0,0.0,1.0,4.836363636363636,7.5981567851674745,4.589285714285714,1.1499025550387185,8.0,11.110243021644486,3.4705882352941178,0.8275630925921154,7.264705882352941,14.940911544804129,8.771428571428572,0.9527116550738232,60.0,12.0,59.5,DDD_2014J
group3,F,Scotland,A Level or Equivalent,20-30%,0-35,85,-64.0,0.5,1.0,3.2875,2.9604727214040016,5.62962962962963,1.0050082344172795,5.479166666666667,5.790636548014879,3.5510204081632653,0.8648231864816864,8.133333333333333,9.27634490047905,4.516129032258065,0.6384771422881871,89.33333333333333,72.0,85.0,DDD_2014J
group1,M,London Region,Lower Than A Level,70-80%,35-55,60,-95.0,0.3333333333333333,1.0,5.0,4.849742261192857,5.134615384615385,0.8941432814566077,6.046511627906977,5.450877991192022,6.818181818181818,1.5058995097061865,7.375,10.244589445323118,10.090909090909092,1.0463127859879173,65.0,82.0,60.5,DDD_2014J
group1,F,South West Region,A Level or Equivalent,50-60%,0-35,120,-31.0,0.3333333333333333,1.0,1.8543046357615893,1.5117202165893773,4.881578947368421,1.0867548821213036,4.1,5.661945524167825,6.557377049180328,1.0883760838974734,4.190476190476191,6.681358618978008,8.0625,1.7358630013204972,71.66666666666667,47.0,60.5,DDD_2014J
group3,F,South East Region,A Level or Equivalent,30-40%,35-55,60,-122.0,0.0,1.0,2.0142857142857142,2.510369041303581,7.439716312056738,1.0403478387828275,4.147058823529412,4.194042348423385,5.492753623188406,2.0258010921493748,2.0074074074074075,2.517094677671587,17.419117647058822,0.6116676729270959,92.66666666666667,93.0,97.0,DDD_2014J
group1,F,East Midlands Region,A Level or Equivalent,20-30%,0-35,120,-154.0,0.16666666666666666,1.0,3.119565217391304,3.0592766196047703,3.010752688172043,1.2142752100385996,8.833333333333334,10.514631294742,2.870967741935484,0.939395728812516,8.129032258064516,16.54638316064646,5.96875,0.8547831966084345,84.33333333333333,17.0,48.0,DDD_2014J
group3,F,South West Region,A Level or Equivalent,80-90%,0-35,90,-50.0,0.16666666666666666,1.0,3.6805555555555554,5.973713283313514,5.5479452054794525,0.8348600555182613,6.0227272727272725,8.533078280851868,4.822222222222222,1.4981282608680724,9.73076923076923,26.5654778873751,8.333333333333334,0.933523790091429,84.33333333333333,75.0,74.0,DDD_2014J
group1,F,North Region,HE Qualification,30-40%,0-35,60,-43.0,0.16666666666666666,1.0,3.4358974358974357,5.1763441534097,3.962025316455696,0.8155792999234072,7.121212121212121,9.479443469151999,6.323529411764706,0.7950767928597072,5.54054054054054,8.35528639908955,4.631578947368421,0.8894178149704314,81.0,56.0,59.5,DDD_2014J
group3,M,South West Region,Lower Than A Level,30-40%,0-35,60,-28.0,0.0,1.0,3.276315789473684,2.9010282508587704,3.168831168831169,0.9188557493981829,4.686274509803922,4.53206441295104,9.0,1.4730887628801723,13.277777777777779,13.033014890046854,2.6315789473684212,0.7315736463268753,81.66666666666667,77.0,77.0,DDD_2014J
group1,M,Ireland,Lower Than A Level,60-70%,0-35,90,-91.0,0.16666666666666666,1.0,2.8137254901960786,2.2370878885122005,4.58252427184466,1.2320129302831797,5.4772727272727275,4.863191775929822,4.4222222222222225,1.1083107954780773,5.787234042553192,4.947270526403889,7.875,1.340024781380566,73.33333333333333,55.0,63.5,DDD_2014J
group3,F,East Midlands Region,Lower Than A Level,60-70%,0-35,60,-39.0,0.16666666666666666,1.0,4.301587301587301,4.441864330453907,5.8125,1.0353336797474861,8.32258064516129,7.726090416134125,4.65625,0.8600822362354071,7.575757575757576,8.685585411438536,10.382352941176471,0.9044461151671522,87.66666666666667,89.0,88.5,DDD_2014J
group1,M,South West Region,A Level or Equivalent,60-70%,0-35,60,-74.0,0.0,1.0,3.3214285714285716,2.8291116332500392,3.2,0.8585641227894261,4.446428571428571,4.950370575135646,6.017543859649122,1.2021776714304604,11.619047619047619,21.19782109198063,3.5,0.8251609164480558,66.66666666666667,50.0,32.0,DDD_2014J
group3,M,West Midlands Region,A Level or Equivalent,70-80%,0-35,60,-142.0,0.0,1.0,7.205882352941177,8.854991442135063,2.942857142857143,0.7353047079130673,8.448275862068966,9.919627754020064,6.766666666666667,0.6671376756700448,3.629032258064516,3.3741246392078605,5.365079365079365,1.1742916250657482,90.0,62.0,85.5,DDD_2014J
group1,F,East Anglian Region,Lower Than A Level,40-50%,0-35,150,-36.0,0.16666666666666666,1.0,4.576271186440678,4.694837185787385,3.783333333333333,0.9748630933655976,11.318181818181818,12.699405174058025,9.695652173913043,0.9590962787655497,15.882352941176471,21.20106823057855,4.277777777777778,0.6694298165641492,61.0,41.0,30.0,DDD_2014J
group3,M,East Anglian Region,Lower Than A Level,90-100%,0-35,150,-84.0,0.0,1.0,3.076923076923077,2.8799335224996243,4.369565217391305,1.5145720082286283,6.512820512820513,8.861126799180063,4.2,1.1321422312351181,15.933333333333334,21.54552212896044,3.0625,0.7784584131739042,76.66666666666667,79.0,62.0,DDD_2014J
group1,F,West Midlands Region,Lower Than A Level,40-50%,0-35,60,-74.0,0.0,1.0,4.907407407407407,6.417160126959467,6.545454545454546,1.253359682544145,7.571428571428571,8.395677158989807,3.8055555555555554,0.955145120092696,8.571428571428571,10.042238836363175,6.068965517241379,0.769125966318987,72.66666666666667,55.0,58.5,DDD_2014J
group1,F,South East Region,A Level or Equivalent,50-60%,0-35,60,-136.0,0.8,0.8333333333333334,6.1395348837209305,5.8169759585480145,2.25,1.2962000926302544,11.0,10.312508234515816,6.92,0.8184040311531696,50.6,101.4238630697924,3.0,0.6085806194501846,71.66666666666667,36.0,63.0,DDD_2014J
group1,M,Yorkshire Region,HE Qualification,40-50%,0-35,60,-136.0,0.0,1.0,2.3728813559322033,2.0910742757800156,5.453781512605042,1.1979510888533276,4.2063492063492065,3.984480903409685,2.625,0.8039020483873397,5.326530612244898,8.952159318431786,10.22,1.4272693312608458,77.66666666666667,64.0,74.0,DDD_2014J
group1,M,East Midlands Region,Lower Than A Level,50-60%,0-35,120,-100.0,0.2,0.8333333333333334,4.2727272727272725,5.379578063367065,3.6417910447761193,1.4007043185533392,5.923076923076923,6.2001044786808786,3.225,0.6915754086725874,13.1,14.418190265297369,4.761904761904762,0.7271863585079137,62.5,41.0,44.0,DDD_2014J
group1,M,East Midlands Region,HE Qualification,90-100%,0-35,60,-109.0,0.16666666666666666,1.0,3.514705882352941,3.3390169572138886,5.63768115942029,0.9696459091754144,6.9393939393939394,7.254047981728004,3.411764705882353,0.8738845446533922,6.2894736842105265,11.850209017969222,8.35897435897436,1.0073033019094664,71.33333333333333,61.0,66.5,DDD_2014J
group3,M,Yorkshire Region,Lower Than A Level,90-100%,0-35,60,-86.0,0.16666666666666666,1.0,2.021897810218978,1.633595606974848,4.768115942028985,1.0487203169900488,3.953846153846154,4.511896667529248,4.0,1.0215481418223058,3.13953488372093,2.5119141550415733,4.057471264367816,0.9711054769749271,87.66666666666667,71.0,84.0,DDD_2014J
group1,F,West Midlands Region,Lower Than A Level,60-70%,0-35,60,-53.0,0.0,1.0,3.423076923076923,5.658046174562957,4.518987341772152,0.9354484224106597,7.794117647058823,9.334781527575133,3.7142857142857144,0.9793730635631838,4.508771929824562,8.062529749707116,6.775862068965517,1.1989810002715766,71.33333333333333,10.0,52.0,DDD_2014J
group3,M,South Region,Lower Than A Level,40-50%,35-55,60,-116.0,0.0,1.0,2.23728813559322,1.9289870070929056,5.65546218487395,0.7593870879904661,2.7010309278350517,2.861981206457659,5.153061224489796,0.8012562433412815,6.025,8.395626150653593,5.146341463414634,0.922017177577795,83.33333333333333,62.0,95.0,DDD_2014J
group1,M,West Midlands Region,Lower Than A Level,30-40%,0-35,60,-23.0,0.2,0.8333333333333334,4.134328358208955,4.56898477679093,3.4705882352941178,0.907769141747183,5.183673469387755,5.456927819248648,3.82,0.8818376689651306,31.75,47.179747471013144,3.6666666666666665,0.574959574576069,75.0,55.0,73.5,DDD_2014J
group1,F,East Anglian Region,A Level or Equivalent,30-40%,35-55,60,-45.0,0.0,1.0,4.0,5.422752990870965,7.545454545454546,0.9883190619188352,4.814814814814815,7.682555770875117,9.2,0.7902025078655577,14.352941176470589,22.618966533836677,4.055555555555555,0.5228858817532143,62.666666666666664,37.0,45.5,DDD_2014J
group1,F,South Region,A Level or Equivalent,80-90%,0-35,60,-43.0,0.3333333333333333,1.0,7.4,8.720170830341848,5.967741935483871,0.9397324891719234,10.571428571428571,13.948374201215813,4.363636363636363,0.7833998198734653,17.076923076923077,13.817027770481479,10.928571428571429,0.9864085547582895,71.0,81.0,68.5,DDD_2014J
group3,F,North Region,A Level or Equivalent,50-60%,0-35,60,-73.0,0.0,1.0,1.3203883495145632,0.8170570894823445,7.193236714975845,1.0282426005745435,2.67,3.3995097685793856,7.930693069306931,1.1177459049851697,1.7207792207792207,1.4302829065496154,12.038709677419355,0.9959304965109941,80.0,75.0,73.5,DDD_2014J
group1,F,North Region,Lower Than A Level,60-70%,0-35,60,-50.0,0.0,1.0,4.40625,4.3887256348982095,6.938461538461539,1.1209165891066626,7.135135135135135,8.919897116254457,3.3684210526315788,0.8599429941135633,6.419354838709677,11.712597757822948,6.3125,1.0061569113326845,82.66666666666667,63.0,58.5,DDD_2014J
group1,F,East Anglian Region,A Level or Equivalent,30-40%,0-35,60,-24.0,0.16666666666666666,1.0,6.90625,7.646881611944622,5.515151515151516,0.626710917477313,8.75,13.082514051704415,4.44,0.785593850687987,18.454545454545453,25.86257387176936,3.6666666666666665,0.6030226891555274,82.66666666666667,62.0,72.0,DDD_2014J
group3,F,Scotland,A Level or Equivalent,50-60%,35-55,60,-85.0,0.0,1.0,1.392156862745098,0.9891715471328038,5.697560975609756,0.81895423907162,3.581081081081081,3.4799100789703403,3.506666666666667,0.9991828261996558,1.3465346534653466,1.132387462163373,15.241379310344827,0.6251108820670139,88.33333333333333,76.0,88.0,DDD_2014J
group3,M,East Midlands Region,A Level or Equivalent,20-30%,0-35,60,-116.0,0.0,1.0,3.5277777777777777,3.0946215141950617,3.232876712328767,0.9378297083732727,4.288135593220339,4.275232792442226,4.65,0.8830525822557119,6.666666666666667,7.468027086950648,6.324324324324325,0.9264145105854791,82.66666666666667,89.0,77.5,DDD_2014J
group1,M,Scotland,HE Qualification,20-30%,35-55,60,-100.0,0.16666666666666666,1.0,4.907407407407407,7.33631062108201,6.509090909090909,0.8734400594946627,8.833333333333334,13.099311204143083,4.387096774193548,0.7200628336673583,10.181818181818182,16.433520805372357,5.434782608695652,1.3756743800769131,67.66666666666667,44.0,39.0,DDD_2014J
group3,F,Scotland,HE Qualification,70-80%,0-35,60,-162.0,0.0,1.0,6.463414634146342,6.201199726567472,3.5,0.8531653746270912,8.548387096774194,9.124467873717055,3.28125,1.0200262323779858,81.0,125.58264211267415,11.0,1.0041237288352056,92.66666666666667,79.0,88.5,DDD_2014J
group1,M,North Region,A Level or Equivalent,70-80%,0-35,60,-95.0,0.0,1.0,5.840909090909091,4.945955274053607,3.088888888888889,0.9956688983009034,11.85,11.296366439561089,6.761904761904762,1.497700412793841,45.6,74.94864908722505,6.0,0.6382847385042254,74.33333333333333,60.0,50.5,DDD_2014J
group1,M,Ireland,A Level or Equivalent,0-10%,0-35,90,-92.0,0.3333333333333333,1.0,5.173913043478261,5.284376754278543,2.9148936170212765,0.9168069178456982,7.451612903225806,7.953358660245029,5.96875,0.6798827975497694,22.77777777777778,28.873767409959587,5.9,0.6840825786647649,79.33333333333333,16.0,56.5,DDD_2014J
group1,M,West Midlands Region,HE Qualification,40-50%,0-35,60,-128.0,0.0,1.0,2.2698412698412698,2.19239667364352,5.645669291338582,1.1600149590737043,2.5384615384615383,2.5917085001910727,10.104761904761904,1.5970737088298392,4.161290322580645,3.644864109037185,5.746031746031746,1.2545755821528681,66.66666666666667,80.0,77.0,DDD_2014J
group1,M,South Region,Lower Than A Level,70-80%,0-35,60,-80.0,0.0,1.0,3.043010752688172,4.659991552741512,3.765957446808511,0.8347063284728851,4.918367346938775,4.68969053125167,4.78,1.052107837186692,3.8142857142857145,6.1744984121645015,8.098591549295774,0.6524497967200814,69.33333333333333,57.0,37.0,DDD_2014J
group1,M,Yorkshire Region,A Level or Equivalent,10-20,0-35,120,-28.0,0.0,1.0,3.08,3.431806710363696,3.513157894736842,1.1511417370340375,6.517241379310345,9.38319428421737,4.833333333333333,0.8260042351179673,32.666666666666664,21.385353243127252,1.25,0.34641016151377546,83.33333333333333,72.0,51.5,DDD_2014J
group3,M,South Region,Lower Than A Level,60-70%,0-35,60,-43.0,0.0,1.0,4.365079365079365,4.886787939389977,3.28125,1.1710413607045336,11.818181818181818,13.146197580384635,4.782608695652174,1.2740253120985345,8.137931034482758,12.120596808535208,5.166666666666667,0.6243414845114794,90.0,69.0,87.5,DDD_2014J
group1,F,Wales,A Level or Equivalent,10-20,0-35,90,-42.0,0.2,0.8333333333333334,4.3125,6.4263223578979485,3.646153846153846,0.99810213538995,4.980769230769231,7.487218873220235,5.660377358490566,0.889606654651369,9.36,14.138835407015197,14.192307692307692,0.8502620952037767,85.0,75.0,95.5,DDD_2014J
group1,M,South Region,Lower Than A Level,80-90%,0-35,60,-59.0,0.3333333333333333,1.0,3.9705882352941178,3.958631560011518,4.130434782608695,0.9709729915518642,5.346938775510204,6.498560803516945,4.84,0.8582317345948542,24.4,32.918080138428486,5.181818181818182,0.8096828602957422,75.0,27.0,43.5,DDD_2014J
group1,M,East Anglian Region,Lower Than A Level,90-100%,0-35,60,-163.0,0.16666666666666666,1.0,3.8260869565217392,3.7375539411379206,3.157142857142857,1.1713165906960121,8.6,10.81697261491052,7.935483870967742,1.1106119574158442,14.705882352941176,18.17197260165484,6.0,1.4656562175858798,70.0,44.0,23.0,DDD_2014J
group1,F,West Midlands Region,A Level or Equivalent,10-20,35-55,60,-113.0,0.3333333333333333,1.0,3.1704545454545454,4.495774749207447,4.865168539325842,0.9472876955286862,4.17741935483871,4.158830989389659,4.301587301587301,1.1173075886254933,7.176470588235294,12.98126992955455,10.0,1.0799470886509739,79.33333333333333,61.0,71.0,DDD_2014J
group1,M,Yorkshire Region,A Level or Equivalent,60-70%,35-55,60,-73.0,0.16666666666666666,1.0,3.3,2.7207593876654395,8.123456790123457,1.1940318540306494,4.4655172413793105,4.147353911183587,7.88135593220339,0.837114557031024,5.125,5.5911213810712725,13.040816326530612,1.0496968537898346,79.33333333333333,0.0,79.0,DDD_2014J
group1,F,Scotland,A Level or Equivalent,60-70%,0-35,120,-39.0,0.6666666666666666,1.0,4.551724137931035,7.322573638721216,5.203389830508475,0.8622144299549432,7.135135135135135,9.201938691149582,2.973684210526316,0.7133094701375802,4.454545454545454,3.8823610435825353,6.416666666666667,0.894031105428349,75.0,45.0,38.0,DDD_2014J
group1,F,South East Region,A Level or Equivalent,20-30%,0-35,60,-22.0,0.0,1.0,6.538461538461538,6.640569703865989,5.3,1.2178218538192398,7.257142857142857,7.022413097667049,5.25,1.0917819866042948,47.8,67.05743806618324,3.6666666666666665,1.02851895445316,73.33333333333333,66.0,71.5,DDD_2014J
group1,M,West Midlands Region,Lower Than A Level,60-70%,0-35,60,-24.0,0.6666666666666666,1.0,5.829787234042553,4.810853440223652,3.2708333333333335,0.9293035103787174,10.5,9.01689235968174,2.64,0.7413412013772768,24.5,17.257848456088997,4.454545454545454,0.8254591190268035,48.333333333333336,65.0,26.5,DDD_2014J
group1,F,London Region,Lower Than A Level,50-60%,0-35,60,-67.0,0.16666666666666666,1.0,11.227272727272727,12.738886167134895,4.826086956521739,0.7037414360157587,11.761904761904763,13.288734935669241,6.181818181818182,0.977471138699051,15.666666666666666,18.58314648635514,7.0,0.46291004988627577,61.0,23.0,41.5,DDD_2014J
group3,M,East Midlands Region,Lower Than A Level,60-70%,35-55,120,-64.0,0.0,1.0,1.3222748815165877,1.2072899759316749,5.2924528301886795,0.9826501303072144,5.977777777777778,8.086152273229745,5.173913043478261,1.019788668670117,1.3131313131313131,0.8626068935036946,17.316582914572866,0.8295593659121521,89.33333333333333,90.0,96.0,DDD_2014J
group1,M,South Region,A Level or Equivalent,50-60%,0-35,60,-36.0,0.0,1.0,2.264,2.940660448091167,4.103174603174603,0.9674912239175458,4.35,6.169429828337433,3.0163934426229506,0.8667754160843318,2.977777777777778,5.390332123301923,6.395604395604396,0.8573073944830004,76.66666666666667,55.0,73.5,DDD_2014J
group1,M,South East Region,A Level or Equivalent,10-20,0-35,60,-113.0,0.0,1.0,3.5396825396825395,2.810265725154926,2.875,0.7314175583156836,4.595744680851064,3.915740667724723,4.875,0.7174906963914472,19.875,11.141139977578597,5.555555555555555,0.3509985754956849,73.33333333333333,67.0,64.0,DDD_2014J
group3,M,East Anglian Region,A Level or Equivalent,70-80%,0-35,90,-24.0,0.0,1.0,5.574468085106383,6.749378975783024,5.583333333333333,0.9419554224172931,9.703703703703704,11.964096336105003,3.7142857142857144,0.9783151801520694,21.636363636363637,30.447570435989558,6.25,1.3131133487504676,94.33333333333333,88.0,93.0,DDD_2014J
group1,M,Wales,Lower Than A Level,80-90%,35-55,60,-29.0,0.0,1.0,12.130434782608695,13.994493552907572,3.25,0.8668790515065111,13.285714285714286,8.788520651286838,9.5,1.1288216099751167,25.6,16.228917948457863,7.818181818181818,0.7434589471230595,51.0,21.0,51.5,DDD_2014J
group3,F,London Region,Lower Than A Level,50-60%,0-35,60,-45.0,0.16666666666666666,1.0,2.1615384615384614,1.8163932494076656,5.969465648854962,0.7675127472158494,2.65,2.2082261266144423,5.138613861386139,0.7489757361780005,3.6666666666666665,3.2073633232266476,4.388059701492537,1.0327261049874865,92.66666666666667,95.0,93.5,DDD_2014J
group1,F,South West Region,Lower Than A Level,50-60%,0-35,60,-56.0,0.0,1.0,1.8300653594771241,1.7236392408338062,5.915584415584416,0.8978050062345885,2.3214285714285716,2.771197697663716,6.053097345132743,0.8588058281693185,2.7653061224489797,2.7983832608124137,3.8181818181818183,0.87488976377909,73.33333333333333,77.0,74.0,DDD_2014J
group1,M,South East Region,A Level or Equivalent,70-80%,0-35,60,-67.0,0.3333333333333333,1.0,7.909090909090909,8.434911219018684,3.1176470588235294,0.6064210822637056,8.344827586206897,8.993155580253262,6.133333333333334,1.3082369555807043,44.4,55.36515149441931,1.8333333333333333,0.7977240352174658,61.0,42.0,33.0,DDD_2014J
group1,M,South West Region,A Level or Equivalent,30-40%,0-35,60,-23.0,0.16666666666666666,1.0,4.303571428571429,4.883812381390523,3.0526315789473686,0.9334791234303534,4.877551020408164,6.713272466605565,3.66,0.7835577794605657,23.6,15.392638933377647,3.272727272727273,0.6655082528172743,68.33333333333333,74.0,74.0,DDD_2014J
group1,F,North Western Region,Lower Than A Level,70-80%,0-35,60,-109.0,0.0,1.0,1.8402777777777777,1.5674271575827357,6.110344827586207,0.8320772635381793,2.880434782608696,3.0122183104061544,4.623655913978495,1.7527356351139096,2.49,2.3071912172880933,6.544554455445544,0.8092567101502077,87.66666666666667,70.0,74.0,DDD_2014J
group1,F,West Midlands Region,A Level or Equivalent,50-60%,0-35,60,-14.0,0.5,1.0,4.865384615384615,7.8815466934189375,2.8867924528301887,1.078054994729152,4.928571428571429,5.878413827634106,7.976744186046512,0.714041726639843,7.2105263157894735,13.786381957764702,13.5,1.1769389046102543,51.0,31.0,37.0,DDD_2014J
group3,M,East Anglian Region,HE Qualification,90-100%,35-55,60,-85.0,0.0,1.0,1.9259259259259258,1.5531846418843824,5.213235294117647,0.9320322503922462,6.555555555555555,6.69944323675779,3.72972972972973,0.775192992482106,1.916030534351145,1.5592807411847656,9.393939393939394,0.7597373443935614,86.66666666666667,84.0,98.0,DDD_2014J
group1,F,North Western Region,A Level or Equivalent,50-60%,0-35,60,-71.0,0.6666666666666666,1.0,4.222222222222222,5.7176705284933504,4.40625,0.9449140342199346,5.104166666666667,6.244110700469388,6.489795918367347,0.9957486466332076,9.185185185185185,14.860989295770416,6.142857142857143,1.1166423827371161,50.0,36.0,41.0,DDD_2014J
group3,M,Wales,HE Qualification,80-90%,0-35,90,-67.0,0.3333333333333333,1.0,5.8936170212765955,5.603702357460496,4.854166666666667,1.0696171057939632,11.041666666666666,13.083275639123231,7.72,0.8948293034999537,31.5,73.93626599018528,3.111111111111111,0.975464305981976,52.666666666666664,36.0,48.5,DDD_2014J
group1,M,Wales,Lower Than A Level,60-70%,0-35,60,-87.0,0.3333333333333333,1.0,1.771604938271605,1.5929763983467387,5.865030674846626,1.1595611735303353,2.4766355140186915,3.007367664845295,6.435185185185185,1.0616121422450304,2.873684210526316,3.1224721018570687,2.9375,0.8773425174141123,89.33333333333333,80.0,92.5,DDD_2014J
group1,M,Scotland,A Level or Equivalent,40-50%,0-35,60,-99.0,0.0,1.0,5.7555555555555555,7.648991483004194,5.760869565217392,1.0799113922750971,9.875,14.680103364166367,5.92,1.5198347724583128,8.88888888888889,13.036438085179478,9.357142857142858,0.79883225769482,91.66666666666667,24.0,77.0,DDD_2014J
group3,M,North Western Region,HE Qualification,60-70%,35-55,60,-63.0,0.0,1.0,1.8289473684210527,1.3847624693604752,5.483660130718954,0.9797348830826874,4.109375,4.209276179152534,6.184615384615385,3.9541019717390715,2.105691056910569,1.3778874786323538,7.870967741935484,0.8902173322751864,86.66666666666667,83.0,87.5,DDD_2014J
group3,F,North Western Region,A Level or Equivalent,50-60%,0-35,90,-32.0,0.16666666666666666,1.0,3.6933333333333334,3.153605115613752,3.539473684210526,0.9044618069080266,5.804878048780488,5.400090333481107,3.4523809523809526,1.1042454017351713,13.31578947368421,15.456220004972279,3.75,1.018495622638278,90.0,88.0,79.5,DDD_2014J
group1,F,West Midlands Region,HE Qualification,10-20,0-35,60,-94.0,0.16666666666666666,1.0,2.2222222222222223,2.013365303849079,6.423728813559322,0.9472258766217366,3.823529411764706,4.221272272210946,7.826086956521739,1.2692225675294013,3.22972972972973,3.3374064957290073,5.373333333333333,0.8153394567705057,84.33333333333333,82.0,66.0,DDD_2014J
group1,F,East Anglian Region,A Level or Equivalent,30-40%,0-35,60,-102.0,0.0,1.0,3.732394366197183,2.9226101175826336,4.875,0.8526042661319155,4.818181818181818,4.698663754456269,4.232142857142857,0.7538349909945422,5.4772727272727275,5.760687282816321,4.688888888888889,0.8312639490111341,86.66666666666667,91.0,81.5,DDD_2014J
group3,M,North Western Region,A Level or Equivalent,20-30%,35-55,60,-141.0,0.5,1.0,1.8289473684210527,1.9387177977205263,7.339869281045751,0.9390380320709721,2.847826086956522,4.070625900542709,6.612903225806452,2.5268889091118867,3.058139534883721,3.9685666434911187,6.379310344827586,0.8147890392462169,83.33333333333333,62.0,77.0,DDD_2014J
group1,M,East Midlands Region,A Level or Equivalent,40-50%,35-55,60,-156.0,0.0,1.0,2.5428571428571427,2.7908799667866386,5.660377358490566,0.8307292646290435,6.2368421052631575,8.286864273530064,4.076923076923077,0.9497896565021297,2.74468085106383,3.3694904698011814,8.357894736842105,0.6849972998589409,88.33333333333333,71.0,68.5,DDD_2014J
group1,F,North Western Region,A Level or Equivalent,70-80%,0-35,150,-109.0,0.0,1.0,7.323529411764706,7.498365835038887,2.2857142857142856,0.8206323781084925,14.647058823529411,16.98139119915749,8.0,0.9013878188659973,37.666666666666664,59.915496047906224,6.142857142857143,0.6651325416779111,54.333333333333336,46.0,42.0,DDD_2014J
group1,M,North Region,A Level or Equivalent,0-10%,0-35,60,-120.0,0.5,1.0,5.431818181818182,6.875631817979052,4.8,0.7973722274670737,4.976190476190476,8.391308207082407,7.116279069767442,0.6627302727454509,8.25,8.180260794538684,4.0,0.6708203932499369,70.0,40.0,46.0,DDD_2014J
group1,F,South Region,A Level or Equivalent,90-100%,0-35,60,-131.0,0.0,1.0,2.6907216494845363,2.137759851370257,3.36734693877551,0.689818384157838,4.777777777777778,5.299609286151063,5.326086956521739,0.7187498981402605,3.875,3.2926083643928625,3.246153846153846,0.7812577350754746,53.333333333333336,52.0,50.0,DDD_2014J
group1,F,London Region,Lower Than A Level,60-70%,0-35,60,-129.0,0.0,1.0,6.769230769230769,8.461869702754631,3.0,1.1642832797715321,5.7894736842105265,8.047688587873967,4.384615384615385,0.9916031997299013,49.6,85.3481106996517,7.166666666666667,0.9477992498751082,76.0,61.0,64.0,DDD_2014J
group1,M,East Anglian Region,Lower Than A Level,10-20,0-35,60,-58.0,0.0,1.0,8.566666666666666,8.410516132152377,3.870967741935484,0.5968668193156661,9.115384615384615,8.691729048132704,4.851851851851852,0.636386717577598,34.42857142857143,46.88232482452615,7.375,0.733136567928209,61.666666666666664,78.0,69.5,DDD_2014J
group1,F,Wales,Lower Than A Level,60-70%,35-55,120,-30.0,0.16666666666666666,1.0,1.5942857142857143,1.5278906760296018,10.488636363636363,1.1623671249775063,4.015384615384615,5.890915431016186,5.075757575757576,0.6723313210112573,1.7567567567567568,1.8354840382623707,18.006711409395972,1.0748693541399266,71.0,27.0,52.5,DDD_2014J
group1,M,East Anglian Region,A Level or Equivalent,40-50%,0-35,60,-147.0,0.0,1.0,3.9545454545454546,4.490783101768874,2.0597014925373136,0.8341206111029955,4.067796610169491,7.131436975619269,2.8666666666666667,0.7440043382812275,18.53846153846154,24.8851206701762,4.357142857142857,0.7442334073977814,66.66666666666667,40.0,47.5,DDD_2014J
group3,M,London Region,HE Qualification,80-90%,0-35,60,-43.0,0.0,1.0,2.5267857142857144,2.3402464697662806,5.230088495575221,1.1626175610326481,3.970149253731343,3.6138208993442538,3.1176470588235294,1.1906990925261864,3.6666666666666665,3.5405100293044836,10.821917808219178,0.8658024277716405,61.666666666666664,48.0,47.5,DDD_2014J
group3,F,East Anglian Region,Lower Than A Level,60-70%,0-35,60,-60.0,0.0,1.0,2.3660714285714284,2.4273053895856314,4.469026548672566,1.0913747806649121,4.383333333333334,4.453494787154134,4.508196721311475,1.6896143625735656,2.8452380952380953,4.640040630324415,7.152941176470589,1.1585136840041772,76.66666666666667,74.0,89.5,DDD_2014J
group1,M,East Anglian Region,HE Qualification,60-70%,0-35,60,-157.0,0.0,1.0,1.668639053254438,1.2664249150149118,8.411764705882353,1.372857472566761,2.58,2.089802078492776,9.643564356435643,1.1574353251219547,1.7843137254901962,1.3762132277729398,8.279220779220779,1.0591177514234376,74.33333333333333,80.0,87.0,DDD_2014J
group1,F,East Anglian Region,Lower Than A Level,60-70%,35-55,120,-45.0,0.3333333333333333,1.0,1.62987012987013,1.4504959652184548,11.587096774193549,1.2808588919137573,2.4444444444444446,3.3722221288295646,6.6,1.1471208018634969,3.492957746478873,3.883566988649995,10.652777777777779,1.1932772925658848,81.66666666666667,50.0,74.5,DDD_2014J
group3,M,South Region,Lower Than A Level,80-90%,0-35,60,-30.0,0.16666666666666666,1.0,3.1666666666666665,3.0028076749242985,2.89010989010989,1.129027894203519,4.483333333333333,4.924830433858601,5.754098360655738,0.873013690959682,9.206896551724139,11.536833281602354,4.533333333333333,0.8910114388059476,67.66666666666667,54.0,61.0,DDD_2014J
group1,M,North Region,HE Qualification,10-20,0-35,90,-35.0,0.3333333333333333,1.0,3.4444444444444446,3.2210246816812815,3.5,1.1422036459146272,7.2,7.850814869658248,4.527777777777778,1.6150124679262008,35.0,56.17235381692077,6.5,1.090572836827525,64.33333333333333,47.0,44.5,DDD_2014J
group1,F,West Midlands Region,A Level or Equivalent,10-20,0-35,90,-60.0,0.0,1.0,8.206896551724139,7.374566865464166,1.8333333333333333,0.5988970578909312,23.5,32.275598921077915,1.4444444444444444,0.4741856925360752,47.6,64.2207131695063,1.5,0.5091750772173156,76.33333333333333,63.0,39.5,DDD_2014J
group3,F,Scotland,A Level or Equivalent,40-50%,0-35,60,-101.0,0.0,1.0,4.046153846153846,4.184908784963125,6.106060606060606,1.6170227978190397,6.023809523809524,6.9999585198704635,4.325581395348837,0.9390304788764791,9.52,18.07650408679731,6.461538461538462,1.1974202239580574,75.0,94.0,84.0,DDD_2014J
group3,M,West Midlands Region,A Level or Equivalent,90-100%,0-35,60,-100.0,0.16666666666666666,1.0,3.7714285714285714,4.188221678488061,5.309859154929577,0.6929324294823188,4.333333333333333,4.653467728991134,6.224137931034483,0.9458322904289946,10.434782608695652,12.474796726186915,4.791666666666667,0.7427023665594487,87.66666666666667,86.0,87.5,DDD_2014J
group1,M,South West Region,A Level or Equivalent,70-80%,0-35,60,-154.0,0.16666666666666666,1.0,5.617021276595745,6.621943729782596,3.4375,0.955482945113205,7.764705882352941,8.124257816095486,3.057142857142857,0.8048243043592893,10.642857142857142,19.18976948134742,5.066666666666666,0.9326339550878605,75.0,75.0,56.0,DDD_2014J
group1,M,East Anglian Region,Lower Than A Level,40-50%,0-35,60,-134.0,0.16666666666666666,1.0,5.595744680851064,7.267137390089613,5.354166666666667,0.969355902270521,8.25,8.824452829605669,4.484848484848484,1.2152398483303828,20.166666666666668,28.344739237189014,2.6923076923076925,0.42185208743524,76.0,65.0,73.5,DDD_2014J
group1,F,East Midlands Region,A Level or Equivalent,40-50%,35-55,60,-44.0,0.0,1.0,3.3461538461538463,2.864139784175469,6.430379746835443,0.9724887616156719,4.745454545454545,3.9450774851245143,4.107142857142857,0.9381234536918528,6.605263157894737,6.843973374473184,4.666666666666667,0.9056771927094301,89.33333333333333,87.0,78.0,DDD_2014J
group3,M,South Region,Lower Than A Level,90-100%,0-35,120,-48.0,0.16666666666666666,1.0,4.061538461538461,4.4926221570652745,3.742424242424242,1.2638908389489572,6.6571428571428575,10.643813052779581,9.166666666666666,1.1185882483834202,33.714285714285715,38.58632869171103,17.625,0.6646642630428308,77.66666666666667,57.0,64.0,DDD_2014J
group3,M,Scotland,A Level or Equivalent,20-30%,0-35,90,-100.0,0.16666666666666666,1.0,2.3577981651376145,2.3274645869121047,5.236363636363636,0.986600035287669,3.661764705882353,4.331799440367888,5.565217391304348,0.953999769337411,7.114285714285714,10.159815389045992,7.861111111111111,0.994051405238514,94.33333333333333,52.0,93.5,DDD_2014J
group1,M,Scotland,A Level or Equivalent,60-70%,0-35,60,-51.0,0.16666666666666666,1.0,4.348484848484849,4.619332033771596,2.283582089552239,0.9443935576674861,5.155555555555556,6.98034759344064,5.978260869565218,0.7795145766479363,10.56,13.276169126169892,6.615384615384615,0.5187141400743132,76.0,58.0,59.0,DDD_2014J
group1,F,West Midlands Region,A Level or Equivalent,90-100%,0-35,120,-149.0,0.0,1.0,2.9555555555555557,3.5312763428027623,3.21978021978022,0.8091112970323271,10.115384615384615,9.860332339538756,3.5555555555555554,0.6687792049697718,5.040816326530612,9.453745253587485,4.68,0.7308067166873744,71.0,70.0,69.5,DDD_2014J
group1,M,East Anglian Region,A Level or Equivalent,50-60%,0-35,60,-143.0,0.0,1.0,1.8402777777777777,1.3414489319333915,3.6206896551724137,1.1236803799888482,2.588235294117647,2.1588085326684694,4.699029126213592,0.8740914863489704,3.642857142857143,4.057684476721841,4.450704225352113,0.7726316210559026,80.0,78.0,76.0,DDD_2014J
group1,M,North Region,A Level or Equivalent,60-70%,0-35,60,-36.0,0.0,1.0,2.126865671641791,1.877534945225262,4.9037037037037035,0.8558385029230614,3.7866666666666666,3.814245465156702,5.644736842105263,1.02605151776964,2.3451327433628317,3.011199071515084,9.456140350877194,0.9112314355294355,70.0,76.0,69.5,DDD_2014J
group1,F,East Midlands Region,Lower Than A Level,40-50%,0-35,60,-162.0,0.16666666666666666,1.0,3.259259259259259,3.7375719985632982,5.2926829268292686,1.1066242425554333,5.076923076923077,5.893985481549128,4.679245283018868,1.601288827947628,5.934782608695652,6.056776458051093,9.191489361702128,0.740154571314388,56.666666666666664,42.0,51.5,DDD_2014J
group3,F,South Region,A Level or Equivalent,10-20,0-35,60,-144.0,0.0,1.0,4.5964912280701755,4.6669799393597104,4.310344827586207,1.0754868664934965,11.043478260869565,12.79018892770252,3.3333333333333335,1.1895377253370318,4.980392156862745,4.961814974697994,6.6923076923076925,0.9583753372724517,86.66666666666667,87.0,86.5,DDD_2014J
group3,F,North Region,Lower Than A Level,0-10%,0-35,70,-29.0,0.0,1.0,1.7735849056603774,1.582837255049694,6.4,0.9839098603435428,3.7,3.9059597718269488,4.464788732394366,1.1670389531630905,2.2222222222222223,2.262348828589928,15.834645669291339,1.1127011748031899,92.66666666666667,91.0,89.5,DDD_2014J
group1,M,South West Region,A Level or Equivalent,60-70%,0-35,60,-37.0,0.0,1.0,5.673913043478261,6.579612780994493,3.1702127659574466,0.7456614449573772,6.365853658536586,8.765717590593983,4.642857142857143,0.8001479153197442,14.470588235294118,23.701576021065623,4.111111111111111,0.8460797752701907,81.66666666666667,51.0,50.5,DDD_2014J
group3,F,South Region,A Level or Equivalent,80-90%,0-35,60,-94.0,0.0,1.0,1.6352941176470588,1.40031322635968,7.017543859649122,1.223161886260359,2.966292134831461,2.6087677263510973,62.388888888888886,8.315849604992549,1.8344827586206895,1.7321061084359775,12.698630136986301,0.802572322384235,92.66666666666667,54.0,88.0,DDD_2014J
group1,M,East Anglian Region,A Level or Equivalent,90-100%,0-35,90,-29.0,0.16666666666666666,1.0,4.683333333333334,4.9522864661626596,2.7868852459016393,0.9639523599479047,7.542857142857143,10.316585325247363,4.138888888888889,0.6111069025319855,18.23076923076923,19.494246356954687,5.357142857142857,0.9715051323704997,71.0,69.0,67.5,DDD_2014J
group1,M,Scotland,A Level or Equivalent,40-50%,0-35,60,-108.0,0.16666666666666666,1.0,3.481012658227848,4.72543787007514,5.8875,1.0637747828374409,6.461538461538462,8.999550146202203,4.1,1.1808505792107518,5.288461538461538,6.754334957934934,8.79245283018868,0.9575385271337626,68.33333333333333,56.0,70.5,DDD_2014J
group1,M,South Region,Lower Than A Level,40-50%,35-55,60,-113.0,0.3333333333333333,1.0,5.6875,5.713575658771891,4.061224489795919,0.7965735566003763,6.2631578947368425,6.98911977029902,4.230769230769231,1.1744760275944077,57.0,55.75541827182957,2.8,0.6144518047887592,85.0,11.0,68.5,DDD_2014J
group3,M,North Region,Lower Than A Level,20-30%,0-35,60,-142.0,0.0,1.0,1.9705882352941178,1.548912050539026,4.394160583941606,0.9414751331393718,3.955223880597015,3.5309576167864556,3.5294117647058822,0.8886631657845523,4.618181818181818,7.316877772431375,3.4464285714285716,0.7395907991513055,77.66666666666667,81.0,84.0,DDD_2014J
group1,M,South Region,A Level or Equivalent,70-80%,0-35,210,13.0,0.0,1.0,2.6785714285714284,2.1961670569026484,3.176470588235294,0.8774729897476194,6.787878787878788,7.590115182581124,3.2058823529411766,0.7287083832040583,6.617647058823529,4.397070001595436,4.6571428571428575,1.4607927523752293,67.66666666666667,51.0,63.5,DDD_2014J
group1,F,Yorkshire Region,Lower Than A Level,50-60%,35-55,60,-120.0,0.0,1.0,2.6435643564356437,2.5517999859543914,3.549019607843137,0.7926781019453125,4.566037735849057,5.017313999320691,3.462962962962963,1.052552596256283,8.32,12.075181158061355,5.6923076923076925,0.6254289981300613,91.66666666666667,88.0,81.5,DDD_2014J
group3,M,West Midlands Region,Lower Than A Level,0-10%,0-35,60,-86.0,0.0,1.0,3.6493506493506493,3.0164733406580746,7.141025641025641,1.1752077411476216,5.448979591836735,4.899239841078222,3.76,0.91136131567776,5.25531914893617,5.518617049140131,11.645833333333334,1.003140858767211,92.66666666666667,84.0,90.0,DDD_2014J
group1,M,Wales,Lower Than A Level,90-100%,0-35,60,-44.0,0.0,1.0,7.277777777777778,8.378922914453218,3.675675675675676,0.8968779952748893,9.92,14.882652093405037,4.461538461538462,1.0771378377542948,23.0,34.72339680552992,2.111111111111111,0.5210260492953508,59.333333333333336,54.0,44.5,DDD_2014J
group3,M,North Western Region,HE Qualification,80-90%,35-55,60,-136.0,0.0,1.0,2.4910714285714284,2.7179600714151326,5.132743362831858,0.8182119945431432,5.739130434782608,5.487095093069417,3.3617021276595747,0.9233567708778168,2.8191489361702127,3.718488437140743,8.042105263157895,0.8318719311220069,88.33333333333333,100.0,96.5,DDD_2014J
group3,M,Wales,A Level or Equivalent,80-90%,0-35,60,-50.0,0.0,1.0,3.2048192771084336,2.98679629387196,10.130952380952381,1.0670078473623588,3.638888888888889,3.370566699355523,7.561643835616438,1.147061051043237,5.222222222222222,5.489199680400882,12.847826086956522,0.9089948755798888,87.66666666666667,63.0,73.0,DDD_2014J
group3,M,Scotland,HE Qualification,20-30%,0-35,180,-44.0,0.0,1.0,2.3983050847457625,2.565850121557904,6.80672268907563,0.967468094063856,4.9423076923076925,5.406653350501463,5.811320754716981,2.903000494977644,2.712871287128713,2.815445377425626,12.803921568627452,1.1737619725730781,84.33333333333333,93.0,87.5,DDD_2014J
group1,M,South Region,Lower Than A Level,80-90%,0-35,60,-35.0,0.0,1.0,7.361111111111111,11.012078505707857,5.675675675675675,0.9848742682510486,9.52,13.419885742186231,3.5384615384615383,0.9215442780098542,14.0,38.02795024715373,5.722222222222222,0.8577272917885355,77.66666666666667,42.0,58.5,DDD_2014J
group3,M,South East Region,A Level or Equivalent,70-80%,35-55,60,-39.0,0.0,1.0,2.066666666666667,2.354089355712283,4.603305785123967,0.9239665982400308,2.5306122448979593,2.34280685315472,4.525252525252525,0.9398302247762951,4.114754098360656,4.615547496075042,6.919354838709677,0.8582679677443827,78.33333333333333,85.0,88.0,DDD_2014J
group1,F,East Midlands Region,A Level or Equivalent,0-10%,0-35,60,-91.0,0.16666666666666666,1.0,6.641025641025641,7.527099040999092,3.875,0.8924472078114699,14.11111111111111,15.21179452958978,5.842105263157895,1.0613820882899563,12.095238095238095,17.840697189024766,3.8181818181818183,0.6957923426763074,69.33333333333333,34.0,40.0,DDD_2014J
group3,F,West Midlands Region,A Level or Equivalent,90-100%,0-35,60,-131.0,0.0,1.0,1.7727272727272727,1.5276224736058694,8.290322580645162,0.8137265065216993,1.9481481481481482,1.4523193931361589,8.845588235294118,0.7547499637098581,3.656716417910448,4.2267267900535845,3.6323529411764706,1.1755331061103478,95.0,77.0,81.5,DDD_2014J
group3,M,South Region,Lower Than A Level,80-90%,35-55,60,-134.0,0.0,1.0,1.4973821989528795,1.1601921145348402,8.270833333333334,1.0878783800742344,2.3508771929824563,2.6001445029290973,3.4869565217391303,1.185375737826665,1.5168539325842696,1.2269327844832476,11.30167597765363,0.8162693084868105,86.66666666666667,98.0,97.5,DDD_2014J
group1,M,East Midlands Region,Lower Than A Level,60-70%,35-55,60,-59.0,0.0,1.0,4.482758620689655,3.9347367967898568,6.220338983050848,0.7346647345035607,5.478260869565218,5.167157526939987,2.8085106382978724,0.7829830410729833,7.787878787878788,7.14474271649081,7.0,0.7847587772910948,76.0,72.0,64.5,DDD_2014J
group1,F,East Midlands Region,Lower Than A Level,70-80%,35-55,60,-122.0,0.0,1.0,2.330508474576271,2.0299260428015127,7.46218487394958,0.8832591356758268,4.161290322580645,3.7072969623150045,3.3968253968253967,0.883239378740112,2.4166666666666665,2.149222854546423,27.587155963302752,0.6115890001166522,76.0,76.0,66.0,DDD_2014J
group3,M,Scotland,HE Qualification,50-60%,0-35,90,-60.0,0.0,1.0,3.021505376344086,2.9561229552576482,3.904255319148936,0.9885151507680436,4.327868852459017,4.911623327968767,5.241935483870968,1.1346672739112589,6.512195121951219,9.57633006746194,9.261904761904763,0.9039673140428723,76.66666666666667,92.0,75.0,DDD_2014J
group1,M,South Region,Lower Than A Level,70-80%,0-35,60,-17.0,0.16666666666666666,1.0,5.096153846153846,4.326206577177779,4.7924528301886795,1.1903183749382629,6.219512195121951,5.308070247848795,7.5,0.9086299937865058,9.954545454545455,9.408594210701459,6.782608695652174,1.3748169443625018,66.0,16.0,46.0,DDD_2014J
group1,M,North Western Region,Lower Than A Level,20-30%,0-35,60,-65.0,0.16666666666666666,1.0,5.555555555555555,7.1431962401471605,2.9347826086956523,0.9778058357365988,7.59375,11.429614547729834,6.303030303030303,1.2161276027431687,11.380952380952381,19.77492399600107,4.636363636363637,0.5264988855724531,73.33333333333333,38.0,58.0,DDD_2014J
group1,M,North Western Region,Lower Than A Level,20-30%,0-35,60,-65.0,0.16666666666666666,1.0,4.714285714285714,8.961396108255634,3.3255813953488373,1.2867892954138707,6.931034482758621,12.06805415278216,5.933333333333334,0.9033596063928889,8.25,26.235140721857242,7.36,0.8241180770465685,78.33333333333333,42.0,67.0,DDD_2014J
group1,F,Scotland,A Level or Equivalent,80-90%,0-35,120,-136.0,0.16666666666666666,1.0,2.83,2.3486725242703863,4.069306930693069,1.0547157602500656,3.526315789473684,4.878452443717579,6.0,0.8924891016347463,10.956521739130435,11.170082855025843,2.3333333333333335,0.9063269671749656,83.33333333333333,76.0,82.5,DDD_2014J
group1,M,Scotland,HE Qualification,90-100%,35-55,60,-107.0,0.0,1.0,2.81,2.588611421381952,4.841584158415841,1.116908941056963,5.260869565217392,5.759763816950583,3.765957446808511,0.9037429130194264,4.15625,5.096586937617999,9.430769230769231,0.7644024503003927,74.33333333333333,72.0,75.5,DDD_2014J
group1,M,South East Region,Lower Than A Level,50-60%,35-55,60,-135.0,0.0,1.0,2.288,2.131998910609175,4.007936507936508,0.81092675123167,5.564102564102564,5.729861171253224,3.925,1.16946213676118,4.0,5.755782506146711,5.125,0.8041386108211969,74.33333333333333,55.0,73.0,DDD_2014J
group3,M,West Midlands Region,A Level or Equivalent,90-100%,0-35,120,-15.0,0.16666666666666666,1.0,4.216666666666667,5.109285885511497,5.491803278688525,0.9695015059147871,6.487179487179487,7.653247659006891,5.15,2.1914881739647583,10.5,21.73645979018953,7.0,1.0617476470817235,96.66666666666667,51.0,79.0,DDD_2014J
group1,M,South West Region,A Level or Equivalent,90-100%,0-35,60,-99.0,0.0,1.0,9.37037037037037,10.00825869795751,7.107142857142857,1.019729120207433,11.238095238095237,10.926594903741796,5.181818181818182,0.9953724878950374,20.333333333333332,47.09822103054875,13.846153846153847,0.5628959511773484,62.666666666666664,67.0,52.0,DDD_2014J
group1,F,West Midlands Region,Lower Than A Level,10-20,0-35,120,-30.0,0.0,1.0,3.971830985915493,3.3931520574993206,4.097222222222222,0.8014279126810852,5.829787234042553,5.518030323348968,4.020833333333333,1.0471834591573765,19.153846153846153,28.204154994864833,6.071428571428571,0.7636191373002716,89.33333333333333,69.0,68.5,DDD_2014J
group1,M,North Western Region,Lower Than A Level,0-10%,0-35,60,-88.0,0.3333333333333333,1.0,4.545454545454546,6.994225612545818,8.321428571428571,0.8582296023989091,5.681818181818182,9.80690958901445,6.0,0.8058428606430553,7.862068965517241,11.252695353085837,7.933333333333334,0.673266067191741,91.0,71.0,81.5,DDD_2014J
group1,M,East Anglian Region,A Level or Equivalent,80-90%,0-35,90,-99.0,0.0,1.0,2.5309734513274336,3.0386521814195873,3.973684210526316,0.9547684668623483,3.3194444444444446,4.7138584682658795,8.150684931506849,0.8332745312681392,4.315789473684211,5.415447134740854,6.258620689655173,0.9878751004373001,68.33333333333333,33.0,54.5,DDD_2014J
group3,M,South East Region,A Level or Equivalent,40-50%,0-35,60,-81.0,0.0,1.0,2.217741935483871,2.151046196096056,3.536,0.9622329139817346,5.883720930232558,5.811357116828512,2.6818181818181817,0.5829621532854183,2.6116504854368934,2.462395652049068,4.798076923076923,0.8686929788227009,94.33333333333333,82.0,93.0,DDD_2014J
group1,F,East Anglian Region,A Level or Equivalent,20-30%,0-35,60,-84.0,0.0,1.0,4.015151515151516,3.5798256263610817,4.895522388059701,0.8950131189238546,6.309523809523809,6.475048150261106,3.7906976744186047,1.5555504774248339,10.0,14.969534278718864,8.88,0.688555912311785,79.33333333333333,70.0,60.0,DDD_2014J
group1,F,South Region,HE Qualification,90-100%,35-55,60,-28.0,0.0,1.0,2.131782945736434,3.2772412296807483,8.061538461538461,0.9947197580247596,4.096774193548387,6.271741665753306,5.380952380952381,1.0072958070890048,2.217741935483871,3.4110306095138068,13.328,0.8666548288098005,91.66666666666667,77.0,80.0,DDD_2014J
group3,M,Yorkshire Region,Lower Than A Level,20-30%,0-35,60,-129.0,0.0,1.0,4.258064516129032,4.257820129839272,3.4603174603174605,1.0461934157907105,6.6923076923076925,7.402538135680385,2.525,0.8353877887381326,5.785714285714286,6.0143556485791425,5.674418604651163,0.8113512075838899,82.66666666666667,80.0,87.0,DDD_2014J
group1,F,South East Region,A Level or Equivalent,20-30%,0-35,60,-84.0,0.3333333333333333,1.0,6.609756097560975,6.3595520627654585,5.142857142857143,0.9819617972168854,9.76,8.196950652529267,3.5,0.8761626050671493,32.0,54.49158956511852,3.125,1.2642784503423286,78.33333333333333,50.0,83.0,DDD_2014J
group3,M,South West Region,A Level or Equivalent,0-10%,0-35,150,-60.0,0.0,1.0,5.909090909090909,8.810190140804268,3.688888888888889,0.8297960441065757,10.791666666666666,13.837501554665218,8.24,0.6833117030970604,10.826086956521738,13.309778271198152,3.75,0.8406346808612327,90.0,81.0,90.5,DDD_2014J
group1,F,London Region,Lower Than A Level,40-50%,0-35,60,-134.0,0.16666666666666666,1.0,3.971014492753623,3.9740741226277865,5.742857142857143,1.0409073121438064,6.564102564102564,6.430989413092595,6.65,1.323201465272868,8.266666666666667,7.665117284719507,5.258064516129032,0.8039385153806708,76.66666666666667,57.0,65.0,DDD_2014J
group1,F,London Region,A Level or Equivalent,30-40%,0-35,60,-60.0,0.0,1.0,3.371794871794872,3.527660548350555,4.10126582278481,1.2204282881527273,5.619047619047619,7.618822586688394,4.325581395348837,1.0736547024831498,19.9,23.273494700099416,5.363636363636363,1.3980739408339853,75.0,88.0,65.5,DDD_2014J
group3,M,Yorkshire Region,Lower Than A Level,60-70%,0-35,60,-91.0,0.3333333333333333,1.0,1.685897435897436,1.2841690531836816,5.140127388535032,0.9241804828341373,2.4901960784313726,3.388229766599603,6.456310679611651,0.965167560541684,4.576923076923077,6.681393989357733,6.188679245283019,0.7631213883915082,86.0,89.0,79.0,DDD_2014J
group1,M,North Western Region,Lower Than A Level,30-40%,35-55,60,-65.0,0.0,1.0,2.2016129032258065,2.230534001139336,4.264,1.0952510128470683,4.046875,4.654506904475438,4.938461538461539,1.704889676693806,3.1547619047619047,4.022509100138859,6.482352941176471,0.8922023571089746,81.66666666666667,70.0,84.5,DDD_2014J
group3,M,South Region,A Level or Equivalent,90-100%,0-35,120,-29.0,0.0,1.0,5.25531914893617,5.260468176826845,2.9166666666666665,0.9566096595876119,7.555555555555555,9.997435568620482,5.964285714285714,0.8340997109455743,24.0,40.1801498808111,6.7272727272727275,0.688791618236468,84.33333333333333,66.0,79.5,DDD_2014J
group1,F,North Western Region,A Level or Equivalent,0-10%,0-35,120,-144.0,0.0,1.0,5.659574468085107,6.294499309247444,2.6666666666666665,0.8603687436210128,11.5,13.839303298557832,3.5238095238095237,0.6412870550110633,12.842105263157896,14.403946827537455,7.85,0.8791424203099552,65.0,70.0,65.5,DDD_2014J
group1,F,Yorkshire Region,A Level or Equivalent,50-60%,35-55,60,-24.0,0.0,1.0,3.0,2.51261875581,4.870588235294117,0.9462743432404834,3.830769230769231,4.266765573773471,12.636363636363637,1.0625016808376642,7.142857142857143,9.979811554105728,7.472222222222222,1.5995803473928742,83.33333333333333,74.0,88.0,DDD_2014J
group1,M,London Region,Lower Than A Level,40-50%,0-35,60,-85.0,0.8333333333333334,1.0,6.238095238095238,8.910967547065516,5.232558139534884,0.7609221176544959,6.972972972972973,9.166625716534249,8.394736842105264,0.7823499359328312,57.25,110.50904940320498,4.4,0.8576346483687821,69.33333333333333,6.0,44.0,DDD_2014J
group1,F,South West Region,A Level or Equivalent,0-10%,0-35,120,-29.0,0.0,0.8333333333333334,3.1325301204819276,2.970468815496603,3.357142857142857,0.8728592126283409,6.815789473684211,6.026317342393906,3.5128205128205128,0.9537216333466322,5.478260869565218,7.241053116884719,6.48936170212766,0.8751089309090223,60.0,30.0,45.5,DDD_2014J
group1,F,East Anglian Region,HE Qualification,70-80%,0-35,60,-91.0,0.0,1.0,2.4224137931034484,2.299908739470993,6.863247863247863,0.9617657160594868,3.2911392405063293,2.9835098016889057,3.575,0.8055931915297767,4.719298245614035,5.367742229429799,8.741379310344827,0.8809063607011451,73.33333333333333,76.0,73.5,DDD_2014J
group3,M,West Midlands Region,A Level or Equivalent,20-30%,0-35,60,-53.0,0.0,1.0,6.410256410256411,7.94626012237981,4.1,0.8374773030921656,9.75,12.728776026407049,7.0,1.132092157494797,13.88888888888889,13.082943044010031,10.736842105263158,1.2407094186761443,86.0,56.0,92.5,DDD_2014J
group1,F,London Region,A Level or Equivalent,10-20,0-35,60,-39.0,0.16666666666666666,1.0,2.0952380952380953,1.6801360489130466,4.519685039370079,1.0388330972236999,4.962264150943396,4.718874801308136,11.425925925925926,3.149810862519081,3.324324324324324,2.735400139060113,7.946666666666666,1.1676863917128901,76.0,67.0,80.5,DDD_2014J
group3,M,West Midlands Region,A Level or Equivalent,20-30%,0-35,60,-52.0,0.0,0.8333333333333334,1.311926605504587,0.9127589988491643,4.812785388127854,1.131048380879105,3.1724137931034484,3.2643489915161013,3.977272727272727,1.4908373212283583,1.3217821782178218,0.9569961254667732,18.201970443349754,0.7713357544652782,81.0,62.0,90.0,DDD_2014J
group1,F,South Region,A Level or Equivalent,60-70%,0-35,60,-37.0,0.0,1.0,3.7936507936507935,3.6946287523949626,6.40625,0.8400305934770438,6.771428571428571,6.606973652159977,5.0,0.8806563209081938,5.311111111111111,6.659996663329162,8.804347826086957,0.8664978204206756,72.66666666666667,62.0,78.5,DDD_2014J
group1,M,South Region,Lower Than A Level,80-90%,35-55,60,-121.0,0.0,1.0,3.375,2.952685968805309,8.345679012345679,1.0799890519670163,4.078125,3.5380233361276923,8.723076923076922,1.0919173074345767,14.5,35.994444015708865,6.411764705882353,0.8543447138952525,65.0,52.0,67.0,DDD_2014J
group1,M,South West Region,A Level or Equivalent,60-70%,0-35,60,-95.0,0.0,1.0,3.8125,4.253383340503162,5.061538461538461,0.9128869530437084,6.17948717948718,6.348940213559868,2.775,0.6470826943371364,5.761904761904762,10.719959782891264,5.395348837209302,0.7772975226793002,66.66666666666667,45.0,49.5,DDD_2014J
group3,M,Yorkshire Region,A Level or Equivalent,10-20,0-35,60,-115.0,0.0,1.0,3.0652173913043477,2.566925504495268,5.56989247311828,1.059178993010462,4.274193548387097,3.8204340790136455,5.238095238095238,0.9862693712811287,4.174603174603175,3.1136519505272293,7.640625,1.2801292977757526,90.0,80.0,82.5,DDD_2014J
group3,M,South Region,A Level or Equivalent,80-90%,0-35,60,-85.0,0.16666666666666666,1.0,3.329113924050633,3.7131834395954217,3.725,1.082993580644137,5.326530612244898,4.909123118838879,3.62,1.1006684134288647,7.133333333333334,9.350394914519454,6.451612903225806,0.7901898506055365,83.33333333333333,89.0,93.0,DDD_2014J
group1,M,West Midlands Region,A Level or Equivalent,20-30%,0-35,60,-39.0,0.16666666666666666,1.0,3.5492957746478875,3.320020363080263,2.486111111111111,0.8766322659523837,4.053571428571429,5.079082389770609,5.385964912280702,0.7513776176679431,18.153846153846153,24.048028865328906,4.5,0.8997354108424374,61.666666666666664,50.0,45.0,DDD_2014J
group3,F,South West Region,Lower Than A Level,90-100%,0-35,90,-31.0,0.0,1.0,3.73972602739726,3.756577184901,4.04054054054054,1.1511285917345568,7.529411764705882,8.729036512202967,5.714285714285714,1.4686728703152374,9.037037037037036,11.362832398392582,5.214285714285714,0.9783737718174845,85.0,81.0,86.5,DDD_2014J
group1,F,Scotland,A Level or Equivalent,90-100%,0-35,60,-94.0,0.0,1.0,2.1037037037037036,2.00846742669396,4.985294117647059,0.8897754691393784,3.878787878787879,3.9243427730597387,4.3283582089552235,1.0358267132035017,2.136,2.0054120323152644,11.571428571428571,1.0140004542410406,46.0,61.0,53.0,DDD_2014J
group1,F,East Anglian Region,A Level or Equivalent,30-40%,0-35,120,-99.0,0.16666666666666666,1.0,4.338461538461538,4.2948985839195135,3.8333333333333335,1.1925039400431294,9.576923076923077,13.136736510787076,4.481481481481482,0.7397502148958758,17.0625,20.5603785633112,12.352941176470589,1.2376922421053629,63.333333333333336,44.0,52.0,DDD_2014J
group1,M,Scotland,HE Qualification,50-60%,0-35,60,-31.0,0.16666666666666666,1.0,9.785714285714286,13.811849831474268,4.793103448275862,0.923949415070226,13.7,15.134832602137918,4.476190476190476,0.9813793749573455,20.545454545454547,26.02062119306008,7.916666666666667,0.5419775015518316,79.33333333333333,41.0,51.5,DDD_2014J
group3,M,London Region,HE Qualification,30-40%,35-55,60,-84.0,0.0,1.0,1.032490974729242,0.21457390561057046,9.661870503597122,0.7618348277095054,2.7857142857142856,3.0536440964921305,3.5353535353535355,1.068472111503723,1.0150375939849625,0.19367205917707223,26.01498127340824,0.5601995912251704,87.66666666666667,76.0,85.0,DDD_2014J
group1,M,South Region,HE Qualification,90-100%,35-55,60,-24.0,0.25,0.6666666666666666,14.3125,22.706001409319082,2.588235294117647,0.8067381522408568,19.083333333333332,22.170653548956984,3.0,0.5847053462046862,75.0,65.3834841531101,5.25,0.36576884513660035,65.0,29.0,42.0,DDD_2014J
group1,M,Scotland,Lower Than A Level,60-70%,0-35,120,-120.0,0.0,1.0,3.64,3.3029061732342915,3.526315789473684,1.1885133762160272,6.6923076923076925,6.245646256873015,2.4,0.7204840194079409,4.0,4.355421560503296,4.382352941176471,0.7618853904804562,56.0,31.0,36.5,DDD_2014J
group3,F,Scotland,A Level or Equivalent,10-20,0-35,120,-109.0,0.0,1.0,3.0444444444444443,2.7392737129405287,7.912087912087912,0.9080550882021841,5.829787234042553,6.929204574891916,5.145833333333333,1.2316146148415188,3.3037974683544302,2.866045387565112,8.875,0.940587803233778,81.0,41.0,94.0,DDD_2014J
group1,F,Wales,Lower Than A Level,20-30%,35-55,120,-49.0,0.0,1.0,2.324786324786325,2.648451271023084,8.169491525423728,0.8757988578435965,3.9420289855072466,4.530563067106543,4.671428571428572,0.9767806224363776,3.5,4.320229572794001,5.08,0.7578169184613768,88.33333333333333,82.0,86.0,DDD_2014J
group1,F,South Region,A Level or Equivalent,20-30%,0-35,60,-162.0,0.3333333333333333,1.0,3.525,3.768540663728761,3.246913580246914,0.997140586514742,3.806451612903226,4.981403810558809,6.190476190476191,1.1472632730770558,11.652173913043478,10.666893113538364,3.375,0.8839885501206441,66.0,58.0,54.0,DDD_2014J
group1,F,North Region,A Level or Equivalent,10-20,35-55,120,-142.0,0.0,1.0,3.533333333333333,3.6329324516426387,4.5394736842105265,0.924610421659874,6.023255813953488,7.265339673811423,3.409090909090909,0.9491048414163737,12.5,9.192388155425117,1.0,0.0,63.333333333333336,35.0,34.0,DDD_2014J
group3,M,East Midlands Region,A Level or Equivalent,70-80%,0-35,60,-129.0,0.16666666666666666,1.0,1.8794326241134751,2.3948610973885742,6.964788732394366,1.5315312998867823,7.363636363636363,9.62035011647894,3.3529411764705883,0.8855739974823833,3.7285714285714286,6.928038868777208,8.169014084507042,1.0894887476574944,87.66666666666667,76.0,94.0,DDD_2014J
group1,M,East Anglian Region,A Level or Equivalent,40-50%,35-55,60,-59.0,0.0,1.0,2.456896551724138,1.9886295975273822,9.658119658119658,0.950710234033202,2.766990291262136,2.897611875033678,8.73076923076923,3.112199959043217,5.818181818181818,5.649748820400357,9.066666666666666,1.087738360307491,75.0,57.0,68.0,DDD_2014J
group3,F,Yorkshire Region,A Level or Equivalent,80-90%,0-35,120,-157.0,0.0,1.0,1.3448275862068966,0.9170067238098429,4.029411764705882,0.8947785738686762,4.190476190476191,4.493210443788038,2.59375,1.0552318693806026,1.7310344827586206,1.3655237721891895,6.301369863013699,0.8736399097290918,89.33333333333333,95.0,97.5,DDD_2014J
group3,M,West Midlands Region,Lower Than A Level,20-30%,0-35,90,-162.0,0.0,1.0,1.8101265822784811,1.5149021903394462,5.79874213836478,0.9169792919043357,3.0813953488372094,3.236610850071667,3.3793103448275863,1.149367994186963,2.707070707070707,2.335408565630195,7.05,1.1429447141426132,88.33333333333333,78.0,83.5,DDD_2014J
group3,M,North Western Region,A Level or Equivalent,50-60%,0-35,60,-42.0,0.0,1.0,5.217391304347826,7.474142220507122,4.382978723404255,1.0338780203475058,8.5,10.993263930782879,8.413793103448276,0.860753312189411,7.741935483870968,16.157491022093506,7.90625,0.8707770930080986,81.0,63.0,83.5,DDD_2014J
group1,F,East Midlands Region,A Level or Equivalent,10-20,0-35,120,-39.0,0.16666666666666666,1.0,4.4603174603174605,4.885216001515635,6.015625,1.1191851841726552,6.973684210526316,8.218261939302447,5.717948717948718,1.4834172897593985,13.944444444444445,20.646812094684318,6.7894736842105265,0.8896172125857225,71.0,38.0,38.5,DDD_2014J
group3,M,South Region,A Level or Equivalent,70-80%,0-35,70,-22.0,0.0,1.0,2.941860465116279,2.883440147841344,4.505747126436781,1.1534110901396533,4.96078431372549,7.4376361414463545,7.461538461538462,3.2341078699586756,18.76923076923077,30.819782191945716,6.357142857142857,0.9374450284771305,95.0,92.0,90.5,DDD_2014J
group3,M,Scotland,HE Qualification,80-90%,35-55,60,-58.0,0.0,1.0,3.021978021978022,4.683251534227575,4.923913043478261,1.0621634801987838,6.069767441860465,8.795007644592387,3.6818181818181817,1.1029190460735272,3.5762711864406778,5.8404162281718754,8.983333333333333,0.5999754459082244,82.66666666666667,69.0,93.5,DDD_2014J
group1,F,East Anglian Region,A Level or Equivalent,40-50%,35-55,120,-151.0,0.4,0.8333333333333334,11.16,11.721348045340179,5.423076923076923,1.0140852007234111,12.95,15.083888232499149,5.809523809523809,0.9556125666747326,26.25,62.61845916797561,5.222222222222222,1.0557137217068322,73.33333333333333,76.0,67.0,DDD_2014J
group1,F,South West Region,Lower Than A Level,70-80%,0-35,60,-136.0,0.16666666666666666,1.0,6.945945945945946,7.306564574811194,3.526315789473684,1.0363197216023852,8.964285714285714,9.461352745099179,4.0344827586206895,0.6994983748926537,17.833333333333332,31.726434824396303,5.0,0.5451081150953975,57.666666666666664,39.0,55.0,DDD_2014J
group1,M,East Midlands Region,A Level or Equivalent,90-100%,0-35,90,-156.0,0.16666666666666666,1.0,6.046511627906977,8.459858966436995,3.4318181818181817,0.78434196376739,10.458333333333334,12.971470925497018,4.32,0.7711356597650745,36.833333333333336,36.86416507486189,6.0,1.1952286093343936,52.666666666666664,44.0,57.0,DDD_2014J
group1,M,South East Region,Lower Than A Level,40-50%,0-35,60,-80.0,0.0,1.0,3.231707317073171,3.4076847811380855,2.746987951807229,0.8068029844450558,4.357142857142857,4.679073436375679,3.0697674418604652,0.7348094335140691,9.037037037037036,10.124158014302992,2.607142857142857,0.6902532979366641,57.666666666666664,0.0,55.5,DDD_2014J
group3,F,Wales,Lower Than A Level,70-80%,0-35,60,-74.0,0.6666666666666666,1.0,2.032520325203252,1.8507196621925543,3.8629032258064515,0.828689063180279,3.0120481927710845,3.437575634302695,4.940476190476191,0.9848644088933134,5.714285714285714,7.255899918252276,12.186046511627907,4.059935882006551,84.33333333333333,85.0,92.0,DDD_2014J
group1,F,East Midlands Region,A Level or Equivalent,0-10%,0-35,60,-160.0,0.0,1.0,2.5841584158415842,2.9875318466341847,4.686274509803922,0.8798159376268246,3.9833333333333334,3.868568108362517,2.6721311475409837,0.950425361032495,7.53125,10.503407665164918,3.6363636363636362,1.2895412621031817,62.666666666666664,65.0,68.5,DDD_2014J
group1,M,South West Region,Lower Than A Level,10-20,0-35,150,-161.0,0.0,1.0,2.216,2.3609183560366866,4.642857142857143,0.9095446838319251,3.2823529411764705,4.989540881412128,5.27906976744186,0.72716587314578,3.3037974683544302,4.004338769896483,5.8125,0.7319888030673232,55.0,35.0,72.0,DDD_2014J
group3,F,South Region,Lower Than A Level,90-100%,0-35,120,-32.0,0.0,1.0,5.5,8.39199213029264,3.5918367346938775,0.7669402284725888,6.575,9.125583929331977,2.4878048780487805,0.7164245453507887,14.176470588235293,17.589895160708203,7.777777777777778,1.1048132171991605,93.33333333333333,81.0,88.0,DDD_2014J
group3,M,East Midlands Region,A Level or Equivalent,90-100%,35-55,60,-102.0,0.0,1.0,1.8993288590604027,1.7153715476614364,6.533333333333333,0.9020084951269213,2.5288461538461537,2.6910738130649086,4.933333333333334,0.8900765426050228,2.4017857142857144,2.271879887656526,11.353982300884956,0.8763663681228275,94.33333333333333,96.0,90.0,DDD_2014J
group1,F,East Anglian Region,Lower Than A Level,0-10%,0-35,120,-162.0,0.0,1.0,2.330508474576271,2.0839438479637664,4.857142857142857,0.796836304949651,3.676056338028169,3.756041411179458,3.861111111111111,1.5761636029701944,3.3205128205128207,3.872961851068701,6.949367088607595,1.0777825646905654,65.0,62.0,56.5,DDD_2014J
group1,F,London Region,A Level or Equivalent,20-30%,0-35,90,-162.0,0.0,1.0,1.2016806722689075,0.8326646964749161,9.376569037656903,0.9366302221073972,2.015267175572519,1.7408430001424708,5.409090909090909,1.9369641565662061,1.2105263157894737,0.8600141809150087,14.991266375545852,0.8720535518227839,77.66666666666667,62.0,77.0,DDD_2014J
group3,F,South East Region,Lower Than A Level,90-100%,0-35,60,-155.0,0.6666666666666666,1.0,1.9338235294117647,1.9252790307914405,4.08029197080292,0.930796581451814,3.909090909090909,3.9133981799307507,3.91044776119403,1.0683887217187213,3.272727272727273,4.287792842957184,5.128205128205129,0.7136525765384722,92.66666666666667,89.0,92.5,DDD_2014J
group3,M,South East Region,A Level or Equivalent,30-40%,0-35,60,-162.0,0.0,1.0,2.2093023255813953,2.5850363228971607,5.584615384615384,1.0055511520168683,3.7857142857142856,4.376792741242491,6.450704225352113,1.2027060251599657,2.3839285714285716,2.990210862775568,12.044247787610619,0.8178638887580191,91.66666666666667,86.0,94.0,DDD_2014J
group3,F,South Region,A Level or Equivalent,90-100%,35-55,60,-119.0,0.0,1.0,1.2843601895734598,0.9974691512728182,9.471698113207546,0.8780376212239964,2.409090909090909,2.3512458323486256,3.828828828828829,1.0446316878794166,1.0940170940170941,0.38161405537557,33.42978723404255,0.7190450521185454,93.33333333333333,90.0,97.0,DDD_2014J
group3,M,South East Region,A Level or Equivalent,30-40%,0-35,90,-88.0,0.0,1.0,1.6494252873563218,1.4011039052637364,4.514285714285714,1.0130141779479702,3.2613636363636362,4.295130410774397,5.157303370786517,1.7052826320550645,3.828125,5.478832825245184,4.046153846153846,0.7760380823914172,91.66666666666667,88.0,99.5,DDD_2014J
group1,F,Yorkshire Region,A Level or Equivalent,10-20,0-35,90,-136.0,0.0,1.0,3.0,4.813773342514524,4.123595505617978,0.9043284346199505,9.777777777777779,15.026472366955318,2.9642857142857144,1.4411068954269255,5.744186046511628,18.13060162799718,11.522727272727273,0.8849380099883831,83.33333333333333,26.0,87.0,DDD_2014J
group3,F,East Anglian Region,A Level or Equivalent,80-90%,0-35,60,-29.0,0.0,1.0,1.5683060109289617,1.1834392393846498,8.896739130434783,1.0843029588623037,2.9072164948453607,3.369849385317552,3.642857142857143,1.4205878969945065,1.7581699346405228,1.5262016137028145,11.603896103896103,1.0467620698072566,80.0,63.0,77.0,DDD_2014J
group1,M,East Midlands Region,HE Qualification,70-80%,35-55,120,-151.0,0.16666666666666666,1.0,3.310810810810811,3.835399911908155,3.1466666666666665,1.1306812563311368,7.96,13.233417296123225,8.423076923076923,1.6566031323136161,5.571428571428571,4.613644360558612,2.0,0.5,71.66666666666667,46.0,54.0,DDD_2014J
group3,M,Scotland,A Level or Equivalent,70-80%,0-35,60,-77.0,0.0,1.0,2.1203007518796992,2.0001423963890077,6.567164179104478,1.1727977427734695,3.7183098591549295,3.4648566187260887,4.666666666666667,1.1406228159050935,2.2796610169491527,2.2067712161317665,7.663865546218488,0.8687034362791133,88.33333333333333,87.0,98.0,DDD_2014J
group3,M,London Region,A Level or Equivalent,0-10%,0-35,60,-57.0,0.0,1.0,3.369047619047619,3.8551475895825495,4.694117647058824,0.8521450684262071,4.178571428571429,3.7808471530604346,3.0701754385964914,0.994811027075915,7.121212121212121,7.801272235017087,4.382352941176471,0.7194993980619719,91.0,93.0,98.5,DDD_2014J
group1,M,South East Region,A Level or Equivalent,50-60%,0-35,120,-49.0,0.0,1.0,3.1058823529411765,4.705679267326532,3.127906976744186,1.0001105506809156,6.769230769230769,8.910258837464111,4.875,0.8422598823413765,3.8,7.049379405309378,6.166666666666667,0.7769762829280471,83.33333333333333,70.0,88.5,DDD_2014J
group1,M,London Region,Lower Than A Level,30-40%,0-35,120,-161.0,0.0,1.0,4.377049180327869,5.046992287248019,4.483870967741935,1.1648901669162677,9.481481481481481,6.930259015974079,5.25,0.8296810148061543,8.0,9.90993928093024,6.32258064516129,1.1222634354993897,59.333333333333336,32.0,40.5,DDD_2014J
group3,F,South West Region,A Level or Equivalent,70-80%,0-35,120,-30.0,0.0,1.0,2.062015503875969,2.769115207247209,3.9846153846153847,1.1800026252068248,4.607843137254902,5.261476718080389,4.134615384615385,1.1511886302009535,2.9058823529411764,4.6023377326139405,6.755813953488372,0.9706195528228798,95.0,90.0,86.0,DDD_2014J
group1,F,Scotland,Lower Than A Level,20-30%,0-35,120,-51.0,0.16666666666666666,1.0,4.491525423728813,4.94930465807879,5.15,1.1735531018387404,9.464285714285714,11.153747561070436,7.689655172413793,0.9170814730880156,13.368421052631579,20.467346694228695,8.45,0.8985319617495497,46.666666666666664,33.0,39.5,DDD_2014J
group3,M,East Anglian Region,Lower Than A Level,70-80%,0-35,60,-162.0,0.0,1.0,1.8461538461538463,1.3906513435305312,5.479166666666667,1.270661904978154,2.933333333333333,2.9596537908677347,3.7142857142857144,1.1781464809745352,3.289473684210526,3.4556843585554673,6.337662337662338,0.7938821858564127,81.66666666666667,60.0,81.0,DDD_2014J
group1,M,Scotland,HE Qualification,30-40%,0-35,60,-150.0,0.0,1.0,3.4125,3.451999053933015,3.814814814814815,0.8492787467428753,7.088235294117647,7.817492611498766,2.6285714285714286,0.6240304388872749,4.821428571428571,5.243548912216343,5.894736842105263,0.8241737255773037,66.0,62.0,51.0,DDD_2014J
group3,M,South East Region,Lower Than A Level,90-100%,35-55,60,-157.0,0.0,1.0,2.5980392156862746,2.153789218667162,4.883495145631068,1.0836613225856813,5.456521739130435,5.119490086323183,7.829787234042553,1.4186136034049563,7.264705882352941,12.976222599091633,4.542857142857143,1.0180911706420261,79.33333333333333,82.0,86.0,DDD_2014J
group3,M,South West Region,Lower Than A Level,70-80%,0-35,110,-86.0,0.5,1.0,2.226890756302521,2.0395952356418205,4.333333333333333,1.0705857490896498,4.241935483870968,7.612942999295576,4.412698412698413,1.486112236412286,2.556701030927835,2.8135426665984222,5.928571428571429,1.064953928074576,98.33333333333333,90.0,98.0,DDD_2014J
group3,M,West Midlands Region,A Level or Equivalent,30-40%,0-35,60,-156.0,0.0,1.0,2.2283464566929134,1.7005553545638432,4.0390625,1.1134329899268476,5.553191489361702,7.923022344486373,4.604166666666667,1.5773044326814027,10.52,13.197600792063179,4.1923076923076925,0.8183671368293095,90.0,85.0,93.5,DDD_2014J
group3,F,South East Region,HE Qualification,80-90%,35-55,60,-136.0,0.0,1.0,2.036764705882353,2.209099324545653,4.5036496350364965,0.8492799435325179,3.2588235294117647,3.861140163390153,3.1744186046511627,0.7367374052676204,3.0240963855421685,4.383939378960595,6.226190476190476,0.8833134664065849,80.0,77.0,86.5,DDD_2014J
group3,F,East Anglian Region,A Level or Equivalent,70-80%,0-35,120,-66.0,0.0,1.0,3.7714285714285714,2.983876617545883,4.76056338028169,1.0742619439104735,7.257142857142857,6.400105041154804,4.055555555555555,0.8889344976935685,10.608695652173912,9.40859921191432,7.916666666666667,1.1356231281532954,87.66666666666667,94.0,91.5,DDD_2014J
group1,M,South East Region,A Level or Equivalent,30-40%,0-35,150,-93.0,0.5,1.0,3.8656716417910446,4.173856302749511,4.044117647058823,0.9876660860435886,6.425,5.367936623111677,6.121951219512195,0.9848457302356018,7.2727272727272725,10.013343370450523,3.823529411764706,0.8521466107154603,66.66666666666667,31.0,31.5,DDD_2014J
group1,M,South West Region,A Level or Equivalent,10-20,0-35,120,-53.0,0.16666666666666666,1.0,5.0,5.239708527632569,3.473684210526316,1.2119318033831044,11.95,10.757983571576775,4.666666666666667,0.7314269770390784,22.1,27.261898523600866,7.7272727272727275,1.2377007369258737,31.0,52.0,41.5,DDD_2014J
group1,M,West Midlands Region,A Level or Equivalent,40-50%,0-35,90,-106.0,0.0,1.0,5.925,5.658610412006802,3.5609756097560976,1.5469144343554087,10.727272727272727,10.287217302402036,3.782608695652174,0.908991214701956,78.33333333333333,121.0385613485774,10.0,0.744983221287567,57.666666666666664,53.0,49.0,DDD_2014J
group3,M,London Region,HE Qualification,80-90%,55<=,60,-29.0,0.0,1.0,1.2222222222222223,0.9638185065122321,9.340425531914894,1.0403176846070432,2.860215053763441,3.8662176715342813,4.446808510638298,1.0479342778880016,1.1452991452991452,0.7088037103652831,22.31063829787234,0.666535716815794,91.0,89.0,98.5,DDD_2014J
group1,F,South East Region,A Level or Equivalent,50-60%,0-35,90,-136.0,0.0,1.0,1.103846153846154,0.43137632768330725,7.567049808429119,0.9462696475074868,5.384615384615385,5.814632813095873,6.339622641509434,1.24238753443291,1.139917695473251,0.4947776792415549,7.885245901639344,0.9444597770062254,84.33333333333333,63.0,82.5,DDD_2014J
group1,F,East Midlands Region,A Level or Equivalent,90-100%,0-35,60,-149.0,0.0,1.0,2.4956521739130433,2.845044670334962,4.068965517241379,0.9401242835317399,4.09375,4.930368317482148,4.092307692307692,1.0942626834009248,4.469387755102041,3.379484926338175,5.02,1.1391148221554828,87.66666666666667,93.0,90.0,DDD_2014J
group1,F,East Midlands Region,A Level or Equivalent,40-50%,0-35,60,-162.0,0.0,1.0,2.5765765765765765,3.4864661701279074,3.6517857142857144,1.0502382304715523,4.061538461538461,5.849350720050375,3.303030303030303,0.7600295911205301,7.0,9.396969208368743,4.942857142857143,0.8850917184460676,84.33333333333333,43.0,70.0,DDD_2014J
group3,M,South Region,A Level or Equivalent,90-100%,0-35,60,-81.0,0.0,1.0,2.234782608695652,1.793411112165515,4.732758620689655,0.9900266092140831,3.2025316455696204,4.010817893555849,6.5625,1.2844014461335413,4.980392156862745,6.249768623168162,5.826923076923077,0.8173299143904558,94.33333333333333,84.0,94.5,DDD_2014J
group1,F,North Region,Lower Than A Level,0-10%,0-35,120,-88.0,0.16666666666666666,1.0,3.0941176470588236,3.4902023730783887,4.372093023255814,1.0863572264867867,4.368421052631579,5.699722984958406,5.551724137931035,1.8314768135006498,16.928571428571427,20.59299464797261,2.8666666666666667,1.102139126611422,61.0,50.0,56.0,DDD_2014J
group1,F,North Western Region,A Level or Equivalent,70-80%,0-35,120,-127.0,0.0,1.0,4.135593220338983,4.599316392677639,3.25,0.8512666047409236,8.413793103448276,7.849100227684474,4.866666666666666,1.4843273299522701,11.9,25.32920095566837,10.80952380952381,1.3134699401158303,71.0,18.0,71.0,DDD_2014J
group3,M,West Midlands Region,A Level or Equivalent,0-10%,0-35,120,-162.0,0.0,1.0,2.2764227642276422,2.077596392619386,3.596774193548387,1.0996609284383225,3.6619718309859155,5.7019887807972784,5.736111111111111,0.7807243136672426,15.125,27.227131076679136,2.7058823529411766,1.0279643841336426,90.0,85.0,88.5,DDD_2014J
group3,F,Scotland,HE Qualification,50-60%,0-35,60,-45.0,0.16666666666666666,1.0,1.9496402877697843,1.6520682733514402,5.714285714285714,0.997496867163,3.7285714285714286,3.95232981582824,2.732394366197183,1.0036070560569867,2.0901639344262297,1.9069429403792026,14.552845528455284,0.8575890293310588,90.0,87.0,93.5,DDD_2014J
group1,F,South West Region,A Level or Equivalent,30-40%,0-35,60,-122.0,0.0,1.0,5.375,5.7376138564700785,3.9183673469387754,0.9392345065708209,7.636363636363637,8.91914437396527,3.8529411764705883,0.8089082136473649,21.272727272727273,30.584606942352252,1.8333333333333333,0.7660136157433053,75.0,76.0,83.0,DDD_2014J
group3,F,East Midlands Region,A Level or Equivalent,20-30%,0-35,90,-99.0,0.3333333333333333,1.0,2.702970297029703,2.5633749411876736,5.813725490196078,0.8279795165141711,4.016949152542373,4.5844246261163875,5.366666666666666,0.8619676969795121,4.278688524590164,5.301355636504633,7.064516129032258,0.8158834803487406,79.33333333333333,84.0,85.0,DDD_2014J
group3,M,East Midlands Region,A Level or Equivalent,60-70%,0-35,60,-162.0,0.0,1.0,1.1370967741935485,0.7827562370426876,5.887550200803213,1.005989537283671,4.222222222222222,4.513222310859519,3.15625,1.0330771069912037,1.123404255319149,0.582586615825561,10.38135593220339,0.982255222832729,81.0,76.0,91.5,DDD_2014J
group1,M,South West Region,Lower Than A Level,80-90%,0-35,120,-53.0,0.16666666666666666,1.0,4.696428571428571,3.7266589611858785,2.0350877192982457,0.7532134882345786,9.761904761904763,8.887658645024358,2.5,0.731126155013931,2.0381679389312977,1.6048224447806907,3.7954545454545454,1.130331056028245,47.666666666666664,52.0,41.0,DDD_2014J
group3,M,Scotland,A Level or Equivalent,10-20,35-55,60,-122.0,0.0,1.0,2.5,3.0224386073393004,4.513274336283186,1.0859063579442567,5.680851063829787,7.457433941985335,5.125,1.1547863992960805,4.229508196721311,4.961160625710315,8.64516129032258,0.9351389478896185,82.66666666666667,84.0,93.5,DDD_2014J
group1,M,Yorkshire Region,A Level or Equivalent,0-10%,0-35,120,-157.0,0.16666666666666666,1.0,2.4766355140186915,2.254328308080624,6.907407407407407,1.200069597657816,3.953846153846154,4.266258494097789,5.363636363636363,0.9404361678340389,3.4166666666666665,3.09360995201581,8.301369863013699,1.3846762677608133,71.0,61.0,90.5,DDD_2014J
group1,F,Scotland,A Level or Equivalent,80-90%,0-35,60,-122.0,0.0,1.0,2.5238095238095237,2.6497287165033088,4.679245283018868,0.9021901464512889,3.1176470588235294,3.0331963523723315,5.244186046511628,0.8178212029547532,14.25,15.03551351523009,2.7058823529411766,0.5342698142367177,84.33333333333333,99.0,93.0,DDD_2014J
group1,F,Scotland,A Level or Equivalent,70-80%,0-35,90,-56.0,0.0,1.0,5.408163265306122,7.913380986623592,3.64,0.9433283486596048,14.6,15.216532362626419,3.3125,0.5915628455317314,5.611111111111111,6.243981228935716,10.216216216216216,0.6166121312641851,50.0,44.0,43.5,DDD_2014J
group3,M,South West Region,A Level or Equivalent,50-60%,0-35,120,-120.0,0.0,1.0,3.3846153846153846,4.679967724471815,3.5316455696202533,0.9858650819406417,7.285714285714286,10.080766277396565,10.277777777777779,2.1021885010129537,9.52,18.741931597356768,4.423076923076923,0.611731559546489,100.0,91.0,84.5,DDD_2014J
group3,M,East Anglian Region,HE Qualification,20-30%,0-35,60,-58.0,0.0,1.0,3.207792207792208,2.691788988062451,4.769230769230769,1.1410269151466774,8.482758620689655,10.10523446273257,5.066666666666666,0.8168499050088819,8.379310344827585,8.347000287115332,9.733333333333333,0.7944614999314534,91.66666666666667,83.0,93.0,DDD_2014J
group3,M,South West Region,A Level or Equivalent,60-70%,0-35,90,-98.0,0.0,0.6666666666666666,4.4363636363636365,6.419771648078147,3.2857142857142856,0.9161438045958904,5.525,7.6560266189286175,4.853658536585366,0.8664517399784446,21.666666666666668,47.496092343252705,3.6923076923076925,0.7833998198734652,50.0,66.0,68.5,DDD_2014J
group3,M,East Midlands Region,A Level or Equivalent,0-10%,0-35,60,-148.0,0.0,0.8333333333333334,8.655172413793103,9.193459872838817,4.5,1.0179459670186564,12.923076923076923,13.756583505492552,3.0714285714285716,0.6449034708773045,29.125,41.40199270566575,2.7777777777777777,0.7919595949289332,74.0,28.0,82.0,DDD_2014J
group3,M,Yorkshire Region,A Level or Equivalent,0-10%,0-35,60,-130.0,0.0,1.0,4.327868852459017,5.596788696730206,4.564516129032258,1.3294909194718985,8.387096774193548,10.635404456671557,6.625,1.3425426586581295,7.935483870967742,13.952145555125128,6.84375,0.7827155334241312,84.33333333333333,73.0,87.5,DDD_2014J
group1,M,Yorkshire Region,A Level or Equivalent,80-90%,0-35,60,-65.0,0.0,0.8333333333333334,5.531914893617022,6.124970501543118,2.4166666666666665,1.3270263037857837,8.96551724137931,10.520329838055355,4.233333333333333,1.0802334626406773,29.5,27.577164466275352,6.333333333333333,0.7443229275647869,77.5,49.0,54.0,DDD_2014J
group1,F,West Midlands Region,A Level or Equivalent,70-80%,0-35,120,-122.0,0.0,1.0,5.074074074074074,5.592622673823793,5.4363636363636365,1.0243290527897606,8.1,11.436028970787442,6.032258064516129,0.8224174728113133,8.517241379310345,13.603100197211276,14.133333333333333,1.048146748100464,91.66666666666667,36.0,66.5,DDD_2014J
group1,M,Scotland,Lower Than A Level,70-80%,0-35,120,-99.0,0.0,1.0,5.076923076923077,5.830434530761512,4.6415094339622645,1.0646371729997302,7.764705882352941,10.374966443259094,3.742857142857143,0.8624265186258686,9.791666666666666,13.60300211963031,7.28,0.9512955212232591,71.0,47.0,68.5,DDD_2014J
group3,M,Wales,A Level or Equivalent,70-80%,0-35,60,-156.0,0.0,1.0,1.6149425287356323,1.4648110403602232,7.074285714285714,0.8438254638256856,3.955223880597015,3.921320262441363,5.470588235294118,1.1988644567519227,1.7215189873417722,1.5387703657435978,18.9811320754717,0.7439014754118827,89.33333333333333,90.0,90.5,DDD_2014J
group3,M,Wales,HE Qualification,90-100%,0-35,60,-155.0,0.16666666666666666,1.0,4.225806451612903,3.9147445317428007,4.936507936507937,1.1321250718798912,5.658536585365853,5.973314641376096,3.5476190476190474,1.0314848921986723,6.722222222222222,6.5185936744104165,11.405405405405405,1.2413669447294575,82.66666666666667,85.0,88.5,DDD_2014J
group1,M,South East Region,A Level or Equivalent,80-90%,0-35,60,-155.0,0.3333333333333333,1.0,9.137931034482758,8.971081070110918,5.633333333333334,1.355391285282859,10.192307692307692,10.943561507184874,4.481481481481482,0.8466941140407072,39.8,84.52632725961776,8.0,0.7772815877574012,86.0,78.0,86.0,DDD_2014J
group3,M,West Midlands Region,A Level or Equivalent,30-40%,0-35,70,-22.0,0.6666666666666666,1.0,6.4186046511627906,6.652004918459992,4.25,0.8168175687063434,8.0625,10.450922169528793,4.333333333333333,1.1952929017746292,15.9375,15.968588958744393,8.058823529411764,0.8192109691444204,86.66666666666667,85.0,82.0,DDD_2014J
group3,M,South Region,A Level or Equivalent,10-20,0-35,90,-150.0,0.0,1.0,2.439252336448598,2.236817019588739,3.6296296296296298,1.012700481743055,5.122448979591836,6.14963634785703,2.6,0.8770580193070292,6.605263157894737,9.741356456087209,7.0,1.0705124288314332,88.33333333333333,93.0,95.5,DDD_2014J
group1,M,South West Region,Lower Than A Level,70-80%,35-55,120,-142.0,0.16666666666666666,1.0,2.6373626373626373,2.2435907901619747,4.130434782608695,1.0542356199551748,2.971014492753623,2.4672622031714897,5.414285714285715,0.9630028536508506,11.9,23.523560417947834,2.5714285714285716,0.9493337494797256,77.66666666666667,63.0,63.5,DDD_2014J
group1,F,West Midlands Region,Lower Than A Level,60-70%,0-35,120,-140.0,0.3333333333333333,1.0,3.7971014492753623,3.9689223242622518,5.442857142857143,1.0037405671294568,4.943396226415095,6.118745140139888,4.981481481481482,0.8981600357475981,6.230769230769231,6.200430963211722,6.4,0.9598889095879793,78.33333333333333,71.0,66.0,DDD_2014J
group1,M,South Region,Lower Than A Level,80-90%,0-35,90,-127.0,0.0,1.0,8.714285714285714,6.770618128448084,2.7586206896551726,0.8810505093353047,13.055555555555555,11.52221497406192,3.736842105263158,1.4129505581954311,70.0,28.35489375751565,1.25,0.34641016151377546,58.333333333333336,47.0,29.5,DDD_2014J
group3,F,London Region,A Level or Equivalent,10-20,0-35,120,-36.0,0.0,1.0,2.0763358778625953,1.8128529178350012,4.4772727272727275,0.8973962735629395,3.3974358974358974,4.109980704570446,3.240506329113924,1.0970652879814173,3.141025641025641,2.7573955289784062,5.784810126582278,0.8966268390378834,79.33333333333333,42.0,90.0,DDD_2014J
group1,M,East Midlands Region,A Level or Equivalent,10-20,0-35,60,-134.0,0.3333333333333333,1.0,11.80952380952381,11.338514221973915,2.909090909090909,0.8220591523728691,14.76923076923077,13.386273106892288,3.357142857142857,0.47241709172711743,16.785714285714285,26.080286016094963,4.266666666666667,0.8318019783878855,72.66666666666667,21.0,38.5,DDD_2014J
group1,M,West Midlands Region,Lower Than A Level,40-50%,0-35,60,-151.0,0.0,1.0,6.82051282051282,5.83037326092193,2.5,0.8390470785361213,8.333333333333334,7.630908807656478,6.285714285714286,0.804333562235745,46.6,94.18227009368589,1.6666666666666667,0.8944271909999157,40.0,28.0,51.5,DDD_2014J
group3,M,South Region,HE Qualification,90-100%,0-35,60,-45.0,0.0,1.0,4.076923076923077,4.641213783550094,5.9393939393939394,1.0835922756776977,6.805555555555555,7.359423286583747,5.891891891891892,1.9164762118578336,6.275,12.67945541983526,7.146341463414634,0.7231952252702079,88.33333333333333,91.0,91.5,DDD_2014J
group1,M,Wales,Lower Than A Level,30-40%,35-55,180,-52.0,0.0,1.0,6.725,7.629186534584613,3.292682926829268,0.6546237361566134,10.76,12.29932247456474,3.923076923076923,1.0996137170831335,27.444444444444443,48.93391234898123,4.3,0.40347329239296453,82.66666666666667,57.0,60.0,DDD_2014J
group3,M,London Region,HE Qualification,50-60%,55<=,120,-91.0,0.0,1.0,1.3694581280788178,1.1631525963290343,12.303921568627452,1.0195022175896877,4.962264150943396,5.484110839335143,3.685185185185185,1.1343546338524573,1.3957219251336899,1.2019620553385593,19.22872340425532,0.9401722141458004,93.33333333333333,95.0,97.0,DDD_2014J
group1,F,South East Region,A Level or Equivalent,60-70%,0-35,120,-116.0,0.0,1.0,3.6805555555555554,3.6068260358947364,4.493150684931507,1.1690791181665234,8.030303030303031,10.153462612838194,2.911764705882353,1.6351473219914638,6.175,5.387009541004341,4.2682926829268295,0.7114228341707846,76.66666666666667,55.0,73.0,DDD_2014J
group1,F,East Midlands Region,Lower Than A Level,90-100%,0-35,60,-85.0,0.6,0.8333333333333334,3.1951219512195124,3.683258837491148,3.746987951807229,0.9018017230757966,3.9545454545454546,3.947469757011126,3.8059701492537314,1.052194206874929,7.085714285714285,13.565465297567048,4.833333333333333,0.9011816789911711,66.66666666666667,33.0,69.0,DDD_2014J
group3,M,Scotland,A Level or Equivalent,20-30%,35-55,60,-98.0,0.0,1.0,2.519607843137255,2.132865836468276,6.29126213592233,0.8357133366044301,4.3559322033898304,5.448070559648672,5.916666666666667,1.012342008411997,2.6236559139784945,2.4357570847623697,12.03191489361702,0.942763020732239,92.66666666666667,83.0,92.5,DDD_2014J
group1,F,North Western Region,A Level or Equivalent,50-60%,35-55,60,-127.0,0.16666666666666666,1.0,3.56,4.26246978272558,9.5,0.8535407758014134,5.0588235294117645,5.822067552702844,7.134615384615385,0.7512966392661576,4.754716981132075,5.80750727797603,18.11111111111111,0.8649436496276081,66.66666666666667,40.0,64.0,DDD_2014J
group1,F,London Region,Lower Than A Level,70-80%,0-35,60,-144.0,0.16666666666666666,1.0,5.32,6.51666623171006,4.313725490196078,1.3053133628392117,9.461538461538462,9.420109422849691,6.62962962962963,0.8354523997287204,7.0,9.673456340716982,6.428571428571429,0.8275503043155985,64.33333333333333,63.0,58.0,DDD_2014J
group3,M,North Western Region,HE Qualification,40-50%,35-55,60,-144.0,0.0,1.0,1.3571428571428572,1.0631142428590576,13.592417061611375,0.9424191481460744,2.9375,3.7858809723553253,5.907216494845361,1.3269678007125847,1.5864197530864197,1.3264863301985692,22.736196319018404,0.8613562020511194,85.0,71.0,94.5,DDD_2014J
group3,M,London Region,HE Qualification,0-10%,0-35,60,-142.0,0.0,1.0,2.617021276595745,2.0950858169028783,5.88421052631579,0.8951589353957166,5.868421052631579,4.971111424107909,3.1794871794871793,0.8453521084760427,2.9878048780487805,2.301335642455305,9.493975903614459,0.8352105082302972,84.33333333333333,72.0,94.0,DDD_2014J
group1,F,South Region,Lower Than A Level,70-80%,0-35,180,-60.0,0.3333333333333333,1.0,6.138888888888889,5.367376468884045,2.918918918918919,1.130312483348617,11.470588235294118,11.20891189555672,4.055555555555555,1.5276890193732755,29.0,16.512621435334445,4.375,0.6458659745975608,61.666666666666664,39.0,44.5,DDD_2014J
