score,gender,region,highest_education,imd_band,age_band,studied_credits,late_ratio,completion_ratio,homepage_mean_click_interval,homepage_std_click_interval,homepage_mean_clicks,homepage_click_variance,input_mean_click_interval,input_std_click_interval,input_mean_clicks,input_click_variance,output_mean_click_interval,output_std_click_interval,output_mean_clicks,output_click_variance,early_score,late_score,mid_score,module_presentation
group1,F,North Western Region,A Level or Equivalent,10-20,0-35,90,0.75,1.0,1.505813953488372,1.1622577998251742,4.219653179190751,1.125734055047945,4.203389830508475,5.050707226056868,10.916666666666666,4.241471697777095,2.098360655737705,2.2431155873636883,11.926829268292684,0.9967278205600298,51.666666666666664,27.5,19.0,CCC2014B
group3,M,East Midlands Region,Lower Than A Level,60-70%,0-35,30,0.5,1.0,4.754716981132075,5.40976915609216,4.333333333333333,0.8611720832690598,6.243243243243243,9.08724810259289,16.473684210526315,1.027498092367385,9.625,12.6930741128689,22.84,1.2142729239003638,47.0,66.5,60.0,CCC2014B
group1,M,South East Region,HE Qualification,90-100%,35-55,60,0.5,1.0,1.446927374301676,1.055339047857053,3.7,0.7161453871714306,2.949367088607595,3.08801958849081,6.7375,1.0781743164268236,1.6830985915492958,1.1321837200853802,23.944055944055943,1.8643759538044369,65.33333333333333,55.0,67.0,CCC2014B
group3,M,East Anglian Region,Lower Than A Level,50-60%,0-35,60,0.875,1.0,2.466666666666667,3.684861615882627,4.132075471698113,0.9455583573529368,3.4166666666666665,5.491991608786917,7.328767123287672,1.3680429888550296,3.96923076923077,6.351597315757545,31.939393939393938,1.8187333636649567,93.33333333333331,88.5,94.0,CCC2014B
group3,M,London Region,A Level or Equivalent,30-40%,0-35,90,0.6666666666666666,0.75,2.1880341880341883,1.437980048370198,2.7288135593220337,0.8286282305206146,4.183333333333334,3.67995793392808,3.377049180327869,1.2599308594411662,3.8484848484848486,3.0896473497667567,11.432835820895525,1.6439686070352593,91.5,75.5,76.0,CCC2014B
group3,M,Scotland,Post Graduate Qualification,80-90%,35-55,60,0.5,1.0,5.95,7.455681021018768,2.8536585365853657,0.9401709401709402,5.042553191489362,5.985335146653137,6.979166666666667,1.3237552314062555,11.77777777777778,16.972488311297322,21.42105263157895,0.7141640180476605,72.66666666666667,70.0,78.33333333333333,CCC2014B
group1,M,South Region,HE Qualification,40-50%,35-55,60,0.75,1.0,3.436619718309859,3.504007478653946,3.7083333333333335,1.1221901323279877,4.851063829787234,6.30382466169566,15.854166666666666,1.844288869521959,6.833333333333333,10.648241989702544,37.67741935483871,1.0634271643735482,80.66666666666667,65.0,75.33333333333333,CCC2014B
group1,F,South Region,A Level or Equivalent,10-20,0-35,120,1.0,0.5,4.046875,3.4934391455258047,2.230769230769231,0.8497044320695967,8.1,10.273333407922904,6.870967741935484,2.159889757122298,11.166666666666666,18.359962834769508,26.68421052631579,0.847189979079679,78.0,61.0,88.0,CCC2014B
group1,M,East Midlands Region,HE Qualification,90-100%,35-55,60,0.8333333333333334,0.75,6.742857142857143,6.6081182564143255,2.8055555555555554,0.791769741525733,6.892857142857143,7.0780792839022615,4.655172413793103,0.8579172150468831,14.533333333333331,14.865428092757783,19.3125,0.7683954738241919,65.33333333333333,40.5,67.0,CCC2014B
group1,M,East Anglian Region,A Level or Equivalent,50-60%,0-35,60,0.7142857142857143,0.875,5.266666666666667,7.059487491055115,2.0217391304347827,0.8960931892473403,8.321428571428571,11.822933055369385,4.0344827586206895,0.955508155942564,11.444444444444445,15.170490791324887,16.68421052631579,1.2320378987645946,63.333333333333336,51.0,62.5,CCC2014B
group3,M,London Region,HE Qualification,0-10%,0-35,30,0.6666666666666666,0.75,2.234234234234234,1.9162223962547436,3.392857142857143,0.9197735479461154,2.752808988764045,2.642660930321095,5.266666666666667,0.83860162405326,5.239130434782608,6.64056484414356,34.808510638297875,1.1500094282521496,100.0,89.0,100.0,CCC2014B
group1,F,West Midlands Region,A Level or Equivalent,0-10%,35-55,120,0.875,1.0,4.0,4.4472213547087796,2.707692307692308,1.2838143306324283,6.078947368421052,6.999542760925167,6.564102564102564,1.021542257561759,8.444444444444445,9.625020812498311,16.714285714285715,1.0740532920219996,55.333333333333336,48.0,41.0,CCC2014B
group3,M,Scotland,A Level or Equivalent,10-20,35-55,60,0.5,1.0,2.016949152542373,2.2531385549539085,2.411764705882353,0.8757228193675265,2.38,2.7183625493106964,26.06930693069307,1.7704392232850286,3.0,3.3082388735465345,19.25675675675676,1.0562382655550089,79.66666666666667,69.0,80.0,CCC2014B
group3,M,South West Region,A Level or Equivalent,50-60%,0-35,60,0.5,1.0,8.0,10.43293601275086,3.4285714285714284,0.5855612217731332,8.307692307692308,10.6612165563569,4.444444444444445,0.7097534783289196,21.6,26.97818048390629,42.09090909090909,1.0517404970946358,90.66666666666669,88.0,90.0,CCC2014B
group1,M,West Midlands Region,Lower Than A Level,0-10%,35-55,60,1.0,0.5,2.727272727272727,3.164920048479998,6.191011235955056,0.9276905807100576,3.3194444444444446,4.420905486528046,18.95890410958904,0.9933034493331574,7.181818181818182,8.029066514291003,31.029411764705884,1.1089662568767855,74.5,85.0,75.0,CCC2014B
group3,M,East Midlands Region,A Level or Equivalent,20-30%,0-35,120,0.5,1.0,2.86046511627907,2.3771599005717845,2.413793103448276,0.8106434833777776,4.52,4.585870046308841,3.019607843137255,0.8588137983046982,8.571428571428571,8.685571566635868,19.13793103448276,1.5878996218252517,85.66666666666667,88.0,89.33333333333333,CCC2014B
group3,M,London Region,A Level or Equivalent,10-20,0-35,30,0.5,1.0,2.0483870967741935,1.7337155865702736,3.712,1.2417122697629692,2.2777777777777777,2.045434091593508,7.2110091743119265,1.6145143437718874,3.2465753424657535,4.751551857369595,44.21621621621622,1.4638069014877295,97.33333333333331,96.5,97.0,CCC2014B
group3,M,South East Region,A Level or Equivalent,70-80%,0-35,30,0.5,1.0,2.55,2.12429429755537,2.5742574257425743,0.9037725010907396,3.5671641791044775,3.8226750929913216,6.617647058823529,1.2584372044448084,6.057142857142857,7.18226106108514,29.86111111111111,1.5095616647511678,98.66666666666669,96.0,97.33333333333331,CCC2014B
group1,F,London Region,A Level or Equivalent,30-40%,0-35,90,0.5,1.0,3.0375,2.762514677204839,2.259259259259259,0.7418825245235908,4.2631578947368425,4.9516458872259035,4.258620689655173,0.8210642102849652,10.947368421052632,19.20206494743766,24.0,0.8691271163900276,60.0,52.0,61.333333333333336,CCC2014B
group1,F,London Region,Lower Than A Level,30-40%,35-55,60,1.0,0.5,3.4166666666666665,3.721842645257365,3.6164383561643834,0.822100604015184,4.0,5.042194840896107,4.0,1.0986205956174109,7.5,10.75350784788307,26.93548387096774,1.2890756722475696,77.0,35.0,73.0,CCC2014B
group3,M,Scotland,HE Qualification,90-100%,35-55,30,0.5,1.0,1.4153005464480874,1.0441810463359182,7.7228260869565215,0.6398474981746322,1.818840579710145,1.9640398826223076,7.877697841726619,0.9286418471295568,1.579268292682927,1.5742746156926513,28.024242424242424,1.0342398716899963,99.33333333333331,98.5,97.66666666666669,CCC2014B
group3,F,East Anglian Region,HE Qualification,20-30%,0-35,90,1.0,0.625,3.3205128205128207,3.241346480450217,3.607594936708861,0.7034890840312912,4.576923076923077,4.803373625905573,4.584905660377358,0.9619071979673494,4.636363636363637,4.34342259805788,14.357142857142858,1.2557631802305134,94.0,100.0,100.0,CCC2014B
group1,M,East Midlands Region,Lower Than A Level,20-30%,0-35,120,0.625,1.0,2.7906976744186047,2.7099653962182635,2.5977011494252875,0.7530448283010553,3.5294117647058822,3.6219504444358535,5.405797101449275,1.03946104662101,5.676470588235294,5.54169095862688,25.97142857142857,1.2613921064039204,72.33333333333333,64.0,65.66666666666667,CCC2014B
group1,M,Scotland,HE Qualification,90-100%,0-35,90,0.5,1.0,4.428571428571429,6.014700605734534,2.1578947368421053,0.7606732774449474,6.621621621621622,10.990782378761638,4.552631578947368,0.8591742315652705,9.037037037037036,13.486407634473714,19.178571428571427,1.0527510964705706,60.0,60.5,73.33333333333333,CCC2014B
group1,M,West Midlands Region,A Level or Equivalent,10-20,0-35,120,0.5,0.75,5.96969696969697,5.587289417087952,1.9705882352941175,1.144592213136587,9.529411764705882,13.205669459832508,3.5,0.4971574528052643,12.5,21.047565179849187,34.0,0.7687674942449196,34.666666666666664,26.0,34.5,CCC2014B
group3,F,South East Region,A Level or Equivalent,40-50%,0-35,90,0.5,1.0,2.606060606060606,2.2169025174327417,3.02,0.7579527339002703,3.4027777777777777,3.1384024025071415,5.863013698630137,0.750294727661196,5.0638297872340425,5.565437813627451,84.02083333333333,1.3057943003254473,91.66666666666669,89.0,91.66666666666669,CCC2014B
group1,M,Yorkshire Region,A Level or Equivalent,60-70%,0-35,60,0.5,1.0,6.205128205128205,5.454015841462177,3.675,0.7942304329703113,9.375,9.527135159523354,9.08,1.2929796843442654,7.862068965517241,7.567430862070479,21.1,1.141340733716346,68.0,54.0,57.333333333333336,CCC2014B
group1,M,South East Region,Lower Than A Level,70-80%,0-35,60,0.5714285714285714,0.875,4.5,5.513619500836088,3.5789473684210527,0.966420045699048,5.239130434782608,8.091654912751356,9.382978723404255,1.3290535536621202,6.478260869565218,7.768640721266911,16.75,1.348827696574202,76.0,26.0,35.0,CCC2014B
group1,M,North Region,A Level or Equivalent,50-60%,0-35,60,0.5,1.0,2.574468085106383,2.682036466287766,3.642105263157895,1.0644473749823045,2.847058823529412,3.701691641453048,9.66279069767442,1.186029706176429,5.627906976744186,7.371189914324919,27.613636363636363,1.5410631982923104,53.0,53.0,56.666666666666664,CCC2014B
group3,M,London Region,HE Qualification,60-70%,0-35,30,0.5,1.0,3.2531645569620253,4.336690083788586,3.075,0.9739484500304976,4.036363636363636,4.242481962089315,6.821428571428571,0.8453673639898986,12.7,16.006906404161263,28.714285714285715,1.0971474745341716,98.0,87.5,98.0,CCC2014B
group3,F,Wales,A Level or Equivalent,80-90%,0-35,90,0.5,1.0,1.984615384615385,1.4466460294920795,2.3969465648854964,0.7846296175003132,3.3733333333333335,3.927633677713121,4.394736842105263,1.0583567656279356,3.776119402985074,4.1844622243173655,48.5,1.0905815544411492,79.33333333333333,77.0,81.0,CCC2014B
group3,M,Wales,A Level or Equivalent,40-50%,0-35,150,0.8333333333333334,0.75,1.9615384615384617,1.6301607194928542,2.885496183206107,0.87615277377156,3.08974358974359,3.369788992723113,4.949367088607595,0.8277046231148519,7.7,10.065817883072016,17.548387096774192,1.647579848000191,88.33333333333333,70.5,100.0,CCC2014B
group3,F,South East Region,A Level or Equivalent,90-100%,0-35,120,0.5,1.0,1.6470588235294117,1.4023973282397078,2.961038961038961,0.7550486685265024,4.8125,6.413603395177964,4.73469387755102,0.8499580321177477,2.0,1.7811271131234423,12.567796610169491,1.086378499078257,93.33333333333331,100.0,93.33333333333331,CCC2014B
group3,M,North Region,A Level or Equivalent,10-20,0-35,120,1.0,0.625,1.15625,0.5337541547921172,4.191111111111111,0.6960481117244878,2.055045871559633,2.984015633912107,6.8090909090909095,1.0840176022752086,1.2617801047120418,0.6685057759243369,26.588541666666668,2.076871371972514,89.0,100.0,85.0,CCC2014B
group3,F,North Region,A Level or Equivalent,0-10%,35-55,120,0.8,0.625,1.8905109489051095,1.998818886966487,4.471014492753623,0.8269313138772185,2.4571428571428573,2.838704239303869,7.481132075471698,1.0543127025828258,3.707692307692308,4.47815209141518,26.727272727272727,1.1039969621445762,76.5,68.0,83.0,CCC2014B
group1,M,East Anglian Region,A Level or Equivalent,80-90%,0-35,60,0.5,1.0,3.967741935483871,5.6480599946178645,2.7936507936507935,0.6754436864415264,5.217391304347826,9.409009969121822,2.978723404255319,0.6174337938564088,8.583333333333334,17.839664323871283,25.2,0.806795901768287,71.33333333333333,41.5,32.0,CCC2014B
group3,M,East Anglian Region,A Level or Equivalent,30-40%,0-35,120,0.6666666666666666,0.75,2.466666666666667,2.3658900856624547,3.056603773584906,1.040247089402862,3.289855072463768,3.7223547626048656,3.7857142857142856,0.7321629980744568,6.45945945945946,10.177847935029714,75.13157894736842,1.3118061890945107,95.33333333333331,80.0,94.5,CCC2014B
group3,M,South Region,HE Qualification,90-100%,35-55,90,0.625,1.0,3.2666666666666666,3.125022522441361,2.8684210526315788,0.9586607244733442,5.441860465116279,7.14910026167594,5.113636363636363,0.7735248804923736,6.647058823529412,9.048295848059496,45.4,1.1285765363772802,93.33333333333331,100.0,98.0,CCC2014B
group3,F,West Midlands Region,A Level or Equivalent,90-100%,0-35,60,1.0,0.5,2.5555555555555554,1.7509310772238322,2.42,0.648589228371353,4.133333333333334,3.916357122038877,5.426229508196721,1.0079955273059464,3.4857142857142858,2.7649087682768867,14.267605633802816,1.0795462569326455,86.5,74.0,88.0,CCC2014B
group1,M,South Region,Lower Than A Level,80-90%,0-35,60,0.5,1.0,2.3035714285714284,3.4532639886102214,3.5398230088495577,0.8611692632694226,2.566265060240964,2.333179402448134,14.511904761904765,1.1694957389286098,3.328125,4.239102508711611,49.76923076923077,1.2333821415952189,66.66666666666667,57.0,55.333333333333336,CCC2014B
group3,M,Scotland,HE Qualification,0-10%,0-35,120,0.5714285714285714,0.875,4.636363636363637,4.440402202185262,2.3035714285714284,0.8322780410270758,5.348837209302325,6.190944696471854,6.363636363636363,1.0939070586943045,11.833333333333334,14.617676648094092,34.68421052631579,1.272137835579112,63.0,89.5,81.5,CCC2014B
group3,F,Wales,A Level or Equivalent,20-30%,0-35,90,1.0,0.625,2.54,2.455338442799051,3.4554455445544554,0.7324939037203851,4.755102040816326,5.607029116225818,3.92,0.7818617450812458,3.6875,3.9435500886367985,32.738461538461536,1.6264522042506675,88.5,76.0,85.0,CCC2014B
group3,F,Ireland,A Level or Equivalent,60-70%,0-35,150,0.5,1.0,2.098360655737705,1.873741279165604,4.349593495934959,0.8229480101279605,2.6853932584269664,3.3830980477084283,9.033333333333331,1.0713124693540017,3.8,5.174251767737265,59.32786885245902,1.2259195854540688,58.666666666666664,81.5,68.33333333333333,CCC2014B
group3,M,West Midlands Region,A Level or Equivalent,10-20,0-35,90,0.5,1.0,5.282608695652174,4.631597005489149,2.574468085106383,0.8620432932499369,6.075,7.328859357852317,10.365853658536585,1.085968386114503,16.071428571428573,16.27865183283018,19.466666666666665,0.9777142356872052,80.33333333333333,70.0,85.0,CCC2014B
group1,M,Wales,Lower Than A Level,20-30%,35-55,135,0.5,0.75,1.976923076923077,1.6209165012777462,2.480916030534351,0.8279381962469987,2.30188679245283,1.9768652979172896,5.91588785046729,1.501115787347665,6.275,7.193257170291405,21.853658536585368,1.0821726923044157,54.0,28.0,42.0,CCC2014B
group1,M,Wales,A Level or Equivalent,20-30%,0-35,120,0.7142857142857143,0.875,4.473684210526316,4.762597067469351,3.6206896551724137,0.7158712561129956,7.393939393939394,7.861851697991518,5.794117647058823,1.1469497934744413,10.409090909090908,13.549412536585493,23.60869565217391,1.0460534847327172,65.33333333333333,40.5,87.0,CCC2014B
group3,F,London Region,HE Qualification,50-60%,35-55,90,1.0,0.5,3.4411764705882355,2.9744300993895485,3.0579710144927534,0.851446565698384,5.159090909090909,7.149380138420138,4.977777777777778,0.8612022549782321,12.941176470588236,12.789011827714123,43.5,0.6128471959062549,100.0,87.0,88.0,CCC2014B
group1,M,East Anglian Region,A Level or Equivalent,90-100%,0-35,120,0.4285714285714285,0.875,4.69811320754717,4.963656010133819,3.407407407407407,1.186775348491988,6.129032258064516,9.673820119214785,13.3125,1.0438067350641649,12.4,17.708754896942924,60.09090909090909,0.7691636180932259,61.0,26.0,60.666666666666664,CCC2014B
group1,M,Scotland,Lower Than A Level,40-50%,0-35,90,1.0,0.5,1.5605095541401277,1.3025496674315655,4.30379746835443,0.7047171755944754,1.5874125874125875,1.121672991742166,48.77777777777778,4.2929476917113485,2.4489795918367347,2.470954775938616,20.87878787878788,1.2451950534089185,78.5,65.0,59.0,CCC2014B
group1,M,London Region,A Level or Equivalent,10-20,0-35,90,0.5,1.0,4.592592592592593,4.9125120135952525,3.2545454545454544,0.9231241370160828,5.568181818181818,7.279783178705536,4.644444444444445,0.8371701847172586,9.791666666666666,12.510792442376776,20.36,1.2423029296228354,82.0,64.0,67.66666666666667,CCC2014B
group3,M,East Anglian Region,Lower Than A Level,40-50%,35-55,90,0.5,1.0,2.59,3.5135955281383113,2.98019801980198,0.83668179341912,3.276315789473684,5.050673048774197,13.727272727272728,1.193240237100041,5.382978723404255,7.3972767947264435,13.375,1.4281340183577929,73.33333333333333,81.5,77.33333333333333,CCC2014B
group3,M,Scotland,HE Qualification,30-40%,0-35,90,0.5,1.0,2.977011494252874,3.4539394814800692,2.5454545454545454,0.8601138984851641,4.622641509433962,4.950627058551191,8.148148148148149,3.0310855050365983,4.934782608695652,5.92697102298015,14.425531914893616,1.0182867783004177,81.0,87.0,91.66666666666669,CCC2014B
group3,M,Scotland,HE Qualification,50-60%,0-35,60,0.5,1.0,3.6,4.136791447276606,2.619718309859155,1.0416796738695355,5.9,7.564424156570864,6.512195121951219,0.9706662893138616,7.32258064516129,8.263926011181344,83.65625,1.5391714600895878,84.66666666666667,51.0,81.0,CCC2014B
group3,F,Scotland,HE Qualification,90-100%,0-35,60,0.5,1.0,2.7157894736842105,2.570963714892194,2.25,0.816496580927726,4.574074074074074,5.1600857527313995,5.1454545454545455,1.928713708813531,2.7157894736842105,3.127309896580402,7.71875,1.2041591175790625,77.33333333333333,72.0,72.0,CCC2014B
group3,M,London Region,A Level or Equivalent,30-40%,0-35,30,0.5,1.0,2.2410714285714284,1.8220151981362231,2.893805309734513,0.740389645804549,3.328767123287671,3.4320984612614187,5.743243243243243,0.79433635332555,4.120689655172414,3.361691231669573,27.8135593220339,1.1346497607332058,95.33333333333331,96.0,97.33333333333331,CCC2014B
group3,M,South East Region,A Level or Equivalent,40-50%,0-35,120,0.5,1.0,5.409090909090909,7.065534367513903,2.311111111111111,0.8301591420826684,5.923076923076923,7.410464206585511,4.8,0.9993487462676214,8.538461538461538,12.4939369911354,14.148148148148149,1.2329148166861943,83.66666666666667,66.0,79.33333333333333,CCC2014B
group3,M,South West Region,A Level or Equivalent,60-70%,0-35,60,0.5,1.0,1.0889830508474576,0.3397831344179814,8.565400843881857,0.7432065922268206,1.8175182481751824,1.5349792971500502,6.8478260869565215,0.8100050442211625,1.1681818181818182,0.6508767277575724,30.76923076923077,0.9284506385561346,96.0,97.5,97.0,CCC2014B
group3,M,East Anglian Region,A Level or Equivalent,90-100%,0-35,60,0.625,1.0,2.128205128205128,2.561446458070064,3.5,0.7501873396833876,2.3055555555555554,3.589856773060778,10.642201834862384,0.9855616408521304,3.410958904109589,4.078519667580779,33.770270270270274,1.0013332982940686,78.33333333333333,84.0,90.0,CCC2014B
group3,M,Scotland,A Level or Equivalent,90-100%,0-35,60,0.5,1.0,2.963855421686747,2.6889375140475016,2.4285714285714284,1.1155811660058372,4.54,4.781810774770817,5.078431372549019,1.0440285804843965,5.55,8.341893039782965,41.34146341463415,0.7344329486589725,83.33333333333333,84.0,85.33333333333333,CCC2014B
group3,M,South West Region,A Level or Equivalent,60-70%,0-35,90,0.625,1.0,3.806451612903226,4.529823612088741,1.984126984126984,0.6380971712834965,5.658536585365853,8.326493127654526,14.238095238095235,3.168396374289863,16.25,22.978745119625817,48.15384615384615,1.3947635536815837,98.66666666666669,99.0,96.33333333333331,CCC2014B
group3,F,South West Region,A Level or Equivalent,40-50%,0-35,90,1.0,0.625,1.4230769230769231,0.8932623086536219,3.841530054644809,1.06661922448179,5.4,5.280323681538679,3.5869565217391304,1.0537266065013504,1.4311377245508985,0.9280049978843894,21.732142857142858,1.3282327003364267,81.66666666666667,80.0,83.0,CCC2014B
group3,M,East Anglian Region,Lower Than A Level,80-90%,0-35,120,0.5,1.0,2.245614035087719,2.396758147920704,2.617391304347826,0.9077370159993146,2.8295454545454546,3.6835190286859847,4.955056179775281,1.1399920895800095,3.890625,4.6602581422471605,17.923076923076923,1.376247029457686,89.33333333333333,92.5,95.66666666666669,CCC2014B
group3,M,East Midlands Region,A Level or Equivalent,20-30%,0-35,60,1.0,0.5,1.4597701149425288,0.959342232522743,4.411428571428571,0.8851672351153321,2.130434782608696,1.7346911304545842,8.362068965517242,0.9281030540776184,1.7046979865771812,1.2330107938015198,14.513333333333334,1.4182409213652518,82.0,87.0,67.0,CCC2014B
group1,M,South East Region,Lower Than A Level,50-60%,0-35,90,0.5,1.0,4.591836734693878,4.348938411396792,2.12,0.917765019397382,6.903225806451613,10.186117476610598,2.3125,0.7753507182584353,9.409090909090908,14.578716028476618,19.565217391304348,0.9357693078589744,43.0,43.0,47.666666666666664,CCC2014B
group3,M,West Midlands Region,A Level or Equivalent,70-80%,35-55,120,0.5,1.0,1.3015075376884422,0.9263525403340244,9.115,0.8157072390824199,2.7282608695652173,4.035837429254932,5.10752688172043,1.1092119935059286,1.4438202247191012,1.2886690068850744,30.720670391061457,1.4471690824878396,100.0,97.5,98.0,CCC2014B
group1,M,Wales,Lower Than A Level,60-70%,35-55,60,0.875,1.0,3.3661971830985915,3.562661271015244,2.8472222222222223,1.0977127266366675,3.45,3.8770292663588943,13.836065573770492,1.11493961244114,8.04,11.09609540934708,27.46153846153846,1.1158659804313085,72.33333333333333,48.0,66.66666666666667,CCC2014B
group3,M,East Anglian Region,HE Qualification,20-30%,0-35,30,0.5,1.0,4.063492063492063,4.4245393996584035,3.0,0.7476816018719318,5.333333333333333,5.352801347846149,7.448979591836735,1.060206716213115,7.866666666666666,11.211857434271842,21.516129032258064,0.8007372599956959,92.66666666666669,88.0,92.33333333333331,CCC2014B
group3,M,Scotland,HE Qualification,70-80%,0-35,60,0.5,1.0,7.264705882352941,7.21660049040725,1.7714285714285714,0.5577940795416317,8.821428571428571,10.920770463352277,2.7586206896551726,0.6217415057722944,16.333333333333332,24.350969117669568,21.846153846153847,0.8686698932596107,58.666666666666664,58.0,63.0,CCC2014B
group3,F,Wales,A Level or Equivalent,60-70%,0-35,150,0.5,1.0,5.627906976744186,6.369657446922922,3.5454545454545454,0.968606500898672,8.133333333333333,9.482227780335217,9.612903225806452,1.2273624687888458,8.785714285714286,16.22608129788934,44.6551724137931,1.7872950115208293,90.66666666666669,80.0,90.66666666666669,CCC2014B
group1,M,North Western Region,HE Qualification,90-100%,0-35,60,1.0,0.375,7.4375,10.260910794007549,2.060606060606061,0.8692656885959794,7.827586206896552,10.816881533435335,3.2666666666666666,0.6656941400122487,18.727272727272727,21.166439989241976,33.083333333333336,1.022095978655176,70.0,26.0,32.0,CCC2014B
group3,F,South West Region,Lower Than A Level,30-40%,0-35,90,1.0,0.5,2.3333333333333335,2.1288614990297705,2.7641509433962264,0.9757571144710367,3.356164383561644,3.211826509660554,5.864864864864865,1.1579023067239238,6.051282051282051,6.039121223753972,22.875,1.217986084168152,92.0,74.0,88.0,CCC2014B
group3,F,East Midlands Region,A Level or Equivalent,60-70%,0-35,60,0.5,1.0,3.453333333333333,3.1248495459277215,3.3552631578947367,0.8342071543188786,5.7555555555555555,5.490303665867157,4.586956521739131,0.7985324919767327,6.475,7.87071006473221,26.07317073170732,1.2476504725450557,100.0,97.5,97.33333333333331,CCC2014B
group1,F,West Midlands Region,A Level or Equivalent,40-50%,0-35,60,0.8571428571428571,0.875,10.318181818181818,14.38380823683142,2.869565217391304,0.937926517608616,17.46153846153846,18.455420994996675,4.357142857142857,0.8998491915812102,16.5,19.523878154245335,42.46153846153846,0.844327290704871,61.666666666666664,20.5,55.0,CCC2014B
group3,M,Scotland,A Level or Equivalent,80-90%,35-55,60,0.5,1.0,6.864864864864865,8.894949135330686,3.210526315789474,0.93758453887402,9.73913043478261,11.410590739644814,7.5,1.635712552851373,8.96,12.095040305844377,21.807692307692307,0.8791086627429184,100.0,97.0,95.33333333333331,CCC2014B
group3,M,West Midlands Region,HE Qualification,60-70%,0-35,60,0.5,1.0,2.56,2.857985445743349,3.267326732673267,0.9839016427508884,3.324675324675325,3.854053090208576,2.641025641025641,0.844436975303477,3.655172413793104,4.714857904271481,10.11864406779661,1.3351271150555537,94.0,90.0,92.0,CCC2014B
group3,M,South Region,Lower Than A Level,90-100%,0-35,60,1.0,0.5,3.746268656716418,3.4786939537274164,2.485294117647059,0.9036609209858212,5.4222222222222225,6.900226903017851,3.847826086956522,0.969334137067322,8.461538461538462,16.514795231502617,33.48148148148148,0.9570777026316192,81.5,85.0,92.0,CCC2014B
group1,M,North Western Region,A Level or Equivalent,50-60%,0-35,120,0.75,1.0,3.9047619047619047,4.474711328639466,3.046875,0.9611383783038324,6.1,7.685484153042452,4.634146341463414,0.9299867452068272,9.181818181818182,12.938080978025273,28.26086956521739,1.3719972053036211,47.333333333333336,40.5,33.0,CCC2014B
group1,M,Yorkshire Region,HE Qualification,80-90%,0-35,30,0.5,1.0,2.1147540983606556,2.1520573332230097,2.7154471544715446,1.0033469751631854,4.224137931034483,5.184467704996341,4.898305084745763,1.1330581783291191,5.487179487179487,8.780576035748917,23.5,0.7868314093994752,82.0,82.5,78.33333333333333,CCC2014B
group3,M,North Western Region,HE Qualification,40-50%,35-55,60,0.5714285714285714,0.875,2.3035714285714284,2.008267980907997,2.9026548672566372,0.8262251372322245,2.5544554455445545,2.251556117554046,4.882352941176471,1.155894179138068,4.6909090909090905,6.1760371067080175,23.017857142857142,0.9890019528297724,95.33333333333331,95.5,92.5,CCC2014B
group3,M,West Midlands Region,HE Qualification,60-70%,35-55,60,1.0,0.5,3.859375,4.0702840566215155,4.523076923076923,0.8309628926632608,4.8979591836734695,5.389978733566517,23.12,1.193039241765271,5.040816326530612,5.718971293253817,70.5,1.0734215346529936,98.0,100.0,100.0,CCC2014B
group3,M,East Anglian Region,HE Qualification,60-70%,35-55,90,0.5,1.0,1.1217391304347826,0.4312635256929654,3.826839826839827,0.7460833901466525,2.3454545454545452,2.3005239277068226,6.162162162162162,0.9433733719847828,1.305699481865285,0.9654546925594936,11.489690721649485,1.369887319734811,93.66666666666669,85.0,87.0,CCC2014B
group1,M,North Western Region,A Level or Equivalent,50-60%,0-35,60,0.5,1.0,4.4363636363636365,3.755310493468803,2.4642857142857144,0.8469275555760568,6.9714285714285715,7.213083351006794,3.7222222222222223,0.8099679732068737,6.757575757575758,9.300639437124415,26.941176470588236,1.04544120457228,79.0,69.5,76.66666666666667,CCC2014B
group3,M,Yorkshire Region,A Level or Equivalent,70-80%,0-35,60,0.5,1.0,2.5247524752475248,2.3004089175880904,3.42156862745098,0.9255191744731098,3.2051282051282053,3.126588840183144,5.924050632911392,0.9805294569390538,4.537037037037037,6.175768114973482,27.181818181818183,1.5092026514882035,91.0,91.0,92.33333333333331,CCC2014B
group3,M,Wales,HE Qualification,80-90%,0-35,90,0.625,1.0,2.386138613861386,2.2714325745207717,2.8823529411764706,0.7882942006460394,3.870967741935484,3.726220213689681,3.9047619047619047,0.8484159576061506,3.08974358974359,3.299688680458413,16.20253164556962,1.3181852315541622,88.0,79.0,63.0,CCC2014B
group1,M,East Midlands Region,A Level or Equivalent,70-80%,0-35,120,0.5,1.0,4.6,6.34385091600082,1.9821428571428572,0.6841510485644573,4.555555555555555,6.394769875531589,2.2,0.7063094419577354,7.027777777777778,8.76840468015252,9.405405405405403,2.1446717367088017,68.33333333333333,47.0,77.66666666666667,CCC2014B
group3,M,Scotland,A Level or Equivalent,90-100%,35-55,60,0.5,1.0,3.0,3.922784125352509,7.275862068965517,1.097092420314337,4.2,5.5381573145476795,7.557377049180328,1.2307208635578557,3.6857142857142855,4.52542849966609,27.830985915492956,1.0360974206459006,91.33333333333331,82.0,94.33333333333331,CCC2014B
group3,M,Yorkshire Region,A Level or Equivalent,0-10%,0-35,90,0.5,1.0,5.809523809523809,7.924146780993923,2.4186046511627906,0.6566681184216875,13.666666666666666,13.499559075691888,3.125,0.6079473661428265,16.416666666666668,21.458028094328,16.0,1.122058119295486,68.0,54.0,66.33333333333333,CCC2014B
group1,F,North Region,A Level or Equivalent,30-40%,0-35,60,1.0,0.5,3.0,3.6002812829632767,2.0987654320987654,0.7980079003346644,3.7868852459016393,5.257105522047788,3.161290322580645,0.994151996638253,5.944444444444445,10.031221103404947,30.135135135135137,0.8411274726250528,60.5,78.0,53.0,CCC2014B
group3,M,Wales,HE Qualification,0-10%,0-35,120,0.5,1.0,5.395348837209302,4.816338932088212,1.8863636363636365,0.7167409020595589,10.523809523809524,10.740665936612343,3.409090909090909,1.3461385102911545,8.909090909090908,11.405550406998344,10.217391304347826,0.8127102576436025,78.66666666666667,89.0,79.0,CCC2014B
group1,M,South West Region,A Level or Equivalent,80-90%,0-35,120,0.625,1.0,3.656716417910448,3.76004609419671,2.3529411764705883,1.2015614840697917,9.695652173913045,12.140970391831782,2.375,0.6175338914665979,12.333333333333334,20.651164331225832,24.105263157894736,1.284362548149305,68.33333333333333,51.0,51.0,CCC2014B
group1,M,London Region,Lower Than A Level,40-50%,0-35,240,0.75,1.0,1.5740740740740742,1.096609996836697,4.865030674846626,0.9818281850786544,1.9915966386554624,1.8526014614330464,40.38333333333333,2.128055630977713,7.275862068965517,9.277070626489106,18.9,1.413688890435077,75.66666666666667,57.0,66.33333333333333,CCC2014B
group1,F,Yorkshire Region,Lower Than A Level,10-20,0-35,120,1.0,0.5,6.9375,8.187076755866627,3.8181818181818183,1.2087486579997413,7.483870967741935,9.032795682924656,16.875,1.909775588479942,15.142857142857142,16.883570269790248,19.933333333333337,1.1165961439535106,55.0,35.0,23.0,CCC2014B
group1,M,East Anglian Region,Lower Than A Level,80-90%,0-35,90,0.5,0.75,9.0,11.47170431975999,2.227272727272727,0.9661061533505818,10.5,12.74293345117899,2.8947368421052633,0.6128108925946443,7.4375,10.899350133532426,18.470588235294116,0.9821214063927144,55.666666666666664,67.0,72.0,CCC2014B
group1,M,North Western Region,A Level or Equivalent,10-20,0-35,90,0.6666666666666666,0.75,5.377777777777778,6.339948698132304,2.391304347826087,0.9883620309037732,7.310344827586207,9.536034846367384,3.3333333333333335,0.9654014708917736,9.761904761904765,13.772816567081556,23.09090909090909,0.7550745925239972,72.33333333333333,51.0,71.0,CCC2014B
group3,F,South Region,A Level or Equivalent,90-100%,0-35,240,0.5,1.0,4.627450980392157,4.84958053573183,1.8461538461538465,0.6666666666666666,5.388888888888889,6.366330083349333,4.054054054054054,1.057376207621698,9.823529411764708,16.047722946409124,24.77777777777778,0.7620284281463148,97.0,98.0,98.66666666666669,CCC2014B
group3,M,South Region,HE Qualification,80-90%,35-55,60,0.5,1.0,3.391891891891892,2.788516410024237,2.2933333333333334,0.7357810241654128,4.634615384615385,4.334217916442325,5.471698113207547,0.790355058006845,10.9,14.212300084230227,17.714285714285715,1.0454466622223515,73.0,74.0,89.0,CCC2014B
group3,F,Scotland,A Level or Equivalent,90-100%,0-35,60,0.75,1.0,7.0588235294117645,8.845273267685721,2.857142857142857,0.7443117626371357,8.071428571428571,9.552694292919051,4.206896551724138,1.0111578532781962,9.863636363636363,15.138394752119382,20.130434782608695,1.3783217896008737,73.66666666666667,60.5,66.33333333333333,CCC2014B
group3,F,London Region,Lower Than A Level,20-30%,0-35,90,0.625,1.0,1.3650793650793651,1.6402671094904602,6.831578947368421,0.9964538347202864,2.8452380952380953,4.186881542516028,10.505882352941176,1.165370371787375,1.562091503267974,2.339112701092911,17.655844155844157,1.240338994908361,91.33333333333331,86.0,94.66666666666669,CCC2014B
group1,M,Scotland,A Level or Equivalent,90-100%,0-35,90,0.5714285714285714,0.875,6.153846153846154,9.23818865117269,3.2,0.9089399732655616,7.5,10.150480681451304,5.636363636363637,0.8250542609259574,14.0625,20.814958563494667,31.764705882352946,1.2126335430538646,72.0,76.5,77.0,CCC2014B
group3,M,South Region,Lower Than A Level,40-50%,0-35,180,1.0,0.5,1.5911949685534592,1.0076532234398403,2.63125,0.8001578203738501,3.0609756097560976,2.395198700361326,7.855421686746988,1.7369508321720757,4.214285714285714,4.942264058705689,52.26315789473684,1.1385900191031908,100.0,96.0,96.0,CCC2014B
group1,M,Scotland,A Level or Equivalent,90-100%,0-35,60,0.5,1.0,2.8555555555555556,2.8266830965531975,3.5714285714285716,0.9236716033143116,4.016129032258065,4.252258553139715,9.952380952380953,1.3520281537971237,4.916666666666667,6.797475543086952,14.673469387755102,1.4457096622174046,85.0,61.0,79.0,CCC2014B
group1,M,North Western Region,A Level or Equivalent,0-10%,0-35,60,0.625,1.0,3.5245901639344264,3.8279958088493657,1.4193548387096775,0.6993946615195054,4.5777777777777775,5.233149967835681,2.869565217391304,1.0890135046100855,13.0,22.132716572014896,22.5,1.0833190882254315,78.33333333333333,56.0,56.666666666666664,CCC2014B
group1,M,Scotland,HE Qualification,90-100%,0-35,90,0.5,1.0,3.924242424242424,4.389885598861953,4.074626865671642,0.8192690730516785,6.475,8.190011114234341,6.853658536585366,1.5243617609120794,6.0,8.216580500545907,27.41860465116279,1.1112386539854404,72.0,65.5,79.66666666666667,CCC2014B
group1,F,South Region,A Level or Equivalent,70-80%,35-55,30,1.0,0.5,3.5538461538461537,3.535669885391103,5.257575757575758,0.9366703586527542,4.052631578947368,4.142208919989684,5.224137931034483,0.9850973777574296,5.564102564102564,6.365180246320691,32.025,0.7306220244949686,85.0,76.0,79.0,CCC2014B
group1,M,Scotland,HE Qualification,40-50%,35-55,30,0.5,1.0,4.755102040816326,5.483044365150083,3.48,0.8852067346892025,5.25,6.595012209731808,6.8,0.9432167428082896,7.0344827586206895,8.711579972413935,30.766666666666666,1.1923572846109884,46.333333333333336,54.0,45.0,CCC2014B
group3,M,South West Region,A Level or Equivalent,60-70%,0-35,60,1.0,0.625,2.217391304347826,2.134851195338802,2.8793103448275863,1.0549633913933936,3.1153846153846154,4.285223082073658,5.0,1.8183314092662128,5.558139534883721,7.5602416362914,24.795454545454547,1.1819121618826518,75.0,78.0,85.0,CCC2014B
group1,M,Scotland,Post Graduate Qualification,50-60%,0-35,60,0.875,1.0,4.584905660377358,4.613666830791346,2.407407407407407,0.9509882744938826,5.127659574468085,5.5506248033602565,3.6458333333333335,0.9656804727808282,8.185185185185185,11.139110021890083,15.321428571428571,0.940994777979378,57.666666666666664,46.5,40.666666666666664,CCC2014B
group1,F,Yorkshire Region,Lower Than A Level,80-90%,0-35,90,0.5,1.0,5.431818181818182,7.199475844204886,5.2444444444444445,0.8623063546986268,5.8,7.418618296953783,15.121951219512194,1.0499888508401685,9.363636363636363,12.85281312377976,39.21739130434783,1.3401498030386714,84.33333333333333,65.0,83.33333333333333,CCC2014B
group1,F,Yorkshire Region,A Level or Equivalent,30-40%,35-55,90,0.5,1.0,7.0606060606060606,7.753786953560958,3.1470588235294117,1.0111182084424128,9.25,8.847745966948429,3.24,0.8061643317192349,17.0,17.320508075688775,25.833333333333332,0.7417110459973093,71.33333333333333,45.5,80.33333333333333,CCC2014B
group3,M,South Region,HE Qualification,60-70%,0-35,60,1.0,0.5,2.6595744680851063,2.4031931781244973,2.463157894736842,0.663343679747335,3.9166666666666665,5.33390710190489,5.770491803278689,1.0587256734645158,10.789473684210526,16.504473963707945,23.75,1.8071878645673047,79.5,89.0,79.0,CCC2014B
group1,M,Scotland,Lower Than A Level,60-70%,0-35,60,0.5,1.0,3.4857142857142858,4.3162747529867955,2.5774647887323945,0.980352845537164,3.9193548387096775,5.965195191718714,9.206349206349206,1.849152198321296,10.61904761904762,14.790118966648611,23.5,0.9362361503067038,71.0,67.5,66.0,CCC2014B
group3,M,South Region,A Level or Equivalent,90-100%,0-35,90,0.6666666666666666,0.75,16.266666666666666,13.920522705019104,4.6875,0.9532167760914736,15.0,14.52583904633395,7.0,1.1428571428571428,34.5,2.1213203435596424,34.666666666666664,0.5619861229308638,75.5,81.0,90.33333333333331,CCC2014B
group3,M,Scotland,HE Qualification,80-90%,0-35,90,0.75,1.0,5.3125,5.717298313014635,2.7346938775510203,1.0150351125921973,7.228571428571429,7.380760817971332,7.361111111111111,1.1791652803050838,12.65,19.534786785036637,44.476190476190474,1.619982633002278,92.33333333333331,41.5,70.0,CCC2014B
group3,F,London Region,A Level or Equivalent,40-50%,0-35,90,0.5,1.0,2.9058823529411764,3.065256648198929,2.8255813953488373,1.5161747109763222,3.7142857142857144,6.47682860324097,7.875,1.0668036571140669,7.633333333333334,9.970588933366018,43.645161290322584,1.5442804141691997,90.66666666666669,81.5,79.66666666666667,CCC2014B
group3,M,South Region,A Level or Equivalent,30-40%,35-55,60,0.5,1.0,4.39622641509434,4.537618922542075,2.6296296296296298,0.9120194125387084,5.441860465116279,6.165581599188913,6.068181818181818,0.7514101823439728,6.882352941176471,8.744746321952062,39.457142857142856,1.3167480031062806,94.0,77.5,82.0,CCC2014B
group3,M,London Region,A Level or Equivalent,40-50%,0-35,90,0.5,1.0,2.3627450980392157,1.9740354992257496,2.2427184466019416,0.7846133749087387,5.0,6.931559105129739,3.755555555555555,0.6379565430505824,12.333333333333334,18.40076724743068,18.63157894736842,1.3827330143275065,80.33333333333333,76.0,93.33333333333331,CCC2014B
group3,F,North Western Region,Lower Than A Level,40-50%,0-35,90,0.5,1.0,3.0987654320987654,3.433674920080543,2.975609756097561,0.8734797904758834,4.327272727272727,4.733859694734057,5.214285714285714,0.898592548495519,7.645161290322581,7.744023016050396,22.0,1.5969851502903631,89.66666666666667,86.5,93.0,CCC2014B
group1,M,North Western Region,A Level or Equivalent,20-30%,0-35,90,0.5,1.0,4.326923076923077,3.889256967426131,3.037735849056604,0.7752289342296267,5.377777777777778,5.796899205958337,10.91304347826087,1.0820015937006076,13.875,13.65222814537368,20.058823529411764,1.4681220046900518,61.0,36.5,47.666666666666664,CCC2014B
group3,M,East Midlands Region,A Level or Equivalent,10-20,35-55,90,0.625,1.0,4.96,4.065584778581887,3.823529411764706,0.8936329680896987,6.45945945945946,4.6103422058731445,5.605263157894737,1.2069015463353556,9.84,11.085576214162256,26.23076923076923,1.0511059223157508,78.0,86.5,85.0,CCC2014B
group3,M,Scotland,A Level or Equivalent,20-30%,0-35,90,0.875,1.0,4.709090909090909,5.283351655323041,2.357142857142857,0.8501066750973052,7.75,8.128008128012192,3.4242424242424243,0.719050374009624,10.391304347826088,17.711678557162585,14.458333333333334,1.3998972511808077,93.33333333333331,81.0,91.0,CCC2014B
group1,M,Wales,A Level or Equivalent,60-70%,0-35,60,0.4285714285714285,0.875,4.350877192982456,4.860523296600067,3.1724137931034484,0.7407271755391661,6.052631578947368,7.770169459423972,5.333333333333333,1.0113538146769103,10.0,12.600075585563156,24.043478260869566,1.1481325812868908,55.333333333333336,35.0,54.333333333333336,CCC2014B
group3,M,South Region,A Level or Equivalent,80-90%,0-35,60,0.5,1.0,3.0,2.924038303442689,2.6341463414634148,0.9098606293732032,3.462686567164179,4.105902470497937,6.4411764705882355,0.9963654473058444,5.571428571428571,7.590568143339204,14.255813953488373,1.29857279809398,83.33333333333333,87.0,92.66666666666669,CCC2014B
group1,F,Scotland,HE Qualification,90-100%,0-35,60,0.5,1.0,5.568181818181818,5.297641982129835,3.111111111111111,0.8332993190337076,6.611111111111111,6.758181402789947,6.162162162162162,1.0938388973678397,11.842105263157896,15.44619031740958,20.9,0.747683249766664,49.333333333333336,42.5,57.0,CCC2014B
group1,M,East Midlands Region,A Level or Equivalent,40-50%,0-35,120,0.5714285714285714,0.875,4.566037735849057,3.785140145572623,3.407407407407407,0.7461305348578484,7.931034482758621,10.218788838223295,3.8333333333333335,0.7533165485413407,17.90909090909091,17.711321494764558,32.166666666666664,1.0286377007201328,69.66666666666667,55.0,58.333333333333336,CCC2014B
group3,M,Scotland,A Level or Equivalent,20-30%,0-35,60,0.625,1.0,3.2375,3.5013333807333984,2.740740740740741,0.6034355016693541,4.25,4.300670030572493,4.278688524590164,1.0104778360035211,5.395833333333333,5.131212719390145,9.040816326530612,1.0540721426333095,79.0,74.5,83.66666666666667,CCC2014B
group3,M,South Region,A Level or Equivalent,50-60%,0-35,90,1.0,0.5,3.276315789473684,2.701104387520168,3.5974025974025974,0.8239592751600101,5.166666666666667,7.580302956201778,4.979591836734694,0.8230055170902428,5.928571428571429,8.028585688233646,39.81395348837209,1.2274268697866666,99.0,100.0,96.0,CCC2014B
group1,M,South Region,A Level or Equivalent,90-100%,0-35,120,0.875,1.0,2.707865168539326,2.817164302785094,2.8777777777777778,0.9577235448065688,3.050632911392405,4.511804273172294,6.45,0.7736030189390447,11.35,18.238983697448425,40.857142857142854,1.0703413442369871,33.0,55.5,40.333333333333336,CCC2014B
group1,M,West Midlands Region,HE Qualification,40-50%,0-35,60,0.8571428571428571,0.875,3.4722222222222223,3.6846549792509657,2.8767123287671232,0.6757879418897826,3.59375,4.030513575531,9.0,0.9631382702578732,5.113636363636363,7.311080819442114,16.91111111111111,0.926355763812312,70.66666666666667,38.0,77.66666666666667,CCC2014B
group3,M,West Midlands Region,A Level or Equivalent,0-10%,35-55,30,0.8571428571428571,0.875,3.8620689655172415,5.266405531596527,3.559322033898305,1.090299424225804,5.090909090909091,6.118284384163327,5.377777777777778,1.1723163072365863,6.354838709677419,7.8890150931396334,27.78125,0.8736667837546976,63.0,82.5,61.333333333333336,CCC2014B
group1,M,South Region,HE Qualification,70-80%,35-55,60,1.0,0.875,3.5,3.779362656527187,3.3333333333333335,0.9912662082670698,3.982456140350877,4.834737502366802,10.96551724137931,1.2817696471153806,7.133333333333334,8.451620262261626,18.483870967741936,1.506638949231745,53.0,38.5,44.333333333333336,CCC2014B
group3,M,London Region,A Level or Equivalent,20-30%,0-35,60,0.5,1.0,1.9761904761904765,1.8350554682157625,3.5039370078740157,0.8251873880983527,3.0256410256410255,3.8239653009292094,5.151898734177215,0.952455346601334,2.7142857142857144,3.670560702810386,14.630434782608695,1.4527608233711715,96.0,98.5,98.0,CCC2014B
group1,M,Scotland,Lower Than A Level,90-100%,0-35,90,0.625,1.0,3.1818181818181817,3.1318704379637716,2.9743589743589745,0.8927305838620425,5.511627906976744,6.441576607600317,7.931818181818182,2.2167412102576547,8.76,10.381393612291816,21.46153846153846,1.2773139556419686,86.0,37.0,74.0,CCC2014B
group1,M,South Region,HE Qualification,90-100%,35-55,90,0.5714285714285714,0.875,3.693548387096774,5.2466654818034835,1.9523809523809523,0.5802623050424546,5.325581395348837,7.170445062339337,2.7954545454545454,0.9543413437323832,10.090909090909092,13.092742776817753,19.782608695652176,1.046407763072101,61.0,75.5,63.0,CCC2014B
group1,F,South Region,A Level or Equivalent,70-80%,0-35,60,0.75,1.0,2.9655172413793105,2.699906440506777,3.2954545454545454,0.8108362413125856,3.263157894736842,3.242914002570863,8.584415584415584,1.077238688614352,6.733333333333333,8.741235347609562,39.54838709677419,1.441134172551758,68.66666666666667,51.0,63.333333333333336,CCC2014B
group3,F,East Anglian Region,A Level or Equivalent,60-70%,0-35,90,1.0,0.5,2.194915254237288,3.3646185051301827,3.857142857142857,0.8740593034459676,2.769230769230769,4.224470836229533,21.23913043478261,1.5734515626698924,8.413793103448276,12.29842394484324,28.7,1.8627302838264612,87.0,93.0,100.0,CCC2014B
group1,M,Yorkshire Region,A Level or Equivalent,0-10%,0-35,60,0.5714285714285714,0.875,2.8823529411764706,4.868293346958954,3.0813953488372094,0.8603525319158905,3.7777777777777777,4.44480285293214,32.484375,2.3723247515909,4.9,11.61148270516065,21.137254901960784,1.6395840821038854,85.33333333333333,38.0,75.66666666666667,CCC2014B
group3,M,East Anglian Region,HE Qualification,10-20,0-35,30,1.0,0.5,1.9090909090909092,1.3784300476457274,3.699248120300752,1.0628429506821753,2.510204081632653,2.307517512679671,7.898989898989899,0.925156244621318,4.2727272727272725,5.038571760648585,43.839285714285715,1.4557207666230751,87.0,70.0,85.0,CCC2014B
group3,F,South Region,Lower Than A Level,30-40%,0-35,60,0.5,1.0,1.494186046511628,1.1108033709558904,3.791907514450867,0.8999197490495071,3.5142857142857142,4.363029319718182,6.352112676056338,1.0472957712629458,1.7346938775510203,1.4911911695947393,17.925675675675677,1.9558110126088768,87.33333333333333,87.5,80.33333333333333,CCC2014B
group1,M,North Region,HE Qualification,30-40%,35-55,90,0.875,1.0,3.6615384615384614,4.086092735872968,2.9696969696969697,1.1350865566314303,11.470588235294118,14.327062011534428,10.555555555555555,0.9363688929055192,12.235294117647058,20.635313820501693,30.5,1.0699364244395837,60.0,36.0,66.33333333333333,CCC2014B
group3,M,South West Region,A Level or Equivalent,70-80%,0-35,60,1.0,0.5,3.5142857142857142,3.463025640079919,2.4788732394366195,1.001645082801701,5.020833333333333,5.840029085228263,4.755102040816326,0.9323287306414012,6.17948717948718,7.940143823673522,20.15,0.9323257933577688,96.5,83.0,90.0,CCC2014B
group1,M,South Region,Lower Than A Level,50-60%,0-35,30,0.75,1.0,2.480769230769231,2.9559246716848397,2.8095238095238093,0.8250599553397314,3.2083333333333335,3.364845181964773,4.397260273972603,0.9907325739491551,3.7666666666666666,4.236110570837544,13.491803278688524,0.9399985044497884,55.0,79.5,87.33333333333333,CCC2014B
group1,M,North Region,A Level or Equivalent,0-10%,35-55,60,0.5,1.0,3.4166666666666665,3.2490518660324597,2.684931506849315,0.8994653416750618,2.963855421686747,2.9194293759707945,17.154761904761905,1.1921223896640731,7.870967741935484,12.486638019589504,20.0,1.1108133281519446,75.33333333333333,68.5,62.666666666666664,CCC2014B
group3,F,Wales,Lower Than A Level,0-10%,0-35,60,0.5,1.0,2.1818181818181817,2.2633166301853853,2.6486486486486487,0.8669667033691654,2.6987951807228914,3.0632954507381545,4.0476190476190474,0.8996346817201042,6.647058823529412,9.028179295426863,12.8,1.0895646964171386,89.66666666666667,91.5,92.0,CCC2014B
group3,M,South Region,A Level or Equivalent,80-90%,0-35,60,0.625,1.0,2.0163934426229506,1.7952352296771592,3.268292682926829,1.4918530769907106,3.5072463768115942,3.44973651340725,3.057142857142857,1.7709232331577205,5.609756097560975,11.83401463743494,21.80952380952381,1.560532145953728,95.33333333333331,64.0,78.33333333333333,CCC2014B
group3,M,London Region,A Level or Equivalent,40-50%,35-55,60,1.0,0.5,3.4324324324324325,3.2858396107276566,4.24,0.7356474485952212,4.92,4.818501757151643,5.803921568627451,1.0371676643924834,5.975609756097561,6.182587665686791,53.095238095238095,1.288212109155518,100.0,100.0,100.0,CCC2014B
group3,F,Scotland,Post Graduate Qualification,60-70%,35-55,60,0.5,1.0,2.627659574468085,2.252759562471147,2.473684210526316,0.8394958499171197,3.037037037037037,2.887232431085365,5.7439024390243905,1.3515147126864442,4.410714285714286,3.652031990869968,22.57894736842105,1.4478045442102674,98.66666666666669,92.5,95.0,CCC2014B
group1,M,South Region,Lower Than A Level,90-100%,35-55,60,0.7142857142857143,0.875,3.4328358208955225,5.208454317907351,3.7205882352941178,0.7820395582941617,4.092592592592593,5.962994431123048,9.236363636363636,0.9219157769869218,6.388888888888889,10.513332427454138,14.45945945945946,1.0306441038288128,61.666666666666664,29.0,75.66666666666667,CCC2014B
group3,M,Scotland,HE Qualification,80-90%,0-35,90,0.5,1.0,1.635135135135135,1.9453368232169783,6.194630872483222,0.7039502754704166,3.8688524590163937,5.587114370991122,4.758064516129032,1.096425468426307,1.7391304347826086,2.1318041700303834,14.899280575539567,1.3810991222712097,98.66666666666669,95.0,98.66666666666669,CCC2014B
group3,F,South East Region,A Level or Equivalent,80-90%,0-35,120,0.625,1.0,1.9523809523809523,1.7383078800127112,5.559055118110236,0.9726970363028896,5.6976744186046515,10.27835192394312,4.840909090909091,0.708702512985596,1.9391304347826088,1.8557022434029824,24.646551724137932,1.1894378246560735,93.33333333333331,78.0,81.0,CCC2014B
group1,M,London Region,Post Graduate Qualification,10-20,35-55,30,0.5714285714285714,0.875,2.165217391304348,2.4312672126576325,4.344827586206897,0.9751252414862012,2.880952380952381,3.3343945528161005,8.858823529411765,1.395804033068397,8.962962962962964,7.929892236543375,35.07142857142857,1.0347013938423908,97.0,92.5,98.0,CCC2014B
group3,F,London Region,A Level or Equivalent,20-30%,35-55,90,0.5,1.0,1.171945701357466,0.8724731393323456,9.504504504504505,1.0719344069439924,2.752688172043011,3.5924313977247477,4.76595744680851,1.0506352852208138,1.4853801169590644,1.3519342358970627,21.552325581395348,1.03625436442644,98.66666666666669,93.5,92.66666666666669,CCC2014B
group1,M,East Anglian Region,A Level or Equivalent,10-20,0-35,60,0.75,1.0,4.095238095238095,4.679103462907169,2.375,0.77173043676922,4.30188679245283,5.3008885527311405,3.685185185185185,0.7812898811820188,5.375,7.0548760864911495,36.44897959183673,1.535694741853724,69.66666666666667,66.0,67.66666666666667,CCC2014B
group1,F,London Region,Lower Than A Level,10-20,0-35,60,0.75,1.0,7.466666666666667,10.487211697844298,4.032258064516129,0.8368321217544172,8.96,13.122753776043604,9.346153846153848,1.526748971193416,13.117647058823527,15.76341632126891,26.61111111111111,1.2309487614862686,71.33333333333333,52.0,56.666666666666664,CCC2014B
group1,M,East Midlands Region,A Level or Equivalent,70-80%,0-35,60,0.8,0.625,6.428571428571429,8.565614274479074,3.0555555555555554,1.0714938980478232,9.0,12.349089035228468,2.8846153846153846,0.7021237624363512,12.5,16.832217008218635,18.68421052631579,1.2084342886044837,94.66666666666669,40.0,59.0,CCC2014B
group1,M,West Midlands Region,A Level or Equivalent,70-80%,0-35,60,0.5,1.0,7.515151515151516,7.818732362574879,3.2058823529411766,0.7403959613710156,9.346153846153848,8.61599585743776,8.37037037037037,1.2739828664303234,9.185185185185183,9.988597487739696,19.642857142857142,0.8495015553617212,87.33333333333333,55.0,79.33333333333333,CCC2014B
group3,M,South East Region,A Level or Equivalent,30-40%,0-35,60,0.5,1.0,4.784313725490196,4.721498598920457,3.0576923076923075,1.1190551032885008,5.421052631578948,7.398435111918139,3.4358974358974357,1.1044271872313471,9.478260869565217,12.727456238089768,17.25,0.9210598171267044,70.66666666666667,70.0,76.0,CCC2014B
group3,M,London Region,A Level or Equivalent,50-60%,35-55,60,0.5,1.0,1.505813953488372,0.9015716817580404,6.167630057803469,0.917527209160722,2.072,1.7605717546370574,9.84920634920635,1.21110290821706,2.3181818181818183,2.004269837451475,30.765765765765767,1.3487401688567864,96.66666666666669,96.5,89.66666666666667,CCC2014B
group1,F,North Region,Lower Than A Level,0-10%,35-55,60,1.0,0.625,2.55,2.8967937692238537,4.099009900990099,0.8524003664631046,3.4788732394366195,4.387837589550648,8.194444444444445,1.078280521249006,3.803030303030303,4.694414674645726,20.22388059701493,1.4122889176539912,63.0,61.0,58.5,CCC2014B
group1,F,London Region,A Level or Equivalent,30-40%,35-55,60,0.7142857142857143,0.875,4.298245614035087,4.909774915850092,2.7758620689655173,1.0535780081908457,5.2272727272727275,6.160125475782001,6.5777777777777775,1.022337711996551,7.103448275862069,11.427863278553016,15.433333333333334,1.251360347439202,77.5,52.5,41.0,CCC2014B
group3,M,London Region,A Level or Equivalent,30-40%,0-35,90,0.5,1.0,3.1341463414634148,3.2575162663037247,2.8674698795180724,0.8382537223390802,5.1875,6.299801584177077,5.061224489795919,1.0195793954373618,9.909090909090908,15.880233568238792,22.82608695652174,1.3359267295616817,89.66666666666667,81.5,87.0,CCC2014B
group3,F,London Region,HE Qualification,20-30%,0-35,60,1.0,0.5,2.411764705882353,2.0793798636506637,2.2815533980582523,0.8135119668667453,3.84375,4.288111102268319,3.7384615384615385,0.826494828683667,3.84375,4.000867961385935,34.16923076923077,1.6702047579496608,82.0,100.0,94.0,CCC2014B
group3,M,South West Region,HE Qualification,30-40%,0-35,30,0.5,1.0,2.8850574712643677,4.3144572736818345,2.3181818181818183,0.7487012977269327,3.0987654320987654,4.681359146315323,10.097560975609756,1.4743226091416608,6.05,9.356062068835234,40.02439024390244,0.8530321166581152,98.66666666666669,81.5,84.33333333333333,CCC2014B
group1,F,East Anglian Region,Lower Than A Level,30-40%,0-35,60,0.75,1.0,4.882352941176471,5.058248941376963,2.326923076923077,0.6727800657498945,5.785714285714286,6.010298942630969,3.395348837209302,0.7834610530317154,8.625,10.82192822166099,23.04,1.060412914749966,64.66666666666667,48.5,26.0,CCC2014B
group3,M,Scotland,HE Qualification,50-60%,0-35,60,0.4285714285714285,0.875,9.347826086956522,11.27994477602606,2.9166666666666665,0.7199773239059516,12.0,12.444878464653645,3.611111111111111,0.5313820319744783,21.5,27.383084803092096,32.0,1.0578105067458057,80.5,73.0,79.33333333333333,CCC2014B
group3,M,South East Region,A Level or Equivalent,70-80%,0-35,30,1.0,0.5,2.330275229357798,2.5131323448650016,2.2818181818181817,0.8846864508668367,3.828125,4.488272858680525,4.953846153846154,1.1873593187923994,5.291666666666667,6.900380295820685,20.26530612244898,1.1587449530958491,95.0,100.0,90.0,CCC2014B
group3,F,Scotland,HE Qualification,70-80%,0-35,120,1.0,0.5,3.703125,3.663113809012461,2.8,0.8707707839849465,5.4,5.9734455117671645,4.097560975609756,0.7327475242130558,12.875,12.85236683779814,14.352941176470589,1.35814750051794,71.0,87.0,71.0,CCC2014B
group3,F,South East Region,A Level or Equivalent,10-20,0-35,60,1.0,0.5,1.488235294117647,0.8582232595566236,5.9298245614035086,0.7669858000865467,1.9224806201550388,1.774878530618254,9.484615384615385,1.0761915928183652,1.8602941176470589,1.3287297978960937,42.12408759124087,1.5500845015629925,94.0,91.0,100.0,CCC2014B
group3,M,South Region,HE Qualification,40-50%,0-35,60,0.5,1.0,5.674418604651163,6.0423936057877485,3.590909090909091,0.948691742914012,6.421052631578948,6.466677909587289,5.897435897435898,0.8995483008475175,15.0625,18.63498054734697,19.529411764705884,1.0277221429060026,93.66666666666669,86.5,91.0,CCC2014B
group1,M,Scotland,A Level or Equivalent,90-100%,0-35,30,0.5,1.0,2.9647058823529413,2.9938311926499854,5.325581395348837,0.9800745571455876,4.224137931034483,4.456586308431703,6.508474576271187,1.11277476904895,4.615384615384615,4.765701998178751,42.22641509433962,0.8090591867620243,71.0,78.5,78.0,CCC2014B
group3,F,East Anglian Region,HE Qualification,60-70%,35-55,60,1.0,0.5,3.3333333333333335,4.19244279347692,3.0657894736842106,0.8013118055413505,5.4222222222222225,6.404859266386906,4.0,0.7939992333804207,6.9714285714285715,8.846686698771384,44.916666666666664,1.148905458828498,87.0,100.0,100.0,CCC2014B
group3,M,Scotland,A Level or Equivalent,50-60%,35-55,60,0.5,1.0,3.608695652173913,4.740989569402858,2.628571428571429,0.8112949111711778,4.527272727272727,5.7473167505932565,6.482142857142857,1.1261221437199107,9.576923076923077,11.458352680636349,60.370370370370374,1.298694034478438,95.33333333333331,76.0,86.33333333333333,CCC2014B
group1,M,East Anglian Region,HE Qualification,50-60%,0-35,90,0.625,1.0,7.933333333333334,8.725441727118078,3.3548387096774195,0.7164590773152754,11.473684210526317,12.148929633019948,2.55,0.6617465502229884,15.571428571428571,20.285327345017272,23.6,1.449937013031956,71.33333333333333,46.5,54.333333333333336,CCC2014B
group1,M,London Region,A Level or Equivalent,10-20,0-35,60,0.625,1.0,2.0238095238095237,1.680306094563896,3.858267716535433,1.020134657222829,2.7127659574468086,2.815557166830192,7.91578947368421,1.0846662906045084,7.0,8.663649550242193,15.38888888888889,1.3888410863514216,73.66666666666667,71.5,63.333333333333336,CCC2014B
group3,M,Scotland,Post Graduate Qualification,90-100%,35-55,60,1.0,0.5,3.9672131147540983,4.082349050545751,2.7419354838709675,0.7913021986258936,5.975,5.418333077001942,3.2439024390243905,0.8388093395004855,6.025,6.095342904891005,45.51219512195122,1.053054798742181,97.0,100.0,100.0,CCC2014B
group3,M,East Anglian Region,A Level or Equivalent,40-50%,0-35,30,0.5,1.0,1.5033112582781456,1.142361134874785,4.526315789473684,0.8297267366697415,1.6946564885496185,1.306157781557404,7.113636363636363,1.0390298346740083,1.8487394957983192,1.5711307353287502,23.683333333333337,1.4702528386567235,95.33333333333331,92.0,94.66666666666669,CCC2014B
group1,M,East Anglian Region,Lower Than A Level,0-10%,0-35,60,0.4285714285714285,0.875,6.075,7.914243893781414,2.975609756097561,0.8575666655508566,8.1,10.23634498347382,3.4193548387096775,0.6879681001322465,15.2,20.23504738954527,24.875,0.954390295868286,77.0,47.5,60.0,CCC2014B
group3,F,South East Region,A Level or Equivalent,30-40%,0-35,60,0.8333333333333334,0.75,1.9365079365079363,1.9047142851190328,3.2125984251968505,0.7847808045486361,2.6777777777777776,2.9974812564295865,4.626373626373627,0.9241095612950369,4.530612244897959,5.029504783509697,28.18,1.587079635307422,100.0,98.0,96.5,CCC2014B
group3,M,East Anglian Region,HE Qualification,60-70%,35-55,30,1.0,0.5,9.590909090909092,10.0078973145216,3.5652173913043477,0.8054321817540668,11.72222222222222,11.44709341765054,3.1052631578947367,0.8672270376587139,16.23076923076923,22.361253118410897,40.42857142857143,0.6114605907087849,78.5,100.0,96.0,CCC2014B
group1,M,West Midlands Region,A Level or Equivalent,70-80%,0-35,60,0.5714285714285714,0.875,8.5,10.723805294763608,3.3448275862068964,0.7623291359726249,9.916666666666666,11.890502847693805,5.84,0.8860271431112555,16.0,17.44000705716159,28.4,1.2161436955923568,83.66666666666667,43.0,63.333333333333336,CCC2014B
group3,M,West Midlands Region,A Level or Equivalent,0-10%,0-35,60,1.0,0.5,1.9534883720930232,1.2615743210139707,2.6615384615384614,0.7665446048081044,2.831460674157303,2.4690629205879437,8.055555555555555,1.1174499592442528,4.673076923076923,6.1889248134799635,39.22641509433962,1.1297389682307135,92.0,74.0,81.0,CCC2014B
group1,F,East Anglian Region,A Level or Equivalent,60-70%,0-35,60,0.5,1.0,5.111111111111111,6.9877237229503315,2.652173913043478,0.7342359238215964,5.897435897435898,9.201815815641677,4.2,0.8767596495010462,9.909090909090908,14.803182061104264,55.65217391304348,0.6930281999583423,72.0,62.0,68.0,CCC2014B
group3,M,East Anglian Region,HE Qualification,70-80%,0-35,60,1.0,0.5,2.297297297297298,1.851753933165157,1.5267857142857142,0.6833602954440791,2.5842696629213484,2.448603445955771,3.8,1.1069327406559548,2.843373493975903,2.747424193724819,19.166666666666668,1.180062110166635,94.0,91.0,90.0,CCC2014B
group3,M,East Midlands Region,A Level or Equivalent,60-70%,0-35,60,0.5,1.0,3.5,2.9672121302810406,2.3661971830985915,0.6548701209273841,6.805555555555555,8.259434240203984,3.702702702702702,0.7183015824900756,9.909090909090908,9.709637288645558,41.65217391304348,1.0395223802712568,92.33333333333331,92.5,93.33333333333331,CCC2014B
group3,M,Yorkshire Region,A Level or Equivalent,40-50%,0-35,60,0.5,1.0,4.6923076923076925,5.035320195588015,2.4150943396226414,0.8679262056404912,8.571428571428571,9.916049734044416,3.310344827586207,0.7275279204264261,11.65,14.705083260023065,32.904761904761905,0.8614150037900976,94.66666666666669,93.0,78.33333333333333,CCC2014B
group1,F,South West Region,Lower Than A Level,60-70%,0-35,60,0.625,1.0,2.577319587628866,3.098504516787062,2.6122448979591835,0.6622217133681514,4.490196078431373,6.369843166105764,4.634615384615385,0.5724787861029171,4.333333333333333,6.6047438640293965,18.181818181818183,1.4608251093132265,98.0,88.5,86.66666666666667,CCC2014B
group3,M,North Western Region,A Level or Equivalent,60-70%,0-35,60,1.0,0.5,4.607843137254902,4.42302354220526,3.076923076923077,0.9953014618697194,6.184210526315789,6.455064063399286,5.051282051282051,0.8999242698204032,8.863636363636363,8.39101250798084,25.434782608695652,1.5205394846395852,73.0,80.0,85.0,CCC2014B
group1,M,West Midlands Region,HE Qualification,50-60%,0-35,60,0.5,1.0,7.129032258064516,8.397388226839226,2.53125,0.7121006489589994,9.478260869565217,10.790861307005828,3.0833333333333335,0.7125095311602198,29.857142857142858,24.754989876982854,39.75,1.0511803006736504,53.666666666666664,63.0,35.333333333333336,CCC2014B
group3,F,North Western Region,A Level or Equivalent,0-10%,0-35,60,0.625,1.0,2.619565217391304,2.835576152491601,4.311827956989247,0.9406687414990068,3.4347826086956523,3.478836269542062,12.585714285714284,1.2266198841500595,3.0125,3.4291887441548004,65.49382716049382,1.8772664530579577,75.33333333333333,92.5,81.0,CCC2014B
group3,M,South East Region,A Level or Equivalent,10-20,35-55,30,1.0,0.5,3.5806451612903225,3.16511925601742,3.3492063492063493,0.991212711381352,4.530612244897959,4.8695569648597,5.3,1.0370495157480224,6.3428571428571425,7.108167866628367,19.61111111111111,0.9756934900450156,84.5,83.0,91.0,CCC2014B
group1,F,Scotland,HE Qualification,40-50%,0-35,60,1.0,0.75,5.970588235294118,9.133638440328436,2.7714285714285714,0.9530368865088302,8.954545454545455,15.104326950933388,4.391304347826087,1.05267594930709,13.214285714285714,19.37555387368547,21.2,1.365286982273626,80.0,44.0,61.333333333333336,CCC2014B
group3,M,East Midlands Region,A Level or Equivalent,10-20,35-55,60,0.75,1.0,2.0806451612903225,2.1168959258477265,2.984,0.7366363389786045,6.15,6.162541933076244,3.7560975609756095,0.9311787932593948,2.2427184466019416,2.5951161499468984,16.46153846153846,1.571532217963452,89.66666666666667,94.0,89.33333333333333,CCC2014B
group3,F,North Western Region,A Level or Equivalent,10-20,0-35,30,0.5,1.0,2.78494623655914,2.896209900983756,2.904255319148936,0.9596300615110956,4.823529411764706,5.680513647032075,4.6923076923076925,1.0130829216708443,5.425531914893617,5.807583800705777,24.6875,1.1451893440675898,93.66666666666669,93.5,94.66666666666669,CCC2014B
group1,M,West Midlands Region,HE Qualification,20-30%,0-35,30,0.875,1.0,3.3376623376623376,3.633218051645088,3.269230769230769,0.9705941770465784,4.0,3.9920556028827976,3.953846153846154,0.8457643973695769,6.9375,8.594587569154843,32.24242424242424,0.9813173312247968,75.0,69.5,83.0,CCC2014B
group3,M,London Region,HE Qualification,20-30%,0-35,30,0.5,1.0,1.5849056603773586,1.6081355144439349,3.40625,0.9671918000667294,1.7202797202797202,1.7975162613834532,31.819444444444443,1.27301490866347,2.5681818181818183,3.3141821846073984,44.03370786516854,1.0541325858190054,93.0,67.0,90.0,CCC2014B
group3,M,Scotland,A Level or Equivalent,20-30%,0-35,90,0.5,0.75,4.955555555555556,4.5922640264785395,3.652173913043478,0.965901057359246,11.157894736842104,13.524722867954477,8.9,0.6961760033554907,21.4,28.17485088198733,34.36363636363637,1.135786721987084,58.333333333333336,74.0,76.0,CCC2014B
group3,M,West Midlands Region,Lower Than A Level,20-30%,0-35,60,0.5,1.0,1.579268292682927,1.2031898100418232,4.175757575757576,0.7700163034569532,1.776978417266187,1.5465865427816896,16.728571428571428,1.868368451051117,2.3398058252427183,2.277569215315743,23.817307692307693,2.061901306842032,93.33333333333331,91.5,97.33333333333331,CCC2014B
group1,F,South Region,A Level or Equivalent,30-40%,0-35,60,0.7142857142857143,0.875,5.045454545454546,7.070918316251089,3.1333333333333333,1.454920935938618,5.842105263157895,8.172221623211799,10.307692307692308,1.2708497288004776,15.857142857142858,14.706655441864212,25.266666666666666,1.0709411179257535,77.33333333333333,46.5,45.5,CCC2014B
group3,M,London Region,A Level or Equivalent,50-60%,0-35,60,1.0,0.5,5.809523809523809,4.915074349923197,2.1627906976744184,0.9560826925149212,8.714285714285714,9.56404200486904,7.172413793103448,0.9784096805319232,24.4,27.154700841249895,79.0909090909091,1.0864665504893725,93.5,91.0,90.0,CCC2014B
group1,M,London Region,HE Qualification,50-60%,0-35,30,0.625,1.0,2.897727272727273,3.420827932073878,2.033707865168539,0.6486950174972138,3.78125,4.300124582912852,8.23076923076923,1.7402361035842266,6.9655172413793105,12.76290036064544,20.966666666666665,0.7677209367812144,87.33333333333333,66.5,70.33333333333333,CCC2014B
group1,M,South West Region,A Level or Equivalent,60-70%,0-35,60,0.5714285714285714,0.875,3.9516129032258065,3.9564324854133495,3.253968253968254,1.0374315054474408,4.702127659574468,5.4689435177866,7.166666666666667,1.078327732034384,11.31578947368421,18.648957765274556,18.65,0.8964651973942321,79.0,54.5,66.33333333333333,CCC2014B
group1,M,East Anglian Region,A Level or Equivalent,30-40%,0-35,60,1.0,0.625,2.9285714285714284,3.4633562463039227,3.2705882352941176,0.8060765033340606,3.784615384615385,5.602712255272853,11.454545454545457,1.1868640084353348,5.071428571428571,7.955341378344051,48.11627906976744,1.0779718430721137,63.333333333333336,35.0,54.0,CCC2014B
group3,F,East Anglian Region,A Level or Equivalent,60-70%,0-35,90,0.5714285714285714,0.875,2.1944444444444446,1.959679228630983,4.678899082568807,0.8553335841511516,3.16,3.009175158599967,6.25,1.0511547534923076,3.1184210526315788,2.771123022714355,23.87012987012987,1.7942496203532283,81.33333333333333,87.0,86.0,CCC2014B
group1,F,East Anglian Region,A Level or Equivalent,60-70%,0-35,60,1.0,1.0,2.3541666666666665,2.3394968719866003,2.989690721649485,0.822816716161484,2.987012987012987,3.529922865168536,7.935897435897436,1.8776473981141584,5.609756097560975,7.272819428462691,33.023809523809526,1.2843731454597165,67.66666666666667,66.0,76.66666666666667,CCC2014B
group3,M,North Region,A Level or Equivalent,40-50%,0-35,60,0.625,1.0,2.504854368932039,2.5739029127132715,2.9903846153846154,0.6854759484299746,4.571428571428571,4.724624632928834,5.052631578947368,0.8977692261006351,3.909090909090909,3.813850356982368,25.492537313432837,1.427437930933736,96.66666666666669,100.0,100.0,CCC2014B
group3,M,Scotland,HE Qualification,40-50%,35-55,30,0.5,1.0,1.3096446700507614,0.8021389617222026,4.358585858585859,0.7210330902064808,1.4566473988439306,1.1587002930592696,8.0,0.9448704527149704,2.3454545454545452,2.4697671532945993,13.864864864864863,1.1404947066679627,98.66666666666669,78.0,91.33333333333331,CCC2014B
group1,M,London Region,A Level or Equivalent,40-50%,0-35,60,0.5,1.0,7.588235294117647,6.94618991730009,1.8857142857142857,0.7366815624935282,11.72222222222222,13.58115283833816,3.3684210526315788,0.5715419111928715,18.636363636363637,27.33229857612684,23.916666666666668,1.1223785625424885,98.66666666666669,85.0,87.0,CCC2014B
group1,M,South Region,A Level or Equivalent,50-60%,0-35,60,0.5,1.0,2.9397590361445785,2.5631031001900677,2.3452380952380953,0.656276667762882,5.409090909090909,5.5418835762706795,4.5777777777777775,1.180859542103556,4.836734693877551,4.283431931949691,17.48,0.950706596229962,45.333333333333336,47.5,61.666666666666664,CCC2014B
group3,M,London Region,Lower Than A Level,10-20,0-35,120,0.5,1.0,1.6,1.1142524137548195,2.9038461538461537,1.0030799170849058,2.323809523809524,1.9039192275168677,8.037735849056604,2.9073146655734887,2.6630434782608696,2.966024363615612,40.89247311827957,1.5645561111628488,96.66666666666669,90.5,95.33333333333331,CCC2014B
group1,M,East Anglian Region,HE Qualification,80-90%,0-35,60,0.5,1.0,3.8333333333333335,5.7748642065224,4.072727272727272,1.011670578643996,4.137254901960785,5.351708541552454,9.326923076923077,1.0809375445094849,7.961538461538462,11.240927966073864,33.666666666666664,1.1206649568136708,71.66666666666667,65.0,80.0,CCC2014B
group3,M,Scotland,Lower Than A Level,90-100%,35-55,30,0.5,1.0,1.1072961373390555,0.3846045694680515,9.47863247863248,0.6714501056499296,1.5357142857142858,0.8815667676260941,7.461538461538462,1.0715700173349512,1.162162162162162,0.673217983436608,30.96412556053812,0.8591779683478216,94.66666666666669,98.0,94.0,CCC2014B
group3,M,Scotland,Post Graduate Qualification,90-100%,0-35,60,0.5,1.0,2.6739130434782608,2.6812687486049547,2.6021505376344085,0.8456043912029386,7.363636363636363,6.863937380515382,6.235294117647059,0.7838140994788432,12.88888888888889,16.083930193131167,24.63157894736842,1.240336302864419,97.33333333333331,93.5,99.66666666666669,CCC2014B
group1,M,North Western Region,A Level or Equivalent,50-60%,0-35,60,0.5,1.0,4.60377358490566,4.316068468487663,2.5,0.7002645002928325,6.205128205128205,7.038164709860867,3.25,0.9172895498931596,6.9714285714285715,8.74301642080431,19.166666666666668,1.6540721360871664,69.33333333333333,47.5,65.0,CCC2014B
group3,M,North Western Region,A Level or Equivalent,80-90%,0-35,60,0.6666666666666666,0.75,3.63768115942029,4.0218923497921075,1.6571428571428573,0.6522165627371632,7.645161290322581,12.864805704185802,4.40625,0.9726142979138304,12.352941176470589,20.01543522031993,19.666666666666668,1.0410974696905906,94.66666666666669,96.0,97.5,CCC2014B
group1,M,London Region,A Level or Equivalent,90-100%,0-35,60,0.5714285714285714,0.875,3.5846153846153848,5.071033880323086,3.590909090909091,0.7771162267428268,5.065217391304348,7.236948939414374,5.914893617021277,0.9317866076970228,8.884615384615385,13.476874780384131,29.88888888888889,1.35035863493584,67.33333333333333,58.0,45.5,CCC2014B
group3,M,East Anglian Region,HE Qualification,90-100%,0-35,90,1.0,0.5,1.773972602739726,1.498369449148229,3.857142857142857,0.8521201939129579,2.041322314049587,2.0469354908206725,7.39344262295082,0.8957679302456161,4.111111111111111,3.860933829508386,30.5,1.9458453594413525,72.0,100.0,94.0,CCC2014B
group1,M,Wales,A Level or Equivalent,50-60%,0-35,30,0.5,1.0,17.75,19.712132858170925,2.1538461538461537,0.5101020306102035,16.307692307692307,17.48992383909764,3.857142857142857,0.6415002990995842,22.88888888888889,29.259376464837917,26.6,1.0544023773395823,75.66666666666667,62.5,69.33333333333333,CCC2014B
group3,F,London Region,Lower Than A Level,20-30%,0-35,30,0.5,1.0,5.208333333333333,6.021091769711768,2.5918367346938775,0.9020474640390352,5.4186046511627906,6.385372264717654,5.295454545454546,0.9352186395369828,11.6,14.858632082679112,43.76190476190476,1.3911638364899193,96.66666666666669,97.5,92.33333333333331,CCC2014B
group3,F,West Midlands Region,A Level or Equivalent,70-80%,0-35,60,1.0,0.5,5.186046511627907,4.6560550129373945,2.022727272727273,0.9278341187954934,6.5588235294117645,6.2966618210863565,3.8857142857142857,1.008559818044718,9.391304347826088,12.964073190008197,22.375,0.8655492681019331,90.0,83.0,73.0,CCC2014B
group3,F,London Region,A Level or Equivalent,90-100%,35-55,60,1.0,0.5,2.272727272727273,1.9625348283432784,4.09009009009009,0.952617070763618,3.1645569620253164,2.893096911114169,5.975,0.9657842785901184,2.7472527472527473,3.5137615380842435,29.565217391304348,1.0782816852444284,100.0,70.0,100.0,CCC2014B
group3,F,Scotland,A Level or Equivalent,20-30%,0-35,60,1.0,0.5,2.752808988764045,2.710589079200667,2.411111111111111,0.9890242661984124,4.388888888888889,5.089451416731516,2.636363636363636,0.68758309410287,7.551724137931035,11.9001386753521,16.166666666666668,1.1356408294559832,79.5,61.0,73.0,CCC2014B
group1,M,Yorkshire Region,A Level or Equivalent,70-80%,0-35,60,0.5,1.0,1.588957055214724,1.210703608047578,5.7439024390243905,1.067619710957002,3.2051282051282053,3.4541861460265757,6.3924050632911396,0.8666890372365132,1.9465648854961832,1.8200294887688648,26.12878787878788,1.5060939890470029,83.0,70.5,63.0,CCC2014B
group3,F,South East Region,HE Qualification,70-80%,0-35,60,0.6666666666666666,0.75,4.067796610169491,3.8812742609810287,2.0833333333333335,0.7553542215411256,5.714285714285714,7.030545599636732,4.069767441860465,0.7884886084873299,9.826086956521738,16.02456118790222,16.791666666666668,1.1300734162652497,84.0,88.0,93.0,CCC2014B
group3,M,Yorkshire Region,A Level or Equivalent,70-80%,0-35,60,0.5,1.0,3.037037037037037,3.458483932463922,3.402439024390244,0.8755576214590386,5.651162790697675,5.727476469699676,3.25,1.0354138131150543,4.826086956521739,5.76697243052997,21.78723404255319,1.078657378179908,100.0,96.0,96.66666666666669,CCC2014B
group3,M,Scotland,HE Qualification,90-100%,35-55,30,0.5,1.0,1.588957055214724,1.3550548316986266,4.554878048780488,0.9346794606758154,2.2589285714285716,2.3355672795649705,6.132743362831858,0.967594608216538,3.5833333333333335,5.325331438471927,22.71232876712329,1.2903486406394935,100.0,91.5,97.0,CCC2014B
group3,F,North Western Region,A Level or Equivalent,70-80%,0-35,30,1.0,0.5,3.746268656716418,4.973698348318213,2.8676470588235294,0.6630077105091681,6.048780487804878,6.38338162540904,5.214285714285714,0.9952347838442022,4.048387096774194,6.572240228277678,24.46031746031746,1.2097458370229972,83.0,91.0,96.0,CCC2014B
group3,F,Scotland,HE Qualification,50-60%,55<=,60,1.0,0.5,4.673913043478261,5.6531381563245695,3.234042553191489,0.6993516982062269,4.738095238095238,5.877030624926012,12.069767441860463,2.7424928438490537,16.0,26.51928972036633,67.07692307692308,0.8175101512540485,76.5,87.0,94.0,CCC2014B
group3,F,South West Region,A Level or Equivalent,40-50%,0-35,60,0.5,0.75,9.25925925925926,10.331403183396327,2.1785714285714284,0.6725308687464266,14.8125,17.611430946973048,3.411764705882353,0.6896551724137931,17.916666666666668,16.053650580777475,34.53846153846154,1.0248232274430105,82.0,78.0,88.33333333333333,CCC2014B
group3,M,Wales,A Level or Equivalent,70-80%,0-35,60,1.0,0.5,4.385964912280702,4.463160259137786,2.4482758620689653,0.6443565765463591,5.104166666666667,6.1893511272092585,3.4693877551020407,0.863925217832493,7.205882352941177,10.259598349290778,32.6,1.4863348083904728,95.0,80.0,94.0,CCC2014B
group3,M,South West Region,HE Qualification,50-60%,0-35,60,0.5,1.0,2.8876404494382024,2.6519212685728224,2.8222222222222224,1.0002169768945144,4.60377358490566,5.907425648614141,3.6666666666666665,0.8860722131644514,4.568627450980392,4.382943768568263,19.634615384615383,1.2112635107474965,100.0,86.0,88.33333333333333,CCC2014B
group3,M,Scotland,Lower Than A Level,70-80%,35-55,60,0.5,1.0,4.064516129032258,3.2536031363072007,4.746031746031746,0.727930090106594,5.361702127659575,4.0882947009134645,8.354166666666666,1.4748573267616931,8.689655172413794,7.681626726323115,31.6,1.0780446216013242,96.66666666666669,98.0,99.0,CCC2014B
group3,M,West Midlands Region,A Level or Equivalent,30-40%,0-35,60,0.5,1.0,2.642857142857143,3.7560947036357337,3.01010101010101,0.8061796815992496,4.046875,5.025110557103307,6.0,0.7958224257542215,3.278481012658228,5.015199228756725,38.05,1.4073943195208696,82.0,32.5,80.33333333333333,CCC2014B
group3,M,South Region,HE Qualification,50-60%,0-35,60,0.5,1.0,3.464788732394366,3.328796375849869,3.4305555555555554,1.193824087437016,4.6415094339622645,6.897865722377302,5.407407407407407,1.001921591536191,10.08695652173913,13.911777363339116,32.416666666666664,0.9919515393461544,86.33333333333333,82.5,82.33333333333333,CCC2014B
group3,M,North Western Region,Lower Than A Level,0-10%,0-35,30,0.5,1.0,3.4285714285714284,3.917894393718552,2.8309859154929575,0.9777353611659674,5.288888888888889,8.362856792829454,4.456521739130435,1.1769044586114812,14.466666666666669,19.856149341366937,63.875,1.370197051808412,92.66666666666669,93.0,92.0,CCC2014B
group3,F,North Western Region,A Level or Equivalent,70-80%,0-35,30,0.5,1.0,7.03030303030303,6.993232659528999,2.5294117647058822,0.7744570142021727,7.225806451612903,8.39726017785704,5.0,1.2737739202856997,13.117647058823527,12.83492478036576,27.61111111111111,1.2936749550234972,84.0,82.5,63.333333333333336,CCC2014B
group3,M,Wales,HE Qualification,0-10%,0-35,120,0.625,1.0,4.433962264150943,4.837789681099068,2.962962962962963,0.8492643875731516,5.0,6.089906117645747,8.041666666666666,1.06487714215048,9.038461538461538,12.984547028620655,26.22222222222222,1.5510326832057109,83.0,96.0,86.66666666666667,CCC2014B
group1,F,West Midlands Region,A Level or Equivalent,40-50%,0-35,60,0.5714285714285714,0.875,3.220779220779221,3.3427981370142135,2.641025641025641,0.9134472610748796,5.104166666666667,5.578223553622102,6.285714285714286,1.1304391014041717,8.25,9.709197624856468,50.41379310344828,1.0868847383883182,90.33333333333331,72.5,85.0,CCC2014B
group3,M,East Midlands Region,HE Qualification,90-100%,0-35,60,0.5,1.0,5.266666666666667,7.454101982374294,5.282608695652174,1.0199204717196486,6.583333333333333,9.43965798411907,9.83783783783784,1.2246955710042735,6.878787878787879,9.781224283536725,19.970588235294116,1.260850365966989,91.33333333333331,91.0,91.66666666666669,CCC2014B
group1,M,Ireland,Lower Than A Level,50-60%,0-35,60,0.5,1.0,3.739130434782609,4.313631518778046,3.128571428571429,0.8727196947254039,5.486486486486487,6.162708737152761,4.684210526315789,0.9894022455169128,4.8,6.827316083056298,13.372549019607844,1.359573615472548,63.333333333333336,53.5,76.0,CCC2014B
group3,M,South Region,HE Qualification,80-90%,35-55,60,0.5,1.0,3.1463414634146343,3.174442504644965,3.156626506024097,0.906068605017216,4.3,6.156985835315134,5.819672131147541,1.0685677035713046,6.8108108108108105,8.764948620746406,25.55263157894737,1.0385876838921773,94.0,98.0,91.33333333333331,CCC2014B
group3,M,London Region,HE Qualification,90-100%,55<=,120,1.0,0.5,4.625,5.946924338757732,3.245614035087719,0.7329458657189541,7.848484848484849,9.506975110810783,5.352941176470588,1.0310948664386728,11.411764705882351,17.193962688722355,25.88888888888889,1.6768323280008357,73.5,78.0,85.0,CCC2014B
group1,M,London Region,A Level or Equivalent,80-90%,35-55,60,0.5,1.0,2.504854368932039,2.5277820488378344,3.4615384615384617,0.8525922708111501,2.9655172413793105,3.0516799637975587,9.829545454545457,1.2998698135940745,4.611111111111111,5.33205566456905,27.272727272727273,1.0413111393281496,75.0,66.0,67.66666666666667,CCC2014B
group3,M,Scotland,Post Graduate Qualification,80-90%,35-55,180,1.0,0.5,3.4166666666666665,4.002639973887657,2.3972602739726026,0.8103413239027675,4.7272727272727275,7.613829633721254,1.9111111111111112,0.9731384164143104,29.714285714285715,32.257889400446345,18.625,0.8598727283494085,95.0,98.0,92.0,CCC2014B
group3,M,London Region,A Level or Equivalent,90-100%,35-55,60,1.0,0.5,5.463414634146342,4.626540613544908,2.4761904761904763,0.916845957004632,8.565217391304348,9.666371355263855,3.625,1.3153262843283209,9.55,9.422677013739946,18.80952380952381,1.073948996779952,52.5,67.0,69.0,CCC2014B
group1,M,South Region,A Level or Equivalent,90-100%,35-55,30,0.5714285714285714,0.875,1.8905109489051095,2.5107967803678797,3.1594202898550723,0.8445351539717473,4.3,6.115553940568262,4.245901639344262,0.8725868725868727,1.9112903225806452,2.7937563859964296,19.664,0.8132104074215484,87.0,59.5,87.5,CCC2014B
group3,M,Scotland,HE Qualification,80-90%,55<=,90,0.5,1.0,3.217948717948718,3.6632518230956936,2.430379746835443,1.116188485924806,5.333333333333333,7.564870965672363,5.782608695652174,1.7464985605497574,4.75,6.13153689386691,20.183673469387756,1.2431131409581653,94.66666666666669,93.0,95.0,CCC2014B
group3,F,South Region,Post Graduate Qualification,90-100%,35-55,60,1.0,0.5,1.9448818897637796,1.7057656039043194,3.0234375,0.8180039492018367,3.5652173913043477,3.260630852302544,4.2,1.214452436200232,3.6865671641791047,3.6647748090058214,22.191176470588236,1.1241393802109054,84.0,85.0,85.0,CCC2014B
group3,M,South Region,A Level or Equivalent,80-90%,35-55,60,0.5,1.0,2.6875,2.1536382924569395,2.3711340206185567,0.6642647341617947,3.5342465753424657,3.866099785244462,4.175675675675675,0.9525399460622492,4.660377358490566,4.2604775654416205,17.72222222222222,0.9836119447311668,88.0,92.5,88.66666666666667,CCC2014B
group3,M,East Anglian Region,A Level or Equivalent,30-40%,35-55,90,0.5,1.0,1.2067307692307692,0.622099363434716,5.722488038277512,0.8428400549171399,2.1818181818181817,2.9744533633384744,4.63063063063063,0.8147176079434653,1.4180790960451977,1.1408284143467835,22.297752808988765,1.4438322979235392,98.66666666666669,95.5,93.33333333333331,CCC2014B
group3,F,South West Region,HE Qualification,70-80%,35-55,90,1.0,0.5,9.37037037037037,9.624280784909624,2.8214285714285716,0.8939075241617135,10.541666666666666,10.533504172160733,4.08,0.8022459821756387,18.615384615384617,13.225848816732972,20.214285714285715,1.5324489893975493,65.0,67.0,61.0,CCC2014B
group3,M,Wales,HE Qualification,80-90%,35-55,30,1.0,0.5,2.371428571428571,2.176169636244906,3.349056603773585,0.9697548757003772,3.4166666666666665,3.7669803351053512,6.972602739726027,1.523167392886012,8.8,8.470537173048708,16.384615384615383,1.478426044615559,95.0,83.0,100.0,CCC2014B
group1,M,Yorkshire Region,Lower Than A Level,70-80%,35-55,60,0.75,1.0,2.625,2.9779894312491404,3.350515463917526,0.8539556409359859,3.1139240506329116,3.862997845343963,9.075,0.9609192943780654,5.6571428571428575,8.22815416775861,21.38888888888889,0.8392665601069863,81.0,76.0,81.33333333333333,CCC2014B
group1,M,West Midlands Region,A Level or Equivalent,70-80%,35-55,90,0.625,1.0,3.1842105263157894,3.572899947533896,3.5454545454545454,1.021052004744788,5.377777777777778,6.176527742145658,9.73913043478261,1.73413223388294,4.745098039215686,7.090396708943447,14.192307692307692,0.9282109861052804,74.0,38.5,66.0,CCC2014B
group3,M,Scotland,A Level or Equivalent,40-50%,35-55,90,0.75,1.0,2.6161616161616164,3.5705915325028483,3.94,1.4570473348590962,4.25,4.983447176675185,8.278688524590164,1.2011953658055228,3.6615384615384614,5.9300003242962696,18.924242424242426,1.4968768253797062,92.66666666666669,80.5,87.0,CCC2014B
group3,M,South West Region,A Level or Equivalent,70-80%,35-55,60,1.0,0.5,2.774193548387097,2.368860633566752,2.148936170212766,0.7972602827404908,3.5846153846153848,3.2446701859179177,2.3484848484848486,0.7356253401011682,6.027027027027027,7.811979712404982,10.13157894736842,0.8189895003312879,86.0,83.0,90.0,CCC2014B
group1,M,Ireland,HE Qualification,30-40%,35-55,75,0.5,1.0,1.2835820895522387,0.6278368454285014,8.212871287128714,0.8907980035103448,1.79136690647482,1.594714186121959,15.514285714285714,0.9940461867334976,1.4021739130434785,0.9645042624691794,20.10810810810811,1.282305966058221,73.66666666666667,76.0,87.33333333333333,CCC2014B
group3,F,Scotland,HE Qualification,40-50%,35-55,60,0.5,1.0,4.961538461538462,3.9005356015403656,2.30188679245283,0.9305354718897296,7.9655172413793105,7.326482095895535,3.2333333333333334,1.034067384414904,7.78125,6.4843950398058,14.909090909090908,1.1761287354283196,75.0,73.5,66.66666666666667,CCC2014B
group3,F,South West Region,A Level or Equivalent,60-70%,35-55,120,0.5,1.0,2.102564102564102,2.0484839448110255,5.093220338983051,0.8743233985208118,3.84375,4.3977582673195865,6.138461538461539,0.8266650497194955,2.6923076923076925,3.16821824336753,32.02173913043478,0.859772053534284,82.33333333333333,78.0,90.0,CCC2014B
group3,M,North Western Region,Lower Than A Level,0-10%,35-55,60,1.0,1.0,2.4711538461538463,2.203072570933739,5.276190476190476,0.9855232005562324,5.446808510638298,7.845820018766841,5.291666666666667,0.9704864160243394,4.315789473684211,6.990191839634104,32.3448275862069,1.0101351046996816,71.33333333333333,85.5,84.0,CCC2014B
group3,F,London Region,A Level or Equivalent,10-20,35-55,60,0.8,0.625,4.857142857142857,7.871361593354312,4.8,0.9745012969605416,6.2631578947368425,9.176009291349695,7.794871794871795,1.0009950035988775,12.9375,14.803012080879576,67.17647058823529,1.2916064590185323,93.5,79.0,92.0,CCC2014B
group1,M,Scotland,HE Qualification,60-70%,35-55,120,0.3333333333333333,0.75,4.357142857142857,4.896858255986259,2.4035087719298245,0.8352483014520814,6.27027027027027,8.143329405950237,5.894736842105263,1.2537571087555606,9.347826086956522,13.776160883774992,14.416666666666666,0.8103831847617164,41.0,28.0,53.0,CCC2014B
group1,M,West Midlands Region,A Level or Equivalent,40-50%,35-55,45,1.0,0.625,2.6702127659574466,2.9049024112283033,2.968421052631579,0.987867144354251,2.4343434343434343,2.763322520126281,10.96,1.2863941047530316,5.738095238095238,9.085124598282526,33.58139534883721,1.1209081460409769,25.0,49.0,56.0,CCC2014B
group3,F,Scotland,A Level or Equivalent,50-60%,0-35,30,0.5,1.0,1.511764705882353,1.033396395382507,3.7134502923976607,0.8988084644201518,1.8592592592592592,1.804484310353759,6.5588235294117645,0.7698651783064402,7.0,12.34503948960877,16.0,1.0816292687422988,79.0,84.0,85.66666666666667,CCC2014B
group1,F,North Western Region,HE Qualification,70-80%,35-55,90,0.625,1.0,4.298245614035087,3.863588784503256,3.3448275862068964,0.7822833664243454,5.333333333333333,4.223434428753896,5.674418604651163,0.96578805827249,7.03125,9.753359636225271,25.21212121212121,0.9659304741249214,54.0,73.5,72.66666666666667,CCC2014B
group3,M,Scotland,A Level or Equivalent,80-90%,0-35,60,0.5,1.0,2.4285714285714284,2.6849192182989805,2.311320754716981,0.9735613698895796,5.217391304347826,7.414439496245031,7.680851063829787,1.1626629809604463,2.696629213483146,3.12397071915485,40.43333333333333,2.130125551483159,99.33333333333331,97.5,82.0,CCC2014B
group3,M,Scotland,A Level or Equivalent,0-10%,35-55,60,0.5,1.0,1.01171875,0.1395348540336645,9.396887159533074,0.6190092567241947,1.5849056603773586,1.1323879037067763,5.73125,0.9919654779851644,1.0948275862068966,0.6027131768992621,22.300429184549355,0.7880564398897639,95.66666666666669,95.0,95.66666666666669,CCC2014B
group3,M,East Midlands Region,Lower Than A Level,30-40%,35-55,60,0.5,1.0,1.5705521472392638,1.4905849591392055,3.695121951219512,1.0656182558017653,1.7887323943661972,1.789769928221066,15.832167832167832,2.5244910949519217,2.6122448979591835,3.954985508493853,24.47474747474747,1.0069768535617567,86.0,82.5,90.66666666666669,CCC2014B
group1,M,East Anglian Region,HE Qualification,40-50%,35-55,60,0.5,1.0,3.626865671641791,4.6574665401472926,3.7794117647058822,0.8595875891842192,4.1525423728813555,4.5364940105390135,14.666666666666666,1.5723593894484735,5.829268292682927,6.1963797455626874,18.02380952380953,1.172555293903076,84.33333333333333,53.0,79.0,CCC2014B
group3,M,East Anglian Region,A Level or Equivalent,30-40%,35-55,60,1.0,0.5,3.7384615384615385,3.9736511983506873,2.4545454545454546,0.7342306519110744,4.3076923076923075,5.410731752688126,4.0754716981132075,0.6704496576807426,12.8,19.964969321288724,39.0625,0.8043386351531301,93.5,83.0,85.0,CCC2014B
group3,F,East Anglian Region,HE Qualification,90-100%,0-35,60,0.5,1.0,3.9384615384615382,4.046128253794465,4.151515151515151,0.9600690830632048,5.12,5.991967412243475,4.529411764705882,0.8077741120730348,7.393939393939394,7.972371800236874,21.176470588235293,1.7537591899392275,87.66666666666667,93.0,92.0,CCC2014B
group3,F,East Anglian Region,A Level or Equivalent,80-90%,35-55,90,0.5,1.0,4.653846153846154,5.586695032631724,2.943396226415094,0.8765893802036759,4.795918367346939,7.231238920581355,18.26,1.8812486129042176,9.375,14.291415787716462,27.16,1.1133027049667457,85.0,79.0,72.33333333333333,CCC2014B
group1,M,Wales,A Level or Equivalent,70-80%,35-55,150,0.6666666666666666,0.75,2.8777777777777778,3.283694061820537,4.791208791208791,0.8018212162674806,5.232558139534884,7.846252394197121,7.5,1.0542841891611348,4.17741935483871,7.282415815946007,13.587301587301589,1.2118005914428576,68.0,58.0,43.0,CCC2014B
group3,M,East Anglian Region,HE Qualification,40-50%,35-55,30,0.8571428571428571,0.875,7.757575757575758,7.245819066150765,3.941176470588235,0.8022301283806977,8.133333333333333,8.21996448240222,6.032258064516129,0.9560085552978204,17.5,22.98813923427787,31.846153846153847,1.2905198308714343,80.66666666666667,90.0,85.5,CCC2014B
group3,M,Yorkshire Region,A Level or Equivalent,30-40%,35-55,30,1.0,0.5,1.761904761904762,1.3715970759712142,3.3783783783783785,0.856373750181543,2.0,1.5986105077709072,3.2734375,1.1209538856290728,4.96,5.554773641120009,34.13725490196079,1.2263278390771308,82.0,100.0,92.0,CCC2014B
group3,M,North Western Region,Lower Than A Level,90-100%,0-35,60,0.5,1.0,3.550724637681159,4.181669494507645,2.5428571428571427,0.832067801419039,4.431372549019608,4.9081764514360495,5.326923076923077,0.8671101390382316,7.758620689655173,9.697772838624168,60.8,1.1369514318573972,81.66666666666667,77.0,82.66666666666667,CCC2014B
group3,M,Scotland,A Level or Equivalent,80-90%,0-35,100,0.5,1.0,2.4326923076923075,2.813850704621945,2.742857142857143,0.9278437892351395,4.137931034482759,6.519735964576472,4.610169491525424,1.5849468952932313,3.7058823529411766,6.501570013671237,18.17391304347826,1.2059124964368355,84.66666666666667,70.5,76.33333333333333,CCC2014B
group3,F,London Region,A Level or Equivalent,10-20,0-35,30,0.625,1.0,2.875,2.8113583251133085,3.4269662921348316,0.8275295522839361,3.888888888888889,4.4653183649498525,4.765625,1.0613991364456736,5.975609756097561,9.41405280651763,36.30952380952381,1.028287257639941,91.33333333333331,98.5,92.0,CCC2014B
group3,M,West Midlands Region,A Level or Equivalent,70-80%,0-35,90,0.5,1.0,3.4166666666666665,3.44677845098011,3.232876712328767,0.9137621233345103,4.315789473684211,5.043234133600758,3.9827586206896552,0.990699048581974,14.117647058823527,16.35115574256594,30.333333333333332,1.1115752629803772,99.33333333333331,91.0,96.0,CCC2014B
group3,F,South Region,A Level or Equivalent,20-30%,35-55,90,0.8,0.625,2.618556701030928,3.5603233086133717,3.9081632653061225,0.7041529071124915,3.3513513513513513,6.956680897363187,7.1466666666666665,1.1364589917261645,4.298245614035087,7.966368845431,41.53448275862069,1.345273409952324,89.0,87.0,91.5,CCC2014B
group3,M,East Anglian Region,A Level or Equivalent,50-60%,0-35,60,0.875,1.0,2.6597938144329896,3.0750562255636895,3.0,0.8558190836005443,3.920634920634921,4.732528435923592,6.21875,0.7854481939839769,4.836734693877551,6.179087509412663,35.64,1.362882851953629,89.33333333333333,90.0,84.66666666666667,CCC2014B
group1,M,Scotland,Post Graduate Qualification,90-100%,35-55,30,1.0,0.5,6.375,5.471077801283061,2.4878048780487805,0.705337480337449,6.219512195121951,6.872089184236302,9.166666666666666,1.2481296514859888,11.090909090909092,10.27205682982486,21.434782608695652,0.9319289343846002,47.5,54.0,73.0,CCC2014B
group3,M,Scotland,HE Qualification,80-90%,0-35,30,0.5,1.0,3.935483870967742,4.6230745845692,1.6984126984126984,0.803303512035301,9.875,12.742644937374658,4.56,0.8277281482165229,14.4375,16.16567866396789,26.058823529411764,1.2347072672010817,83.33333333333333,76.0,83.0,CCC2014B
group3,M,East Midlands Region,A Level or Equivalent,10-20,0-35,90,0.625,1.0,5.16,4.057545251674682,2.588235294117647,0.9500253730118956,8.035714285714286,7.781660028826291,4.862068965517241,0.8821167001836094,11.38095238095238,8.691813334835203,15.727272727272728,1.3957113924526394,82.33333333333333,34.0,76.33333333333333,CCC2014B
group3,F,Scotland,A Level or Equivalent,0-10%,35-55,60,0.5,1.0,2.3125,1.7910249217334386,3.9557522123893807,0.7839751011327031,4.016393442622951,4.533180646737595,5.209677419354839,1.0010538016412724,4.015873015873016,3.7780864908048426,13.59375,1.457853751617255,88.0,86.5,92.33333333333331,CCC2014B
group3,F,Wales,A Level or Equivalent,40-50%,35-55,30,1.0,0.5,9.826086956521738,12.186625209306095,2.375,0.5676733223636293,10.272727272727272,12.441029731465992,8.08695652173913,1.1125525394180988,22.6,24.998666631109216,50.18181818181818,0.9284769346566752,89.5,65.0,88.0,CCC2014B
group3,M,London Region,HE Qualification,0-10%,0-35,30,0.5714285714285714,0.875,1.5542168674698795,1.1521049199716384,5.634730538922156,0.8022668540060082,2.1538461538461537,2.028314165862297,11.177966101694915,1.6596203843770043,1.9022556390977443,1.8458169812018093,18.30597014925373,1.4206814947606694,87.0,76.5,79.66666666666667,CCC2014B
group3,M,London Region,Lower Than A Level,60-70%,35-55,30,0.5,1.0,1.68,1.2168834657137535,3.933774834437086,0.7638423940734257,1.9586776859504131,1.9891233170037332,9.024590163934429,3.6602922450003006,2.47,2.5720133213598495,11.168316831683168,1.3179425201022412,87.66666666666667,85.5,96.0,CCC2014B
group3,M,South West Region,A Level or Equivalent,10-20,0-35,60,0.5,1.0,2.852272727272727,2.902792047648492,2.7752808988764044,0.8570382604155385,5.951219512195122,8.842938480822411,3.9047619047619047,0.941476051981404,5.042553191489362,8.566764512292005,27.458333333333332,1.0565369568039344,90.33333333333331,80.5,92.66666666666669,CCC2014B
group1,M,Scotland,A Level or Equivalent,90-100%,0-35,60,0.5714285714285714,0.875,4.730769230769231,5.033672438708259,2.849056603773585,0.7933763778475201,4.183673469387755,4.880545859958338,9.56,1.4024790042507558,7.28125,7.984801591249021,16.939393939393938,0.8764521120020887,86.66666666666667,75.0,80.0,CCC2014B
group1,M,South Region,Lower Than A Level,30-40%,35-55,40,1.0,1.0,3.0609756097560976,3.869308040909531,2.4096385542168677,0.7731429363319566,4.254237288135593,4.7145893167361015,4.166666666666667,1.3139254164525471,4.74468085106383,5.731181246731445,27.520833333333332,1.4390083539252367,86.33333333333333,41.5,67.66666666666667,CCC2014B
group3,M,London Region,Post Graduate Qualification,10-20,35-55,120,0.7142857142857143,0.875,4.303571428571429,4.447347086061094,2.1578947368421053,0.7303510465520555,5.395348837209302,6.938984195192375,5.090909090909091,1.1596836083296906,11.210526315789474,18.65350413124218,17.95,1.2381576432410455,88.0,95.0,93.66666666666669,CCC2014B
group1,M,South West Region,A Level or Equivalent,60-70%,0-35,60,0.7142857142857143,0.875,5.325581395348837,5.86239399430024,2.5681818181818183,0.8482198170377218,8.192307692307692,13.80150493466341,3.0,0.5518394231759756,16.384615384615383,36.00124641716928,25.785714285714285,0.906917762175486,68.66666666666667,46.5,47.5,CCC2014B
group3,M,North Region,A Level or Equivalent,40-50%,0-35,60,0.625,1.0,5.444444444444445,5.794023392316178,3.869565217391304,1.1103716205465572,6.645161290322581,7.6225471993587295,5.4375,0.9730820235998558,9.904761904761903,14.355851635847875,20.363636363636363,1.0729806466624854,69.33333333333333,57.0,62.0,CCC2014B
group3,M,South Region,A Level or Equivalent,50-60%,0-35,60,1.0,0.625,1.5542168674698795,1.2284803329484104,3.868263473053892,0.9108272841090356,2.5869565217391304,2.572689078958041,7.440860215053763,0.9247109713674552,2.5,3.427458934469492,15.13861386138614,1.615556721908051,98.0,78.0,87.0,CCC2014B
group3,M,South West Region,A Level or Equivalent,30-40%,0-35,60,1.0,0.5,5.08,4.232237792786917,2.392156862745098,0.7220562473949259,7.1875,6.061180019254209,3.909090909090909,1.1938487858108362,9.2,11.73314393786536,18.46153846153846,1.3981386435781924,90.0,89.0,98.0,CCC2014B
group1,M,North Region,Lower Than A Level,20-30%,35-55,30,0.8571428571428571,0.875,4.9787234042553195,4.556358966381742,2.25,0.7882887649552875,9.904761904761903,9.653521439893122,5.2272727272727275,0.8416834332992181,16.714285714285715,17.255672741398456,14.466666666666669,1.0567574900553696,46.0,45.5,59.5,CCC2014B
group1,M,Scotland,Post Graduate Qualification,50-60%,0-35,30,0.625,1.0,5.688888888888889,6.734653335959882,2.239130434782609,0.7103320281103045,6.4324324324324325,8.30508726471158,3.3947368421052633,0.9004602579577227,6.647058823529412,10.345200476816572,18.571428571428573,0.8205929448058207,59.666666666666664,64.0,75.0,CCC2014B
group3,F,South West Region,A Level or Equivalent,30-40%,35-55,30,1.0,0.5,2.4123711340206184,2.995665539991307,2.683673469387755,0.7761591658858692,2.659090909090909,3.744379277737311,3.707865168539326,0.8850248890162045,3.283582089552239,4.100280737429446,25.073529411764707,1.1144786179021158,79.0,100.0,100.0,CCC2014B
group3,F,Scotland,Lower Than A Level,30-40%,0-35,30,1.0,0.5,4.867924528301887,3.838257496518322,2.888888888888889,0.713355268884285,6.588235294117647,4.9489371191828315,5.457142857142857,0.900219113275469,17.2,15.694403005985468,19.5,1.112507341021366,58.5,54.0,81.0,CCC2014B
group3,M,Scotland,A Level or Equivalent,60-70%,0-35,90,0.5,1.0,2.38,2.41116929595111,1.7128712871287128,0.6840864021598201,4.708333333333333,6.205551163935961,4.551020408163265,0.7468757613173769,3.5076923076923077,6.29514464915987,27.90909090909091,1.2024868689239836,87.0,94.5,94.66666666666669,CCC2014B
group3,M,East Anglian Region,A Level or Equivalent,50-60%,0-35,90,0.625,1.0,3.0357142857142856,2.9183525166366935,2.635294117647059,1.0196178380718364,3.3698630136986303,3.2253632410210296,6.581081081081081,1.0196245313379435,6.075,6.688633680567393,52.58536585365854,1.0872380902964702,90.33333333333331,83.5,90.66666666666669,CCC2014B
group1,M,Scotland,HE Qualification,90-100%,35-55,60,0.5,1.0,1.350785340314136,0.9219469735834874,6.140625,0.7293483787722607,1.7972027972027973,1.7784288071114769,10.72222222222222,2.3474704970892155,1.4855491329479769,1.3189448584846453,16.873563218390803,1.1241309449513188,70.33333333333333,66.0,75.0,CCC2014B
group3,M,East Anglian Region,HE Qualification,60-70%,35-55,60,0.5,1.0,1.251207729468599,0.6644115509728732,5.048076923076923,0.7457112449004474,4.823529411764706,6.9877203216870125,4.769230769230769,0.8661004981183135,1.5286624203821657,0.9443523730791687,13.474683544303796,2.2140207007354396,94.0,90.5,93.66666666666669,CCC2014B
group3,M,Yorkshire Region,Lower Than A Level,20-30%,0-35,120,0.5,1.0,3.647058823529412,3.3978250544967374,2.6956521739130435,0.8338361299683844,9.074074074074074,9.774086327261667,4.607142857142857,0.93239412941704,13.72222222222222,17.125163994253175,20.0,0.962863055246121,85.66666666666667,73.5,61.0,CCC2014B
group3,M,Scotland,HE Qualification,30-40%,35-55,30,0.5,1.0,4.0476190476190474,4.7905436806024815,1.765625,0.7339799748581934,5.4772727272727275,6.777145713123875,4.555555555555555,1.0394937677917124,16.0,25.427258101208132,33.61538461538461,0.5888170227080307,72.66666666666667,83.5,67.66666666666667,CCC2014B
group3,M,West Midlands Region,HE Qualification,80-90%,0-35,30,0.5,1.0,7.606060606060606,7.184790332446181,3.1470588235294117,0.6314465768825746,7.294117647058823,7.806482977025457,7.114285714285714,1.0824317630394755,40.8,20.32732151563506,50.333333333333336,0.3997718747758031,92.0,92.5,94.0,CCC2014B
group3,F,West Midlands Region,A Level or Equivalent,0-10%,0-35,60,0.5,1.0,3.5652173913043477,3.855775884648157,3.157142857142857,0.8856418573892024,5.020408163265306,6.043211742382134,4.52,1.0313057309498248,7.6875,8.286940756200336,18.424242424242426,1.392014939612813,72.33333333333333,46.0,72.33333333333333,CCC2014B
group3,M,West Midlands Region,Lower Than A Level,20-30%,35-55,120,1.0,0.5,3.090909090909091,2.646655377829765,3.7051282051282057,1.0454008192126265,5.7368421052631575,8.149562118982356,11.487179487179487,1.3470237766449924,8.791666666666666,18.476728410452516,61.52,1.278390964450736,87.0,74.0,100.0,CCC2014B
group3,F,East Midlands Region,A Level or Equivalent,50-60%,0-35,120,0.625,1.0,3.5492957746478875,4.077074344584314,3.0416666666666665,0.7521782966187586,5.6976744186046515,6.62080013766474,6.5227272727272725,1.0045181956298888,5.3023255813953485,5.894044143681259,27.613636363636363,1.0005641180112117,94.0,95.5,94.66666666666669,CCC2014B
group1,F,Scotland,HE Qualification,10-20,0-35,60,0.625,1.0,2.243478260869565,2.254007364469927,3.8017241379310343,0.94349324501886,3.141025641025641,4.031448964402347,6.037974683544304,0.9513847655185068,3.3698630136986303,5.28232600627126,19.7972972972973,1.4685132340540707,75.33333333333333,70.0,73.66666666666667,CCC2014B
group1,M,East Midlands Region,HE Qualification,60-70%,0-35,30,0.5,1.0,11.235294117647058,11.961027400294183,3.2222222222222223,0.7710579232757896,11.235294117647058,11.961027400294183,4.5,0.7848007444598922,29.833333333333332,29.795413517296023,56.857142857142854,0.7119115181300419,33.333333333333336,28.0,45.666666666666664,CCC2014B
group1,M,London Region,A Level or Equivalent,10-20,35-55,60,1.0,0.5,3.769230769230769,4.122231005358441,3.393939393939394,0.7448269727847905,4.7,5.515284883570275,4.980392156862745,1.1663780351478852,11.882352941176473,17.60994872558257,18.38888888888889,0.7291739657820304,51.0,52.0,68.0,CCC2014B
group3,M,East Anglian Region,HE Qualification,40-50%,35-55,30,0.5,1.0,3.225,3.700752574849224,2.765432098765432,1.0216291324074864,4.96078431372549,8.054714853584143,4.076923076923077,0.9915089851533012,6.25,10.45319237215267,12.414634146341465,1.158296123068625,90.66666666666669,97.0,98.66666666666669,CCC2014B
group3,M,Wales,A Level or Equivalent,90-100%,0-35,120,0.625,1.0,2.802197802197802,2.5786291802677734,5.489130434782608,1.3514688281029597,8.285714285714286,11.56577692017254,9.448275862068966,0.964678005845977,4.425925925925926,5.007925235486332,20.345454545454544,2.222824619009078,91.33333333333331,78.0,86.66666666666667,CCC2014B
group3,M,South West Region,A Level or Equivalent,40-50%,0-35,90,0.5,1.0,1.2647058823529411,0.6497664694279122,6.068292682926829,0.888176000679087,1.7202797202797202,1.637610739855495,6.291666666666667,1.0971613340120907,2.0806451612903225,2.5838673170443984,21.952,1.643156227545207,84.66666666666667,84.0,82.66666666666667,CCC2014B
group3,M,London Region,Lower Than A Level,10-20,0-35,120,0.625,1.0,3.1392405063291138,3.754430467290987,3.0,1.0514540197058335,6.256410256410256,7.088604452952524,5.25,1.2618598374752668,5.897435897435898,7.181096792767699,25.475,1.6482075017800708,86.33333333333333,91.5,85.0,CCC2014B
group1,F,London Region,Lower Than A Level,10-20,35-55,60,1.0,0.5,1.5508982035928145,1.101251657191322,4.785714285714286,0.9221980515625614,1.761904761904762,1.6771360672670106,18.777027027027028,1.8654373671923052,2.504854368932039,2.2442684576396417,24.778846153846153,1.4065951030047044,82.0,74.0,73.0,CCC2014B
group3,M,Yorkshire Region,Lower Than A Level,60-70%,0-35,60,0.5,1.0,2.361904761904762,1.7382783786297642,4.2075471698113205,1.086053847764707,5.568181818181818,6.090013660475485,4.844444444444444,0.9603055162928652,5.341463414634147,6.227398156925414,21.142857142857142,0.8256616680960405,99.33333333333331,93.5,95.0,CCC2014B
group3,M,North Region,A Level or Equivalent,10-20,0-35,60,0.5,1.0,6.314285714285714,5.671245472564561,2.8333333333333335,0.7034271025353763,11.0,8.510055971119046,4.523809523809524,0.7554052681267013,18.454545454545453,20.50543165292375,21.25,1.0639743993590025,88.0,90.0,92.33333333333331,CCC2014B
group1,M,London Region,A Level or Equivalent,40-50%,35-55,30,0.625,1.0,4.535714285714286,4.805164970072348,2.245614035087719,0.6943022857966838,5.136363636363637,5.223341660015318,8.555555555555555,1.0107534483299303,9.80952380952381,14.596640187450836,35.45454545454545,1.1556197195557747,49.0,40.0,46.666666666666664,CCC2014B
group3,M,East Midlands Region,A Level or Equivalent,50-60%,35-55,60,0.8,0.625,3.746268656716418,3.1734852439229417,2.1176470588235294,0.8119953323468593,3.983050847457627,3.3243694005274236,7.166666666666667,2.264906155193505,6.617647058823529,8.82837953448939,11.971428571428572,0.7316271839569386,87.0,61.0,65.0,CCC2014B
group3,M,Scotland,HE Qualification,90-100%,35-55,60,1.0,0.5,1.24,0.790903052333821,4.4278606965174125,0.8761638966778342,2.3529411764705883,2.196518662367633,4.961165048543689,0.9918189716141582,1.319148936170213,0.994237578612946,17.84656084656085,1.209869073131734,93.0,100.0,100.0,CCC2014B
group3,M,Scotland,Post Graduate Qualification,60-70%,35-55,150,0.5,1.0,4.9423076923076925,4.758536031004812,3.3773584905660377,1.0147010897555682,7.741935483870968,8.066257876427722,12.5625,1.4120854426675564,22.2,23.658684099783176,56.90909090909091,1.3182098559896052,97.33333333333331,93.5,94.33333333333331,CCC2014B
group3,F,South Region,HE Qualification,40-50%,0-35,60,0.625,1.0,2.165217391304348,2.147746410847641,3.7327586206896552,0.8768533365453598,2.7666666666666666,2.960602732439096,5.406593406593407,0.9106553022500667,4.033333333333333,4.2980747233713394,23.524590163934427,1.5823256832457937,89.33333333333333,93.0,94.33333333333331,CCC2014B
group3,M,Scotland,A Level or Equivalent,0-10%,0-35,30,1.0,0.5,3.536231884057971,4.13940785103422,3.4,1.0690449676496976,4.916666666666667,6.725098538654279,6.183673469387755,0.926211619995303,11.823529411764708,16.129302891467624,12.444444444444445,1.266095355405584,58.0,96.0,67.0,CCC2014B
group3,F,South Region,Lower Than A Level,50-60%,35-55,90,0.75,1.0,3.5076923076923077,2.948108911462762,4.46969696969697,0.817146048429676,3.896551724137931,3.654795720753154,9.23728813559322,0.8675077227434018,6.371428571428571,5.866583905706035,28.083333333333332,1.06363576806947,96.0,88.5,98.33333333333331,CCC2014B
group3,F,South Region,Lower Than A Level,80-90%,0-35,30,1.0,0.5,5.829268292682927,5.731066388659226,3.5,1.0981918171475131,8.535714285714286,9.968402460727978,4.9655172413793105,0.957074454964544,17.53846153846154,19.64525126934999,30.285714285714285,1.0078236141142216,84.5,72.0,88.0,CCC2014B
group1,M,West Midlands Region,A Level or Equivalent,60-70%,0-35,150,0.75,1.0,2.0396825396825395,2.199639220056939,3.5669291338582676,0.8841714113454118,2.8705882352941177,3.9029544221382486,14.313953488372093,1.1251414269721496,4.862745098039215,5.751589720566436,25.134615384615383,1.4505976814358867,42.0,52.0,49.666666666666664,CCC2014B
group1,F,North Western Region,A Level or Equivalent,80-90%,0-35,30,0.75,1.0,5.444444444444445,7.2505659827841775,3.0217391304347827,0.6985830076080508,7.393939393939394,9.310408805268011,8.794117647058824,1.2422261934999983,18.363636363636363,22.191316893202742,24.166666666666668,1.218739919620497,84.66666666666667,88.5,78.33333333333333,CCC2014B
group3,M,East Anglian Region,A Level or Equivalent,50-60%,0-35,60,0.5,1.0,3.0625,3.037086170174185,2.8271604938271606,0.8534632591478111,3.356164383561644,3.396770782725928,6.743243243243243,0.8827581382660697,5.902439024390244,7.4659389163345695,24.0,1.6898438063759296,84.66666666666667,92.0,92.66666666666669,CCC2014B
group3,M,North Western Region,HE Qualification,0-10%,35-55,40,0.5,1.0,2.4411764705882355,2.4028593915746517,3.407766990291262,0.8831265485253071,5.282608695652174,6.170406230020699,5.361702127659575,0.9728779777478764,3.0365853658536586,3.0849900332040594,17.301204819277107,1.3913220316782762,87.33333333333333,86.0,95.33333333333331,CCC2014B
group1,M,South West Region,A Level or Equivalent,90-100%,0-35,90,0.625,1.0,3.5652173913043477,3.375858326017274,3.3,0.925324042429089,4.730769230769231,5.262204803756857,7.39622641509434,1.7003694443846369,8.133333333333333,7.069767265999801,17.64516129032258,0.9531712885322664,62.333333333333336,52.0,65.0,CCC2014B
group1,M,London Region,Lower Than A Level,60-70%,0-35,60,0.625,1.0,3.0625,3.2891988559410708,3.580246913580247,1.2451475374476273,3.476923076923077,3.929486656627731,5.651515151515151,0.9560977274275048,7.571428571428571,9.45331049765527,28.58620689655172,1.1837130516757854,73.66666666666667,56.5,76.33333333333333,CCC2014B
group1,F,Yorkshire Region,Lower Than A Level,0-10%,35-55,30,0.5714285714285714,0.875,2.681318681318681,3.061877132592289,2.9782608695652173,0.7122307423870395,2.9125,3.5227784992006494,16.34567901234568,0.9045721595297695,17.09090909090909,18.31641092274655,19.333333333333332,1.375209420869605,76.66666666666667,54.0,56.666666666666664,CCC2014B
group1,M,North Region,A Level or Equivalent,80-90%,0-35,180,0.8333333333333334,0.75,7.806451612903226,7.669938525780198,2.15625,0.8369486793032412,10.0,11.15688982092189,3.608695652173913,0.6969231259749191,18.363636363636363,17.46008434843731,24.666666666666668,0.4985369390728842,69.66666666666667,74.0,71.0,CCC2014B
group3,F,Scotland,Post Graduate Qualification,80-90%,0-35,60,0.6666666666666666,0.75,2.597938144329897,2.4860435175463076,4.1020408163265305,0.7983330818099303,4.9411764705882355,6.420005497523759,7.6923076923076925,1.2885844947072735,3.5652173913043477,3.591158509080343,25.271428571428572,2.098530068720103,96.5,90.5,88.0,CCC2014B
group1,M,South East Region,Lower Than A Level,30-40%,0-35,60,0.5,1.0,2.663157894736842,3.305734946821027,2.9166666666666665,0.8708428945216099,3.3846153846153846,6.092239704360344,8.393939393939394,1.1604069679849354,10.166666666666666,15.917359041014931,28.24,1.3172911145202006,79.33333333333333,60.5,67.0,CCC2014B
group3,F,East Anglian Region,A Level or Equivalent,80-90%,0-35,60,1.0,0.5,2.146551724137931,1.550620130336794,3.829059829059829,0.9003535746090111,3.410958904109589,3.2610309227057677,17.56756756756757,2.002240756586799,2.689655172413793,2.1529338815476797,22.431818181818183,1.78244406559194,84.5,85.0,94.0,CCC2014B
group3,M,Scotland,A Level or Equivalent,90-100%,0-35,30,0.5,1.0,1.9663865546218489,1.8269766314928824,2.408333333333333,0.8832616258637205,2.1666666666666665,2.115806114467649,5.614678899082569,0.8388291160650017,6.636363636363637,8.173196214678585,20.205882352941178,1.2416097989645998,96.66666666666669,95.5,94.33333333333331,CCC2014B
group1,M,East Anglian Region,Lower Than A Level,70-80%,0-35,120,0.5,1.0,4.787234042553192,5.736747185480659,2.25,0.6997942084330068,7.296296296296297,11.07948490476817,4.214285714285714,0.6225209380409138,7.576923076923077,11.32492146347365,53.55555555555556,1.2015009867380702,68.0,28.5,49.333333333333336,CCC2014B
group1,M,Yorkshire Region,HE Qualification,20-30%,0-35,60,0.875,1.0,1.3870967741935485,1.0606704464580592,4.342245989304812,0.8889203168777631,1.7517241379310344,1.7381784625912529,7.061643835616438,1.1704749863836552,1.804195804195804,1.986782880667097,17.729166666666668,1.240202399216285,72.33333333333333,66.0,83.0,CCC2014B
group1,M,North Western Region,Lower Than A Level,20-30%,35-55,90,0.75,0.5,2.245614035087719,2.8581862046910507,3.7217391304347824,1.005069471827833,2.232142857142857,2.8882556313492396,29.654867256637168,1.695240737338519,6.2894736842105265,8.259009477736589,17.71794871794872,1.101252064546165,51.0,54.0,48.0,CCC2014B
group3,M,Wales,Post Graduate Qualification,80-90%,35-55,30,0.5,1.0,4.418181818181818,6.528260244366933,3.25,0.8804248570968921,4.339285714285714,6.48432175107224,18.24561403508772,2.1169321262664367,7.838709677419355,12.905029443834543,23.34375,0.8536495985887457,95.66666666666669,87.5,94.0,CCC2014B
group1,M,North Western Region,No Formal quals,20-30%,0-35,30,1.0,0.625,1.578616352201258,0.9833013870149866,2.71875,0.6517352874636706,1.6896551724137931,1.2048354047298,40.19178082191781,2.45273357522626,2.36,1.834132057415824,16.00990099009901,1.0919729435022802,69.0,39.0,38.0,CCC2014B
group3,M,London Region,Lower Than A Level,40-50%,35-55,60,0.6666666666666666,0.75,5.23404255319149,4.540698882988822,2.8541666666666665,1.1707765255411775,11.181818181818182,8.080761183125095,5.6521739130434785,0.9150290194900246,31.285714285714285,29.46022338518094,78.875,0.943903416377607,89.5,100.0,97.33333333333331,CCC2014B
group3,M,Ireland,HE Qualification,80-90%,35-55,30,0.5,1.0,2.263157894736842,2.2263610993637424,4.626086956521739,0.7887035269569534,2.597938144329897,2.2714706772927284,8.479591836734693,1.1128356883323052,3.739130434782609,4.4611135971699065,28.6,1.3540661638755025,97.33333333333331,98.0,99.0,CCC2014B
group3,M,Yorkshire Region,HE Qualification,30-40%,0-35,160,0.5,1.0,3.0365853658536586,2.924756492770881,2.6987951807228914,0.9924780879707324,6.055555555555555,7.074882914505952,2.945945945945946,0.6967646805889001,6.052631578947368,11.767907270890314,20.35897435897436,1.387829316496264,87.66666666666667,77.0,79.0,CCC2014B
group3,F,South Region,HE Qualification,80-90%,35-55,30,0.5,1.0,1.2102803738317758,0.7300954441997115,10.530232558139534,0.6998721952347802,1.5460122699386505,1.1342178138396677,8.079268292682928,0.7158676557395212,1.324742268041237,1.0976688372342744,36.30769230769231,1.2673536852044582,94.0,97.5,97.33333333333331,CCC2014B
group1,M,South Region,A Level or Equivalent,40-50%,0-35,180,0.4285714285714285,0.875,9.692307692307692,12.537206166508488,2.888888888888889,0.5983211225424633,16.076923076923077,18.427613059670072,7.071428571428571,1.0682743470682146,30.142857142857142,35.57353216193453,14.5,0.8938952687459117,45.0,48.5,54.0,CCC2014B
group3,M,South West Region,HE Qualification,80-90%,0-35,30,0.5,1.0,1.6821192052980132,1.2562954054263529,3.4276315789473686,0.7606363902779093,2.1709401709401708,1.881354053328568,5.940677966101695,1.0662620026491278,2.2280701754385963,2.0308901562837502,10.521739130434783,1.1268709446121496,90.66666666666669,79.0,90.66666666666669,CCC2014B
group3,M,North Region,HE Qualification,30-40%,0-35,30,0.5,1.0,2.254385964912281,1.976908301814622,3.3130434782608695,0.9218690734448498,3.2222222222222223,2.769157202452324,3.3698630136986303,0.6105414995978393,3.463768115942029,3.640376960704383,12.857142857142858,1.2139518163196092,74.33333333333333,81.5,86.66666666666667,CCC2014B
group3,M,West Midlands Region,HE Qualification,50-60%,35-55,30,1.0,0.5,1.356020942408377,0.9727621441199236,3.7708333333333335,0.7895528286960372,2.1440677966101696,2.429432854672945,9.38655462184874,1.599975494506929,1.376470588235294,1.1561665958479694,24.608187134502923,1.3917752625824784,100.0,100.0,94.0,CCC2014B
group1,M,London Region,A Level or Equivalent,10-20,35-55,180,1.0,0.625,1.8405797101449275,2.248264137570593,4.942446043165468,0.9827817895610624,2.3055555555555554,2.914540836324714,6.467889908256881,1.0947745251890764,3.1549295774647885,5.069933466241215,35.55555555555556,1.2563189890882611,40.0,46.0,44.0,CCC2014B
group1,M,London Region,A Level or Equivalent,0-10%,0-35,60,0.6666666666666666,0.75,7.0,10.465630022349629,2.638888888888889,1.151321052619549,11.894736842105264,16.39408679589519,3.85,0.7890078015108591,21.7,58.17798361732535,26.636363636363637,0.9641260677014016,50.0,51.5,41.0,CCC2014B
group3,M,North Western Region,A Level or Equivalent,20-30%,35-55,60,0.625,1.0,2.125,2.5422893804831985,3.371900826446281,0.9684381513048368,3.8666666666666663,4.545314841201841,6.622950819672131,1.172170185104851,4.708333333333333,5.283286909432033,18.510204081632654,1.924650542574176,95.33333333333331,78.5,85.66666666666667,CCC2014B
group1,M,Scotland,A Level or Equivalent,80-90%,0-35,210,0.875,1.0,13.166666666666666,11.078596216021552,1.7894736842105263,0.5310432378019937,15.642857142857142,12.923485733983828,3.6,0.7711356597650746,21.9,26.90910626535188,23.09090909090909,1.0595891871185223,74.33333333333333,34.0,62.666666666666664,CCC2014B
group1,M,Scotland,Lower Than A Level,80-90%,0-35,60,0.5,1.0,7.0606060606060606,7.615524415377587,3.235294117647059,1.1972420096839511,8.296296296296296,8.475370719438109,3.5357142857142856,1.2129206118169278,11.0,14.946965066724491,18.473684210526315,1.070209253465203,51.0,57.0,33.333333333333336,CCC2014B
group3,M,Scotland,HE Qualification,70-80%,0-35,30,1.0,0.5,2.2547169811320753,3.129160303476278,4.11214953271028,0.6726504870182958,2.473684210526316,3.3384991699454964,4.979166666666667,0.8033363841659935,2.7325581395348837,3.5227810491299953,25.517241379310345,1.0464719212001048,63.5,83.0,92.0,CCC2014B
group3,F,London Region,HE Qualification,0-10%,0-35,30,0.5,1.0,3.189873417721519,3.700574970457514,2.6125,0.759530760424335,3.27027027027027,3.879335126261169,5.1866666666666665,1.301832583634449,5.794871794871795,9.000524801013396,22.2,1.041174098295968,65.66666666666667,82.5,84.66666666666667,CCC2014B
group1,F,Scotland,HE Qualification,40-50%,35-55,90,0.5,1.0,1.3350515463917525,0.7793369358020754,5.923076923076923,0.860690546080815,2.886363636363636,3.097762700935333,7.719101123595506,0.7578820370464234,1.5357142857142858,1.2375988783716605,20.650887573964496,1.9928137081313688,66.0,63.5,56.0,CCC2014B
group1,M,North Western Region,HE Qualification,0-10%,35-55,30,0.5,1.0,5.111111111111111,6.428707710596495,3.5434782608695654,1.3530493689268264,5.609756097560975,7.259056580508544,7.571428571428571,0.8550452671781172,10.227272727272728,9.85094541356948,26.26086956521739,1.040320204878559,66.0,60.0,70.33333333333333,CCC2014B
group1,M,West Midlands Region,Lower Than A Level,30-40%,0-35,60,0.625,1.0,3.5942028985507246,3.8817780968933406,2.4285714285714284,1.0929152152935144,6.277777777777778,6.943079230885186,5.972972972972973,1.5823135403984163,8.24,12.145918381634768,16.03846153846154,0.853935924298368,66.33333333333333,45.5,51.333333333333336,CCC2014B
group1,M,North Region,Lower Than A Level,20-30%,0-35,30,1.0,0.375,3.646153846153846,2.847316550449131,2.409090909090909,0.9365157900890048,6.1891891891891895,5.994617205079523,5.2105263157894735,0.8425114408762332,4.588235294117647,3.365569613531922,15.442307692307692,1.829644940230651,45.0,35.0,62.0,CCC2014B
group1,M,East Midlands Region,Lower Than A Level,90-100%,0-35,60,1.0,0.75,8.655172413793103,9.115433780403766,2.2666666666666666,0.9108154451295308,15.846153846153848,17.61555256890037,3.642857142857143,1.091190123762865,15.846153846153848,17.61555256890037,31.071428571428573,0.5967321942597081,70.5,51.0,66.0,CCC2014B
group1,M,London Region,A Level or Equivalent,80-90%,0-35,150,0.5714285714285714,0.875,3.072289156626506,2.883016427328647,2.380952380952381,0.8764701934464173,9.958333333333334,11.80817390685337,5.24,1.235934205581663,17.0,20.784609690826528,18.466666666666665,1.4329719991252268,80.66666666666667,27.0,51.666666666666664,CCC2014B
group3,M,London Region,Lower Than A Level,40-50%,0-35,30,0.5,1.0,1.628930817610063,1.1829669796449689,3.73125,0.7145796178575015,1.8666666666666667,1.342752797288788,4.970588235294118,0.8714712867928306,2.5670103092783507,2.6767020149758824,24.520408163265305,1.3100744058916145,92.66666666666669,96.5,95.66666666666669,CCC2014B
group3,M,South West Region,A Level or Equivalent,50-60%,0-35,60,1.0,0.625,3.984126984126984,3.5080187565801553,3.296875,0.7874575518816005,4.76595744680851,4.071175270742637,4.520833333333333,0.8882301694916701,5.897435897435898,6.315373355612693,19.45,1.0650835760798296,94.66666666666669,91.0,96.0,CCC2014B
group3,F,North Western Region,A Level or Equivalent,40-50%,0-35,30,0.5,1.0,3.9384615384615382,3.605017870434742,2.1515151515151514,0.6876932741258425,5.833333333333333,6.709718712677308,2.9302325581395348,0.7150789246514861,8.0,9.446765547548264,20.35483870967742,1.2270072335518605,100.0,90.0,92.66666666666669,CCC2014B
group1,M,Scotland,HE Qualification,90-100%,0-35,30,0.625,1.0,4.816326530612245,5.044276746091204,2.64,0.8080176743014171,6.555555555555555,8.567194721542483,2.864864864864865,1.1424056983562718,7.166666666666667,9.131541899989529,40.41935483870968,0.8154792326873349,54.666666666666664,51.0,55.0,CCC2014B
group1,F,Scotland,Lower Than A Level,0-10%,35-55,90,0.875,1.0,2.1176470588235294,3.0592357265024663,4.983333333333333,0.8257483768527328,4.016129032258065,5.857577229492684,6.555555555555555,1.111947082498761,2.6808510638297873,4.661009088117613,14.715789473684213,0.9458075895309004,55.0,33.5,54.0,CCC2014B
group1,F,Wales,A Level or Equivalent,10-20,0-35,60,0.625,1.0,4.666666666666667,6.2162295190864905,5.836363636363636,1.1601339797715038,7.1875,10.714589089406962,9.515151515151516,0.7386750278619738,7.303030303030303,11.223537901673565,27.705882352941178,0.838713748910261,78.33333333333333,42.5,28.666666666666668,CCC2014B
group3,M,East Anglian Region,HE Qualification,70-80%,0-35,30,1.0,0.5,2.1965811965811968,2.7519250824284,4.754237288135593,0.9831253426321716,2.6210526315789475,3.159514328986781,18.385416666666668,1.5103152821323471,3.5942028985507246,4.73820157176722,21.957142857142856,1.530695859589116,81.0,87.0,100.0,CCC2014B
group1,F,East Anglian Region,A Level or Equivalent,30-40%,35-55,30,1.0,0.5,1.968503937007874,1.872681668869775,2.171875,0.7550530226583536,2.232142857142857,2.6946130540282613,6.1415929203539825,0.7206800819928254,13.705882352941176,12.548728550546231,16.555555555555557,1.1485729645788672,73.5,63.0,77.0,CCC2014B
group3,M,Ireland,A Level or Equivalent,50-60%,0-35,80,0.4285714285714285,0.875,2.909090909090909,2.7022186016218024,2.561797752808989,0.8128365723323612,6.823529411764706,9.989299087357654,6.6,1.7226717790998811,14.1875,31.75997218722544,28.941176470588236,0.9345041309617554,90.0,91.5,94.66666666666669,CCC2014B
group1,M,South East Region,A Level or Equivalent,50-60%,0-35,30,0.5,1.0,4.0,4.57682951627572,2.8813559322033897,0.8503205176278896,4.2407407407407405,4.785730303233771,8.581818181818182,2.4584269592663692,6.848484848484849,8.467294476842987,34.11764705882353,1.1924741713039786,53.333333333333336,53.0,46.0,CCC2014B
group1,F,East Anglian Region,A Level or Equivalent,20-30%,35-55,60,0.75,1.0,3.426470588235294,5.079417572883633,3.0579710144927534,0.871239073627851,4.723404255319149,7.491160378158104,4.479166666666667,0.9826950503209856,8.73913043478261,17.886555111450072,38.041666666666664,0.7266448087027509,82.66666666666667,64.0,71.0,CCC2014B
group3,M,Wales,A Level or Equivalent,30-40%,0-35,60,0.625,1.0,2.47,2.5083899621111945,2.910891089108911,0.9274930819659676,3.142857142857143,4.048112899254761,5.038461538461538,0.8659665262529733,10.894736842105264,14.794498740493244,11.5,1.0323683930917396,82.0,72.0,75.66666666666667,CCC2014B
group3,F,South Region,HE Qualification,70-80%,35-55,30,1.0,0.375,4.8076923076923075,5.254460146664055,2.8867924528301887,0.8687157235917666,4.8076923076923075,6.677555210535035,7.830188679245283,0.999375621594892,6.578947368421052,9.23164820558873,30.28205128205128,1.069538940405928,80.0,65.0,88.0,CCC2014B
group3,M,South Region,HE Qualification,90-100%,35-55,30,1.0,0.5,2.243478260869565,1.7848844099771295,5.163793103448276,0.6940311661113184,2.8764044943820224,2.9380738306797225,11.1,1.391012903923203,2.57,2.336599445711004,40.08910891089109,0.9439748344505262,93.5,96.0,88.0,CCC2014B
group3,F,South East Region,A Level or Equivalent,70-80%,0-35,40,0.5,1.0,2.0806451612903225,2.158728827224159,2.656,0.8692042568141677,2.092436974789916,2.2055077306161768,8.458333333333334,0.8313630683599911,3.5,4.58583152179282,13.246376811594205,1.055595155039894,96.66666666666669,100.0,97.33333333333331,CCC2014B
group1,M,East Midlands Region,A Level or Equivalent,80-90%,0-35,150,0.8571428571428571,0.875,4.189655172413793,3.720294727768756,2.9491525423728815,0.7265058893361142,6.25,6.4470369716859635,6.756756756756757,0.9254793352636244,8.88,8.432674546073741,16.423076923076923,0.9678026680521966,96.0,93.0,94.66666666666669,CCC2014B
group3,M,London Region,A Level or Equivalent,90-100%,0-35,60,0.6666666666666666,0.75,10.826086956521738,13.158654856346772,1.875,0.4944132324730442,12.45,14.01305782025052,4.0,0.7867957924694432,35.57142857142857,48.61020860840222,31.875,0.9540862965602858,87.33333333333333,38.5,43.0,CCC2014B
group3,M,South West Region,A Level or Equivalent,30-40%,0-35,90,0.7142857142857143,0.875,2.5670103092783507,2.3580854544119645,2.989795918367347,0.7516982524061785,4.74,5.917149065320604,6.03921568627451,1.3973416440141395,6.228571428571429,9.521139681799449,53.55555555555556,1.2347082939716112,85.0,67.0,59.333333333333336,CCC2014B
group3,M,Ireland,A Level or Equivalent,70-80%,35-55,90,0.625,1.0,1.992,2.069346164465263,2.134920634920635,0.6966368182281955,2.648936170212766,3.1984789624603285,10.31578947368421,1.1506340717970858,3.896551724137931,4.707924097125527,16.610169491525422,1.1659269585340248,91.33333333333331,93.5,91.33333333333331,CCC2014B
group3,M,South West Region,HE Qualification,40-50%,35-55,30,0.5,1.0,1.171945701357466,0.5371053026448026,6.954954954954955,0.7986568061639834,2.163793103448276,1.9557894681632049,9.666666666666666,1.2863928439555905,1.3147208121827412,0.893534913164692,29.439393939393938,1.1106656722442707,100.0,100.0,100.0,CCC2014B
group3,M,South Region,A Level or Equivalent,40-50%,35-55,30,1.0,0.5,3.061728395061728,3.6309285279813266,4.439024390243903,1.0136431953466305,3.5942028985507246,4.208949989849048,7.885714285714286,1.7279570115406253,3.492957746478873,4.335479012706406,51.736111111111114,1.063155546582436,96.0,89.0,83.0,CCC2014B
group3,F,Scotland,A Level or Equivalent,50-60%,0-35,120,0.625,1.0,3.692307692307693,4.372939075021072,2.515151515151515,0.8108174148622282,5.333333333333333,6.629822430091583,4.065217391304348,0.8755857821125396,6.742857142857143,10.787636870218494,77.19444444444444,1.0999245064669747,84.0,63.0,64.33333333333333,CCC2014B
group1,F,Scotland,HE Qualification,90-100%,0-35,60,0.8571428571428571,0.875,4.080645161290323,4.3581406288551365,3.3015873015873014,0.8248800791450926,4.862745098039215,6.440557764178928,8.788461538461538,1.623701685958732,7.636363636363637,9.50269100642741,20.647058823529413,0.9688662427041482,55.0,64.0,72.0,CCC2014B
group1,M,East Anglian Region,A Level or Equivalent,90-100%,0-35,60,0.8571428571428571,0.875,21.555555555555557,19.203587627778766,3.6,1.003081671403766,24.25,21.015300548477935,2.4444444444444446,0.5142594772265799,25.2,31.570555902612803,24.333333333333332,0.6907968045546832,93.33333333333331,32.0,78.33333333333333,CCC2014B
group1,M,South West Region,A Level or Equivalent,30-40%,35-55,60,0.5,1.0,1.675324675324675,1.3080100981157488,2.8129032258064517,0.736677824872207,2.52,2.630358887830305,4.396039603960396,0.5954982213618766,3.4864864864864864,4.329710178042206,10.32,1.3936574589596566,80.66666666666667,72.0,86.33333333333333,CCC2014B
group1,M,West Midlands Region,A Level or Equivalent,90-100%,0-35,30,1.0,0.625,5.6,7.019387072372835,3.0,0.765092055676006,7.448275862068965,11.605375007471295,4.466666666666667,0.8894069800262437,14.333333333333334,17.82721301296206,19.6875,1.248676800286889,74.0,43.0,44.5,CCC2014B
group3,M,Scotland,HE Qualification,80-90%,0-35,30,0.6666666666666666,0.75,2.8876404494382024,2.9093821674931384,5.2555555555555555,0.9237255599769316,4.6938775510204085,4.369420640622036,5.68,1.0310590291938702,4.228070175438597,4.403803323182494,21.879310344827587,1.3142670170989468,84.5,99.0,94.5,CCC2014B
group3,M,North Western Region,HE Qualification,90-100%,0-35,90,0.5,1.0,3.0,3.5555555555555554,3.1927710843373496,0.9140647777604868,3.9047619047619047,5.4022524744068585,6.703125,1.170132987472812,7.870967741935484,12.945377387273217,46.0,1.451188727908111,94.66666666666669,89.5,96.33333333333331,CCC2014B
group3,M,East Anglian Region,Post Graduate Qualification,90-100%,0-35,60,0.5,1.0,2.53,1.9511975084987463,3.089108910891089,0.8535636130667771,3.388888888888889,3.927352817928957,3.1232876712328768,0.8294229583444568,5.065217391304348,5.384761106484952,14.53191489361702,1.7015281242189646,99.33333333333331,89.5,97.0,CCC2014B
group3,M,North Western Region,A Level or Equivalent,60-70%,0-35,60,0.5,1.0,7.483870967741935,7.995294314957749,3.4375,0.8664547314504621,10.08695652173913,10.65966502747735,5.25,0.5773502691896257,17.846153846153847,14.842765655621337,38.714285714285715,1.494218921938972,87.33333333333333,52.5,84.33333333333333,CCC2014B
group1,M,West Midlands Region,A Level or Equivalent,0-10%,0-35,120,0.75,1.0,5.12,6.222539674441618,3.4901960784313726,0.9277660832963152,7.0,8.325520146770755,7.72972972972973,1.3133641628376052,11.789473684210526,18.560947495476213,36.5,1.3864069481698262,55.0,43.0,72.0,CCC2014B
group3,M,East Anglian Region,A Level or Equivalent,0-10%,0-35,90,0.625,1.0,5.886363636363637,6.206582811038199,2.7111111111111112,0.8645889827602791,7.65625,8.395887530175404,3.303030303030303,0.7167715590687931,31.833333333333332,23.18117051977028,47.857142857142854,0.9105700920996804,93.33333333333331,95.0,74.0,CCC2014B
group1,M,West Midlands Region,A Level or Equivalent,10-20,0-35,60,0.625,1.0,6.6875,7.498118043452529,1.818181818181818,0.7222649560006816,11.352941176470589,12.4093773840118,3.0,0.5211573066470477,19.3,26.386233784557685,27.0,0.8089781773834993,58.666666666666664,43.5,40.0,CCC2014B
group3,F,South West Region,A Level or Equivalent,90-100%,0-35,60,0.5,1.0,2.9195402298850577,2.874176892504922,4.136363636363637,1.0296885077030749,3.830769230769231,4.9735840659969215,24.89393939393939,2.6538942580080396,6.083333333333333,7.342148381580342,40.972972972972975,1.2649806162586712,91.33333333333331,89.0,90.0,CCC2014B
group1,M,North Western Region,Lower Than A Level,0-10%,35-55,30,1.0,0.5,9.521739130434783,9.839020485326367,2.5416666666666665,0.7181375775019513,8.241379310344827,6.642155267756485,6.1,0.7967842741992439,21.22222222222222,27.02673573416598,52.0,0.6862987084060143,86.0,80.0,88.0,CCC2014B
group1,M,East Midlands Region,HE Qualification,30-40%,0-35,60,0.875,1.0,3.315068493150685,3.226955532561987,3.608108108108108,0.9468250722598744,6.285714285714286,6.568961904608802,8.555555555555555,1.5140874433028229,3.4776119402985075,4.186407329916248,13.338235294117649,0.921152027730104,54.666666666666664,55.5,60.666666666666664,CCC2014B
group1,M,East Midlands Region,A Level or Equivalent,60-70%,35-55,60,1.0,0.5,3.952380952380953,3.625307868699863,2.5625,0.9200651762858544,6.451612903225806,7.986817095178026,6.0,1.1311559967081857,8.068965517241379,8.737975552081185,31.566666666666663,1.1055219846739994,58.0,54.0,69.0,CCC2014B
group3,F,East Midlands Region,Lower Than A Level,80-90%,0-35,30,0.5,1.0,3.1139240506329116,3.5227733166230815,3.1625,0.919777368496818,5.23404255319149,5.321052388380422,4.833333333333333,1.090985656521129,7.0,9.027735042633894,44.76470588235294,1.135833290550331,94.66666666666669,65.0,83.66666666666667,CCC2014B
group3,F,South Region,A Level or Equivalent,80-90%,0-35,30,0.8333333333333334,0.75,2.376146788990826,2.5812320874660983,2.9,0.795824689581443,3.135802469135802,4.718985819060471,4.5,0.8664164742057181,2.5913978494623655,3.873647194827546,28.04255319148936,1.7509942596025423,87.33333333333333,100.0,83.0,CCC2014B
group1,M,East Anglian Region,A Level or Equivalent,10-20,0-35,60,0.5714285714285714,0.875,1.9296875,2.38823755973569,5.27906976744186,0.7875817528982227,2.63953488372093,3.158230296329126,9.10344827586207,0.8939714940307534,2.411764705882353,4.787262268071015,21.553398058252423,1.6266158080798316,86.33333333333333,61.0,85.33333333333333,CCC2014B
group3,M,South West Region,HE Qualification,60-70%,35-55,60,0.625,1.0,1.96875,1.81393338651359,2.8217054263565893,0.7849839070526239,2.3592233009708736,2.5965828560011697,7.394230769230769,0.795114921092511,6.709677419354839,5.894593841745145,18.71875,1.608793779246796,94.0,86.0,96.66666666666669,CCC2014B
group1,M,South East Region,A Level or Equivalent,70-80%,0-35,60,1.0,0.5,6.805555555555555,9.96800436953712,3.324324324324324,0.9892007267808214,7.424242424242424,11.059583804980816,17.441176470588236,1.368387241009754,29.285714285714285,22.410669227805208,31.875,1.088862211224487,48.0,28.0,59.0,CCC2014B
group1,F,London Region,No Formal quals,10-20,0-35,60,1.0,0.5,3.0253164556962027,4.066670923319454,3.1625,0.9156917942944214,3.2739726027397262,4.506970755188883,4.743243243243243,1.0105289007966558,5.384615384615385,8.601148591032493,18.725,1.3172631818386356,82.5,65.0,81.0,CCC2014B
group3,M,Scotland,HE Qualification,80-90%,0-35,90,0.75,1.0,2.642857142857143,2.4839692213840947,3.242424242424242,0.9939110632632088,4.032786885245901,4.722171863012308,6.661290322580645,1.588032576331433,8.413793103448276,11.968760651257655,46.666666666666664,1.4995849765987976,94.33333333333331,92.5,90.33333333333331,CCC2014B
group3,F,London Region,A Level or Equivalent,20-30%,0-35,30,0.625,1.0,1.7862068965517242,1.659091982650917,3.308219178082192,0.6284760850447236,2.8735632183908044,3.875398247205742,5.829545454545454,1.0568808176535107,2.4205607476635516,3.050015104130773,23.24074074074074,2.223121992270685,84.33333333333333,86.5,88.0,CCC2014B
group1,M,North Western Region,A Level or Equivalent,10-20,0-35,30,0.5,1.0,3.28,3.8469363029453607,2.460526315789474,0.8806984975437043,4.472727272727273,5.859005557937809,6.017857142857143,1.2680556777096226,7.75,9.957781249224515,22.310344827586206,1.1800352538434684,42.0,56.5,35.0,CCC2014B
group3,M,South Region,A Level or Equivalent,70-80%,0-35,90,0.5,1.0,3.2125,2.8890616496000687,3.0987654320987654,1.1570121710053625,6.583333333333333,7.79880943294735,5.756756756756757,0.8980031531045639,5.431818181818182,7.078949229845591,17.555555555555557,1.1459646846583962,74.0,70.5,72.33333333333333,CCC2014B
group3,M,East Anglian Region,Lower Than A Level,50-60%,0-35,75,0.5,1.0,5.042553191489362,5.841967531906378,3.9791666666666665,0.866757049714409,6.2368421052631575,7.137393765106366,9.256410256410255,1.951774685058906,8.307692307692308,12.880277111209155,40.48148148148148,1.1644237948170375,79.66666666666667,97.0,82.0,CCC2014B
group1,M,South East Region,A Level or Equivalent,60-70%,35-55,60,0.5,1.0,3.436619718309859,4.05227412119663,2.638888888888889,0.8314456921881137,4.62,7.261556588062414,3.0980392156862746,0.8413675624244996,4.958333333333333,9.677696080082267,16.46938775510204,0.8212594367929059,65.66666666666667,64.5,59.666666666666664,CCC2014B
group1,M,South West Region,A Level or Equivalent,70-80%,0-35,60,0.5,1.0,6.685714285714286,7.991802522774522,2.4444444444444446,0.7371488518284932,9.2,9.61335876094649,2.769230769230769,0.8862808963079898,21.0,19.624248039380035,19.636363636363637,0.7261585511626313,62.0,52.0,61.0,CCC2014B
group1,F,Scotland,A Level or Equivalent,10-20,0-35,60,1.0,0.5,3.08974358974359,2.56442139209941,2.4177215189873418,0.7287085462588945,3.612903225806451,3.2001784720193824,5.904761904761905,2.151034888748172,3.721311475409836,3.971276652584923,16.596774193548388,1.0849507770682492,53.0,39.0,46.0,CCC2014B
group3,M,West Midlands Region,Lower Than A Level,20-30%,0-35,60,1.0,0.5,2.831460674157303,2.4828317550740504,3.1333333333333333,0.7978014152873479,5.409090909090909,5.465826952128389,3.955555555555556,1.0484115469948994,5.7560975609756095,7.535849281285017,22.166666666666668,1.122346188870259,76.5,72.0,80.0,CCC2014B
group1,M,Ireland,Lower Than A Level,70-80%,0-35,60,0.5,1.0,5.282608695652174,6.252690242263763,2.702127659574468,0.7819496293818711,8.461538461538462,9.317642488229602,2.2222222222222223,0.6633249580710799,14.0625,20.64128145246801,21.470588235294116,0.6414236370990013,55.333333333333336,49.5,52.333333333333336,CCC2014B
group1,M,Yorkshire Region,HE Qualification,0-10%,0-35,30,0.5,1.0,12.157894736842104,12.78568278233612,3.05,0.6836281790817393,12.157894736842104,12.61067959176197,6.15,1.02358337044598,21.875,21.78752919840679,33.77777777777778,1.1294732550153694,37.0,24.0,59.666666666666664,CCC2014B
group1,M,Yorkshire Region,A Level or Equivalent,20-30%,0-35,60,0.4,0.625,6.7631578947368425,8.53113284365078,1.5384615384615383,0.6218252702059208,16.818181818181817,15.721438749797564,3.3333333333333335,0.7382411530116699,28.333333333333332,25.273503912200223,7.0,0.9124982527240748,57.0,18.0,43.5,CCC2014B
group1,M,West Midlands Region,A Level or Equivalent,0-10%,35-55,30,0.875,1.0,3.920634920634921,3.734328921452901,3.4375,0.8920215688753512,4.192982456140351,4.23606369038196,7.517241379310345,1.6442058911136086,5.7368421052631575,6.57054940533202,32.38461538461539,0.9746361636890252,57.666666666666664,53.5,51.333333333333336,CCC2014B
group1,F,Wales,A Level or Equivalent,50-60%,0-35,120,1.0,0.375,4.767441860465116,6.20996591242207,2.2045454545454546,0.674056537660929,6.40625,8.95457848290201,2.5757575757575757,0.7405225873814689,5.705882352941177,8.625295468859816,22.428571428571427,2.103732081067244,75.0,50.0,19.0,CCC2014B
group1,M,North Western Region,A Level or Equivalent,10-20,35-55,30,0.4285714285714285,0.875,3.111111111111111,2.569046515733026,2.2439024390243905,0.738410774968643,3.3698630136986303,3.5099337177782073,6.5675675675675675,0.7426016861722813,9.52,14.997555356346131,63.69230769230769,0.9659971136501808,60.333333333333336,69.0,67.0,CCC2014B
group3,M,South Region,HE Qualification,90-100%,35-55,60,0.5,1.0,2.648936170212766,2.500354584783004,2.4105263157894736,0.7359600998351863,3.701492537313433,3.030226141041714,4.426470588235294,0.946902137274768,10.5,14.45106685796358,13.73913043478261,1.2768663823486213,98.66666666666669,93.0,97.33333333333331,CCC2014B
group1,M,Yorkshire Region,A Level or Equivalent,70-80%,35-55,60,0.625,1.0,3.2278481012658227,4.193858045995871,2.95,0.7208871294283639,3.805970149253731,5.4916984345523865,9.823529411764708,1.484226893167118,5.875,8.72422944948031,16.097560975609756,1.275676597156426,71.0,62.5,73.33333333333333,CCC2014B
group1,M,Yorkshire Region,A Level or Equivalent,90-100%,0-35,90,0.5,1.0,5.465116279069767,3.88126659008372,5.113636363636363,1.0449927638712193,7.366666666666666,9.57180966327084,24.677419354838708,2.199857470557697,12.63157894736842,14.675037483638633,28.3,0.9482284586817872,56.666666666666664,28.0,51.0,CCC2014B
group3,F,North Western Region,Lower Than A Level,40-50%,0-35,30,0.5,1.0,1.7862068965517242,1.9443158140267045,4.815068493150685,0.6656833950288646,2.8,3.781088363617432,7.0989010989010985,0.8605558186634567,2.0393700787401574,2.5052376081054404,28.515625,1.4548471471016848,85.33333333333333,85.0,94.33333333333331,CCC2014B
group3,M,South Region,Post Graduate Qualification,90-100%,35-55,60,0.5,1.0,3.2,2.8524916933725666,2.345679012345679,0.8043166091510434,6.219512195121951,7.544906212544829,8.285714285714286,1.7928823913252252,5.173913043478261,5.191036496055642,19.659574468085108,0.968258538106174,83.33333333333333,80.5,86.0,CCC2014B
group1,F,North Region,A Level or Equivalent,0-10%,0-35,60,0.5,1.0,4.213114754098361,3.941720242476038,2.967741935483871,0.748501969595079,4.6415094339622645,6.288250152903128,5.407407407407407,1.2680855287550374,9.407407407407408,11.735086310387782,27.071428571428573,0.9494978756760248,73.66666666666667,54.5,69.0,CCC2014B
group1,M,South East Region,A Level or Equivalent,70-80%,0-35,150,0.625,1.0,1.514792899408284,1.041441931237531,3.364705882352941,1.0095090459543978,1.9836065573770492,1.5047231785028063,5.59349593495935,0.9006539260957404,4.203389830508475,5.628681664159602,24.116666666666667,1.1866577509606573,71.33333333333333,69.0,75.0,CCC2014B
group3,F,East Midlands Region,Lower Than A Level,70-80%,35-55,120,1.0,0.5,1.816901408450704,1.412305184254869,2.895104895104895,0.8748897637790902,2.610526315789474,2.4157934991805674,5.114583333333333,1.26139966805809,3.28,2.435991390389969,39.88157894736842,1.81721494087653,90.0,100.0,94.0,CCC2014B
group1,M,London Region,A Level or Equivalent,30-40%,0-35,60,0.6,0.625,6.970588235294118,9.774689932670878,2.2857142857142856,0.8468692342977162,8.666666666666666,12.845796695947792,5.12,0.903214204072046,25.5,30.974644008100743,24.22222222222222,0.7115564629384651,57.333333333333336,67.0,38.0,CCC2014B
group3,F,Scotland,A Level or Equivalent,60-70%,0-35,60,1.0,0.5,2.988235294117647,2.9700654059138425,3.3255813953488373,0.719872245391209,3.4324324324324325,3.319023957373411,24.933333333333337,1.4030071917602465,7.171428571428572,7.939053560001434,10.5,1.1418646484077903,66.5,50.0,58.0,CCC2014B
group3,M,Scotland,Post Graduate Qualification,90-100%,35-55,30,1.0,0.5,2.7032967032967035,2.483252819699309,3.391304347826087,1.053312610586858,3.141025641025641,3.056712260499807,9.0126582278481,2.0645245722393635,6.0,9.553940431977676,27.13157894736842,0.7922730556449767,87.5,98.0,94.0,CCC2014B
group3,F,London Region,A Level or Equivalent,0-10%,0-35,60,0.625,1.0,7.575757575757576,10.15206353109524,2.8823529411764706,0.7792605343688482,9.423076923076923,11.812444546064382,9.48148148148148,1.096954012467592,13.157894736842104,15.428196257699142,25.0,1.106489945729287,90.66666666666669,85.0,87.66666666666667,CCC2014B
group3,M,South Region,Lower Than A Level,40-50%,0-35,60,1.0,0.625,2.2777777777777777,2.1696002187117944,2.770642201834862,0.7938184934448583,2.8255813953488373,2.8705066593777744,8.850574712643677,1.5660183780739958,10.55,16.497128936814878,20.571428571428573,0.7982789164164751,65.5,57.0,69.0,CCC2014B
group3,M,South West Region,Lower Than A Level,20-30%,0-35,60,0.5,1.0,3.1527777777777777,5.006080027895719,1.8356164383561644,0.6748678740021736,4.54,6.661525228305222,3.0980392156862746,0.7730333213665229,5.090909090909091,6.434106563675121,26.61764705882353,1.1373751776796193,90.33333333333331,97.0,92.33333333333331,CCC2014B
group3,M,East Anglian Region,A Level or Equivalent,80-90%,0-35,60,0.4285714285714285,0.875,2.7157894736842105,2.71192464393023,1.9791666666666667,0.7472201483756338,5.212765957446808,7.067796440970116,3.1041666666666665,0.7590423036193984,9.8,14.9164338901763,20.923076923076923,1.0304485325336206,95.0,77.0,88.66666666666667,CCC2014B
group1,M,South East Region,HE Qualification,80-90%,0-35,150,1.0,0.5,3.5671641791044775,4.167783658511076,3.2205882352941178,0.8698720022546416,3.4461538461538463,4.031248136552938,5.712121212121212,1.0965820089009046,6.870967741935484,9.962402439451608,28.71875,1.038729687978393,74.5,48.0,98.0,CCC2014B
group1,M,East Anglian Region,Lower Than A Level,60-70%,35-55,60,0.5,1.0,2.4466019417475726,2.511651887252947,3.5576923076923075,1.277312280453348,2.9529411764705884,3.3978490477448378,7.744186046511628,1.126614508712822,4.666666666666667,4.825248062838275,22.945454545454545,1.2639192890881086,71.66666666666667,45.5,68.66666666666667,CCC2014B
group1,M,North Western Region,A Level or Equivalent,10-20,0-35,60,0.4285714285714285,0.875,3.967741935483871,4.101050412965926,2.634920634920635,0.6805896020481254,6.696969696969697,7.7680630166279565,1.9411764705882353,0.5437684377250411,7.793103448275862,12.344401016379932,10.7,1.1181544214796768,76.0,50.0,66.0,CCC2014B
group1,M,South East Region,A Level or Equivalent,30-40%,0-35,60,1.0,0.5,1.5449101796407183,1.0338056191319347,3.0297619047619047,0.8152058048393954,2.0396825396825395,2.029387271669136,6.275590551181103,0.7892185121359488,3.6857142857142855,3.8543890177034497,14.098591549295774,1.5730196261080196,54.0,48.0,32.0,CCC2014B
group3,M,South Region,HE Qualification,80-90%,35-55,60,0.5,1.0,1.3015075376884422,0.8986790186035554,5.695,0.8426978032829743,3.1392405063291138,3.237338956355698,5.5,1.0456521552371354,1.638157894736842,1.4074039889630772,11.477124183006536,1.4949312279154108,100.0,100.0,97.33333333333331,CCC2014B
group1,M,North Western Region,A Level or Equivalent,0-10%,0-35,120,1.0,0.5,5.975609756097561,6.3658770207963045,3.2142857142857144,0.7786238784117283,7.516129032258065,9.387477359908551,6.03125,0.9411100926006492,17.666666666666668,23.31341140878253,29.307692307692307,1.0384218480066985,48.5,39.0,69.0,CCC2014B
group3,M,Scotland,Lower Than A Level,70-80%,0-35,60,0.625,1.0,1.8905109489051095,1.4984248205679012,4.057971014492754,0.9865033073995262,2.510204081632653,2.664175847727029,5.616161616161616,0.9924179463612198,3.6875,4.007433568947066,55.49230769230769,1.107355236727562,78.0,98.0,93.0,CCC2014B
group1,M,Scotland,Lower Than A Level,60-70%,0-35,60,0.625,1.0,3.1948051948051948,3.947147407802251,2.91025641025641,0.6560919417802734,3.671641791044776,4.61679430860029,9.661764705882351,1.0984527376128572,5.6923076923076925,7.049277104236127,17.3,1.009676196734708,77.0,32.5,55.333333333333336,CCC2014B
group3,F,Wales,HE Qualification,30-40%,0-35,90,0.5,1.0,1.5416666666666667,1.4008302357178748,6.928994082840236,0.6742943059074811,2.0393700787401574,2.1321483866999356,9.1015625,1.0247039746865254,1.8832116788321167,1.863210754358379,37.77536231884058,1.423932913736048,99.33333333333331,96.0,99.33333333333331,CCC2014B
group1,M,East Anglian Region,A Level or Equivalent,90-100%,0-35,30,0.5,1.0,5.488888888888889,6.283536288017144,2.4347826086956523,0.9561495378733968,6.2894736842105265,6.923941600206674,7.0,0.8806305718527109,10.125,10.94377925343097,22.44,0.8495664102349204,86.33333333333333,77.5,79.0,CCC2014B
group3,M,Ireland,HE Qualification,70-80%,35-55,60,1.0,0.5,3.123456790123457,2.2933747842937855,3.4146341463414633,1.036871274949946,4.517857142857143,3.945036335486872,21.57894736842105,2.6774111818183393,8.2,11.276819882691514,25.5,1.123716682778363,76.5,78.0,86.0,CCC2014B
group3,M,South Region,A Level or Equivalent,30-40%,35-55,60,0.75,1.0,3.3013698630136985,3.657886956468362,3.391891891891892,0.927020664079272,4.303571428571429,6.407154077796426,4.315789473684211,0.9870266933758408,4.604166666666667,6.370609320980794,23.0,0.8368744125938974,68.33333333333333,67.5,74.0,CCC2014B
group1,M,South Region,HE Qualification,60-70%,0-35,60,0.625,1.0,3.5833333333333335,4.63832777054859,3.671232876712329,0.8301882434075369,4.526315789473684,8.073557507509788,9.517241379310343,1.3067208686982277,6.7894736842105265,11.116478867798367,17.923076923076923,0.959116244635956,70.33333333333333,40.5,43.333333333333336,CCC2014B
group1,M,East Anglian Region,Lower Than A Level,80-90%,0-35,30,0.625,1.0,6.805555555555555,5.5178642060878405,2.3783783783783785,0.929181413489074,8.75,6.304760106459246,5.103448275862069,0.8318772279760565,20.416666666666668,17.015812610271624,23.384615384615383,0.770748323280262,52.333333333333336,46.5,39.0,CCC2014B
group3,M,London Region,HE Qualification,10-20,0-35,90,0.5,1.0,8.96,9.567653839891992,2.1153846153846154,0.6195172740873026,10.181818181818182,10.196340910609452,10.391304347826088,1.2453165003498754,27.25,17.449928366615147,20.555555555555557,0.9173595672377488,83.66666666666667,43.0,78.66666666666667,CCC2014B
group1,M,Scotland,HE Qualification,30-40%,0-35,90,0.625,1.0,3.8656716417910446,3.797509241068651,2.6029411764705883,0.9775644029396374,6.023255813953488,7.956693414959995,11.681818181818182,0.9336008092401936,6.828571428571428,8.46961945907327,15.166666666666666,1.6232893237112176,62.0,70.5,67.66666666666667,CCC2014B
group1,M,South Region,HE Qualification,90-100%,35-55,30,1.0,0.5,4.036363636363636,4.059573214037983,3.482142857142857,0.9337136446912984,5.6923076923076925,5.629592142625227,4.975,0.8170891357070615,8.083333333333334,12.111498907942876,81.72,1.2096528142658265,81.0,74.0,64.0,CCC2014B
group3,M,North Western Region,HE Qualification,20-30%,35-55,30,0.8,0.625,8.5,6.667261878191148,1.9130434782608696,0.485321738728696,18.7,14.817782110243986,3.5454545454545454,0.9344034440148,15.181818181818182,14.126699415066364,12.916666666666666,0.9547297235098392,79.66666666666667,74.0,96.0,CCC2014B
group1,M,South East Region,A Level or Equivalent,30-40%,0-35,30,0.5,1.0,11.055555555555555,13.29074079386372,2.0526315789473686,0.8581128477272569,12.4375,13.966477723463422,4.235294117647059,0.9531866631540828,28.428571428571427,32.02528762742105,62.75,0.4877997580876941,64.33333333333333,77.0,84.33333333333333,CCC2014B
group3,M,North Western Region,HE Qualification,90-100%,35-55,90,0.5,1.0,1.3898305084745763,0.8728925755109425,5.359550561797753,0.8610688432177228,2.6847826086956523,2.7890261714779094,4.89247311827957,0.9182342884193194,2.126126126126126,1.679378224317328,22.035714285714285,0.94973061292002,98.0,99.0,98.33333333333331,CCC2014B
group3,M,Scotland,A Level or Equivalent,70-80%,35-55,90,0.5,1.0,3.278481012658228,3.768753819952172,3.0125,0.8290348439022671,5.078431372549019,7.39957603448982,5.576923076923077,0.7218354198604012,4.980769230769231,7.0724275018716725,22.471698113207548,1.585784083452633,80.33333333333333,84.0,78.33333333333333,CCC2014B
group1,M,East Anglian Region,Lower Than A Level,60-70%,0-35,60,0.75,1.0,3.633802816901409,3.385850543574026,2.7222222222222223,0.6932770510801237,5.5777777777777775,6.42965038243947,3.4347826086956523,0.7598100606814642,6.162162162162162,6.422674734933317,29.605263157894736,1.064417257829575,49.666666666666664,48.0,29.333333333333332,CCC2014B
group1,F,Wales,HE Qualification,0-10%,0-35,90,1.0,0.5,11.428571428571429,10.500340130545432,2.136363636363636,0.586941030814201,11.35,10.766786159784465,3.619047619047619,0.916341334025271,31.714285714285715,32.376505296867585,28.125,0.727030150341905,52.0,28.0,44.0,CCC2014B
group1,M,South West Region,A Level or Equivalent,60-70%,0-35,60,0.75,1.0,3.189189189189189,3.1216244264176867,3.5733333333333333,0.8660897086223801,4.175438596491228,4.264147909428531,8.03448275862069,1.1484195845716438,6.2105263157894735,8.457070909254199,13.538461538461538,0.9486991782720138,37.666666666666664,51.5,43.333333333333336,CCC2014B
group1,M,South East Region,A Level or Equivalent,30-40%,0-35,120,0.875,1.0,7.0,8.102909530356541,2.8378378378378377,1.024949531416115,6.368421052631579,9.301034678367428,3.871794871794872,0.8337009261910577,14.8,19.195237504577612,38.6875,0.8471291742740648,86.66666666666667,36.5,83.66666666666667,CCC2014B
group1,M,South Region,A Level or Equivalent,90-100%,0-35,90,0.75,1.0,5.204081632653061,5.982542630565253,2.86,0.9939176362217078,6.457142857142857,7.134600269700003,3.75,0.7707620087122056,7.366666666666666,10.373983816735258,22.096774193548388,1.1551292649452776,75.0,63.5,69.33333333333333,CCC2014B
group3,M,London Region,A Level or Equivalent,90-100%,0-35,90,0.5,1.0,1.6363636363636365,1.351920356832481,3.0258064516129033,0.878775277907667,2.7362637362637363,3.4795758516589506,4.728260869565218,0.89300506862106,2.3551401869158877,2.39989125716145,41.82407407407408,1.668649993435442,91.0,95.5,84.66666666666667,CCC2014B
group3,M,Wales,A Level or Equivalent,40-50%,35-55,60,0.5,1.0,1.188073394495413,0.548517023859789,6.242009132420091,0.6722515722974015,1.611842105263158,1.2182353001072193,7.673202614379085,1.3022850072412877,1.328205128205128,0.802685157991702,19.51530612244898,1.0861462057416182,91.33333333333331,97.0,94.66666666666669,CCC2014B
group1,M,South West Region,A Level or Equivalent,30-40%,0-35,60,0.75,1.0,4.0,3.8813034059491223,2.0,0.7603453162872774,4.877551020408164,6.650916769705587,6.26,1.357286116475128,5.068181818181818,6.410012978518686,20.733333333333334,1.398636210286905,86.33333333333333,63.5,73.33333333333333,CCC2014B
group3,M,South East Region,HE Qualification,80-90%,35-55,30,0.5,1.0,1.5146198830409356,1.4964928613504735,4.401162790697675,0.7120726018902698,3.125,2.9867852410157254,4.814814814814815,0.7961445558729607,1.9166666666666667,2.007777498494431,14.62406015037594,1.4621704823804045,97.33333333333331,99.0,98.33333333333331,CCC2014B
group3,M,London Region,HE Qualification,30-40%,0-35,60,1.0,0.5,3.361111111111111,4.830377921107195,3.0684931506849313,0.6613775628279545,4.157894736842105,5.743908181979194,11.827586206896552,1.1451604088624556,6.527777777777778,9.99853163822743,73.91891891891892,1.0688398275613178,100.0,100.0,88.0,CCC2014B
group3,M,London Region,HE Qualification,70-80%,35-55,30,0.5,1.0,1.7916666666666667,2.170607855311148,3.9034482758620688,1.0406555398414643,2.74468085106383,3.4452278674042813,5.652631578947369,1.0121278386346753,4.618181818181818,4.983271679629421,17.339285714285715,1.035944472409725,99.33333333333331,100.0,98.66666666666669,CCC2014B
group1,M,South Region,A Level or Equivalent,60-70%,0-35,60,0.625,1.0,5.145833333333333,5.546666943705667,1.7142857142857142,0.5527707983925667,13.3125,16.442703548990963,2.4705882352941178,0.7095078297976828,24.375,32.142261899250336,23.555555555555557,0.656491261234219,75.33333333333333,37.5,61.666666666666664,CCC2014B
group1,M,East Anglian Region,A Level or Equivalent,30-40%,0-35,60,0.7142857142857143,0.875,7.290322580645161,11.553335877246584,4.0,0.7288689868556626,8.071428571428571,12.643043970759608,5.310344827586207,0.8930401229267501,12.555555555555555,21.747811849964076,71.52631578947368,1.4618313486174883,81.66666666666667,72.0,69.33333333333333,CCC2014B
group3,F,North Region,A Level or Equivalent,80-90%,0-35,90,0.5714285714285714,0.875,4.851063829787234,5.698888997005031,2.5416666666666665,0.8029440587710466,6.705882352941177,8.111082623119621,4.714285714285714,0.8325340519512713,13.411764705882351,18.12132315646891,12.72222222222222,1.5227657175923262,90.0,91.0,85.33333333333333,CCC2014B
group1,F,South West Region,Lower Than A Level,80-90%,35-55,90,0.75,1.0,2.032258064516129,1.9461677326043532,4.312,0.9361465605683168,2.863636363636364,3.063248287871103,9.719101123595506,1.0431372169724964,4.769230769230769,5.035619729819599,23.056603773584907,1.3452538791180344,62.666666666666664,46.0,66.33333333333333,CCC2014B
group1,M,South Region,A Level or Equivalent,60-70%,35-55,30,0.5714285714285714,0.875,5.513513513513513,7.794662068156435,2.8684210526315788,0.9994948644230646,5.818181818181818,8.297042189293068,2.764705882352941,0.6509386613097173,8.347826086956522,12.444818913369582,31.833333333333332,1.0232220488250443,63.0,30.0,54.666666666666664,CCC2014B
group3,F,Yorkshire Region,A Level or Equivalent,0-10%,0-35,30,0.625,1.0,1.446927374301676,1.3496687276777053,5.211111111111111,0.9111465737167574,3.141025641025641,3.4817683183564387,5.405063291139241,1.2870338714829783,1.4431137724550898,1.3470395492407838,16.55952380952381,1.724676199464125,89.0,82.5,96.0,CCC2014B
group3,M,Ireland,A Level or Equivalent,10-20,0-35,60,0.5,1.0,2.0327868852459017,2.016192411081905,3.731707317073171,1.0532546740751418,4.032786885245901,3.885731218680101,5.564516129032258,1.0900901689078322,2.317757009345794,2.3009355391868023,21.833333333333332,1.398350217370366,96.66666666666669,98.0,98.0,CCC2014B
group3,F,South Region,A Level or Equivalent,50-60%,0-35,120,1.0,0.5,7.67741935483871,8.912115711300707,2.5625,0.7553103691318059,10.947368421052632,14.879044489223114,9.8,2.4369603013188543,16.916666666666668,21.073284825421343,53.15384615384615,1.2666619231972478,95.0,100.0,88.0,CCC2014B
group3,F,East Midlands Region,A Level or Equivalent,50-60%,0-35,60,0.625,1.0,3.727272727272727,4.49801821163141,3.223880597014926,0.7781359404616486,5.177777777777778,7.352454410507136,11.76086956521739,1.7859505634239945,6.882352941176471,9.778655499955464,60.0,0.8421439005338395,80.33333333333333,76.0,77.33333333333333,CCC2014B
group1,M,Scotland,Lower Than A Level,50-60%,0-35,90,0.5,1.0,5.095238095238095,5.4271652925500335,2.116279069767442,0.7363457392418001,5.823529411764706,6.584971817133471,6.114285714285714,0.8748931532034235,7.071428571428571,8.90662912262784,19.103448275862068,1.0366229707390626,61.666666666666664,63.0,65.0,CCC2014B
group1,M,South Region,Lower Than A Level,50-60%,0-35,30,1.0,0.5,6.375,8.12936273403632,2.2439024390243905,0.9378110700053472,7.5,9.231861823449956,11.114285714285714,1.2038261508832355,9.807692307692308,13.461112081159508,26.48148148148148,0.7476096846607608,57.5,65.0,83.0,CCC2014B
group3,F,East Midlands Region,A Level or Equivalent,10-20,0-35,60,0.875,1.0,3.125,2.507583435011546,2.5555555555555554,0.780189497605494,3.796875,3.763566729023085,6.492307692307692,1.082126589646865,7.5625,6.211007398419826,10.393939393939394,1.4416784335608113,66.0,68.0,70.33333333333333,CCC2014B
group1,M,London Region,A Level or Equivalent,10-20,0-35,60,0.625,1.0,4.2105263157894735,5.630709299728154,2.706896551724138,0.7546359619769849,10.391304347826088,11.873343445928793,4.708333333333333,0.8615943019600475,6.575757575757576,8.51113352846693,14.235294117647058,1.465340762520425,88.33333333333333,47.5,63.0,CCC2014B
group1,M,Yorkshire Region,A Level or Equivalent,30-40%,0-35,90,0.5,1.0,7.741935483870968,10.327851476906137,2.375,0.8664251385870699,9.521739130434783,11.797031850186228,4.583333333333333,0.9466775306868956,10.761904761904765,16.759787474502062,51.09090909090909,1.0803701357392226,55.333333333333336,60.0,45.666666666666664,CCC2014B
group3,F,East Midlands Region,Lower Than A Level,10-20,0-35,60,1.0,0.5,1.9323308270676691,1.4206032047978372,2.791044776119403,0.8907074901419312,2.479591836734694,2.377860043902139,5.626262626262626,0.9297810032028434,4.2727272727272725,3.423527233795391,18.767857142857142,1.3705197519320924,90.0,83.0,100.0,CCC2014B
group1,M,East Anglian Region,HE Qualification,60-70%,35-55,60,0.75,1.0,2.3979591836734695,2.3713921958989532,6.02020202020202,1.0382747728088062,3.3582089552238807,4.676509617022123,8.867647058823529,0.8983968975643021,4.245283018867925,5.3561814051881225,40.407407407407405,1.2333804524293133,85.66666666666667,85.0,88.0,CCC2014B
group1,F,South Region,A Level or Equivalent,90-100%,35-55,30,0.875,1.0,6.742857142857143,8.01228049031374,2.9166666666666665,0.6779320295831242,9.076923076923077,8.926020734562863,6.962962962962963,1.4030660663704586,11.789473684210526,15.551273428988312,26.25,1.2727387577889782,68.0,44.0,72.0,CCC2014B
group3,M,South Region,HE Qualification,90-100%,0-35,30,0.4285714285714285,0.875,4.775510204081633,3.190254078977938,2.18,0.9739040940524312,7.032258064516129,5.850833963164238,3.25,0.7378202343558029,25.125,32.467291232870046,36.22222222222222,0.7742953510625676,81.33333333333333,76.0,94.0,CCC2014B
group1,M,North Region,Lower Than A Level,60-70%,0-35,30,0.5,1.0,3.2857142857142856,3.081597086172,3.730769230769231,0.7956866394415453,3.7205882352941178,3.6603791836663224,6.3768115942028984,1.0887953006013436,5.270833333333333,5.254135487053228,26.428571428571427,1.0729968000622156,65.0,52.0,57.333333333333336,CCC2014B
group1,M,Scotland,A Level or Equivalent,80-90%,0-35,30,1.0,0.5,1.8111888111888113,1.7760180534192522,3.5625,0.8541816023387226,1.8768115942028984,1.834196252109205,4.294964028776978,1.0346580589479184,3.983050847457627,4.435326545626092,22.816666666666663,1.0815002740872273,86.0,85.0,98.0,CCC2014J
group1,M,South West Region,Lower Than A Level,30-40%,35-55,30,0.875,1.0,2.6372549019607843,2.785354966753306,3.058252427184466,0.8797832940530498,2.8617021276595747,3.126718241876208,8.810526315789474,0.9921160189953028,10.521739130434783,13.286594629096829,22.166666666666668,1.1170665330278269,73.66666666666667,35.5,46.666666666666664,CCC2014J
group1,M,North Western Region,A Level or Equivalent,10-20,0-35,30,0.875,1.0,13.052631578947368,14.408615031796185,2.2,0.869596657714045,19.076923076923077,14.95806102887636,3.0,1.4029447488244031,28.625,32.97157867012134,20.555555555555557,0.7263384662590626,57.0,33.5,33.0,CCC2014J
group1,M,South Region,Lower Than A Level,80-90%,0-35,30,1.0,1.0,4.085714285714285,3.7753696705181494,2.267605633802817,0.717438357199636,4.057971014492754,3.93283335212898,5.242857142857143,1.1706509799504026,10.954545454545457,13.03649555863141,17.52173913043478,1.2908283032616603,63.333333333333336,56.0,34.666666666666664,CCC2014J
group1,F,Scotland,A Level or Equivalent,0-10%,0-35,120,0.5,1.0,2.707070707070707,3.4707304567068813,3.97,1.0677575624685098,5.26530612244898,7.48825611152802,4.16,1.0839826987199843,6.25,8.505654227991744,19.609756097560975,1.1789470264544806,93.33333333333331,96.0,88.66666666666667,CCC2014J
group1,M,Scotland,Lower Than A Level,50-60%,35-55,60,0.75,1.0,2.59,2.3402279091290805,3.2475247524752477,0.8746121771620917,3.271604938271605,3.004215145753597,10.975609756097562,1.3582686873960153,4.206896551724138,3.8877162406814207,27.220338983050848,1.1753787906161766,80.33333333333333,26.0,66.0,CCC2014J
group3,M,East Anglian Region,A Level or Equivalent,60-70%,0-35,60,0.4,0.625,5.7555555555555555,5.584701324949159,1.891304347826087,0.741446134384834,6.72972972972973,8.34215749021748,5.815789473684211,0.9717556712366424,18.153846153846153,25.91603800045496,6.928571428571429,0.9704421112980376,86.5,68.0,82.0,CCC2014J
group3,M,East Anglian Region,Lower Than A Level,70-80%,0-35,30,0.875,1.0,5.142857142857143,4.739022402704309,3.08,0.7568208978874528,8.107142857142858,9.538768014691165,3.4827586206896552,0.9733232259361988,8.846153846153847,10.169335505104776,25.88888888888889,1.0417963196096671,88.66666666666667,95.5,95.0,CCC2014J
group3,F,London Region,HE Qualification,0-10%,0-35,30,0.5,1.0,5.785714285714286,5.353529559612481,4.116279069767442,1.1054982877862154,9.307692307692308,8.916363522285218,7.925925925925926,1.2998552026699413,12.736842105263158,15.659012687988126,29.0,1.146830404296462,76.0,83.0,76.33333333333333,CCC2014J
group1,F,Yorkshire Region,HE Qualification,0-10%,35-55,60,0.5,1.0,2.7524752475247523,3.816820510828507,3.637254901960784,1.0449916117868217,4.3559322033898304,6.564698464237247,6.45,1.3365219369570671,4.793103448275862,8.328262219883918,41.813559322033896,1.0107747710630952,85.0,69.0,68.66666666666667,CCC2014J
group3,M,Yorkshire Region,HE Qualification,80-90%,55<=,60,0.5,1.0,3.4177215189873418,3.2407960201979695,2.8375,0.7770180870791364,5.488888888888889,5.879943653959395,4.282608695652174,1.3673302837734982,5.642857142857143,5.7966408631350665,24.069767441860463,1.2597159102987672,85.0,96.5,97.0,CCC2014J
group3,M,London Region,Lower Than A Level,30-40%,0-35,60,0.5714285714285714,0.875,3.9696969696969697,6.111703015765225,2.417910447761194,0.7993767576878851,3.963636363636364,4.749127157089895,8.892857142857142,1.0246159796920156,7.96,17.333685893850355,38.19230769230769,0.8443236480632246,81.0,92.0,80.33333333333333,CCC2014J
group1,M,Scotland,A Level or Equivalent,10-20,35-55,30,1.0,0.5,6.428571428571429,7.893726899871055,2.5277777777777777,0.799332531600806,8.615384615384615,11.267925889273227,3.925925925925926,1.0139644409467474,9.0,12.145937984520156,25.0,0.9452489895122412,46.0,25.0,24.0,CCC2014J
group1,M,North Western Region,Lower Than A Level,0-10%,35-55,120,0.7142857142857143,0.875,5.071428571428571,6.440697042806201,2.255813953488372,0.8767130567203834,5.461538461538462,7.46869309305307,3.425,0.8019569543169601,9.26086956521739,14.598310585021778,24.416666666666668,1.2312212777007987,58.5,34.0,44.666666666666664,CCC2014J
group1,M,North Western Region,A Level or Equivalent,70-80%,0-35,30,0.75,1.0,9.466666666666669,16.001580381719915,1.2903225806451613,0.4031128874149275,7.909090909090909,6.530522741153825,2.088235294117647,0.6907154836754494,11.521739130434783,20.18746137675425,13.583333333333334,1.2446430055940367,74.0,46.5,74.0,CCC2014J
group3,F,Wales,HE Qualification,80-90%,0-35,30,0.5,1.0,1.2058823529411764,0.6055710584034504,5.648535564853557,0.6536910081654623,3.7222222222222223,4.240057873051165,4.36986301369863,0.9960565320745078,1.2252252252252251,0.5815361881984112,14.708520179372195,1.1177477094580917,99.33333333333331,99.0,99.66666666666669,CCC2014J
group3,M,London Region,Lower Than A Level,40-50%,35-55,60,0.5,1.0,2.2248062015503876,2.215853073865964,2.6153846153846154,0.7725838550919824,2.842696629213483,3.161914251915409,6.8,0.7238322337757733,6.3076923076923075,6.840875006181769,37.325,1.1961432138667554,95.66666666666669,98.0,98.33333333333331,CCC2014J
group3,M,North Western Region,Lower Than A Level,0-10%,0-35,60,0.5,1.0,2.3783783783783785,2.2645651962916693,2.2232142857142856,0.8766342481551975,5.5,6.290824118118897,3.0,0.9307057278900982,5.589743589743589,6.414284834065573,20.15,1.1291576839774136,96.0,89.0,80.0,CCC2014J
group1,F,North Western Region,A Level or Equivalent,0-10%,0-35,60,0.5,1.0,7.694444444444445,9.44100310785563,2.675675675675676,0.9032359153983092,10.36,12.185647295076285,3.230769230769231,0.913801955352166,14.882352941176473,14.568297571015188,18.22222222222222,1.1578785037244923,73.66666666666667,54.0,65.33333333333333,CCC2014J
group3,M,South East Region,HE Qualification,90-100%,55<=,60,1.0,0.5,3.271604938271605,3.962361498144171,3.402439024390244,0.771975117071414,4.431034482758621,5.638564172607654,5.1525423728813555,1.090181406287485,5.5,6.779192194392385,20.979591836734695,1.062976338741911,100.0,100.0,92.0,CCC2014J
group3,F,London Region,A Level or Equivalent,0-10%,35-55,60,1.0,0.5,2.105691056910569,1.712121721437388,3.443548387096774,0.9339624259082124,2.4903846153846154,2.618067145584724,12.571428571428571,1.0210929702992233,3.787878787878788,3.735547129178314,34.62686567164179,1.2545689388608106,98.5,100.0,92.0,CCC2014J
group3,M,North Western Region,A Level or Equivalent,30-40%,0-35,90,0.625,1.0,3.845070422535211,3.6903266883025942,2.125,0.9178062539975256,7.5,8.016055317744685,3.5945945945945947,0.7933666993618295,9.72,12.300135500608654,14.115384615384617,0.966657496925046,91.66666666666669,90.0,92.0,CCC2014J
group3,M,Yorkshire Region,No Formal quals,30-40%,0-35,90,0.5,1.0,2.191666666666667,2.477786465841664,3.396694214876033,1.2927197576225635,3.213333333333334,4.6420327948506,3.868421052631579,1.0023573491769882,1.2788461538461535,0.9676579701689604,16.401913875598087,1.4061842381856826,90.0,91.5,85.66666666666667,CCC2014J
group1,M,West Midlands Region,A Level or Equivalent,70-80%,0-35,90,0.5,1.0,2.85,2.8828121792107892,3.4455445544554455,0.7288434961326983,3.5,4.180908992073375,8.844155844155845,1.043808096614465,4.925925925925926,6.163960537174412,16.618181818181817,0.8413943758928005,81.66666666666667,45.5,65.33333333333333,CCC2014J
group3,M,East Midlands Region,Lower Than A Level,90-100%,0-35,60,0.6666666666666666,0.75,3.475609756097561,4.095241471516313,2.819277108433735,0.8567923128894194,5.608695652173913,5.798383916113811,4.319148936170213,0.9408995949906792,5.74468085106383,7.39996499729202,13.895833333333334,1.4672131737835683,97.0,92.0,93.5,CCC2014J
group1,M,Wales,Lower Than A Level,60-70%,0-35,60,0.5,1.0,2.904255319148936,2.8626972352997626,2.8210526315789473,0.6880864112405704,3.3466666666666667,3.670530314926277,7.605263157894737,0.8454597951993623,4.517241379310345,5.120448785533866,8.830508474576272,0.7526635909901425,65.66666666666667,55.0,57.0,CCC2014J
group3,M,South East Region,No Formal quals,20-30%,0-35,60,0.5,1.0,6.475,6.864951864548221,2.268292682926829,0.6817577412536499,6.641025641025641,6.979244339608465,4.4,1.0498917693137355,8.964285714285714,10.404707420583074,18.41379310344828,2.1761911148562785,83.33333333333333,85.5,94.66666666666669,CCC2014J
group3,M,West Midlands Region,A Level or Equivalent,0-10%,35-55,120,1.0,0.625,1.5868263473053892,1.3938138238972877,6.428571428571429,0.743614794744539,2.2410714285714284,3.2776764339487205,5.15929203539823,0.8495987319258205,1.827586206896552,2.421962093663269,28.04109589041096,0.8178836699551382,90.66666666666669,96.0,94.0,CCC2014J
group1,M,East Midlands Region,Lower Than A Level,80-90%,35-55,30,0.75,1.0,2.656565656565657,3.1205756146204178,2.22,0.7945823373449414,2.43,2.663843202228803,7.534653465346534,0.865292590323202,5.153846153846154,8.938536563522907,9.264150943396226,1.021490005214921,89.33333333333333,57.0,63.666666666666664,CCC2014J
group1,M,Ireland,Lower Than A Level,0-10%,35-55,60,0.625,1.0,3.9846153846153847,3.9744980331338216,3.287878787878788,0.9197330107019984,6.078947368421052,6.52803343156586,5.923076923076923,1.3818816507247946,7.451612903225806,7.610688578910668,18.59375,1.2542353921964584,65.0,32.5,52.333333333333336,CCC2014J
group1,M,North Western Region,A Level or Equivalent,20-30%,0-35,60,0.5,1.0,7.194444444444445,8.97240036188579,2.4324324324324325,0.8788319970348971,8.954545454545455,14.194154641049463,3.0869565217391304,0.7576888820457895,13.642857142857142,23.87985035018546,39.06666666666667,1.11197346689973,58.333333333333336,88.5,88.33333333333333,CCC2014J
group3,M,South West Region,Lower Than A Level,60-70%,0-35,120,0.5,1.0,4.245901639344262,4.649930959003291,3.0483870967741935,1.0870794968793605,4.526315789473684,5.74178065697236,4.137931034482759,1.211203487812386,7.617647058823529,10.230716393892653,46.4,1.5717711611362024,93.0,84.0,85.33333333333333,CCC2014J
group3,M,West Midlands Region,A Level or Equivalent,90-100%,35-55,60,0.5,1.0,1.9183673469387752,2.240689118808241,3.27027027027027,0.8241911380458607,2.5660377358490565,4.6105858896870675,8.355140186915888,1.1580104246841698,3.4342105263157894,3.3479766081054168,22.25974025974026,1.2072319112245635,98.0,97.0,94.0,CCC2014J
group3,M,London Region,Lower Than A Level,10-20,0-35,90,0.4285714285714285,0.875,2.8645833333333335,3.4077922832259064,2.288659793814433,0.9493503731477968,5.0,5.348709718443684,3.5416666666666665,0.8231091364570261,12.428571428571429,21.528054785724205,10.181818181818182,0.8772747399690447,89.33333333333333,60.0,80.33333333333333,CCC2014J
group1,M,South East Region,A Level or Equivalent,0-10%,35-55,30,1.0,0.5,1.821656050955414,1.6072878282970968,2.5822784810126582,0.8595641000749388,3.4875,4.466453723118543,12.506172839506172,1.0644451078332569,14.294117647058824,19.286539042433045,26.166666666666668,1.1181383077167053,81.0,79.0,81.0,CCC2014J
group3,M,East Anglian Region,A Level or Equivalent,20-30%,0-35,60,1.0,0.5,2.7572815533980584,2.9752772796058413,2.423076923076923,0.7322261964870347,3.6527777777777777,4.145792784145958,17.972602739726028,5.437002637991768,8.333333333333334,11.87434208703792,30.214285714285715,0.7209704264201141,99.0,92.0,85.0,CCC2014J
group3,F,Yorkshire Region,A Level or Equivalent,70-80%,0-35,90,0.5,1.0,3.021978021978022,4.071521752034412,4.0,0.8838834764831844,5.425531914893617,8.300719405310508,4.708333333333333,1.1486371130517394,3.3,5.373163507278498,28.08641975308642,1.999068494582686,95.33333333333331,84.0,94.0,CCC2014J
group1,M,East Anglian Region,HE Qualification,70-80%,0-35,30,0.5,1.0,6.45945945945946,9.488573814490406,3.763157894736842,0.9857163663313794,7.46875,10.515685288975426,5.787878787878788,0.9826766272790904,12.578947368421051,19.39448887778199,71.35,1.2007317394975872,75.66666666666667,80.0,50.333333333333336,CCC2014J
group1,M,South West Region,A Level or Equivalent,70-80%,0-35,60,0.5,1.0,2.208695652173913,1.8941074469509287,3.456896551724138,0.929940534698796,3.011904761904762,4.465379670899022,8.329411764705883,0.7454175498108594,6.394736842105263,6.495484808838308,34.717948717948715,1.8077340879943251,83.33333333333333,71.0,65.0,CCC2014J
group1,F,Yorkshire Region,A Level or Equivalent,0-10%,0-35,120,0.5,1.0,1.43,1.1275891478868358,3.7512437810945274,0.8562196988766836,2.7395833333333335,3.3253248093561165,9.989690721649485,0.922905318119832,1.7023809523809523,1.584201658856107,16.420118343195266,1.84894464026624,77.66666666666667,76.0,75.66666666666667,CCC2014J
group1,M,West Midlands Region,A Level or Equivalent,70-80%,35-55,60,1.0,0.5,2.656565656565657,2.4334472741260185,6.11,0.9497980886497952,3.272727272727273,3.2992677163447706,13.35897435897436,1.183455055684839,2.5729166666666665,2.2512910525982135,33.08247422680412,1.5433737431519263,47.5,48.0,21.0,CCC2014J
group1,M,South East Region,A Level or Equivalent,90-100%,0-35,60,0.4285714285714285,0.875,3.1153846153846154,3.960784289482601,2.4683544303797467,0.7259625997614929,3.1973684210526314,4.201649634265428,13.142857142857142,1.3887389886837975,14.0,14.701190427989156,18.166666666666668,1.810875319221576,56.0,61.5,64.33333333333333,CCC2014J
group3,M,Ireland,A Level or Equivalent,80-90%,35-55,60,0.5,1.0,2.4363636363636365,2.135446895742695,2.828828828828829,0.8592118244225664,3.84375,4.273278916524488,4.153846153846154,1.2035042569806909,3.608108108108108,3.3426163469574335,15.386666666666668,0.9934901904931872,96.33333333333331,92.5,92.33333333333331,CCC2014J
group3,M,East Anglian Region,A Level or Equivalent,60-70%,0-35,30,0.625,1.0,4.8979591836734695,4.946568246265889,2.32,0.8107115824488792,9.583333333333334,12.089940722214756,3.76,0.8749312848915783,14.4375,20.574964560520307,42.23529411764706,1.1728044999788918,100.0,99.5,97.0,CCC2014J
group3,M,East Anglian Region,Lower Than A Level,90-100%,0-35,60,0.5,1.0,3.1707317073170733,3.996309649666711,2.5542168674698793,0.8470363806339605,3.547945205479452,4.916076506644102,5.054054054054054,1.0900043432878077,6.025,7.995150773902635,17.170731707317074,1.2670900420202098,91.33333333333331,91.0,94.66666666666669,CCC2014J
group3,M,Scotland,HE Qualification,80-90%,35-55,90,0.5,1.0,2.6018518518518516,2.675397829845212,3.5045871559633026,0.7629351995365803,5.787234042553192,7.061642160946042,5.458333333333333,1.235203197449541,3.4415584415584415,4.099080469714829,19.525641025641026,1.381087057183741,98.0,96.0,92.33333333333331,CCC2014J
group3,M,South West Region,A Level or Equivalent,60-70%,0-35,60,0.5,1.0,3.797297297297298,4.49346475139701,1.84,0.6215009171707702,7.228571428571429,8.852004473184438,2.9444444444444446,0.8121978584917314,17.23076923076923,21.879038088826203,15.428571428571429,0.7274266422741613,94.66666666666669,78.0,77.66666666666667,CCC2014J
group3,M,North Region,HE Qualification,40-50%,0-35,30,0.5,1.0,1.9361702127659577,2.084681428068796,3.352112676056338,1.0365555585829611,6.3,8.540101482613268,6.7317073170731705,0.8674491160374156,2.190082644628099,2.640435726626627,18.07377049180328,1.851102339568392,99.33333333333331,100.0,92.66666666666669,CCC2014J
group1,M,North Western Region,Lower Than A Level,20-30%,35-55,30,1.0,0.5,3.1,4.449592835810304,2.021978021978022,0.900896161685622,3.0,4.04194871288471,6.047058823529412,0.6904668986605528,15.333333333333334,21.100665753432885,24.1875,1.2299497315881274,71.5,50.0,59.0,CCC2014J
group3,M,East Anglian Region,HE Qualification,60-70%,35-55,60,0.5,1.0,1.7065868263473054,1.1264154535704298,2.125,0.6619125262853484,4.322033898305085,3.743687459168372,5.0,1.7080202965226536,2.424778761061947,1.5913006233363305,11.035087719298245,0.9922521299262184,91.66666666666669,83.5,94.0,CCC2014J
group1,M,North Region,Lower Than A Level,10-20,0-35,60,0.7142857142857143,0.875,2.728155339805826,2.9677818175885906,3.480769230769231,0.9693417006510678,3.507042253521127,3.865130710917142,5.416666666666667,1.0825129650616785,4.339622641509434,5.25848543647611,48.7037037037037,1.3911092110751135,75.0,74.0,74.5,CCC2014J
group3,M,East Midlands Region,Lower Than A Level,30-40%,0-35,60,0.5,1.0,3.158536585365854,2.890894654955866,3.0963855421686746,0.9004566998562159,4.508771929824562,4.140922977763463,5.810344827586207,0.835515784262479,8.290322580645162,8.4150402985254,14.625,1.557597044910423,85.66666666666667,77.5,87.33333333333333,CCC2014J
group3,M,Scotland,Post Graduate Qualification,20-30%,35-55,60,0.5714285714285714,0.875,3.2413793103448274,3.595751748038295,2.8181818181818183,1.1073963802433464,4.9298245614035086,4.828707491668992,3.5,1.287901806284916,5.955555555555556,6.615943399902018,30.847826086956523,1.3967385467117863,94.5,99.5,96.33333333333331,CCC2014J
group1,M,Scotland,HE Qualification,30-40%,0-35,120,0.5,1.0,3.0,3.58156197864794,2.9887640449438204,0.756508309409679,4.69811320754717,5.749865903655016,5.2592592592592595,1.060040459903121,5.534883720930233,6.47467166738538,39.22727272727273,1.4819940977532997,73.33333333333333,56.0,62.0,CCC2014J
group1,F,North Region,A Level or Equivalent,50-60%,35-55,30,0.5,1.0,2.963855421686747,2.9360907439810133,2.4404761904761907,0.6270332779903448,4.098360655737705,4.190087182994275,4.193548387096774,0.8169433577085635,3.918032786885246,4.648638087179272,11.290322580645162,0.9476070829586856,72.0,76.0,71.0,CCC2014J
group1,M,West Midlands Region,A Level or Equivalent,70-80%,0-35,30,0.625,1.0,5.09433962264151,4.907859281661625,2.074074074074074,0.661678832630318,5.837209302325581,6.06681148136215,5.25,1.2874767461519785,10.478260869565217,10.757109975256498,12.791666666666666,0.9418976678337908,52.333333333333336,50.0,69.33333333333333,CCC2014J
group1,M,South East Region,Lower Than A Level,30-40%,0-35,60,0.8571428571428571,0.875,3.188888888888889,3.726294193227622,2.065934065934066,0.6875501545555968,5.673913043478261,6.084787398188981,6.0638297872340425,1.401147135885055,8.32258064516129,9.367984830524986,14.3125,1.0817626040914718,66.0,57.5,65.33333333333333,CCC2014J
group1,M,Scotland,A Level or Equivalent,20-30%,35-55,30,1.0,0.5,1.471794871794872,1.104337446082006,2.933673469387755,0.7107470975480433,2.1707317073170733,1.9278260799776892,6.475806451612903,1.087237291245406,1.4648648648648648,0.989130111956146,17.618279569892472,1.222630529568978,97.5,83.0,69.0,CCC2014J
group1,F,Scotland,A Level or Equivalent,50-60%,35-55,60,1.0,0.5,3.2941176470588234,2.716017433721682,2.4186046511627906,0.7962211974484681,6.390243902439025,6.351685007856135,7.023809523809524,1.6804159482891667,5.162790697674419,5.149804585095759,11.113636363636363,0.9776569775332492,83.0,46.0,69.0,CCC2014J
group3,M,London Region,A Level or Equivalent,30-40%,0-35,90,0.4285714285714285,0.875,2.978723404255319,2.866111686979775,3.336842105263158,0.9591980515974264,4.448275862068965,4.251614404596452,5.576271186440678,1.1946719482444432,5.5,7.6237931649686175,15.23404255319149,1.1886976449336542,90.66666666666669,83.0,85.0,CCC2014J
group1,M,West Midlands Region,Lower Than A Level,60-70%,35-55,60,0.875,1.0,1.79874213836478,1.720243853091531,3.64375,0.6533136731577682,2.2413793103448274,2.169434667514026,6.239316239316239,0.7592057162404353,3.675675675675676,4.061540662224998,17.226666666666667,1.389687723231702,69.66666666666667,47.5,60.333333333333336,CCC2014J
group3,F,South Region,A Level or Equivalent,50-60%,0-35,60,0.5,1.0,3.1818181818181817,3.432587089569864,3.0,0.8538668744019753,5.16,5.835709914319048,4.215686274509804,1.168062468231783,5.283018867924528,7.548248290142368,36.31481481481482,1.8150419490571368,90.0,72.5,80.33333333333333,CCC2014J
group3,M,Wales,A Level or Equivalent,30-40%,0-35,60,0.5,1.0,3.101123595505618,3.828852616587711,3.1777777777777776,0.9042636765422882,5.0576923076923075,6.216402911521344,5.132075471698113,0.9628282705377488,4.283333333333333,5.584760337077936,15.163934426229508,1.4226846298038809,86.66666666666667,81.0,91.66666666666669,CCC2014J
group3,F,London Region,A Level or Equivalent,60-70%,0-35,90,0.5,1.0,3.878787878787879,3.4396562955091063,3.5223880597014925,0.866895718816571,5.688888888888889,5.70813702383083,6.934782608695652,0.8345684841821823,8.0,11.222098015565884,25.818181818181817,1.2466214342496371,84.33333333333333,68.0,79.33333333333333,CCC2014J
group1,M,South Region,A Level or Equivalent,80-90%,0-35,60,0.6666666666666666,0.75,5.117647058823529,8.125631197201926,2.4615384615384617,0.8486547258750168,5.769230769230769,12.885041385186767,8.25,0.9924415913357516,9.409090909090908,19.353009095201735,19.52173913043478,0.930776508622466,71.66666666666667,13.5,45.0,CCC2014J
group1,M,East Midlands Region,A Level or Equivalent,30-40%,0-35,30,1.0,1.0,1.7730496453900708,1.6960828581774667,2.288732394366197,0.6948738764279543,2.1551724137931036,2.2481043155274745,7.017094017094017,0.9823943008047388,3.6666666666666665,5.108500190226911,14.359375,1.4906026788346598,63.0,59.0,59.666666666666664,CCC2014J
group1,M,Scotland,HE Qualification,20-30%,35-55,60,0.625,1.0,4.09375,4.495919666852784,2.6923076923076925,0.7483314773547882,6.2439024390243905,7.572253587291164,15.30952380952381,1.3001787745247282,18.833333333333332,25.72523816775811,32.07692307692308,0.8295559887999754,79.0,68.0,60.333333333333336,CCC2014J
group1,M,London Region,A Level or Equivalent,50-60%,0-35,30,0.5,0.75,4.586206896551724,5.2516813774044,1.6610169491525424,0.5270682273528554,6.439024390243903,8.843214292574293,4.071428571428571,0.7258297099361515,10.391304347826088,15.973669045238116,27.25,1.081181405060397,67.0,17.0,67.0,CCC2014J
group1,M,South Region,Lower Than A Level,60-70%,0-35,90,1.0,0.75,3.010752688172043,3.783530165633545,2.4893617021276597,0.8007320049403832,4.362068965517241,7.904469701271441,7.864406779661017,1.3256710604083806,10.0,18.579069357258405,18.625,1.309011613160952,74.0,44.0,77.0,CCC2014J
group1,M,West Midlands Region,HE Qualification,20-30%,35-55,30,0.5714285714285714,0.875,6.815789473684211,6.587684099311278,2.41025641025641,0.9192129607331044,8.0,10.763449811833183,4.620689655172414,1.138689573676415,10.125,11.954775893619532,22.58823529411765,1.3831533046759894,67.0,55.0,36.666666666666664,CCC2014J
group1,M,West Midlands Region,A Level or Equivalent,80-90%,0-35,30,0.75,1.0,6.743589743589744,8.902152160596804,3.45,0.9976868857678676,8.931034482758621,10.31272111272134,7.6,2.142919798582741,7.8125,10.443202759257703,27.96969696969697,1.0238657008797234,79.66666666666667,49.0,59.0,CCC2014J
group1,M,London Region,Lower Than A Level,70-80%,35-55,60,0.8,0.625,2.1538461538461537,2.2974928649551836,3.954198473282443,1.0484882824706518,2.641509433962264,3.147754087464306,15.149532710280374,1.76534377987442,3.72972972972973,4.278961906169124,26.14666666666667,0.8732711598457911,70.0,69.5,79.0,CCC2014J
group1,F,South East Region,A Level or Equivalent,50-60%,0-35,90,0.5,1.0,7.305555555555555,8.017193824861465,3.027027027027027,0.7699307549039321,11.61904761904762,11.525954149120109,5.318181818181818,0.7268978273852347,12.523809523809524,14.055671622583702,24.227272727272727,1.114997558040109,91.66666666666669,67.0,65.33333333333333,CCC2014J
group3,M,East Midlands Region,A Level or Equivalent,90-100%,0-35,60,0.7142857142857143,0.875,2.730769230769231,2.5891137638487147,2.3904761904761904,0.8803248410922153,6.45,11.263624228871928,4.804878048780488,1.0433664102071811,4.171875,7.509897569736656,37.07692307692308,1.3570545604138704,96.66666666666669,94.0,87.0,CCC2014J
group3,M,East Anglian Region,A Level or Equivalent,60-70%,35-55,90,0.5,1.0,1.43,1.2661420054201846,4.412935323383085,0.902291353924518,3.0,3.4226138716316963,3.802325581395349,0.9879758540527342,1.729032258064516,1.6487290556524623,16.724358974358974,1.453433414920615,86.0,90.0,94.66666666666669,CCC2014J
group1,M,South Region,A Level or Equivalent,70-80%,0-35,30,0.625,1.0,3.25,4.458307529107474,3.3529411764705883,0.6719092113552944,4.161290322580645,6.044082727154858,5.746031746031746,0.8615419374212692,4.372881355932203,7.174904312914144,18.966666666666665,1.0938167234968943,73.33333333333333,58.5,57.0,CCC2014J
group1,M,Yorkshire Region,Lower Than A Level,0-10%,0-35,60,0.625,1.0,1.7709923664122138,1.496482467944198,6.318181818181818,0.800977182124871,2.864197530864198,3.040366287224917,10.365853658536585,0.96887477988662,2.36734693877551,2.2766757965323707,25.595959595959595,1.1416323884750548,70.0,27.0,52.0,CCC2014J
group3,M,South Region,HE Qualification,50-60%,35-55,60,1.0,0.5,3.41025641025641,3.687239834312056,2.4177215189873418,0.9014058748372072,5.04,5.663920903402517,3.843137254901961,1.130536724804099,8.692307692307692,9.99907688046944,14.333333333333334,1.214953996804035,100.0,96.0,96.0,CCC2014J
group1,M,West Midlands Region,Lower Than A Level,0-10%,0-35,60,0.625,1.0,1.937062937062937,2.2680163921731173,4.75,1.0225226049752845,2.4732142857142856,4.278502351066592,6.238938053097345,0.8248419041200651,4.293103448275862,5.29153120375745,24.16949152542373,1.969266328047793,89.33333333333333,87.0,90.0,CCC2014J
group3,M,South Region,A Level or Equivalent,70-80%,0-35,60,0.8,0.625,3.6538461538461537,4.430786401065632,2.6835443037974684,1.051558879424111,5.549019607843137,8.614670569418651,8.134615384615385,1.2090598166913775,14.5625,21.238232035647417,35.1764705882353,1.3794557542279964,82.33333333333333,81.0,90.0,CCC2014J
group1,F,South West Region,Lower Than A Level,30-40%,35-55,180,0.625,1.0,3.0,2.907670107585359,2.922222222222222,0.8463044722015526,6.538461538461538,9.491952696463612,8.7,1.5221099179077564,5.680851063829787,7.351741535702312,20.729166666666668,1.3249048434208766,75.33333333333333,50.0,50.333333333333336,CCC2014J
group1,M,East Midlands Region,A Level or Equivalent,80-90%,0-35,30,1.0,0.375,22.666666666666668,54.141789158960506,2.0,0.8548504142651103,10.590909090909092,13.549412536585493,6.739130434782608,1.1775563331722034,39.2,52.64218840435872,21.0,0.5373432025336748,56.0,71.0,70.0,CCC2014J
group3,M,South West Region,A Level or Equivalent,70-80%,35-55,60,0.5,1.0,1.7030303030303031,1.1905329941046308,2.2771084337349397,0.9755988227259064,4.230769230769231,4.110844008417062,3.742424242424242,1.0278697639781846,5.261904761904762,5.012469932077076,19.953488372093023,1.060985100946589,100.0,99.5,97.0,CCC2014J
group1,M,South West Region,A Level or Equivalent,60-70%,0-35,30,0.5,1.0,3.101123595505618,2.868500336017477,2.988888888888889,0.6991318870197697,2.905263157894737,3.8814169495680537,30.645833333333332,2.8718519176776196,4.927272727272728,5.083941841373153,10.25,1.195193057686999,77.66666666666667,69.5,66.66666666666667,CCC2014J
group3,M,London Region,A Level or Equivalent,30-40%,0-35,120,0.8,0.625,2.776595744680851,2.896621151080155,3.9473684210526314,0.8197560612767678,3.25,3.499496945739407,4.972602739726027,0.9710186960178988,5.976190476190476,6.546226227109208,28.627906976744185,1.460839671522855,97.0,53.5,79.0,CCC2014J
group3,F,South West Region,HE Qualification,30-40%,0-35,60,1.0,0.5,5.333333333333333,6.380177635980574,2.5961538461538463,0.6509674134610756,5.825,5.960930490090646,2.707317073170732,0.6885853799647338,9.541666666666666,7.070939711650574,22.36,0.7825203065430527,100.0,100.0,100.0,CCC2014J
group3,F,South East Region,HE Qualification,80-90%,35-55,120,0.8,0.625,2.44,3.036212419872144,4.217821782178218,1.030807812763164,2.198019801980198,3.187537613833593,48.19607843137255,1.7127466856629687,5.170212765957447,6.738336618819895,17.770833333333332,1.537996718948718,86.0,100.0,46.333333333333336,CCC2014J
group1,M,East Anglian Region,Lower Than A Level,80-90%,0-35,60,1.0,0.75,3.25,6.449182430586727,5.033707865168539,1.234167106621436,4.6909090909090905,8.225688595002419,12.446428571428571,1.0124114253659484,8.88888888888889,13.731864497004862,43.82142857142857,1.5954354482926187,38.0,71.5,35.5,CCC2014J
group3,F,South Region,Lower Than A Level,80-90%,35-55,60,0.5,1.0,1.9583333333333333,1.6209942558881505,6.303448275862069,0.7175808417252579,2.852272727272727,2.8508509426447897,4.46067415730337,0.8044852660829819,2.3529411764705883,2.0854143810231736,25.691666666666663,0.9725304437500526,99.33333333333331,98.0,98.66666666666669,CCC2014J
group3,M,South West Region,A Level or Equivalent,60-70%,0-35,90,1.0,0.5,2.711340206185567,2.0153513077056293,2.836734693877551,0.973511824796697,3.8676470588235294,4.106436199630163,4.869565217391305,1.141461201035492,4.754716981132075,4.673598763172676,11.074074074074074,1.289504774518497,87.0,83.0,73.0,CCC2014J
group3,M,North Western Region,HE Qualification,30-40%,0-35,60,0.5,1.0,4.612903225806452,6.549570975086409,3.2222222222222223,0.7887005652467354,4.925925925925926,8.037299489800608,7.727272727272728,0.9215302453417276,13.095238095238097,18.17664645061008,16.681818181818183,1.5503225195481485,93.33333333333331,89.5,92.33333333333331,CCC2014J
group1,F,North Region,Lower Than A Level,20-30%,35-55,30,0.625,1.0,3.8133333333333335,4.118820788124276,3.5,0.898142252601238,4.688524590163935,4.849539440697977,7.838709677419355,1.3956382265381015,4.3584905660377355,4.561942651405975,60.129629629629626,1.2984762528122735,68.0,37.0,43.0,CCC2014J
group1,M,South East Region,A Level or Equivalent,50-60%,35-55,60,0.625,1.0,4.333333333333333,4.550788659051839,2.671875,0.709677494571602,6.142857142857143,7.829186882900851,2.86046511627907,0.7598908257266941,8.030303030303031,11.1677125245192,18.029411764705884,0.9806738315057156,84.33333333333333,70.5,72.66666666666667,CCC2014J
group1,M,Scotland,HE Qualification,50-60%,35-55,90,0.25,1.0,4.543859649122807,8.022446579616908,3.6379310344827585,0.8146283910819115,4.535714285714286,6.969972702996725,9.052631578947368,1.0196819194601747,9.375,23.795893873048588,23.0,0.9095169993038528,37.666666666666664,50.5,42.333333333333336,CCC2014J
group1,M,West Midlands Region,Lower Than A Level,20-30%,0-35,60,0.8333333333333334,0.75,6.093023255813954,6.81669502900738,2.772727272727273,0.674127383441052,11.227272727272728,11.96794058021687,12.826086956521738,1.9418374154697804,22.0,18.45535152740256,18.5,1.0970665003807238,64.33333333333333,49.0,66.0,CCC2014J
group3,F,North Western Region,HE Qualification,50-60%,35-55,30,0.5,1.0,2.5871559633027523,2.845434970245264,3.6545454545454543,0.8104109584868674,3.357142857142857,3.655801980950865,6.105882352941176,1.515477645917569,3.784615384615385,4.102180470845306,18.25757575757576,1.0274465557003485,91.33333333333331,99.5,87.66666666666667,CCC2014J
group1,M,London Region,HE Qualification,40-50%,35-55,30,0.625,1.0,2.04,2.117364475765173,3.0396039603960396,0.8684799016675172,2.1473684210526316,2.475275273978813,8.541666666666666,1.39477225704358,4.644444444444445,7.283716445093485,21.304347826086957,1.0285572561381884,58.0,64.0,64.0,CCC2014J
group3,M,East Anglian Region,Lower Than A Level,20-30%,0-35,30,0.5,1.0,1.9779411764705883,1.744693167398214,2.7664233576642334,0.8985476408053353,2.606060606060606,2.8636290013746395,4.62,1.0109777683263237,4.755102040816326,6.520897855628274,31.58,1.542009143614002,95.66666666666669,92.5,98.33333333333331,CCC2014J
group1,M,West Midlands Region,A Level or Equivalent,60-70%,0-35,60,0.5,1.0,2.85,2.833333333333333,3.3168316831683167,0.8918831526779399,3.5,5.1531344364908565,6.76,1.5555941802853384,6.275,9.334214701974885,11.0,0.7840889006690431,74.0,43.5,43.333333333333336,CCC2014J
group3,M,North Western Region,A Level or Equivalent,40-50%,0-35,30,1.0,0.75,5.294117647058823,4.956991497459154,2.730769230769231,0.7870958877548095,6.095238095238095,9.08176818447609,15.930232558139537,1.6356724519205434,19.727272727272727,21.147533705332684,13.25,1.6425934395178772,64.0,56.0,64.0,CCC2014J
group3,M,South West Region,A Level or Equivalent,50-60%,0-35,60,0.5,1.0,4.045454545454546,3.5881506622249257,2.970149253731343,0.6397914485588638,7.166666666666667,8.600664426160842,4.216216216216216,0.870379696025317,6.641025641025641,6.607361044547925,15.425,1.1761644432026033,97.66666666666669,87.0,94.66666666666669,CCC2014J
group1,M,East Midlands Region,A Level or Equivalent,80-90%,35-55,30,1.0,0.5,2.4594594594594597,2.1816748519669837,3.357142857142857,0.7989354619369611,2.78021978021978,3.268714316744932,5.804347826086956,1.102352240721616,2.55,2.520121048880411,24.584158415841586,1.1510243060759846,80.5,42.0,75.0,CCC2014J
group3,M,East Midlands Region,A Level or Equivalent,70-80%,0-35,60,0.5,1.0,2.5089285714285716,2.277961534268907,2.088495575221239,0.7389179336883278,3.1486486486486487,3.0190374608357637,12.653333333333334,1.8802184659976184,4.303571428571429,5.569134559360164,31.035087719298247,1.5317610071062455,88.33333333333333,83.5,83.66666666666667,CCC2014J
group3,M,North Western Region,A Level or Equivalent,0-10%,35-55,60,0.5,1.0,1.0714285714285714,0.3964124835860459,10.801498127340825,0.8813621844455485,2.375,2.557888346428122,11.548672566371682,1.308038570032022,1.3027522935779816,1.1719029163165406,24.228310502283104,1.243563622554458,96.66666666666669,93.5,82.0,CCC2014J
group3,F,North Western Region,A Level or Equivalent,60-70%,35-55,60,1.0,0.5,2.9183673469387754,3.522163900796984,3.6262626262626263,0.7180256723999725,3.625,3.256358892910397,7.041095890410959,0.909981890553942,3.786666666666666,4.07130144984322,24.56578947368421,1.364257896397306,93.5,100.0,94.0,CCC2014J
group3,M,Wales,A Level or Equivalent,70-80%,0-35,60,0.5,1.0,8.758620689655173,10.045095364738929,1.8666666666666667,0.7414478390009533,9.071428571428571,11.115316664416923,4.758620689655173,1.1169767459708808,19.6,23.003381393950665,28.545454545454547,1.2229133491444104,90.66666666666669,84.0,86.33333333333333,CCC2014J
group3,M,South Region,Lower Than A Level,90-100%,35-55,30,0.5,0.75,5.529411764705882,5.682791360507513,2.8076923076923075,0.7872840024932063,13.1,12.14344094129571,5.285714285714286,1.2428514854760746,7.75,7.716760142493364,35.72727272727273,0.967960692887642,94.0,96.5,95.0,CCC2014J
group1,M,North Western Region,HE Qualification,80-90%,35-55,30,0.625,1.0,2.595959595959596,3.026816175722629,2.4,0.6291528696058958,2.909090909090909,3.7954490705070674,15.92134831460674,2.2283007603068117,6.8,8.703616557297925,11.25,0.7641845667940438,84.33333333333333,70.5,76.66666666666667,CCC2014J
group1,M,Scotland,A Level or Equivalent,30-40%,35-55,60,0.5,1.0,3.3780487804878048,3.335703764204693,2.156626506024097,0.8094970139298303,6.578947368421052,7.190953697405937,4.205128205128205,0.8258538026018055,9.73913043478261,9.463890182758057,13.625,1.287861226503581,46.666666666666664,48.5,51.0,CCC2014J
group3,M,Scotland,A Level or Equivalent,60-70%,0-35,120,0.7142857142857143,0.875,2.5405405405405403,3.0771408919313505,2.3392857142857144,0.7124636495674809,5.7555555555555555,7.249312053741739,3.760869565217391,0.8994524267840479,6.512195121951219,10.68906439128213,12.333333333333334,1.1437437862958597,87.0,83.0,77.66666666666667,CCC2014J
group3,M,Wales,HE Qualification,90-100%,0-35,60,0.5,1.0,2.941860465116279,2.6628363964800017,2.574712643678161,0.880630571852711,4.064516129032258,4.935222910048414,4.031746031746032,1.0231070782162477,5.23404255319149,4.769526300229892,27.833333333333332,1.6770102257760329,97.66666666666669,96.0,95.66666666666669,CCC2014J
group1,M,South Region,Lower Than A Level,90-100%,0-35,60,0.5,1.0,4.338983050847458,6.312576853725469,3.966666666666667,1.0260707229286783,5.7,8.416101783531925,5.536585365853658,0.980470677937872,9.5,15.114641277661237,43.34782608695652,1.093921944811902,72.33333333333333,66.0,78.33333333333333,CCC2014J
group1,M,South Region,HE Qualification,80-90%,35-55,30,0.625,1.0,1.8050314465408803,2.0972495171008005,4.03125,0.9807166665134048,2.2248062015503876,2.840115287265861,8.376923076923077,0.887324644936574,4.028169014084507,5.966506110868083,17.52777777777778,1.1719650917392266,82.0,62.0,83.66666666666667,CCC2014J
group1,M,London Region,A Level or Equivalent,70-80%,35-55,60,0.3333333333333333,0.75,3.8732394366197185,3.978260845663192,2.736111111111111,1.12318176279808,9.275862068965518,10.281385925629095,4.9,0.9692624337181274,13.294117647058824,22.77543826659092,28.27777777777778,1.11871345525456,69.0,77.0,52.0,CCC2014J
group3,M,East Anglian Region,A Level or Equivalent,80-90%,0-35,60,0.5,1.0,3.861111111111111,3.9657177229226703,1.8493150684931507,0.6797078368565608,3.1973684210526314,3.294519638600263,5.285714285714286,1.3432682085291665,3.6,3.402471395060199,16.422535211267604,1.5063716402067748,86.33333333333333,88.0,96.33333333333331,CCC2014J
group1,M,Scotland,Lower Than A Level,30-40%,0-35,30,1.0,0.5,1.9496402877697845,1.647676189726374,3.7714285714285714,0.8470293251629192,2.385321100917431,2.284846444636739,9.654545454545454,1.5887709281583295,2.6630434782608696,3.2387664654724775,10.666666666666666,1.1415394864802306,56.0,75.0,70.0,CCC2014J
group1,M,South West Region,Lower Than A Level,30-40%,35-55,90,0.4285714285714285,0.875,4.131147540983607,4.9915776057811145,3.5483870967741935,1.2681085022795642,5.122448979591836,6.765822976121802,10.2,1.732383734204834,9.130434782608695,9.771500060826648,19.166666666666668,1.1813932372823237,67.66666666666667,73.0,61.666666666666664,CCC2014J
group1,M,Wales,Lower Than A Level,70-80%,35-55,60,0.7142857142857143,0.875,4.317460317460317,4.457054563438103,2.625,0.9839989676081822,5.111111111111111,6.371892191571519,6.260869565217392,1.626957510428819,7.931034482758621,13.598663365206049,20.6,1.3646792947073074,79.0,29.0,72.33333333333333,CCC2014J
group1,M,North Western Region,A Level or Equivalent,40-50%,35-55,60,0.625,1.0,2.481818181818182,2.3175905638582357,2.720720720720721,0.8243370666731239,3.588235294117647,3.967161074192284,10.695652173913045,1.2071642252666417,7.176470588235294,11.024684667339027,18.485714285714284,0.9099289706550722,86.33333333333333,76.0,65.33333333333333,CCC2014J
group1,F,South East Region,A Level or Equivalent,40-50%,0-35,60,0.5,1.0,5.761904761904762,9.3020048293025,2.441860465116279,0.8889342392059454,7.375,12.476429389956914,3.787878787878788,0.7317267249458639,15.333333333333334,24.639302711222125,21.5625,0.6968046009921814,80.33333333333333,62.0,66.66666666666667,CCC2014J
group1,M,West Midlands Region,A Level or Equivalent,80-90%,0-35,30,0.5,1.0,5.169811320754717,6.550795163291845,3.037037037037037,0.9203884031274736,9.192307692307692,16.70932489544501,4.666666666666667,0.7071067811865475,11.8,19.967341757031782,28.095238095238095,1.265480981419698,66.0,37.0,53.333333333333336,CCC2014J
group1,M,South Region,Lower Than A Level,70-80%,0-35,90,0.7142857142857143,0.875,4.209677419354839,4.29310196529267,2.8412698412698414,1.1918179701480125,6.2105263157894735,6.646103897231992,18.153846153846153,1.2644312034720209,17.0,19.34377983181721,38.84615384615385,1.1435502120766,62.0,65.0,52.333333333333336,CCC2014J
group3,M,East Anglian Region,A Level or Equivalent,10-20,0-35,60,0.5,1.0,3.4285714285714284,4.547881904102678,2.6619718309859155,0.9091911756194958,4.78,6.273657267511837,3.9607843137254903,1.0233764138301624,5.829268292682927,9.861294131665456,19.833333333333332,1.0394917708314957,94.0,93.0,92.0,CCC2014J
group3,M,West Midlands Region,A Level or Equivalent,20-30%,0-35,60,0.5,1.0,5.470588235294118,7.529549631090748,1.5961538461538465,0.6978597810879316,7.363636363636363,9.505978979759863,4.588235294117647,1.0386989282322614,8.1,11.841918530489838,14.903225806451612,0.9057607527276516,95.33333333333331,92.5,94.66666666666669,CCC2014J
group3,F,Scotland,HE Qualification,50-60%,35-55,60,0.5,1.0,2.482456140350877,2.71094946676135,6.026086956521739,0.8527711232742641,4.372881355932203,3.903571773277541,7.383333333333334,1.161181801558637,3.044943820224719,3.0633838700764113,31.677777777777777,0.9960743304241996,100.0,92.0,97.33333333333331,CCC2014J
group1,M,South East Region,Lower Than A Level,40-50%,35-55,60,0.75,0.5,7.9655172413793105,9.073047836550568,3.6,1.003081671403766,8.481481481481481,10.47844076176035,7.214285714285714,1.1862609236266846,22.6,28.5820456464077,38.27272727272727,1.4446609714637322,62.5,56.0,81.0,CCC2014J
group3,F,South East Region,A Level or Equivalent,30-40%,0-35,60,0.6666666666666666,0.75,4.661016949152542,6.794039399486637,2.466666666666667,0.7849478773760867,5.288461538461538,7.442160076640037,5.886792452830188,1.1410436472217969,9.357142857142858,15.17603931571638,40.689655172413794,1.1448082977052032,100.0,83.5,92.0,CCC2014J
group3,M,Yorkshire Region,A Level or Equivalent,40-50%,0-35,30,0.5,1.0,3.4133333333333336,3.1626764808501235,2.0921052631578947,0.8778711786234152,5.019607843137255,5.001960399996911,3.5961538461538463,0.7115917217484493,12.5,11.617684288845782,20.05263157894737,1.117265832740949,82.0,72.5,88.0,CCC2014J
group3,F,Scotland,A Level or Equivalent,90-100%,0-35,120,0.5714285714285714,0.875,2.6702127659574466,2.8299029120940338,1.5473684210526315,0.5913282669959385,4.120689655172414,5.7737384471746145,6.813559322033898,0.9714623082554368,5.191489361702128,9.848059393633678,29.604166666666668,2.0805516785197855,99.0,98.0,99.66666666666669,CCC2014J
group1,M,South Region,Lower Than A Level,70-80%,35-55,30,0.5,1.0,5.729166666666667,8.304675902404117,2.5714285714285716,0.8240220541217403,5.975,8.870832354783099,5.024390243902439,1.1037686408642788,7.0344827586206895,11.001567286465171,34.13333333333333,0.6368385623469951,65.33333333333333,58.5,60.333333333333336,CCC2014J
group1,M,London Region,A Level or Equivalent,50-60%,35-55,90,0.5,1.0,2.6857142857142855,3.1326883444952296,2.8679245283018866,0.94352289694724,4.396551724137931,5.0155535461672285,6.88135593220339,1.121211917500331,5.622222222222222,7.398675830201241,18.934782608695652,1.4091540888342142,82.66666666666667,58.0,61.666666666666664,CCC2014J
group3,M,London Region,A Level or Equivalent,20-30%,0-35,90,0.5,1.0,4.87719298245614,5.23405802494788,3.3448275862068964,0.7663615480431258,9.0,7.540367554512371,6.8,1.3496336381863436,1.7160493827160497,1.7744534135335477,8.889570552147239,2.021045670605697,91.66666666666669,86.0,83.66666666666667,CCC2014J
group3,M,East Midlands Region,HE Qualification,60-70%,0-35,60,1.0,0.375,11.0,9.393614852653904,2.074074074074074,0.585757838102026,14.38888888888889,14.49194051427486,3.0526315789473686,0.5867137767990881,41.6,62.79570048976284,19.333333333333332,0.7916027781551032,96.0,67.0,96.0,CCC2014J
group3,M,Yorkshire Region,A Level or Equivalent,70-80%,35-55,30,1.0,0.5,1.888157894736842,1.2209503523827732,3.973856209150327,0.6988176971304567,3.25,3.9486648405490823,27.528089887640448,7.6396791627193235,2.0357142857142856,1.4759984514122733,21.865248226950353,0.9129600808429952,100.0,96.0,96.0,CCC2014J
group1,F,Scotland,HE Qualification,80-90%,0-35,90,0.5,1.0,3.358974358974359,4.312393372216477,3.189873417721519,0.7598765994949873,4.09375,5.000694396225833,5.323076923076923,0.975937570476791,5.7272727272727275,7.3115507099626385,22.622222222222224,0.931875802052183,98.66666666666669,85.5,90.0,CCC2014J
group1,M,South East Region,Lower Than A Level,40-50%,0-35,30,1.0,0.5,6.378378378378378,6.571619753621339,2.0,0.8271701918685112,6.0285714285714285,5.633334162067133,8.083333333333334,0.9296088428481388,12.3125,16.672207412337457,25.58823529411765,0.894799348434928,90.5,54.0,48.0,CCC2014J
group1,F,South East Region,A Level or Equivalent,60-70%,35-55,30,0.75,0.5,6.625,7.516434984205935,3.2439024390243905,0.9575181327875696,11.636363636363637,11.366389276934218,5.304347826086956,0.952302405227677,10.666666666666666,16.478356467926588,38.36,1.2033946381016916,100.0,65.0,29.0,CCC2014J
group3,M,North Western Region,A Level or Equivalent,70-80%,0-35,30,0.5,1.0,7.029411764705882,6.478333559187872,2.657142857142857,0.8765914289113471,8.241379310344827,8.769489203294539,4.766666666666667,1.2814768791645603,15.4,18.32172792849283,20.6875,0.784795176654525,99.0,89.0,82.0,CCC2014J
group1,M,North Western Region,Lower Than A Level,10-20,0-35,60,0.625,1.0,4.8545454545454545,6.062691560373903,2.3214285714285716,0.7939117444578871,5.486486486486487,7.794662068156435,3.5526315789473686,0.5978011836254867,12.625,14.113232561441526,11.117647058823527,1.0222463217552018,63.0,27.5,35.0,CCC2014J
group3,F,South West Region,HE Qualification,40-50%,35-55,60,0.5,1.0,1.1254901960784314,0.601783156480131,5.99609375,0.690548521890387,4.0476190476190474,3.8996632254451664,5.96875,0.9518866007330578,1.1958333333333333,1.0973452814254347,23.012448132780083,1.3646012181448168,99.33333333333331,98.5,93.0,CCC2014J
group3,M,Scotland,HE Qualification,30-40%,0-35,90,0.5,1.0,3.5316455696202533,3.747941120401887,2.7375,0.7208106424845346,6.5588235294117645,11.00465790216452,4.742857142857143,0.839362233609742,13.9375,23.75280685168246,32.0,0.8694017339527222,98.66666666666669,94.0,93.0,CCC2014J
group3,M,North Region,A Level or Equivalent,90-100%,0-35,60,0.5,1.0,3.102272727272727,3.3460897499051128,3.3258426966292136,0.7278661138012682,4.867924528301887,5.612615377772636,6.111111111111111,1.6627170833228224,4.19672131147541,4.805620570856407,69.83870967741936,1.0635752613788465,96.33333333333331,97.5,99.0,CCC2014J
group1,M,West Midlands Region,A Level or Equivalent,50-60%,0-35,60,0.7142857142857143,0.875,3.2048192771084336,3.043421678920196,4.214285714285714,0.936405526348966,4.03125,4.846758858100063,15.184615384615384,2.3757376768818945,4.490909090909091,7.135910041558268,33.714285714285715,1.3056469595763045,45.666666666666664,50.0,38.0,CCC2014J
group1,M,Yorkshire Region,A Level or Equivalent,40-50%,55<=,90,1.0,0.5,2.7096774193548385,2.732973556408487,2.9680851063829787,0.7411732271191702,3.272727272727273,4.067316338933687,9.628205128205128,1.2246344803281068,4.74,5.47651758857389,19.41176470588235,0.9118913096617766,76.0,38.0,69.0,CCC2014J
group3,M,South Region,A Level or Equivalent,50-60%,0-35,60,0.5,1.0,3.1494252873563218,3.0097853420800016,2.715909090909091,0.8213528732265152,4.45,4.86225517879603,5.262295081967213,0.8054269975381213,9.454545454545457,11.766487005483686,25.47826086956522,0.9032769947092564,84.66666666666667,94.0,87.0,CCC2014J
group3,M,Scotland,HE Qualification,50-60%,0-35,60,0.5,1.0,1.767741935483871,1.4133838682199118,3.608974358974359,0.8555214791851429,2.782608695652174,2.8740066108212825,6.333333333333333,1.7189748260766344,2.712871287128713,2.550829800921129,21.019607843137255,1.1438294225711312,95.33333333333331,88.0,89.33333333333333,CCC2014J
group1,M,East Anglian Region,HE Qualification,80-90%,0-35,60,0.25,1.0,9.23076923076923,7.907315664980185,1.4285714285714286,0.4358898943540674,6.4,6.54217089351845,2.5,0.7571877794400365,1.0,0.0,22.333333333333332,0.3734327165133375,80.0,89.0,73.33333333333333,CCC2014J
group3,M,Yorkshire Region,A Level or Equivalent,60-70%,0-35,90,0.5,1.0,3.9130434782608696,4.241736362119751,1.6,0.6460733041116264,7.147058823529412,8.693893199604647,2.4285714285714284,0.704901279009188,15.882352941176473,17.51029109174508,10.88888888888889,1.1238859077004644,94.66666666666669,83.5,74.0,CCC2014J
group3,M,South West Region,A Level or Equivalent,50-60%,35-55,60,0.625,1.0,1.7894736842105263,1.5680230897212324,3.4313725490196076,0.941106600047551,2.536082474226804,3.165773522083845,8.275510204081632,1.565368293978999,8.586206896551724,12.574115252543075,26.133333333333333,1.0541488016214866,92.0,91.5,91.33333333333331,CCC2014J
group1,M,South West Region,A Level or Equivalent,10-20,0-35,60,0.5,1.0,1.9246575342465753,1.894040076910424,3.0340136054421767,0.8022144540734467,2.704081632653061,3.76146819238706,13.88888888888889,0.9275923869694254,4.032258064516129,6.386378285416712,48.285714285714285,1.60568078058902,78.0,83.5,80.33333333333333,CCC2014J
group1,F,South East Region,A Level or Equivalent,90-100%,0-35,60,1.0,0.625,9.655172413793103,9.036734010490443,1.7,0.8744746321952063,15.2,13.686280930708888,2.8125,0.5925462944877059,19.23076923076923,21.06796084956905,15.428571428571429,1.1163840929862363,57.666666666666664,42.0,48.0,CCC2014J
group3,M,South Region,A Level or Equivalent,90-100%,0-35,30,0.625,1.0,9.884615384615383,9.526077568766372,2.037037037037037,0.6875516509523285,11.681818181818182,12.084568529194431,3.391304347826087,0.7617154244878435,13.0625,15.390337878032438,24.823529411764707,0.7319628657251752,82.33333333333333,86.5,75.33333333333333,CCC2014J
group3,M,South Region,Post Graduate Qualification,90-100%,35-55,60,0.5,1.0,5.553191489361702,6.124819467218032,1.9375,0.7253881709902336,8.09375,8.920289938149162,4.606060606060606,1.3189107715341086,15.0,13.569573808094836,19.823529411764707,1.2641785403050914,98.33333333333331,94.0,97.0,CCC2014J
group3,M,South Region,Lower Than A Level,10-20,35-55,60,0.625,1.0,5.4423076923076925,7.038865387453065,2.60377358490566,0.5890551139971472,6.615384615384615,9.41335944455478,5.15,0.9518029881590262,6.837837837837838,10.758752285964704,15.289473684210526,0.8723345959715958,99.33333333333331,97.5,93.0,CCC2014J
group1,M,Scotland,HE Qualification,70-80%,0-35,60,1.0,0.625,4.804347826086956,6.839816648671192,2.382978723404255,0.7219455361333409,6.138888888888889,9.795488109409726,3.216216216216216,1.8218053267797307,6.90625,10.693257975426958,18.87878787878788,0.946178575927596,69.0,63.0,58.0,CCC2014J
group1,F,Scotland,HE Qualification,30-40%,0-35,60,0.625,1.0,4.535714285714286,4.129557694626237,2.1052631578947367,0.687386354243376,8.6,10.5,3.5,1.036992390623172,13.1875,18.454335533960577,14.176470588235292,0.8416999919191852,69.66666666666667,29.5,54.0,CCC2014J
group3,M,South Region,A Level or Equivalent,50-60%,0-35,120,0.5,1.0,6.121951219512195,6.975654528254748,2.452380952380953,1.230407773731832,8.266666666666667,9.71288988329722,4.612903225806452,1.1453597645153546,11.409090909090908,18.136149354808296,21.695652173913043,0.8444938286495658,82.66666666666667,66.0,76.0,CCC2014J
group1,M,North Western Region,HE Qualification,30-40%,35-55,60,0.7142857142857143,0.875,5.244897959183674,6.9926467695385135,3.22,1.1046300528778497,6.405405405405405,8.93326946326502,30.0,1.372622878743999,10.923076923076923,21.53857600702183,22.142857142857142,1.0882782896833172,53.666666666666664,26.0,18.666666666666668,CCC2014J
group3,M,South East Region,A Level or Equivalent,80-90%,35-55,60,0.5,1.0,4.354838709677419,4.457804996115805,3.0952380952380953,1.0499929557385572,5.18,5.857804840639572,7.862745098039215,1.3872824903405752,6.552631578947368,6.2674507444072045,21.025641025641026,0.989620433308956,98.0,97.5,92.66666666666669,CCC2014J
group3,M,East Anglian Region,HE Qualification,90-100%,0-35,30,1.0,0.5,1.4715909090909092,0.9557583512447207,3.3446327683615817,0.8146271391389853,1.8695652173913044,1.5745516657989949,7.863309352517986,1.0015001525523324,5.181818181818182,6.296077506366433,54.75555555555555,0.8350280737557245,100.0,96.0,100.0,CCC2014J
group3,M,Scotland,Lower Than A Level,70-80%,0-35,60,1.0,0.5,1.7466666666666666,1.5114181378665652,3.7880794701986753,0.6442064545515453,3.0843373493975905,3.0331695540052004,3.1785714285714284,1.3766223170912375,2.094017094017094,2.4175468685786097,16.06779661016949,0.9114015617214656,91.5,88.0,83.0,CCC2014J
group1,M,South Region,Lower Than A Level,50-60%,35-55,60,0.5,1.0,4.34375,4.490620736955482,1.907692307692308,0.7732689371205238,7.787878787878788,8.301948475198367,9.058823529411764,1.7779524344500353,11.4,15.561085065671117,15.428571428571429,1.2607108554291104,80.33333333333333,73.5,68.66666666666667,CCC2014J
group3,F,Scotland,A Level or Equivalent,30-40%,35-55,60,0.5,1.0,1.3476190476190475,0.8684358967779293,6.322274881516588,0.9042462382146578,2.9655172413793105,2.686955032305064,4.954545454545454,0.9655282287649812,1.5170454545454546,1.2871871073587742,24.401129943502823,1.4037061889287008,91.33333333333331,94.5,96.66666666666669,CCC2014J
group3,M,Scotland,A Level or Equivalent,0-10%,0-35,60,0.875,1.0,5.208333333333333,4.819986463004445,1.653061224489796,0.5263952001315517,5.545454545454546,6.267132965123446,3.2,0.8400768814023314,9.5,15.73420533078504,38.2,1.1143841002629118,72.0,61.0,59.0,CCC2014J
group3,M,East Anglian Region,A Level or Equivalent,30-40%,0-35,60,0.5,1.0,2.74,2.5489946522842564,3.3267326732673266,0.7472905518834294,6.918918918918919,7.551226458067656,3.5789473684210527,1.193443739133734,3.907692307692307,4.292883198253379,10.015151515151516,1.1127499269617185,96.66666666666669,93.5,92.33333333333331,CCC2014J
group3,M,Yorkshire Region,A Level or Equivalent,90-100%,0-35,60,0.5714285714285714,0.875,7.166666666666667,8.426149773176357,2.0,0.6677918432759912,8.6,8.632736410376173,4.483870967741935,0.8456833767354437,16.642857142857142,23.223354103664175,16.4,0.7715442870971251,95.0,74.0,88.5,CCC2014J
group1,M,East Midlands Region,Lower Than A Level,10-20,35-55,60,0.5,1.0,1.4973821989528795,1.36449082676031,3.7708333333333335,0.7745651434462814,2.180327868852459,2.1126005025439953,6.9105691056910565,1.075941367821509,1.8108108108108107,1.781810404533957,42.73154362416108,1.0054497447165822,77.66666666666667,51.5,50.333333333333336,CCC2014J
group1,M,London Region,A Level or Equivalent,80-90%,0-35,30,0.75,0.5,4.253968253968254,3.86033699836056,2.0625,0.657652558006385,3.797297297297298,3.937803190256984,3.7466666666666666,1.1358056981317326,8.10344827586207,10.279469231664107,9.9,1.20433808716988,47.0,73.0,90.0,CCC2014J
group1,M,Wales,A Level or Equivalent,0-10%,0-35,60,0.5,1.0,2.9885057471264367,3.0897213424197005,2.7954545454545454,0.8681693527101311,5.586956521739131,6.17729206028561,3.106382978723404,0.674718375672589,5.568181818181818,7.34972781420629,16.933333333333334,1.435383614457209,88.0,95.5,95.0,CCC2014J
group1,M,Yorkshire Region,A Level or Equivalent,90-100%,0-35,60,0.875,1.0,6.113636363636363,7.1013130429844376,1.8666666666666667,0.6643241156335098,8.133333333333333,10.22752652651533,4.0,0.8156730844187279,20.333333333333332,29.373251076240756,34.38461538461539,0.9694470255234204,68.66666666666667,72.0,54.333333333333336,CCC2014J
group3,M,Wales,HE Qualification,90-100%,35-55,60,1.0,0.5,1.7289156626506024,1.4990930688945698,4.281437125748503,0.8045982574613398,3.35,4.495004259301568,7.012345679012346,1.5920146864126663,2.70873786407767,2.6032824979138187,32.56730769230769,1.5477718379659933,100.0,100.0,96.0,CCC2014J
group3,M,South West Region,A Level or Equivalent,60-70%,0-35,60,0.5,1.0,3.021276595744681,3.356837744530149,2.4210526315789473,0.7618006725189231,4.56140350877193,6.997493285506014,4.948275862068965,1.4914072375050382,4.824561403508772,7.665140961842273,14.93103448275862,0.9957159058066468,99.33333333333331,92.5,95.66666666666669,CCC2014J
group1,M,South Region,Lower Than A Level,80-90%,0-35,90,0.625,1.0,7.545454545454546,8.105133053700094,2.323529411764706,0.7210747022089171,9.655172413793103,10.495835439656751,3.1,0.7916929089978482,14.0,17.840029895341168,18.470588235294116,0.5493422870623587,56.666666666666664,65.0,62.0,CCC2014J
group1,M,North Region,A Level or Equivalent,60-70%,0-35,30,0.625,1.0,3.067415730337079,3.538097051475388,2.7222222222222223,0.7056032065175842,3.4,3.5155967188878585,10.211267605633802,1.0362632952693411,12.105263157894736,10.40242886617301,16.0,1.0204931405942914,71.0,74.5,58.666666666666664,CCC2014J
group1,M,East Anglian Region,HE Qualification,90-100%,0-35,60,0.5,1.0,7.102564102564102,7.7656289669518515,2.425,0.854551498369094,11.25,13.15044525962204,2.5238095238095237,0.5132630380654885,16.916666666666668,15.819770905899729,31.846153846153847,1.1222763945740395,80.66666666666667,54.0,66.0,CCC2014J
group3,F,South West Region,Lower Than A Level,30-40%,0-35,60,0.5,1.0,1.2585365853658537,1.1186861187274026,3.917475728155339,0.7241016930768198,5.818181818181818,6.662190181365658,3.2666666666666666,0.9113107576231064,1.4742857142857142,1.5931503629029289,46.26704545454545,1.0389746553308927,88.66666666666667,96.5,91.66666666666669,CCC2014J
group1,M,Scotland,HE Qualification,80-90%,0-35,30,0.75,1.0,5.74,7.199234653200069,2.8823529411764706,0.8974952419304498,7.485714285714286,10.074345486173776,5.361111111111111,1.2506166429823202,7.852941176470588,10.07587082616316,16.571428571428573,1.3066758980317297,73.0,78.5,60.0,CCC2014J
group1,M,Scotland,Lower Than A Level,30-40%,35-55,30,1.0,0.5,2.4537037037037037,4.933926531089793,4.110091743119266,0.8789996053027833,2.65625,5.405315366426488,8.783505154639176,1.0650268631055346,3.7183098591549295,6.577413948161758,21.180555555555557,1.0011186433322536,51.5,29.0,67.0,CCC2014J
group3,M,South East Region,HE Qualification,90-100%,35-55,90,1.0,0.5,5.391304347826087,11.349945199808118,1.8085106382978724,0.6415810919734579,4.388888888888889,6.357347954601274,2.3783783783783785,0.929181413489074,5.096774193548387,10.665692159785593,12.34375,0.9701687314117422,82.5,92.0,92.0,CCC2014J
group1,M,London Region,A Level or Equivalent,30-40%,0-35,60,0.625,1.0,3.73972602739726,4.717071234887979,1.864864864864865,0.7392725069482231,9.148148148148149,10.14018549255199,2.2857142857142856,0.5340002340823458,15.125,20.405473122016392,24.764705882352946,0.984588505917266,75.33333333333333,57.5,63.0,CCC2014J
group1,M,Wales,Lower Than A Level,90-100%,0-35,60,0.8571428571428571,0.875,14.0625,17.927516094912125,1.4705882352941178,0.664529909033446,18.75,23.54927136491025,3.8461538461538463,0.762102355330306,39.6,46.14975622904199,17.166666666666668,0.9538804071196834,51.0,51.5,44.0,CCC2014J
group1,F,East Midlands Region,Lower Than A Level,80-90%,35-55,60,1.0,0.5,2.088235294117647,1.891386276763761,3.3649635036496353,1.1433172568578496,2.8686868686868685,3.6073803730754954,13.58,1.6954009183228111,3.786666666666666,3.932859950136464,20.973684210526315,1.444616852001212,93.5,83.0,90.0,CCC2014J
group1,M,London Region,A Level or Equivalent,40-50%,35-55,60,0.5,1.0,1.8866666666666667,2.2211209053229504,4.178807947019868,0.7302614346280074,1.9923076923076923,2.1763213177825893,10.938931297709924,0.8989491170662,3.757142857142857,4.418130348506879,13.56338028169014,1.2406804700733067,76.33333333333333,73.0,72.0,CCC2014J
group3,F,South Region,A Level or Equivalent,60-70%,0-35,90,0.5,1.0,1.619318181818182,1.413191561540894,3.2429378531073447,0.8549339828283345,2.912087912087912,2.946366318208665,6.282608695652174,0.77029071187289,2.007042253521127,2.1716956765802053,22.32867132867133,1.4160702654581254,99.33333333333331,93.0,86.66666666666667,CCC2014J
group3,F,Scotland,A Level or Equivalent,30-40%,35-55,60,0.5,1.0,4.186440677966102,5.1073799757065075,2.283333333333333,0.8465580019958744,6.205128205128205,7.402629288156184,3.225,0.8756259189602205,7.0,8.128140418734574,18.75,1.3622856610205594,86.66666666666667,87.0,86.33333333333333,CCC2014J
group3,M,North Western Region,HE Qualification,60-70%,35-55,60,0.5,1.0,1.2424242424242424,0.6474842365858345,9.54310344827586,0.8249148193392936,1.8397435897435896,2.171655514985076,8.0828025477707,1.0800934100274613,1.2755555555555556,0.6843778312255709,23.73008849557522,1.6825828795030993,93.66666666666669,99.0,99.0,CCC2014J
group1,M,London Region,Lower Than A Level,20-30%,0-35,60,0.5,1.0,2.403361344537815,2.40873877868,3.4916666666666667,1.0030654594300392,3.329113924050633,4.0784660231807175,6.3,1.0005667328309853,5.217391304347826,8.505979709666374,20.29787234042553,1.5594898739738776,77.33333333333333,76.0,73.66666666666667,CCC2014J
group3,M,London Region,A Level or Equivalent,40-50%,0-35,90,0.625,1.0,6.888888888888889,7.85503579250835,3.189189189189189,1.17964153500375,8.535714285714286,10.433145695356176,6.862068965517241,1.1182005479080146,11.047619047619047,18.722916948157916,37.95454545454545,1.6092747249546695,97.66666666666669,49.0,92.66666666666669,CCC2014J
group3,F,London Region,A Level or Equivalent,20-30%,0-35,150,0.5,1.0,1.8496732026143792,1.7946237027873346,2.116883116883117,0.7399953105126508,3.6805555555555554,5.172588609820771,5.260273972602739,1.0123277138227578,2.9651162790697674,3.774364533716759,67.75862068965517,0.7409334826408068,85.0,69.0,67.66666666666667,CCC2014J
group3,F,London Region,Lower Than A Level,80-90%,35-55,30,1.0,0.5,4.589285714285714,4.106654403478625,2.298245614035088,0.6669676689710773,6.175,4.861610474961606,2.341463414634146,0.6970610426800671,8.461538461538462,8.54274320920754,31.74074074074074,0.9192718417247294,91.5,100.0,96.0,CCC2014J
group3,M,Wales,Lower Than A Level,0-10%,0-35,60,0.5,1.0,4.159420289855072,4.578155255268979,1.8,0.6875050104034197,4.370967741935484,6.068553372240311,4.777777777777778,0.914569124736786,8.7,10.35291063521219,58.87096774193548,1.315553335281242,87.66666666666667,84.5,91.0,CCC2014J
group3,M,South Region,HE Qualification,70-80%,0-35,30,0.8,0.625,4.379310344827586,4.1668179040913245,3.2033898305084745,1.201186390380796,4.703703703703703,4.436680850270372,4.7272727272727275,1.1798355115521513,6.90625,6.472569290923541,18.515151515151516,1.5849456237707682,95.66666666666669,100.0,100.0,CCC2014J
group1,M,West Midlands Region,A Level or Equivalent,0-10%,0-35,60,0.5,1.0,2.5225225225225225,3.421447983866817,3.330357142857143,0.6907895725358651,3.4328358208955225,6.0383217631276525,6.544117647058823,0.8209939443654638,4.09375,5.59398415533676,19.861538461538466,1.3046722812032348,31.333333333333332,45.0,55.0,CCC2014J
group1,F,East Anglian Region,A Level or Equivalent,30-40%,0-35,150,0.5714285714285714,0.875,2.6597938144329896,2.8682405972497036,5.010204081632653,0.7868284279519185,2.797619047619047,3.0171388421625256,11.458823529411765,0.7863390642452031,3.1333333333333333,3.214550253664318,45.36842105263158,1.036295067595003,63.333333333333336,70.0,75.5,CCC2014J
group1,F,South West Region,A Level or Equivalent,50-60%,0-35,60,0.8333333333333334,0.75,12.095238095238097,10.839302384862052,3.772727272727273,1.0201198487108158,16.933333333333334,16.585133905599516,6.5,1.356553237580646,31.857142857142858,23.3554317124773,19.75,0.8100276838367674,27.333333333333332,25.0,12.0,CCC2014J
group3,M,East Midlands Region,HE Qualification,80-90%,0-35,60,0.5,1.0,5.622222222222222,6.016223856785044,2.108695652173913,0.672319886007438,6.837837837837838,8.180306682357173,4.7894736842105265,1.1880335605924903,13.555555555555555,13.245297599402289,28.26315789473684,1.2072354394112883,84.33333333333333,89.5,90.0,CCC2014J
group1,M,West Midlands Region,HE Qualification,90-100%,0-35,30,0.5714285714285714,0.875,3.230769230769231,3.066039693252421,2.911392405063291,1.0256262783099528,3.2054794520547945,3.1400588463593633,21.35135135135135,1.3867035166776491,4.333333333333333,5.459974428027753,62.36363636363637,1.266944164146945,59.333333333333336,44.0,42.333333333333336,CCC2014J
group3,M,North Western Region,Lower Than A Level,60-70%,0-35,30,0.5,1.0,4.338709677419355,3.223599191958674,2.6984126984126986,0.7007657699687261,6.7368421052631575,5.90320211102285,2.641025641025641,0.7350482808057359,6.116279069767442,7.423288009544472,26.59090909090909,1.0866216383125955,91.33333333333331,89.0,91.33333333333331,CCC2014J
group1,M,Yorkshire Region,Lower Than A Level,20-30%,0-35,30,0.7142857142857143,0.875,3.4266666666666667,3.1329691181841377,1.855263157894737,0.6347814882699468,5.586956521739131,7.511697801744577,3.4468085106382977,0.7844608041443726,5.925,7.623807178663159,25.804878048780488,0.9367363909864426,62.5,72.0,56.0,CCC2014J
group1,M,South East Region,Lower Than A Level,20-30%,0-35,60,0.8,0.625,4.0,3.8941210952508407,2.9130434782608696,0.8643840140638961,6.166666666666667,6.254429324795492,4.372093023255814,1.6618574041380765,8.28125,9.049093253452384,27.363636363636363,1.1201844619073802,77.33333333333333,58.0,72.0,CCC2014J
group3,M,Wales,Lower Than A Level,80-90%,0-35,60,0.5,1.0,3.767123287671233,3.945885860069973,1.7297297297297298,0.7501627427598627,7.310344827586207,8.90466750913676,3.2666666666666666,0.7619654980650804,6.1,5.969151466562834,18.24390243902439,1.0247236814635017,82.66666666666667,92.0,77.33333333333333,CCC2014J
group1,M,London Region,A Level or Equivalent,70-80%,0-35,30,0.8333333333333334,0.75,3.6973684210526314,3.936224034417098,2.5974025974025974,0.6776060802560732,3.693333333333334,3.999909908895359,8.552631578947368,1.4029993230902558,6.285714285714286,8.486102596730136,39.27906976744186,1.288727770686454,60.0,96.0,84.0,CCC2014J
group3,M,Yorkshire Region,A Level or Equivalent,50-60%,0-35,30,0.5,1.0,2.051470588235294,1.9675886838356664,3.437956204379562,0.9559375777043748,1.9838709677419355,1.882671821233682,5.368,1.0422968033115747,4.509433962264151,5.454788445130761,31.814814814814813,1.0762091132400156,94.0,95.0,92.33333333333331,CCC2014J
group1,M,South West Region,A Level or Equivalent,50-60%,0-35,60,0.5,1.0,6.186046511627907,5.155929614362608,1.818181818181818,0.676387462923434,7.733333333333333,8.936300759507136,4.483870967741935,0.7723014043349435,13.6,19.43781292811955,16.0625,1.084249466371952,62.0,34.5,51.333333333333336,CCC2014J
group1,M,North Western Region,A Level or Equivalent,10-20,0-35,30,0.4,0.625,5.853658536585366,5.790340990001177,3.3333333333333335,1.341108283686082,7.272727272727272,10.405145143367555,4.911764705882353,1.081116125328778,29.625,35.20526543410395,37.0,1.589215746136707,87.0,44.0,44.0,CCC2014J
group1,M,North Western Region,A Level or Equivalent,0-10%,0-35,120,1.0,0.625,4.360655737704918,4.2857624249182935,2.3870967741935485,0.640004337092682,6.225,6.403074181544281,4.365853658536586,0.8758664847940115,10.333333333333334,17.68484162180724,43.04,1.0911564349986438,65.66666666666667,54.0,52.0,CCC2014J
group3,M,South West Region,A Level or Equivalent,70-80%,0-35,120,0.8571428571428571,0.875,11.38095238095238,12.20850601210562,2.0,0.621581560508061,13.27777777777778,13.740475013432809,2.6315789473684212,0.4127953488110058,28.142857142857142,25.022846703419997,30.0,0.7423685817106696,95.66666666666669,85.0,88.5,CCC2014J
group1,M,Scotland,A Level or Equivalent,70-80%,0-35,30,0.5,1.0,3.2247191011235956,4.04731338777164,2.155555555555555,0.8032641453956089,4.316666666666666,4.735340149100549,3.0491803278688523,0.7954445975416027,6.378378378378378,10.020399613209468,50.078947368421055,1.3625339159822398,74.0,79.5,74.33333333333333,CCC2014J
group3,M,Scotland,HE Qualification,60-70%,35-55,60,0.5,1.0,1.4870466321243525,1.377304161404609,5.34020618556701,0.8429907551901836,2.827956989247312,3.475453226352607,9.72340425531915,1.006595470936012,1.868421052631579,2.0769444269566852,19.287581699346404,1.3629580678023243,100.0,100.0,95.33333333333331,CCC2014J
group3,M,Scotland,HE Qualification,40-50%,0-35,60,0.4285714285714285,0.875,6.705882352941177,9.73444185810209,2.2285714285714286,1.3571589228533047,7.857142857142857,12.456485104716386,3.103448275862069,0.6238075043385866,32.833333333333336,33.95536285576502,23.428571428571427,0.7127107221504204,86.0,63.0,87.0,CCC2014J
group3,M,London Region,A Level or Equivalent,50-60%,0-35,30,1.0,0.875,7.766666666666667,8.394100281759199,2.2580645161290325,0.7199773239059514,9.708333333333334,11.369215363032511,10.36,2.170399367244682,13.733333333333333,15.364461157706334,26.25,0.9694190232455652,86.33333333333333,75.0,39.5,CCC2014J
group1,M,South West Region,A Level or Equivalent,70-80%,0-35,180,1.0,0.5,2.5535714285714284,2.4998712965583847,2.5132743362831858,0.8570020359283865,5.395348837209302,5.237863681582774,5.0,1.962373331175567,5.048780487804878,9.520901269082133,16.952380952380953,1.467056066871862,68.0,58.0,65.0,CCC2014J
group1,M,London Region,A Level or Equivalent,60-70%,0-35,30,0.5714285714285714,0.875,3.0217391304347827,2.769449744487737,3.4838709677419355,0.9256789794150864,3.1923076923076925,2.8424321591588746,7.1265822784810124,1.4101722003206996,5.361702127659575,5.836264185973218,16.875,1.4105812167325311,83.66666666666667,72.5,71.0,CCC2014J
group3,M,London Region,A Level or Equivalent,0-10%,0-35,60,0.5,1.0,2.2093023255813953,1.8143284682487,3.3076923076923075,0.8607164937650866,3.647887323943662,4.2463382260460465,4.583333333333333,0.8979315072629634,3.486842105263158,5.66272824953398,45.064935064935064,1.2206436209455709,93.33333333333331,88.0,96.0,CCC2014J
group3,F,East Anglian Region,Lower Than A Level,40-50%,0-35,60,0.5,1.0,1.4019607843137254,1.5552853090488652,5.88780487804878,0.785462962669413,2.3333333333333335,3.8170272424619887,5.053571428571429,1.2237734251881476,1.705128205128205,2.0735444135755343,23.8343949044586,1.4007150578275025,100.0,99.5,99.0,CCC2014J
group1,M,East Midlands Region,HE Qualification,10-20,0-35,60,0.625,1.0,5.928571428571429,6.975192477955688,2.511627906976744,1.1174970808246334,10.909090909090908,19.066073311386155,3.130434782608696,0.8009928252942341,10.375,13.83697786808012,17.28,0.907590448280886,64.0,43.0,39.333333333333336,CCC2014J
group3,M,North Western Region,A Level or Equivalent,10-20,0-35,60,0.5,1.0,5.509803921568627,7.05229763699635,4.153846153846154,0.924443257359162,8.15625,10.883871983574537,22.333333333333332,1.2054407263829685,10.074074074074074,13.7475198488419,39.92857142857143,1.3457386483119895,96.0,81.0,87.0,CCC2014J
group3,M,Wales,HE Qualification,80-90%,0-35,60,0.25,1.0,6.375,6.87875771431933,2.048780487804878,0.7146824295144587,10.333333333333334,12.276232416867204,3.8421052631578942,0.8622523277729434,11.0,14.611639196202455,74.38888888888889,1.004165518184133,94.0,88.5,91.33333333333331,CCC2014J
group1,M,West Midlands Region,A Level or Equivalent,40-50%,0-35,60,0.875,1.0,3.3037974683544302,3.014301085720888,2.5125,1.0029411464754463,3.8412698412698414,4.108238572423314,9.84375,2.376145412090841,10.5,13.268482640413234,18.095238095238095,1.17502283822916,74.33333333333333,66.5,64.33333333333333,CCC2014J
group3,M,Yorkshire Region,HE Qualification,20-30%,0-35,60,0.5,1.0,3.735294117647059,3.4924979174293673,2.072463768115942,0.8667380107084304,5.340425531914893,5.561031323433048,3.5625,0.91838935472593,8.178571428571429,11.307334792329277,28.86206896551724,1.362913404519086,83.0,87.5,82.0,CCC2014J
group1,F,East Midlands Region,A Level or Equivalent,60-70%,0-35,30,0.4285714285714285,0.875,18.357142857142858,16.01252943482381,2.2666666666666666,1.2422771812907574,17.23076923076923,17.374089166312412,3.357142857142857,0.7085457789509239,63.0,19.79898987322333,55.0,0.547269707028815,70.33333333333333,41.0,38.666666666666664,CCC2014J
group1,F,Ireland,A Level or Equivalent,50-60%,35-55,120,0.5,1.0,1.3645320197044335,0.881674348128537,5.392156862745098,0.8165357178423959,2.324074074074074,2.4754069002013703,5.724770642201835,0.8254029707376657,1.9851851851851852,2.212532772959685,15.382352941176473,1.2740941849363376,90.0,83.0,51.666666666666664,CCC2014J
group3,M,London Region,HE Qualification,60-70%,35-55,60,0.5,1.0,3.563380281690141,6.214573642118976,2.8333333333333335,0.9226110083151836,3.0987654320987654,5.428178650043689,20.25609756097561,1.7248069605090035,8.0,13.547447484058884,21.90625,1.0250325836450225,93.66666666666669,96.0,93.0,CCC2014J
group3,M,London Region,Lower Than A Level,10-20,0-35,60,0.5,1.0,3.7142857142857144,3.64012604154632,2.535211267605634,0.8927001625668687,4.267857142857143,4.77299628184367,9.701754385964913,2.2471510579116836,11.0,15.670958725247829,19.38095238095238,1.2912009614030568,91.0,85.0,89.0,CCC2014J
group3,M,East Midlands Region,HE Qualification,50-60%,0-35,60,0.5,1.0,2.978021978021978,4.523956041583324,4.554347826086956,1.1687665426308245,4.075757575757576,6.087340220138099,3.074626865671642,0.8245571109742351,6.7,12.619073882065422,24.146341463414632,1.203725977519896,93.33333333333331,81.5,71.33333333333333,CCC2014J
group3,M,Wales,HE Qualification,50-60%,0-35,120,0.5,1.0,1.1919642857142858,0.5552260304660714,14.822222222222225,0.7638353289349533,2.289473684210526,2.537240101204409,7.808695652173913,0.9023659535715588,1.175,0.6359192601575537,25.75103734439834,1.2491599053205655,95.66666666666669,100.0,98.0,CCC2014J
group1,M,South West Region,HE Qualification,30-40%,0-35,30,0.625,1.0,7.909090909090909,10.026102297140564,3.0588235294117645,0.7561385865899038,6.025,9.062425950183764,8.804878048780488,1.3087638648853603,14.529411764705882,21.11018014803173,28.666666666666668,1.5831471145699034,78.0,63.0,76.33333333333333,CCC2014J
group3,M,London Region,Post Graduate Qualification,20-30%,35-55,90,0.625,1.0,1.868421052631579,1.7135386511420825,4.993464052287582,1.1711902626803066,3.0,4.42984530336723,7.091954022988506,1.1498364376576753,3.6486486486486487,4.894594257275502,34.093333333333334,1.3628748597045155,100.0,98.0,100.0,CCC2014J
group3,F,London Region,A Level or Equivalent,30-40%,0-35,60,0.625,1.0,5.760869565217392,6.17948139718571,2.425531914893617,0.8278211043792298,9.137931034482758,12.916556755716492,5.833333333333333,0.947348609412133,12.210526315789474,12.295342150444258,37.05,1.3423690023922483,69.0,68.5,88.66666666666667,CCC2014J
group3,M,East Midlands Region,HE Qualification,70-80%,0-35,60,0.5,1.0,2.079710144927536,2.1950893908036995,3.0575539568345325,0.7804674315848841,2.656862745098039,3.931329097903669,4.339805825242719,0.9303583267313692,3.1058823529411765,4.837904725069682,27.197674418604652,1.2283884054299574,95.66666666666669,99.0,96.66666666666669,CCC2014J
group1,M,West Midlands Region,HE Qualification,60-70%,35-55,30,0.5,1.0,2.6481481481481484,2.862306810408771,2.761467889908257,0.9497710769544524,3.160919540229885,4.1255684970296524,11.556818181818182,1.3272249371625502,7.375,11.275866321055894,30.272727272727273,1.1090585158468211,75.33333333333333,60.5,80.66666666666667,CCC2014J
group1,M,West Midlands Region,A Level or Equivalent,80-90%,35-55,30,0.5,1.0,3.313953488372093,4.64824224312292,3.310344827586207,0.7613436131092335,5.8936170212765955,8.72087461348068,8.5625,1.9233034152564032,4.435483870967742,7.66217228912664,30.174603174603178,0.9456588196428156,87.66666666666667,55.0,75.33333333333333,CCC2014J
group3,M,Yorkshire Region,A Level or Equivalent,20-30%,35-55,30,1.0,0.5,5.450980392156863,5.037117133798642,2.5,0.4540416788730371,8.96774193548387,8.043564180833195,4.375,1.0008159936078282,7.571428571428571,5.8675865079751,36.47222222222222,0.7324479942744753,91.5,92.0,90.0,CCC2014J
group3,F,South East Region,A Level or Equivalent,60-70%,35-55,60,1.0,0.5,4.5396825396825395,4.980042093439789,2.546875,0.6282580031196956,6.024390243902439,7.271477858310678,7.238095238095238,1.168351408545569,6.702702702702703,9.288179061057676,35.10526315789474,1.2743707557738533,80.5,90.0,75.0,CCC2014J
group1,M,East Midlands Region,Lower Than A Level,30-40%,0-35,60,0.5714285714285714,0.875,3.358974358974359,4.270023446434485,2.949367088607595,0.7434190016197296,3.7096774193548385,7.492919273453981,19.52380952380953,1.0060495184390563,7.264705882352941,11.95524184141128,38.22857142857143,1.0535826485251267,67.66666666666667,79.0,93.0,CCC2014J
group3,F,East Midlands Region,A Level or Equivalent,70-80%,0-35,30,0.75,1.0,2.267857142857143,2.066385375468119,5.221238938053097,1.0008011728846185,2.853932584269663,3.0096457123032425,8.722222222222221,0.9009756207868792,3.8125,4.081996865836427,34.69230769230769,1.5141633970823454,90.0,85.0,96.0,CCC2014J
group3,M,Wales,Post Graduate Qualification,80-90%,35-55,30,0.5,1.0,2.319672131147541,2.074107966947659,2.2357723577235773,0.8187553545342543,4.482758620689655,5.737660686311118,7.067796610169491,1.982333164074576,5.24,6.903297053153779,21.19607843137255,1.2811833535387351,93.66666666666669,91.0,94.66666666666669,CCC2014J
group3,M,Scotland,A Level or Equivalent,70-80%,35-55,30,0.5,1.0,4.149253731343284,4.9428667039307035,2.4558823529411766,0.8363321090380196,4.292307692307692,4.049394541637819,5.984848484848484,2.0664633531561867,10.538461538461538,15.108224963193445,27.74074074074074,1.101356145893506,92.66666666666669,92.0,93.66666666666669,CCC2014J
group3,M,East Midlands Region,Post Graduate Qualification,60-70%,35-55,60,0.5,1.0,2.1503759398496243,1.8153229973950284,4.514925373134329,0.8426332153466841,4.35,6.45144839866816,3.3278688524590163,1.880689859039846,2.7450980392156863,2.954058374741815,21.58252427184466,0.931958049774002,100.0,92.0,98.66666666666669,CCC2014J
group3,M,South West Region,A Level or Equivalent,50-60%,0-35,120,0.8,0.625,1.2532751091703056,0.5971792013662199,4.547826086956522,1.102574261482588,2.152,2.0637266635713862,5.404761904761905,2.174913558284071,1.3271028037383177,0.6611371756062641,20.8,1.7283151952301916,86.0,65.0,85.0,CCC2014J
group1,M,East Anglian Region,A Level or Equivalent,50-60%,0-35,30,1.0,0.5,3.0869565217391304,3.4756679298414612,2.6774193548387095,0.6909965048675701,3.364705882352941,3.804280355022201,11.174418604651162,1.4986490343205292,11.636363636363637,12.381035630755743,40.65217391304348,0.899170788660667,78.0,25.0,67.0,CCC2014J
group1,M,Scotland,Lower Than A Level,20-30%,0-35,60,0.625,1.0,4.359375,4.505260373357574,3.646153846153846,0.8013101486862946,4.777777777777778,5.329401066092741,6.909090909090909,0.8974417318410489,8.423076923076923,10.673979864785494,16.555555555555557,1.0165071514177275,56.0,78.0,45.333333333333336,CCC2014J
group3,M,South West Region,A Level or Equivalent,80-90%,35-55,60,1.0,0.5,3.2804878048780486,3.535619072842054,2.433734939759036,0.9740028243355086,7.685714285714286,7.226468621636421,3.6666666666666665,0.9203843968780266,9.625,13.32801071297654,29.04,1.1124872898869007,100.0,100.0,100.0,CCC2014J
group3,F,South Region,A Level or Equivalent,40-50%,0-35,60,1.0,0.5,4.526315789473684,5.151647666932448,2.431034482758621,0.7291180274363674,8.0625,10.420010216080682,2.6666666666666665,0.7190587281616535,6.513513513513513,9.151871762473334,25.342105263157897,1.0726754383719,91.0,85.0,92.0,CCC2014J
group3,F,East Anglian Region,HE Qualification,70-80%,35-55,30,1.0,0.5,1.1859504132231404,0.4847561366850041,5.617283950617284,0.7028157696280855,2.175,1.8681879055438104,5.371900826446281,0.9579514632366086,1.2985781990521328,0.6480357627540085,10.81132075471698,0.993784153141816,93.5,100.0,94.0,CCC2014J
group3,M,East Midlands Region,HE Qualification,90-100%,0-35,120,0.5,1.0,3.0319148936170213,2.297507427577938,3.221052631578947,0.9684126493943724,7.194444444444445,9.195711560891366,5.027027027027027,0.7882534541123118,4.5,5.901737750406762,10.508196721311476,1.9618614349298344,98.66666666666669,94.5,92.0,CCC2014J
group3,M,South East Region,A Level or Equivalent,80-90%,0-35,60,0.5,1.0,6.0,4.977220838251732,2.217391304347826,0.7634479346639916,10.434782608695652,11.908080094687891,3.4583333333333335,1.1505235575075097,17.416666666666668,22.829240951556898,17.307692307692307,1.2372011423639515,92.0,82.0,72.66666666666667,CCC2014J
group1,M,Yorkshire Region,A Level or Equivalent,20-30%,0-35,60,0.625,1.0,1.9589041095890412,1.8151724999389784,2.129251700680272,0.610683465915418,2.168067226890756,2.8827932773939944,3.7083333333333335,0.6948691066447489,9.10344827586207,17.8772497636885,11.0,1.0723163054589666,50.666666666666664,47.0,57.0,CCC2014J
group1,M,Scotland,A Level or Equivalent,70-80%,0-35,60,1.0,0.625,4.754385964912281,5.497664120055203,2.5344827586206895,0.7407472966220755,6.7894736842105265,8.389690889956462,6.948717948717949,1.4712098915363685,11.8,19.32982424294535,21.952380952380953,1.0180632928198246,75.0,29.0,73.5,CCC2014J
group1,M,South Region,A Level or Equivalent,90-100%,0-35,60,0.625,1.0,7.433333333333334,7.668490537676679,2.032258064516129,0.7339446362982156,10.304347826086955,12.110982178504898,10.333333333333334,1.686776013422913,14.071428571428571,17.643758040797255,32.0,1.3610083577994665,57.666666666666664,49.5,55.333333333333336,CCC2014J
group3,M,Scotland,A Level or Equivalent,50-60%,0-35,30,0.5,1.0,2.43859649122807,2.2262913632249215,2.4434782608695653,1.0242930125605414,3.4675324675324677,3.9087769509427703,4.089743589743589,0.872155300263905,3.6486486486486487,4.624036167419205,24.386666666666667,1.019764822269454,99.33333333333331,95.5,97.66666666666669,CCC2014J
group3,M,East Midlands Region,HE Qualification,90-100%,35-55,60,1.0,0.5,3.5,2.852662117990893,3.6056338028169015,0.7627096919659211,4.285714285714286,4.275572415539173,19.228070175438596,0.8640111098433639,7.290322580645161,7.917043001807754,36.15625,0.7013673099556844,80.5,75.0,79.0,CCC2014J
group3,F,South East Region,A Level or Equivalent,90-100%,0-35,90,0.5,1.0,4.648148148148148,4.098584235117658,2.1818181818181817,1.0045037470202776,12.4,14.445542018578822,4.0,0.9667077166981805,21.272727272727273,25.100162983896777,84.75,1.6493386600587263,99.33333333333331,95.0,94.33333333333331,CCC2014J
group1,M,South East Region,A Level or Equivalent,10-20,0-35,30,0.5,1.0,2.318965517241379,2.316666037484769,3.418803418803418,0.9547185449125832,2.414141414141414,2.846444617305915,8.82,2.21981335496377,4.576923076923077,6.932011998468264,38.471698113207545,1.266387357181987,73.0,57.5,60.333333333333336,CCC2014J
group3,M,East Midlands Region,Post Graduate Qualification,60-70%,35-55,60,0.5,1.0,1.3537735849056605,0.8444605702188743,3.488262910798122,0.9004027626048817,2.3008130081300813,1.8727334250076475,4.830645161290323,0.914033663353688,2.050359712230216,2.282014559414472,32.45,1.314746426948172,99.33333333333331,98.0,96.66666666666669,CCC2014J
group3,M,West Midlands Region,Lower Than A Level,20-30%,0-35,90,0.5,1.0,1.9324324324324325,1.5850584751211,3.3557046979865772,0.8492632100827163,3.7142857142857144,4.930723078331207,3.756410256410256,1.5376742887599928,2.723809523809524,2.3513303848575977,22.10377358490566,1.261358698005944,89.33333333333333,93.5,89.33333333333333,CCC2014J
group3,M,London Region,HE Qualification,70-80%,0-35,30,1.0,0.5,3.022222222222222,2.71896286314948,2.7032967032967035,0.9069323425941032,2.6666666666666665,2.6712007658266974,7.864077669902913,1.0588793240751366,7.194444444444445,9.84978446303542,25.2972972972973,1.0158689113120916,91.5,83.0,96.0,CCC2014J
group3,M,East Anglian Region,A Level or Equivalent,60-70%,0-35,120,0.8,0.625,9.076923076923077,9.38050351281029,2.259259259259259,0.75800839486537,18.363636363636363,18.304495225341384,2.25,0.517194075695146,26.125,27.476938382162285,27.11111111111111,0.7925216508410781,90.0,81.5,75.0,CCC2014J
group3,M,North Region,HE Qualification,40-50%,0-35,150,0.5,1.0,1.7875,1.2757412446379712,4.6521739130434785,0.971770033298393,4.557377049180328,4.706465730474529,4.129032258064516,1.3963409563592448,2.7766990291262137,3.301609942505327,19.557692307692307,1.6837486047271215,100.0,84.5,95.33333333333331,CCC2014J
group1,M,East Midlands Region,A Level or Equivalent,90-100%,0-35,90,0.7142857142857143,0.875,6.111111111111111,10.568439770936823,2.0,0.5989120571285178,6.25,10.731663647876912,3.888888888888889,0.8977068291042506,7.787878787878788,11.28538207084051,18.058823529411764,1.1190714809756075,58.0,39.0,48.333333333333336,CCC2014J
group3,M,East Anglian Region,HE Qualification,80-90%,0-35,120,0.5,1.0,3.7777777777777777,3.4933426513153867,3.3013698630136985,1.1506277186680176,5.26530612244898,5.908241102491508,5.04,1.235880191939502,6.742857142857143,10.42717844961752,49.22222222222222,0.991539967174542,93.33333333333331,95.0,97.66666666666669,CCC2014J
group3,F,Scotland,A Level or Equivalent,40-50%,0-35,120,0.8,0.625,3.5416666666666665,3.4638474903811396,2.547945205479452,0.8884479771321994,7.0588235294117645,10.18597126911259,4.9714285714285715,1.2906618072320022,9.807692307692308,11.09961884307468,30.59259259259259,0.7577802823953333,83.33333333333333,92.0,75.0,CCC2014J
group1,F,North Western Region,A Level or Equivalent,80-90%,0-35,150,0.5714285714285714,0.875,4.135593220338983,5.137615262969588,3.5166666666666666,0.9236114482887195,4.566037735849057,5.779637445251097,7.2592592592592595,1.3629803869438728,8.4,9.19370099203985,12.483870967741936,1.3979638621550867,59.333333333333336,65.0,46.666666666666664,CCC2014J
group1,M,South West Region,Lower Than A Level,10-20,0-35,150,0.5,1.0,1.891304347826087,1.99519416250959,3.179856115107914,0.7423297233943148,2.663265306122449,2.5563499976197153,10.292929292929292,5.006861208955459,2.776595744680851,3.5655286758131983,17.021052631578947,1.0435753908262817,79.33333333333333,73.5,65.66666666666667,CCC2014J
group1,M,North Region,A Level or Equivalent,70-80%,0-35,120,0.625,1.0,9.296296296296296,10.794638322992416,2.892857142857143,1.109944517892619,11.409090909090908,13.340447236413496,4.3478260869565215,1.0715409464878138,24.375,32.0710706311556,34.333333333333336,0.4850483882251182,79.33333333333333,69.5,62.0,CCC2014J
group3,F,Wales,Lower Than A Level,10-20,0-35,30,0.625,1.0,3.4864864864864864,4.551812052970587,3.4266666666666667,0.8352264929489264,3.96923076923077,5.91863907174094,4.257575757575758,1.1310961176331928,6.4324324324324325,10.401764114644047,34.86842105263158,1.2314892997246945,92.33333333333331,93.0,84.0,CCC2014J
group1,F,East Anglian Region,A Level or Equivalent,90-100%,0-35,120,1.0,0.5,8.0,11.12103499476729,3.8181818181818183,0.6365059573258228,11.2,13.209247159710344,5.619047619047619,0.9328195190384416,13.5,14.209565957687882,21.42105263157895,1.4202791909825137,91.5,46.0,85.0,CCC2014J
group3,M,Wales,A Level or Equivalent,50-60%,0-35,60,1.0,0.5,4.672131147540983,4.5376987981259465,2.532258064516129,0.8907410461763057,5.777777777777778,6.044865924104855,6.304347826086956,1.5231858471149764,11.863636363636363,13.184751129151522,23.217391304347824,1.2001568629444004,88.0,92.0,94.0,CCC2014J
group1,F,London Region,A Level or Equivalent,10-20,0-35,60,0.7142857142857143,0.875,3.120879120879121,3.758945374659005,4.467391304347826,0.910128537584486,4.389830508474576,7.1991784712168725,8.566666666666666,1.3592025060330586,6.945945945945946,11.04773970333084,25.13157894736842,1.795575824442644,75.0,31.5,49.5,CCC2014J
group3,M,Yorkshire Region,HE Qualification,60-70%,0-35,60,0.625,1.0,1.8380281690140845,1.3560336610796286,3.3916083916083917,0.8426761494094307,2.2477064220183487,2.13071003338025,13.763636363636364,2.1776504919427064,2.886363636363636,3.1346481156227775,21.078651685393258,0.8220539136622745,85.33333333333333,86.5,84.66666666666667,CCC2014J
group3,M,Wales,A Level or Equivalent,0-10%,0-35,120,0.5714285714285714,0.875,6.5,6.030328752635701,2.8205128205128207,0.7983453963672782,9.12,9.807820009223931,5.884615384615385,1.491413904399009,8.925925925925926,10.8554343920663,31.392857142857142,1.0470957871065496,90.5,82.0,83.0,CCC2014J
group1,M,South West Region,A Level or Equivalent,30-40%,0-35,120,0.875,1.0,3.382716049382716,4.838821915597246,2.8902439024390243,1.0914576892772432,4.375,5.876184600107919,6.964912280701754,1.0954196299250163,6.666666666666667,9.545826680677994,16.65,1.2104411883992034,58.0,28.5,49.333333333333336,CCC2014J
group3,M,South West Region,HE Qualification,70-80%,0-35,30,1.0,1.0,2.2231404958677685,1.800405525179375,2.704918032786886,1.2157672436849347,2.8043478260869565,3.156152653151495,6.290322580645161,0.793873097446865,4.9,6.716564962684363,41.98039215686274,1.2554684544515595,83.0,87.5,88.0,CCC2014J
group3,M,London Region,A Level or Equivalent,0-10%,0-35,120,0.5,1.0,1.912751677852349,1.7395746835969288,1.9866666666666664,0.6702678885232966,4.2727272727272725,4.632810924583159,7.0,1.6325578711208482,4.25,6.614721872803531,17.403508771929825,1.0847804693823455,96.0,85.5,92.33333333333331,CCC2014J
group3,M,Yorkshire Region,A Level or Equivalent,30-40%,0-35,60,1.0,0.5,1.9387755102040816,1.6353311833986846,3.4324324324324325,0.7943785382766356,2.1721311475409837,1.6297473461890477,8.447154471544716,0.9762354490200604,3.1666666666666665,3.3695597018408305,27.35164835164835,1.6214328145736117,93.0,92.0,92.0,CCC2014J
group1,M,Wales,Lower Than A Level,70-80%,0-35,150,0.7142857142857143,0.875,6.175,7.185767628462279,2.024390243902439,0.6855834573714118,7.484848484848484,8.7504328897247,7.9411764705882355,2.6888582795931484,8.76,10.829281293480808,11.307692307692308,1.198032385051193,63.0,58.5,49.666666666666664,CCC2014J
group3,F,West Midlands Region,A Level or Equivalent,40-50%,0-35,90,1.0,0.5,4.0,4.790864322059325,2.9076923076923076,0.6517607989729464,6.657894736842105,6.156852108059125,3.7948717948717943,0.7337228086755798,4.938775510204081,8.632323372228424,18.46,0.9893745945154516,92.5,100.0,79.0,CCC2014J
group1,F,London Region,A Level or Equivalent,0-10%,0-35,120,0.5,1.0,4.153846153846154,4.359726085255993,2.1666666666666665,0.9389658165949004,4.559322033898305,5.8524123715712255,4.966666666666667,0.8636360942402924,9.692307692307692,14.169740239734054,16.77777777777778,1.5222859461991778,77.66666666666667,60.0,66.66666666666667,CCC2014J
group3,M,East Midlands Region,HE Qualification,90-100%,0-35,180,0.5,1.0,1.6975308641975309,1.474796569497547,3.460122699386503,0.8213412069294295,2.712871287128713,3.235233016842423,3.176470588235294,0.7615142664797071,3.1264367816091956,4.408777180308404,15.704545454545457,1.5068806538391653,95.33333333333331,85.0,84.66666666666667,CCC2014J
group3,M,East Anglian Region,A Level or Equivalent,40-50%,0-35,90,0.5,1.0,5.760869565217392,7.385224837045913,1.872340425531915,0.760260394712624,10.25,10.522233189981478,2.12,0.657947010345762,22.77777777777778,24.519266800710916,25.5,0.9830943153687846,93.33333333333331,87.0,90.66666666666669,CCC2014J
group3,M,London Region,A Level or Equivalent,80-90%,35-55,120,0.5,1.0,1.3333333333333333,0.8669327119471412,2.439252336448598,0.743946469667426,3.2658227848101267,4.539594641226646,7.675,4.522447932858308,2.625,4.688730681357039,34.86516853932584,1.466965822517924,92.0,88.0,86.33333333333333,CCC2014J
group3,F,London Region,Post Graduate Qualification,10-20,35-55,30,0.5,1.0,2.6476190476190475,2.841928355282162,3.160377358490566,0.8039388443185974,5.054545454545455,6.881047997857705,4.0,0.9001487972234685,4.338709677419355,7.188204245497396,19.666666666666668,1.340621794264094,97.0,93.5,92.33333333333331,CCC2014J
group3,M,London Region,HE Qualification,80-90%,35-55,60,0.5714285714285714,0.875,1.7763975155279503,1.7605934911255887,4.783950617283951,0.9051270312878464,2.806451612903226,2.7711952550578207,3.6808510638297873,0.978109154163268,2.3442622950819674,2.348801318356247,14.292682926829269,1.1465621278091234,100.0,98.0,100.0,CCC2014J
group3,M,London Region,A Level or Equivalent,0-10%,0-35,120,0.7142857142857143,0.875,3.820895522388059,3.849145411388085,2.676470588235294,1.0419877337986223,8.75,10.11645158109268,6.068965517241379,1.3110110602126892,12.052631578947368,17.64298313214547,17.0,1.2016424745647938,88.5,89.5,91.33333333333331,CCC2014J
group3,F,Scotland,HE Qualification,60-70%,35-55,60,0.5,1.0,2.495575221238938,2.4316510183607387,2.4649122807017543,0.7351748160174253,3.3058823529411763,3.76393768422862,4.930232558139535,0.935021792760462,3.589041095890411,3.026896175395021,32.432432432432435,0.9922249828877856,94.33333333333331,97.0,96.66666666666669,CCC2014J
group3,F,North Western Region,A Level or Equivalent,0-10%,0-35,120,0.8,0.625,4.884615384615385,4.227147771316138,2.7547169811320753,0.9794281058476426,6.9393939393939394,8.477689079059939,5.235294117647059,0.9551222713417262,11.473684210526317,14.59592188498262,25.5,0.9893317913168792,100.0,74.5,83.0,CCC2014J
group1,M,West Midlands Region,Lower Than A Level,50-60%,0-35,30,0.5,1.0,7.8125,12.827484353477482,2.5454545454545454,0.7742672638813858,8.333333333333334,13.063065419759615,3.741935483870967,1.0753424916905296,8.961538461538462,15.11682709891403,26.40740740740741,0.9448373888047088,76.33333333333333,76.5,83.66666666666667,CCC2014J
group1,M,South West Region,A Level or Equivalent,70-80%,0-35,90,0.625,1.0,2.1615384615384614,1.9120338866716144,3.4122137404580153,0.8280185759376437,2.943820224719101,3.238123581790841,7.6,1.322177475958379,3.5316455696202533,4.763201474116436,22.7125,1.35224485242651,80.0,69.0,69.0,CCC2014J
group3,M,South West Region,Lower Than A Level,70-80%,0-35,110,0.75,1.0,2.225,2.124140953401155,3.049586776859504,0.7930337629559623,3.6666666666666665,5.6011203361120385,5.785714285714286,1.377425947378703,3.918032786885246,5.984132022739285,27.225806451612904,1.2848579639095,100.0,95.5,99.33333333333331,CCC2014J
group1,M,Scotland,Post Graduate Qualification,80-90%,0-35,60,0.5714285714285714,0.875,4.660377358490566,4.573937019118444,3.9444444444444446,1.3159030636193116,8.172413793103448,11.071420626089632,8.9,1.5472335772678572,10.727272727272728,14.323413460490944,36.95652173913044,1.9069895113869375,69.0,49.0,30.0,CCC2014J
group3,F,Wales,A Level or Equivalent,40-50%,35-55,90,0.5,1.0,2.3703703703703702,2.8468464027732576,3.330275229357798,1.080023323392818,3.6056338028169015,4.037251091803632,3.388888888888889,1.2092317118629523,4.107142857142857,4.607024563064031,18.614035087719294,0.897758638792057,91.33333333333331,93.5,90.66666666666669,CCC2014J
group3,M,North Region,A Level or Equivalent,60-70%,0-35,60,1.0,0.5,2.6728971962616823,2.4906455211396903,2.787037037037037,0.8243689165359498,2.61,2.554042151792197,5.900990099009901,1.2951020466713363,5.607843137254902,6.797288963616449,22.807692307692307,1.299626092229862,100.0,94.0,100.0,CCC2014J
group3,M,Yorkshire Region,A Level or Equivalent,80-90%,0-35,60,0.625,1.0,3.7714285714285714,3.830357112694069,2.436619718309859,0.8200354571341814,6.648648648648648,10.0945976096574,8.18421052631579,3.0424005037229245,13.166666666666666,20.52330096141801,52.78947368421053,2.7188187910392965,90.0,82.0,81.66666666666667,CCC2014J
group1,M,South West Region,A Level or Equivalent,10-20,0-35,120,0.5,1.0,4.176470588235294,4.593769877310922,1.8405797101449275,0.7261191737573861,5.75,6.388089879431276,4.414634146341464,0.6327836342252803,5.631578947368421,7.160028131575337,51.38461538461539,1.7113474063961134,66.66666666666667,64.0,47.333333333333336,CCC2014J
group3,M,East Midlands Region,A Level or Equivalent,90-100%,0-35,60,0.4285714285714285,0.875,2.8979591836734695,2.330832318569039,3.5555555555555554,0.77640543385996,5.630434782608695,4.734547711132026,4.404255319148936,0.8452311748808181,4.115942028985507,3.7319614456588455,11.157142857142857,1.7357600979046623,95.66666666666669,75.0,73.66666666666667,CCC2014J
group3,F,South East Region,A Level or Equivalent,80-90%,0-35,120,0.5,1.0,3.5324675324675323,3.888527036729893,3.1794871794871793,0.7830474899315069,4.610169491525424,5.93939782490628,3.9166666666666665,0.81180738839538,6.628571428571429,11.980586537457697,20.944444444444443,1.5085377596934155,100.0,98.0,96.66666666666669,CCC2014J
group1,F,North Western Region,A Level or Equivalent,30-40%,35-55,60,0.5,1.0,1.86,1.4973354409813426,2.7086092715231787,0.7910206189462835,3.463768115942029,3.3412735778307106,3.971428571428571,0.7309862328564338,4.166666666666667,5.109534678693194,22.49180327868853,1.416339988557517,63.333333333333336,41.0,36.666666666666664,CCC2014J
group3,M,Scotland,A Level or Equivalent,60-70%,0-35,120,0.5714285714285714,0.875,2.317073170731707,2.532791737669214,2.217741935483871,0.7412743104315602,5.166666666666667,5.916877044714058,3.4363636363636365,0.7377870058646924,7.911764705882353,9.64323486230765,18.771428571428572,1.1019681794363985,82.0,85.5,82.66666666666667,CCC2014J
group3,F,Scotland,Lower Than A Level,80-90%,35-55,60,0.5,1.0,2.977777777777778,3.169297153067924,2.7032967032967035,0.7489168594865259,4.0606060606060606,4.11705192463206,4.701492537313433,1.1504246808609804,4.553571428571429,5.005159675437276,71.9298245614035,0.9079573534157064,73.33333333333333,89.5,78.33333333333333,CCC2014J
group1,M,South East Region,A Level or Equivalent,80-90%,0-35,60,0.5714285714285714,0.875,6.333333333333333,9.998245460114576,2.425,1.0263299530338283,7.625,11.85871123934066,3.363636363636364,0.6245524328806131,26.11111111111111,23.186442398762065,21.9,0.7292939353140268,88.0,75.0,86.66666666666667,CCC2014J
group1,F,West Midlands Region,A Level or Equivalent,30-40%,0-35,60,0.5714285714285714,0.875,12.736842105263158,12.391045625608294,2.65,0.8029404841869136,18.384615384615383,15.168709358074722,3.2142857142857144,0.5411464738615964,28.333333333333332,26.081922219550204,33.857142857142854,1.1583642599494013,70.33333333333333,50.0,75.0,CCC2014J
group1,M,South Region,A Level or Equivalent,80-90%,0-35,120,0.5,1.0,3.8309859154929575,3.6488194391883506,2.1527777777777777,0.7289751619091979,7.424242424242424,8.32552664636862,2.8529411764705883,0.7068436996462658,6.641025641025641,9.103172320065072,23.625,1.0159474179103365,69.33333333333333,67.0,49.666666666666664,CCC2014J
group3,M,London Region,Lower Than A Level,20-30%,35-55,60,0.5,1.0,2.3771929824561404,2.3589046163371816,3.2782608695652176,0.9404520412351594,2.9195402298850577,3.271506269981082,6.988636363636363,1.2222700523633163,4.979591836734694,6.125390449862385,25.24,1.2127641935502766,100.0,100.0,99.33333333333331,CCC2014J
group1,M,London Region,A Level or Equivalent,90-100%,0-35,120,0.5,1.0,3.3703703703703702,3.935239651039198,1.853658536585366,0.9000423197190889,11.263157894736842,13.152279503582292,4.35,1.192912969535823,12.4,15.25364494835665,26.19047619047619,1.1656176314769426,72.33333333333333,53.5,58.333333333333336,CCC2014J
group3,M,North Region,A Level or Equivalent,90-100%,0-35,60,0.5,1.0,5.096153846153846,6.487573688831915,2.9245283018867925,0.9055270224269806,5.95,9.342349125326413,6.902439024390244,1.123485994297631,9.916666666666666,14.553997408949549,43.2,0.950957931590205,86.0,72.5,70.33333333333333,CCC2014J
group3,F,East Midlands Region,A Level or Equivalent,60-70%,35-55,180,1.0,0.5,1.630681818181818,1.4755034359873211,3.853107344632768,0.7377304829759934,2.339622641509434,2.5180748218878124,6.158878504672897,0.742949805087894,2.022727272727273,1.908062080266595,24.571428571428573,1.0122485047565428,91.5,85.0,96.0,CCC2014J
group3,M,South West Region,A Level or Equivalent,80-90%,0-35,60,0.5,1.0,4.508474576271187,5.934623368800661,2.2,0.7642133462374843,4.360655737704918,5.056457214576381,6.241935483870968,0.8721341745482892,5.018867924528302,6.118982337579119,13.296296296296296,1.069568968299942,95.33333333333331,86.5,95.66666666666669,CCC2014J
group3,M,Ireland,A Level or Equivalent,70-80%,0-35,60,0.625,1.0,4.2,4.945630319712469,3.142857142857143,0.6680426571226851,5.923076923076923,8.017692985498796,5.025,1.191944696743539,7.451612903225806,11.49155837902304,15.59375,1.280545441334583,95.0,82.0,82.0,CCC2014J
group1,F,North Western Region,No Formal quals,0-10%,0-35,90,0.5,1.0,4.824561403508772,7.421308141853487,2.6379310344827585,0.813955134669116,7.138888888888889,9.853651325495766,2.8378378378378377,0.6928203230275509,8.566666666666666,14.750063315663832,39.193548387096776,0.9122653942263486,81.33333333333333,71.5,55.333333333333336,CCC2014J
group1,M,Yorkshire Region,A Level or Equivalent,10-20,35-55,120,0.625,1.0,3.4878048780487805,3.798127876844697,3.0602409638554215,1.414257402401699,4.961538461538462,5.254173088282204,4.528301886792453,0.9086008780292676,8.275862068965518,10.94432844550787,20.3,1.2373687397362485,54.0,91.5,72.66666666666667,CCC2014J
group1,F,London Region,A Level or Equivalent,30-40%,0-35,150,0.4285714285714285,0.875,6.512195121951219,9.268554232509816,4.095238095238095,1.197222764240102,10.24,12.45083665194164,18.03846153846154,1.2274877565053206,11.941176470588236,15.550203327590664,27.666666666666668,1.2200245339953568,42.666666666666664,76.0,59.666666666666664,CCC2014J
group3,F,Scotland,HE Qualification,10-20,0-35,90,0.5,1.0,2.1908396946564888,3.078747257263012,4.674242424242424,1.044599107129532,4.140625,6.812377128642919,4.123076923076923,1.0347062693992248,2.69,4.222821594884423,19.91089108910891,1.695574338207137,93.66666666666669,89.0,85.33333333333333,CCC2014J
group3,M,South Region,A Level or Equivalent,70-80%,35-55,60,1.0,0.5,3.1264367816091956,3.4330967703970203,3.1704545454545454,0.6778553905701751,4.0,5.3810058428324545,7.869565217391305,1.2822520835891695,5.95,8.545354113380963,15.341463414634148,1.173786307376239,97.0,90.0,83.0,CCC2014J
group1,F,East Anglian Region,A Level or Equivalent,40-50%,35-55,120,0.8571428571428571,0.875,5.476190476190476,5.562233694313013,1.930232558139535,0.615991471381408,6.571428571428571,6.656645128722718,3.1944444444444446,0.8406946448160035,12.052631578947368,13.757719789309911,12.45,1.2706195182262148,70.0,36.5,44.0,CCC2014J
group1,M,London Region,Lower Than A Level,30-40%,0-35,120,0.4285714285714285,0.875,3.5555555555555554,5.031979110799051,2.671232876712329,0.7790147016105945,5.12,7.929896929098288,7.588235294117647,0.9063470947636604,8.0,17.582886416537022,19.952380952380953,0.616454428804749,90.0,10.0,66.0,CCC2014J
group3,F,North Region,A Level or Equivalent,70-80%,0-35,60,0.5,1.0,1.630681818181818,1.412180316656923,5.259887005649717,0.8664178148268246,2.5794392523364484,3.3309225397199693,5.907407407407407,0.8162458027596193,1.868421052631579,1.896962404631933,21.477124183006534,1.164352784818839,99.33333333333331,93.5,97.66666666666669,CCC2014J
group3,M,North Western Region,A Level or Equivalent,30-40%,0-35,120,1.0,0.5,3.168539325842697,2.4644562144811974,2.922222222222222,0.6924015968890163,3.8955223880597014,3.344531168658403,5.529411764705882,1.8667409015396896,5.509803921568627,5.536686911934276,17.28846153846154,1.0933839666509884,83.5,92.0,98.0,CCC2014J
group3,M,North Western Region,A Level or Equivalent,0-10%,0-35,60,0.5,1.0,2.923076923076923,3.180603608788639,3.3369565217391304,0.694804384455965,4.730769230769231,5.2398001182330125,2.811320754716981,0.8089406267554021,4.34,4.723411081506453,23.62745098039216,1.2319121231687222,83.0,95.0,86.66666666666667,CCC2014J
group3,F,London Region,A Level or Equivalent,10-20,0-35,120,0.5,1.0,2.686868686868687,2.5460913006316837,2.33,0.8234417576062139,3.643835616438356,3.65669045500352,3.72972972972973,0.8481976146198212,5.23404255319149,5.968077273793961,17.0625,1.751856792905281,92.66666666666669,60.5,87.33333333333333,CCC2014J
group3,M,London Region,HE Qualification,50-60%,55<=,120,0.5,1.0,1.5706214689265536,1.355475494476892,5.342696629213483,0.9107132835724996,4.063492063492063,4.249755271409341,6.640625,0.9771450540976016,2.0076923076923077,2.118563773581307,16.427480916030536,1.9065658387515776,100.0,98.0,99.33333333333331,CCC2014J
group3,M,East Anglian Region,A Level or Equivalent,80-90%,0-35,90,0.5,1.0,1.88,1.835225787546363,2.7152317880794703,0.9537988793247087,3.5135135135135136,4.479001978007262,4.4,0.89304012292675,4.872727272727273,5.831125123166215,23.625,1.8007116366229008,99.33333333333331,97.5,96.0,CCC2014J
group1,M,East Anglian Region,HE Qualification,50-60%,0-35,30,0.5,1.0,3.585714285714286,3.899062901696658,3.492957746478873,0.9787013842760044,4.482142857142857,5.682480480880195,5.719298245614035,1.2125918576073358,5.4523809523809526,7.258980580690918,31.976744186046513,1.1009885865750813,75.0,79.0,78.33333333333333,CCC2014J
group1,M,South West Region,A Level or Equivalent,30-40%,0-35,120,0.875,1.0,2.7474747474747474,3.130962668493295,2.08,0.6788216382585688,5.913043478260869,9.448870801333346,3.9361702127659575,1.2250370814739124,9.36,16.34237844786778,20.576923076923077,0.9604148665396542,84.0,51.0,74.33333333333333,CCC2014J
group3,M,London Region,HE Qualification,40-50%,0-35,120,0.5,1.0,2.5454545454545454,3.0907864372465497,3.1621621621621623,1.0514557566171343,4.732142857142857,5.03980905637062,4.7894736842105265,1.0075990305992744,3.4415584415584415,3.8095914496159575,14.41025641025641,2.01464587811594,99.33333333333331,99.0,99.33333333333331,CCC2014J
group3,F,Scotland,HE Qualification,0-10%,35-55,90,0.5,1.0,1.1176470588235294,0.4715136801118861,7.625,0.7672586507433811,2.0307692307692307,1.8084147048678711,8.038167938931299,2.2554240013026834,1.2589285714285714,1.2109036444452073,24.586666666666662,1.1547874686741302,93.66666666666669,99.5,99.0,CCC2014J
group3,F,East Anglian Region,No Formal quals,70-80%,0-35,60,0.7142857142857143,0.875,4.833333333333333,5.240166943284912,2.0,0.8490761052804039,19.0,19.576771950451892,4.6,1.2683436648534627,21.625,32.54420071226208,50.333333333333336,0.7919377975563838,89.5,84.0,81.0,CCC2014J
group3,M,Wales,A Level or Equivalent,30-40%,0-35,150,1.0,0.5,5.238095238095238,7.611959536854388,3.5813953488372094,1.244688495908456,6.285714285714286,8.73657433393873,5.527777777777778,1.1524422012388658,9.521739130434783,10.85804923554784,23.291666666666668,1.4899269005007814,91.5,92.0,90.0,CCC2014J
group1,M,Yorkshire Region,Lower Than A Level,0-10%,0-35,120,1.0,0.5,2.4910714285714284,2.6812513406260057,2.4424778761061945,0.8366506122671108,3.0470588235294116,4.402125791545925,7.686046511627907,1.1938032105598926,5.51063829787234,9.047873496082383,17.229166666666668,1.113877828948577,79.5,29.0,65.0,CCC2014J
group1,F,North Western Region,A Level or Equivalent,0-10%,0-35,120,1.0,0.5,7.138888888888889,11.407147578295632,2.1621621621621623,0.7489576089472619,5.446808510638298,7.252611255799671,4.916666666666667,0.8343047101178961,8.857142857142858,11.488204210355766,22.03448275862069,1.2011747258130303,81.0,25.0,90.0,CCC2014J
group3,M,London Region,A Level or Equivalent,60-70%,0-35,120,0.75,1.0,1.6987951807228916,1.5972319977900873,4.125748502994012,0.8885568189853378,1.9779411764705883,1.994313812242032,5.788321167883212,1.1243672620653615,2.490740740740741,3.2968276180855143,16.192660550458715,1.121656783693474,84.0,89.0,92.66666666666669,CCC2014J
group1,M,Scotland,A Level or Equivalent,60-70%,0-35,120,0.75,1.0,6.666666666666667,8.127554543473877,2.6486486486486487,0.8610213514175095,8.64,12.916010736033527,2.8076923076923075,0.6170468838112444,17.083333333333332,27.467198067822093,29.076923076923077,0.824344737159043,75.66666666666667,29.5,82.66666666666667,CCC2014J
group3,F,Scotland,Post Graduate Qualification,50-60%,0-35,90,0.5,1.0,2.8333333333333335,3.3862466931200785,4.237113402061856,0.9072979324923474,4.17741935483871,5.084609350529113,5.2063492063492065,1.131496051033262,4.016129032258065,5.151768550332254,22.03174603174603,1.1158800450598776,93.0,91.5,87.66666666666667,CCC2014J
group3,M,South Region,Lower Than A Level,60-70%,0-35,30,0.4285714285714285,0.875,5.571428571428571,6.171169527191205,2.52,0.8593446148342327,7.378378378378378,10.95534205397164,5.131578947368421,1.177891897762243,7.583333333333333,12.053156077499844,52.891891891891895,0.9596239271799512,99.0,97.0,96.66666666666669,CCC2014J
group3,M,South East Region,HE Qualification,60-70%,0-35,30,0.5,1.0,2.577319587628866,2.19295772277606,3.2142857142857144,0.8802356586817047,3.3333333333333335,3.0015011259383213,4.7631578947368425,1.0568094672714023,4.452830188679245,4.8459580212468305,62.7037037037037,0.6917664120125775,92.0,89.5,90.33333333333331,CCC2014J
group1,M,West Midlands Region,A Level or Equivalent,30-40%,0-35,150,0.8571428571428571,0.875,9.76,12.962381468439098,3.230769230769231,1.0559731838826991,11.047619047619047,14.270515724654768,4.409090909090909,0.7935466143474563,25.77777777777778,29.87799264415942,46.9,0.8119972969189164,66.0,21.0,49.333333333333336,CCC2014J
group3,M,London Region,HE Qualification,70-80%,35-55,150,0.5,1.0,1.4422110552763818,1.5293185700056195,5.21,0.9254127085521696,2.3893805309734515,3.0308933982249,6.0,1.975236556514443,1.7423312883435582,1.8842719950418376,15.274390243902438,1.2269955118027611,91.66666666666669,75.0,86.33333333333333,CCC2014J
group3,F,South West Region,A Level or Equivalent,50-60%,0-35,120,0.5,1.0,2.4910714285714284,2.7013361249050174,2.3628318584070795,0.8371435847759408,3.4415584415584415,4.40541982733681,3.5256410256410255,1.0973205532998165,5.14,8.962529708486896,28.96078431372549,1.3487208815475855,89.66666666666667,83.0,86.33333333333333,CCC2014J
group3,F,Scotland,A Level or Equivalent,80-90%,35-55,30,0.625,1.0,1.7439024390243902,1.246452395098003,6.109090909090909,0.7692593632033602,2.78,2.736140465411937,7.564356435643564,1.2393567056023014,2.2170542635658914,2.211338820679672,23.476923076923075,1.1064141471727145,95.66666666666669,96.5,96.33333333333331,CCC2014J
group1,M,West Midlands Region,Lower Than A Level,70-80%,0-35,60,0.8333333333333334,0.75,2.723809523809524,3.2448042435183337,2.952830188679245,0.8632644615208958,4.34375,5.176929132033317,5.7384615384615385,1.1648970958459497,4.678571428571429,6.696287011490752,35.59649122807018,1.2517030530988316,74.33333333333333,53.5,48.0,CCC2014J
group1,M,Ireland,A Level or Equivalent,40-50%,0-35,120,0.4285714285714285,0.875,2.686274509803922,3.202660998053452,1.7864077669902914,0.7548676319573765,4.826923076923077,7.283398134533336,4.113207547169812,0.8919158287842464,7.794117647058823,11.294352066046123,16.085714285714285,1.314346406164162,93.0,57.0,54.0,CCC2014J
group3,M,East Anglian Region,A Level or Equivalent,90-100%,0-35,120,0.5,0.75,4.03125,4.680146348274788,2.0,0.6621642835894567,6.9393939393939394,11.095999825216838,2.8529411764705883,1.2613181929246648,12.72222222222222,22.3654290882302,23.57894736842105,1.2217878152777693,91.5,55.5,80.0,CCC2014J
group1,M,East Anglian Region,A Level or Equivalent,80-90%,0-35,90,0.5,0.75,3.421875,3.1157800495959784,1.7230769230769232,0.6714855598915416,10.9,11.520690768763547,2.238095238095238,0.5141721690891308,13.125,13.715562936557385,20.11764705882353,1.3867789451904122,89.33333333333333,34.5,72.0,CCC2014J
group3,F,London Region,HE Qualification,20-30%,0-35,60,1.0,0.5,2.382608695652174,2.028665660743932,2.4827586206896552,1.0055306166336528,4.724137931034483,4.598981975254028,2.7796610169491527,0.8087030325675784,6.682926829268292,10.856884968512476,27.952380952380953,1.4066052772368736,100.0,96.0,92.0,CCC2014J
group1,M,Ireland,HE Qualification,20-30%,0-35,30,0.5,1.0,7.0285714285714285,10.589911165226788,3.25,0.7045452135402096,8.482758620689655,12.414337015998802,4.833333333333333,1.3787067644896305,17.692307692307693,27.10284307160602,22.571428571428573,0.7693193532369124,79.33333333333333,51.5,39.0,CCC2014J
group3,M,North Western Region,A Level or Equivalent,80-90%,0-35,120,0.5,1.0,3.475,3.714409164731044,2.7901234567901234,0.7736659551140868,4.7407407407407405,5.37704830716204,6.363636363636363,1.1957748747236698,7.451612903225806,9.025293013442534,24.09375,1.1396926348947505,93.66666666666669,92.5,91.66666666666669,CCC2014J
group3,F,North Western Region,HE Qualification,0-10%,0-35,60,1.0,0.5,10.407407407407408,16.036638961259595,2.3214285714285716,0.6618961465938139,13.1,19.317022762865207,3.2857142857142856,0.7037571328799412,21.615384615384617,29.78405183298175,43.857142857142854,0.9676021731886078,100.0,46.0,88.0,CCC2014J
group1,M,London Region,A Level or Equivalent,90-100%,0-35,150,0.5,1.0,7.333333333333333,8.21457038844191,2.7941176470588234,0.8086101752466793,10.85,11.328933614515767,3.142857142857143,0.574959574576069,12.411764705882351,15.600716423971576,19.61111111111111,1.1870229253364308,89.33333333333333,54.0,57.666666666666664,CCC2014J
group3,M,London Region,HE Qualification,90-100%,55<=,30,1.0,0.5,6.25,8.020135949294207,2.757575757575758,1.029688507703075,6.666666666666667,8.587614711710208,3.838709677419355,1.2712149981412222,9.526315789473683,14.496621909383778,13.7,1.2729014565839667,94.5,96.0,96.0,CCC2014J
group1,F,West Midlands Region,HE Qualification,60-70%,55<=,90,1.0,0.5,2.391304347826087,2.963804016574838,2.8620689655172415,0.7647993104035772,2.5045871559633026,3.1406057837768753,11.581818181818182,1.1095370020435151,3.816666666666667,5.4165210758356475,107.52459016393442,1.2384627610027814,65.0,44.0,40.0,CCC2014J
group1,F,Scotland,HE Qualification,40-50%,0-35,60,0.75,1.0,5.255813953488372,8.731696565785112,2.2954545454545454,0.828553754079762,6.78125,10.576097136711692,3.878787878787879,0.9301141353014156,10.333333333333334,16.98038083593337,20.227272727272727,0.7719518167429923,82.0,45.5,69.0,CCC2014J
group1,M,Scotland,A Level or Equivalent,50-60%,0-35,60,0.8,0.625,6.357142857142857,7.959720023791217,3.9069767441860463,0.9033510302757324,7.733333333333333,9.947910310222438,5.645161290322581,0.8412235986092774,14.214285714285714,17.498037566576393,10.4,0.9626916162141408,80.33333333333333,33.0,65.0,CCC2014J
group3,M,North Region,A Level or Equivalent,30-40%,0-35,210,1.0,0.5,10.954545454545457,9.800278289184169,3.652173913043478,1.0607937814259747,16.066666666666666,14.325136083455677,6.75,0.9579642338057454,28.285714285714285,27.12756461433208,105.5,1.092722865361486,76.5,96.0,96.0,CCC2014J
group3,M,South Region,Lower Than A Level,70-80%,0-35,90,0.8,0.625,2.4234234234234235,1.8564362220004889,2.9017857142857144,0.873710715397942,3.0833333333333335,2.795040070550677,4.4,1.0959109928408697,4.962962962962963,4.286719126153113,28.818181818181817,1.027506344593938,100.0,92.0,96.0,CCC2014J
group1,M,North Region,Lower Than A Level,0-10%,35-55,30,0.875,1.0,2.256880733944954,2.507040714278751,3.0272727272727273,0.7325173217554085,2.7333333333333334,2.8905114045399096,10.912087912087912,1.586791519101474,2.8227848101265822,2.5708398990277432,26.75,1.3556943758853088,85.33333333333333,81.0,80.66666666666667,CCC2014J
group3,F,South West Region,A Level or Equivalent,40-50%,0-35,90,0.5,1.0,2.412280701754386,2.865144217929664,5.791304347826087,0.7817244239865088,4.389830508474576,6.459467654890023,7.233333333333333,1.0783902466211988,2.752577319587629,3.322997291085801,46.31632653061224,1.2248700887469384,97.33333333333331,93.0,92.33333333333331,CCC2014J
group3,F,North Western Region,HE Qualification,20-30%,0-35,120,1.0,0.5,3.0697674418604652,4.36777153484183,3.2988505747126435,0.8054585595294347,4.388888888888889,6.274887555684003,3.381818181818182,0.7884001195622949,5.95,11.873154377493574,18.609756097560975,1.262708960399466,96.5,96.0,96.0,CCC2014J
group3,F,London Region,A Level or Equivalent,60-70%,0-35,60,1.0,0.5,3.6301369863013697,3.8097347870476233,3.189189189189189,0.8589893381975295,4.961538461538462,5.976954232755383,7.415094339622642,0.9297112420582754,6.794871794871795,7.164163326400469,48.175,1.400902457044246,99.0,96.0,96.0,CCC2014J
group1,M,West Midlands Region,HE Qualification,60-70%,35-55,90,0.5,1.0,5.6521739130434785,7.846350577899535,2.617021276595745,1.320281147889295,7.617647058823529,11.124678288524702,4.114285714285714,0.6593200528565513,6.96969696969697,12.128182181609205,35.26470588235294,0.805860020017477,90.0,77.5,72.66666666666667,CCC2014J
group3,M,London Region,A Level or Equivalent,90-100%,35-55,60,1.0,0.5,2.4655172413793105,2.0660023758678148,5.247863247863248,0.7326963165206227,3.7142857142857144,3.807392887725636,5.333333333333333,0.870006354972369,3.433734939759036,3.004844751009071,30.916666666666668,1.457972600455022,100.0,100.0,100.0,CCC2014J
group3,M,East Anglian Region,HE Qualification,70-80%,0-35,60,0.5,1.0,8.028571428571428,8.205040467641231,2.4166666666666665,0.5375330092455137,11.0,12.859379314867276,3.375,0.7146644759706816,18.071428571428573,20.77522298580427,23.733333333333334,1.0450193279472686,88.66666666666667,92.0,92.33333333333331,CCC2014J
group3,F,London Region,A Level or Equivalent,80-90%,35-55,180,0.8333333333333334,0.75,2.686868686868687,2.2298826941163714,4.02,0.6173766531327296,3.6027397260273974,3.1257875719897346,8.067567567567568,1.4312867727803302,5.16,5.9739570859946864,16.745098039215687,0.9829804520062037,88.0,75.0,78.0,CCC2014J
group3,M,Wales,HE Qualification,90-100%,0-35,90,0.5,1.0,2.622448979591837,2.4474489395701537,3.4242424242424243,0.8354282280499785,3.240506329113924,2.896572642568693,4.3375,0.9477325459385496,4.105263157894737,4.194742502425403,15.46551724137931,0.8161456472772809,93.66666666666669,44.0,92.66666666666669,CCC2014J
group3,M,London Region,A Level or Equivalent,10-20,0-35,120,0.5,1.0,2.865979381443299,3.4297377996824263,2.8979591836734695,0.7219597961332,3.676470588235294,3.979204062280708,7.797101449275362,0.7361345761698774,6.857142857142857,8.189458278223064,37.111111111111114,1.3411653169809008,89.0,83.0,83.33333333333333,CCC2014J
group3,F,East Midlands Region,A Level or Equivalent,50-60%,35-55,60,0.6666666666666666,0.75,2.5392156862745097,3.956875376493179,3.7766990291262137,1.13298511723257,2.726315789473684,4.347760747354597,7.09375,2.1605448312101028,3.5,5.155792061441376,18.093333333333337,1.3061630491740583,97.0,97.0,95.0,CCC2014J
group3,F,South West Region,A Level or Equivalent,10-20,0-35,150,0.5,1.0,1.8905109489051095,2.1851061090024504,2.8768115942028984,0.8215796853157433,3.1772151898734178,3.492701157582275,5.0375,0.9397589424631584,2.8095238095238093,3.992390926835608,19.976470588235298,2.1978074249821105,95.0,79.0,84.66666666666667,CCC2014J
group1,M,Scotland,HE Qualification,40-50%,0-35,120,0.75,1.0,3.732394366197183,4.433501507125276,3.111111111111111,0.9516366138910164,6.868421052631579,9.256615027312582,8.384615384615385,1.014746916113722,6.341463414634147,7.531964405444176,36.76190476190476,1.2227224552980145,72.66666666666667,61.0,61.333333333333336,CCC2014J
group3,M,North Western Region,HE Qualification,50-60%,35-55,60,0.5,1.0,1.3816425120772946,1.049387804763278,4.403846153846154,0.745856130397019,2.774193548387097,3.551267478135415,3.4893617021276597,0.840999341807638,1.751552795031056,1.8235646955229647,19.35185185185185,1.2636206923692492,99.33333333333331,90.0,92.33333333333331,CCC2014J
group3,M,South Region,A Level or Equivalent,70-80%,0-35,60,0.5,1.0,2.6666666666666665,3.5180692992325913,2.234042553191489,0.7764679609172975,4.203389830508475,5.746902197066992,3.183333333333333,0.6526467295751774,5.585365853658536,8.991594991312992,32.54761904761905,1.147093524218469,93.33333333333331,89.0,91.66666666666669,CCC2014J
group3,F,East Anglian Region,A Level or Equivalent,0-10%,0-35,120,0.5,1.0,1.1859504132231404,0.5178643961508248,3.580246913580247,0.7196577334191003,2.7473684210526317,3.0526180638384837,3.5104166666666665,1.0721943309330877,1.3653846153846154,0.8798077557655227,25.822966507177032,1.6674610945626456,99.33333333333331,94.0,90.66666666666669,CCC2014J
group1,M,Wales,A Level or Equivalent,90-100%,35-55,60,0.625,1.0,3.8125,3.571825374781991,2.923076923076923,0.7899998246782652,7.483870967741935,10.016223399205694,2.78125,0.6770537031542845,5.454545454545454,7.375176924813698,23.08888888888889,1.1932588555853902,76.33333333333333,63.5,68.0,CCC2014J
group3,M,East Midlands Region,A Level or Equivalent,90-100%,0-35,120,1.0,0.5,1.559782608695652,1.1483949152815522,4.756756756756757,1.220361432032899,2.0234375,3.328390980000401,4.0310077519379846,1.430585699560492,3.010752688172043,3.318245423137361,53.212765957446805,3.635979824657429,100.0,96.0,100.0,CCC2014J
group1,M,Wales,A Level or Equivalent,90-100%,0-35,120,0.7142857142857143,0.875,5.224489795918367,6.532818770518233,2.48,0.8657249613109447,9.434782608695652,14.813464658136716,9.916666666666666,1.2920150987212868,13.5,19.584657860922967,48.526315789473685,1.1810697176428682,85.0,60.0,66.33333333333333,CCC2014J
group3,F,Yorkshire Region,A Level or Equivalent,50-60%,0-35,90,1.0,0.5,2.252173913043478,2.3651099832030713,2.543103448275862,0.7921693747547549,2.8181818181818183,3.5218381255608735,5.865168539325842,1.0907299719987191,7.53125,7.478935472809725,33.84848484848485,0.928398149217604,89.0,100.0,92.0,CCC2014J
group1,M,South West Region,Lower Than A Level,70-80%,0-35,120,0.625,1.0,7.484848484848484,7.738383278022339,3.647058823529412,0.9091110110349648,10.363636363636363,12.159830256277091,7.3478260869565215,1.464470144992391,20.727272727272727,18.63379139676577,31.666666666666668,1.1133040839678534,78.33333333333333,43.5,52.0,CCC2014J
group3,M,London Region,A Level or Equivalent,10-20,0-35,150,0.5,1.0,1.6666666666666667,1.6768317464439757,4.191860465116279,0.7820931671406546,4.596774193548387,5.135730437679088,3.761904761904762,0.7720481357962989,2.0357142857142856,2.130324777771515,15.099290780141844,1.631572433389963,99.33333333333331,96.0,97.66666666666669,CCC2014J
group3,F,Yorkshire Region,Lower Than A Level,10-20,0-35,60,0.5,1.0,2.2542372881355934,2.0262653139952516,3.7899159663865545,0.8925761862818006,3.0238095238095237,3.8713535208972623,5.952941176470588,1.0098485487714923,3.918032786885246,4.454567251586521,28.70967741935484,1.2596527938144402,92.33333333333331,99.5,93.33333333333331,CCC2014J
group3,M,Wales,Lower Than A Level,10-20,0-35,150,0.5,1.0,1.861842105263158,2.13470019640851,3.261437908496732,1.0024808484628187,2.372727272727273,3.11509815743293,4.756756756756757,0.91580146371178,3.451219512195122,4.372056156734411,39.31325301204819,1.1607102431400993,98.0,99.0,97.33333333333331,CCC2014J
group1,M,South Region,Lower Than A Level,30-40%,0-35,30,0.5,1.0,5.714285714285714,8.046738469715539,2.92,0.9082512029726452,4.589285714285714,5.249335146522792,7.526315789473684,1.0684893632095254,2.256637168141593,3.0112253114149716,64.09649122807018,1.3147662632349908,91.0,78.0,88.33333333333333,CCC2014J
group3,M,London Region,HE Qualification,30-40%,35-55,60,0.5,1.0,2.0,1.7974340685458343,3.4545454545454546,0.916341334025271,2.763440860215054,2.9869202164799513,6.404255319148936,0.896794609314821,3.3661971830985915,4.466508500958529,19.77777777777778,1.002887668836095,91.33333333333331,93.5,90.66666666666669,CCC2014J
group3,F,Scotland,A Level or Equivalent,20-30%,0-35,120,0.5,1.0,3.4722222222222223,5.938587640271832,2.3835616438356166,0.7783485062272906,4.049180327868853,6.795651132668589,3.4193548387096775,0.912123167190326,9.64,17.625455076867283,31.384615384615383,1.155371463206998,93.66666666666669,91.5,82.0,CCC2014J
group3,M,London Region,A Level or Equivalent,30-40%,35-55,120,0.625,1.0,1.267605633802817,1.0589833119848726,8.093457943925234,1.0519491054003804,3.5694444444444446,5.661399789304311,5.232876712328767,1.8298260790631249,1.4397905759162304,1.1310395582058606,38.697916666666664,2.1279628266375124,100.0,98.5,98.66666666666669,CCC2014J
group3,F,Scotland,HE Qualification,90-100%,0-35,60,1.0,0.5,6.195121951219512,7.345813475018008,2.9285714285714284,0.9015596682502092,13.157894736842104,12.473363432596576,2.95,0.6819796453807021,20.25,26.6871606855159,68.84615384615384,0.7890372739016388,100.0,100.0,100.0,CCC2014J
group3,F,Ireland,HE Qualification,90-100%,0-35,60,0.625,1.0,2.904255319148936,3.279355919374892,3.231578947368421,0.7936527371661509,4.258620689655173,5.841654250288638,6.898305084745763,1.2580236480628717,6.317073170731708,8.415577889813164,20.738095238095237,1.0893804328485093,98.0,94.5,96.66666666666669,CCC2014J
group3,M,London Region,HE Qualification,40-50%,35-55,90,0.5,1.0,2.014388489208633,1.970748447211207,3.492857142857143,1.0262894824305913,2.912087912087912,4.701414330102878,5.25,1.2172557353283595,2.9473684210526314,4.4010840566228975,35.6875,1.23288032943056,93.33333333333331,87.0,84.0,CCC2014J
group3,M,London Region,A Level or Equivalent,30-40%,0-35,60,0.5,1.0,7.029411764705882,6.312495036266381,3.5142857142857142,0.9795314134522948,10.391304347826088,10.633305867691822,5.583333333333333,1.0222518702189711,33.166666666666664,32.96917752487415,22.428571428571427,0.7057140883803589,87.0,76.5,69.0,CCC2014J
group3,M,Wales,HE Qualification,20-30%,0-35,60,0.5714285714285714,0.875,3.5588235294117645,4.162312621182247,7.231884057971015,0.9487491233707626,4.8,5.547567953985029,14.098039215686274,0.9850918187425506,7.333333333333333,8.391463916782737,36.14705882352941,1.25284756304021,97.0,96.5,98.0,CCC2014J
group1,F,London Region,Lower Than A Level,10-20,0-35,120,0.625,1.0,2.388888888888889,1.9132266298250324,2.1926605504587156,0.7399827344107862,2.311926605504587,2.6932606140706303,5.572727272727272,0.8117377112868083,7.925925925925926,15.3596021731482,27.035714285714285,1.0149119647612337,72.33333333333333,42.5,40.666666666666664,CCC2014J
group1,M,South West Region,HE Qualification,40-50%,0-35,60,0.75,1.0,2.7857142857142856,3.5355339059327373,2.919191919191919,0.7067129925170892,3.2564102564102564,4.9737907815462785,4.30379746835443,1.1348978278174535,3.819672131147541,8.239150839581532,20.93548387096774,1.0363146566317092,82.33333333333333,40.5,80.66666666666667,CCC2014J
group1,F,South East Region,A Level or Equivalent,30-40%,35-55,30,0.5,1.0,5.644444444444445,6.456693340161734,3.717391304347826,0.6581221179513161,5.906976744186046,6.725268461585655,15.727272727272728,1.7637731675856676,10.08,10.700155762106144,46.23076923076923,1.5335258993912897,97.33333333333331,96.0,97.66666666666669,CCC2014J
group3,F,South West Region,A Level or Equivalent,40-50%,0-35,30,1.0,0.5,3.9846153846153847,3.41637741114541,2.015151515151515,0.682887260430649,5.976190476190476,6.1939706924107805,3.511627906976744,0.96983131620686,7.875,9.125469497422426,25.87878787878788,1.0996282564219726,93.5,92.0,92.0,CCC2014J
group1,M,North Western Region,A Level or Equivalent,10-20,0-35,120,0.75,1.0,5.9743589743589745,6.710114829542118,3.15,0.7858345266340675,8.481481481481481,10.389974347974444,4.285714285714286,0.6355225321645873,12.8125,16.16258539549495,48.1764705882353,0.7927166475763823,68.66666666666667,21.5,58.666666666666664,CCC2014J
group3,F,East Midlands Region,A Level or Equivalent,90-100%,0-35,90,0.5714285714285714,0.875,5.26530612244898,5.974862307353764,2.78,0.7451862321416503,7.166666666666667,8.065800819332377,3.5675675675675675,0.6913475482757475,9.75,12.680865421022611,54.96,1.1136974130899433,90.0,89.0,92.5,CCC2014J
group1,M,South West Region,A Level or Equivalent,80-90%,0-35,120,0.625,1.0,4.2105263157894735,5.297360670672516,2.4655172413793105,0.8822558986389171,3.476923076923077,5.5201553768544755,5.303030303030303,0.94512281892733,6.108108108108108,9.125007713189383,15.736842105263158,1.3187227778300232,63.0,68.0,55.666666666666664,CCC2014J
group3,M,South Region,A Level or Equivalent,20-30%,35-55,120,0.75,1.0,2.037593984962406,2.2101899515158707,3.91044776119403,1.1485188826476245,2.858695652173913,3.494364447988433,5.602150537634409,1.4423797952334827,13.61111111111111,12.88016664529064,17.473684210526315,1.4629936974785482,86.0,54.0,71.33333333333333,CCC2014J
group3,M,London Region,A Level or Equivalent,0-10%,0-35,90,1.0,0.5,3.723076923076923,3.466390829755841,2.4242424242424243,0.7635239027037727,3.5,3.7009081738777865,10.492063492063492,1.259504208254755,10.19047619047619,12.126908293621453,25.818181818181817,0.8730335400153125,78.0,90.0,100.0,CCC2014J
group3,M,East Anglian Region,A Level or Equivalent,50-60%,0-35,120,0.8571428571428571,0.875,3.3194444444444446,3.8118657916788625,3.9178082191780823,0.735114394676302,3.931034482758621,5.129420024550901,3.6440677966101696,0.6203681804268338,5.975,9.121649367273838,34.170731707317074,1.499812798345273,40.0,73.5,89.0,CCC2014J
group1,F,East Anglian Region,HE Qualification,60-70%,0-35,30,0.5,1.0,4.074626865671642,4.204303108886003,2.1029411764705883,0.6829916385767032,7.314285714285714,10.052133015000374,2.388888888888889,0.6996097189065731,10.2,14.9164338901763,16.0,0.9872991519213492,72.66666666666667,63.0,67.33333333333333,CCC2014J
group1,M,South East Region,A Level or Equivalent,70-80%,0-35,60,0.5,1.0,3.5833333333333335,4.892506486281838,3.452054794520548,0.9530090521418716,4.526315789473684,7.665100090572611,3.586206896551724,0.9715345788338274,9.904761904761903,16.077639011698086,56.13636363636363,1.0289217010564424,62.333333333333336,51.0,58.0,CCC2014J
group1,M,Scotland,Lower Than A Level,60-70%,35-55,60,0.5,1.0,3.185185185185185,3.728642886866182,2.6341463414634148,1.0597706613203328,6.075,8.026837995445542,10.0,1.024576057479861,8.36,10.781465577554846,28.615384615384617,1.3386341041846028,81.33333333333333,73.0,67.66666666666667,CCC2014J
group1,M,North Western Region,A Level or Equivalent,90-100%,0-35,90,0.5714285714285714,0.875,6.7272727272727275,6.915890792554887,2.323529411764706,0.8066579223470794,10.173913043478262,13.690249263661556,2.8333333333333335,0.9807842353254744,13.5,23.908389973210475,23.0,0.5998796923549586,64.33333333333333,44.0,33.666666666666664,CCC2014J
group3,M,East Midlands Region,A Level or Equivalent,10-20,35-55,60,0.5,1.0,4.073529411764706,3.6254332791831385,2.420289855072464,0.7556781839718578,7.102564102564102,6.1421531960657445,5.825,2.4525597014413485,8.606060606060606,9.383960364431008,17.764705882352942,0.98223887666091,98.33333333333331,97.0,98.33333333333331,CCC2014J
group3,M,London Region,A Level or Equivalent,30-40%,0-35,120,0.625,1.0,6.511627906976744,8.20096420876767,2.5681818181818183,0.8879154048401235,10.37037037037037,12.14067590359002,4.107142857142857,0.734306508992899,12.65,18.55652814623752,92.33333333333331,0.8139630604016358,97.0,98.5,95.66666666666669,CCC2014J
group3,M,East Anglian Region,A Level or Equivalent,90-100%,0-35,120,0.625,1.0,4.526315789473684,6.861136055342788,2.8620689655172415,1.1246199015959824,7.03030303030303,9.831342890485663,6.117647058823529,1.516276338571318,13.470588235294118,17.76625188052767,31.5,0.9749960430435692,94.33333333333331,89.5,86.66666666666667,CCC2014J
group3,M,North Western Region,Lower Than A Level,20-30%,0-35,120,0.5,1.0,2.6262626262626263,3.293735112535332,3.82,0.83308613604701,4.5,5.595452699209503,10.789473684210526,1.7573121364385111,5.511111111111111,11.091811521491104,43.02173913043478,1.3663672890731795,95.0,94.0,89.66666666666667,CCC2014J
group3,F,South West Region,Lower Than A Level,20-30%,35-55,60,0.5,1.0,2.1923076923076925,2.388915468134831,3.0916030534351147,0.8557399192090118,3.2588235294117647,3.891850279679291,6.790697674418604,1.589395331323953,5.382978723404255,7.103438210654116,14.854166666666666,0.9813653756011684,98.66666666666669,95.0,96.0,CCC2014J
group1,M,East Anglian Region,HE Qualification,60-70%,0-35,30,0.5,1.0,4.4363636363636365,4.871548679012305,2.767857142857143,0.950972994251701,3.703125,5.251393428082488,12.307692307692308,1.0996306197992125,5.585365853658536,7.566292387147411,72.28571428571429,1.180442574563889,76.33333333333333,48.5,70.33333333333333,CCC2014J
group3,M,Scotland,Lower Than A Level,10-20,0-35,90,1.0,0.625,1.4555555555555555,1.238679339165801,3.9060773480662982,0.790433226132899,1.8854961832061068,2.2382727591194262,5.590909090909091,1.7138795030763634,2.4019607843137254,3.4476561242273207,32.398058252427184,0.9151129203886031,69.66666666666667,79.0,94.0,CCC2014J
group3,M,South Region,A Level or Equivalent,30-40%,35-55,90,0.5,1.0,1.5617977528089888,1.3144572567295345,5.743016759776537,1.0171599937601634,2.8105263157894735,2.8295354736494356,5.989583333333333,0.9412134708617218,2.030075187969925,2.625457679073683,24.05223880597015,1.592478236043949,100.0,99.0,95.33333333333331,CCC2014J
group1,M,Scotland,Lower Than A Level,30-40%,0-35,120,0.8571428571428571,0.875,2.525252525252525,2.8726132394277157,5.29,1.2054786474146308,4.214285714285714,5.620463538678138,8.070175438596491,1.3504077659046176,4.169491525423729,5.7390151214805245,105.28333333333332,2.5926800563070405,56.0,58.0,46.0,CCC2014J
group3,M,South Region,A Level or Equivalent,70-80%,0-35,60,0.5,1.0,2.6470588235294117,2.7091595964944206,2.728155339805826,0.6403914343545405,3.5526315789473686,3.9239257106189127,3.4545454545454546,0.7235645834140801,7.620689655172414,14.857450735726234,17.733333333333334,1.311049464426879,91.66666666666669,89.0,84.0,CCC2014J
group1,M,South Region,A Level or Equivalent,80-90%,0-35,120,0.75,1.0,4.176470588235294,4.495241850849573,3.318840579710145,0.7600009835608397,5.565217391304348,5.447332370224055,5.531914893617022,1.4031346985405644,6.2439024390243905,7.822341362421093,21.285714285714285,1.2641939202060066,66.0,50.5,73.0,CCC2014J
group3,F,Scotland,HE Qualification,50-60%,55<=,60,0.5,1.0,1.1169354838709675,0.7677952846037048,12.855421686746988,0.6359943054688281,3.276315789473684,3.427724937274582,2.844155844155844,1.1832917274949393,1.244343891402715,1.1257430472687269,23.954954954954953,1.6330757156096467,100.0,97.5,98.0,CCC2014J
group3,F,West Midlands Region,HE Qualification,60-70%,0-35,120,1.0,0.625,1.298165137614679,0.7847018455622383,4.141552511415525,0.8060539863421732,2.693877551020408,4.925021666738266,4.555555555555555,1.1254644694632647,1.554945054945055,1.6735685719205418,13.278688524590164,1.3196289308610096,90.66666666666669,56.0,80.0,CCC2014J
group3,F,North Western Region,A Level or Equivalent,90-100%,0-35,120,0.625,1.0,3.5641025641025643,3.2973414855699845,2.2911392405063293,0.8622325381171004,5.9772727272727275,7.039716684189607,3.6666666666666665,1.0172073258690448,6.846153846153846,11.226234456885877,16.4,1.175248527642202,90.33333333333331,75.0,79.33333333333333,CCC2014J
group3,M,South East Region,A Level or Equivalent,10-20,0-35,120,1.0,0.5,5.954545454545454,6.541298304580961,3.5555555555555554,0.904200268192838,8.1875,8.391383829896304,7.696969696969697,1.0706345279863645,7.081081081081081,7.454969924592357,58.473684210526315,1.6418895131148878,80.5,88.0,92.0,CCC2014J
group1,F,London Region,A Level or Equivalent,0-10%,0-35,120,0.4,0.625,6.7272727272727275,7.530242058164229,2.1176470588235294,1.091139963411242,20.0,20.386269889315212,4.166666666666667,0.6183849933496123,30.0,35.60898762952971,22.0,1.050383637117395,79.0,55.0,61.0,CCC2014J
group3,M,West Midlands Region,A Level or Equivalent,0-10%,0-35,90,0.625,1.0,2.385321100917431,2.1469541598408752,3.2,0.8836825710421342,2.9176470588235293,3.430298351267931,9.209302325581396,1.911142409571375,6.0,9.338592095470355,17.488888888888887,1.2800200747090984,99.33333333333331,89.0,89.33333333333333,CCC2014J
group3,F,East Anglian Region,A Level or Equivalent,50-60%,0-35,60,0.5,1.0,3.2738095238095237,2.75659642800613,2.5058823529411764,0.8495706985529824,4.0,4.089898865164361,6.0,1.4950900031928038,8.172413793103448,7.887915556258199,25.8,0.9550626695889528,99.33333333333331,97.0,95.0,CCC2014J
group3,M,Scotland,HE Qualification,90-100%,55<=,30,0.5,1.0,3.119047619047619,3.391714787909559,2.929411764705882,0.7456696922545105,3.9545454545454546,4.383296329623029,5.626865671641791,0.7563915236931693,5.325581395348837,6.346055881346259,36.59090909090909,1.1309513528618398,98.66666666666669,97.0,98.0,CCC2014J
group3,M,Yorkshire Region,HE Qualification,80-90%,55<=,30,0.5,1.0,3.6202531645569622,4.167344962641095,3.175,0.7727374678675731,5.607843137254902,7.147246830416727,6.1923076923076925,0.7481572078061532,5.2,7.230081194155018,49.107142857142854,1.28684923696511,99.33333333333331,97.5,99.33333333333331,CCC2014J
group3,M,North Region,A Level or Equivalent,70-80%,0-35,60,1.0,0.5,3.2375,4.22842625661072,1.8024691358024691,0.7866282552831153,6.45,9.708442004453968,3.073170731707317,0.7652868058366776,6.073170731707317,8.612172327300582,37.5,0.9527281906666798,100.0,96.0,100.0,CCC2014J
group3,M,Scotland,Post Graduate Qualification,90-100%,0-35,30,0.5,1.0,4.351851851851852,5.249105610814767,2.672727272727273,0.8912862760516996,5.108695652173913,7.662979579683567,5.319148936170213,1.2780860690892455,11.19047619047619,17.32806696553037,32.13636363636363,2.035262384184823,85.66666666666667,60.5,76.0,CCC2014J
group1,M,North Western Region,Lower Than A Level,0-10%,0-35,90,0.8333333333333334,0.75,3.984375,5.137759957506033,2.230769230769231,0.804860384049388,4.711538461538462,6.681365771091953,5.169811320754717,1.5303507659640936,4.811320754716981,10.539407011076946,48.351851851851855,1.0930284029204205,88.33333333333333,77.5,83.0,CCC2014J
group3,F,Scotland,A Level or Equivalent,90-100%,0-35,120,0.5,1.0,2.361111111111111,2.155012992277479,3.165137614678899,0.8848796371680907,3.408450704225352,4.14238531969455,6.0,1.510508458258058,3.1298701298701297,3.5922088548128763,29.5,1.2301593134412316,83.0,82.0,88.33333333333333,CCC2014J
group3,M,East Anglian Region,A Level or Equivalent,10-20,0-35,90,1.0,0.5,3.8493150684931505,2.8317212711858586,1.891891891891892,0.5865847190756517,5.4186046511627906,4.885510930728081,2.5,0.7745966692414834,12.4375,16.44371713857099,12.647058823529411,1.023044375617942,91.0,96.0,96.0,CCC2014J
group3,M,East Anglian Region,A Level or Equivalent,0-10%,0-35,120,0.5,1.0,5.630434782608695,6.505924464678068,2.25531914893617,0.8936905534181163,8.444444444444445,10.69627301494574,2.8214285714285716,0.7279306502445506,18.692307692307693,16.07992856215793,19.357142857142858,1.0781035006560973,96.66666666666669,85.0,89.66666666666667,CCC2014J
group3,M,London Region,HE Qualification,30-40%,35-55,90,0.5,1.0,2.6296296296296298,3.0983643336100384,3.36697247706422,0.8212083832531704,4.483870967741935,7.381283231729573,5.571428571428571,0.9139306287916787,5.368421052631579,9.231031837822693,36.12820512820513,0.9814176109532128,94.33333333333331,97.5,97.33333333333331,CCC2014J
group3,M,South Region,HE Qualification,80-90%,0-35,120,0.4285714285714285,0.875,1.2036199095022624,0.8029409127824982,5.7657657657657655,1.1649566616134266,2.0546875,3.285157731205252,4.147286821705427,0.9691944765855658,1.5833333333333333,2.567453284339458,21.100591715976332,1.169641038145669,85.33333333333333,99.0,98.33333333333331,CCC2014J
group1,F,East Anglian Region,A Level or Equivalent,80-90%,35-55,60,1.0,0.5,3.855072463768116,5.07089550717344,3.0142857142857142,0.905064378216702,5.115384615384615,6.29551301824529,5.39622641509434,1.2896079480183722,8.464285714285714,15.034484170922337,24.620689655172413,1.1453003625522444,81.5,50.0,75.0,CCC2014J
group3,F,South East Region,A Level or Equivalent,10-20,0-35,90,0.5,1.0,4.581818181818182,4.395666675475464,3.125,0.9408810460717884,5.478260869565218,7.1078645970808125,5.0,0.961381983994362,10.0,11.743083070471744,27.318181818181817,1.4802939689732346,92.0,83.5,82.0,CCC2014J
group3,F,Scotland,A Level or Equivalent,50-60%,35-55,90,0.5,1.0,4.338983050847458,5.776319582009022,2.55,0.7889568446561063,6.918918918918919,10.879078745663824,6.0,1.0582452650192546,9.148148148148149,14.28205895440878,44.464285714285715,0.7441250141887067,97.66666666666669,99.5,97.33333333333331,CCC2014J
group3,F,Yorkshire Region,A Level or Equivalent,70-80%,0-35,90,0.5714285714285714,0.875,4.1692307692307695,5.644602595536595,4.424242424242424,0.7104823276652023,4.9361702127659575,8.289344273954177,6.833333333333333,0.7635354069511479,10.043478260869565,16.134317634582406,99.04166666666669,1.529635572755862,99.0,89.5,81.33333333333333,CCC2014J
group3,F,South East Region,A Level or Equivalent,50-60%,0-35,60,0.8,0.625,11.772727272727272,12.831998019021558,3.4347826086956523,0.7622313527759289,17.714285714285715,12.95808967063,4.066666666666666,0.8104398094628378,22.545454545454547,22.88826614824127,31.583333333333332,0.9437320131119404,90.5,75.0,58.0,CCC2014J
group3,M,South West Region,A Level or Equivalent,20-30%,0-35,150,0.75,1.0,3.8955223880597014,4.799413879486993,3.323529411764706,1.2128414634159737,5.5,8.770531467489425,7.531914893617022,1.0691334709728757,9.25925925925926,15.129168446802948,35.67857142857143,2.2261188770828375,91.0,95.5,88.0,CCC2014J
group3,F,Ireland,A Level or Equivalent,80-90%,0-35,150,0.5,1.0,4.258064516129032,3.9997355808954302,2.8412698412698414,0.6988824582791511,6.972222222222222,9.563281299133118,7.837837837837838,1.257982833174299,13.947368421052632,15.064578336874757,33.3,1.515493366388316,84.33333333333333,72.0,71.66666666666667,CCC2014J
group3,F,Scotland,A Level or Equivalent,20-30%,0-35,60,0.5,1.0,1.8702290076335877,1.890856324383155,3.856060606060606,1.143902772824799,2.396039603960396,2.6460506719289865,5.735294117647059,1.04099195768841,4.938775510204081,6.272984946263973,40.64,1.2466801347670209,91.33333333333331,95.0,92.66666666666669,CCC2014J
group1,M,Scotland,A Level or Equivalent,80-90%,35-55,60,0.5,1.0,4.245901639344262,5.078240304491698,4.048387096774194,0.8503993162972174,4.4655172413793105,5.6014268772430675,23.593220338983052,1.7918187493639164,6.230769230769231,8.57923299988972,39.575,1.393916590419655,63.0,69.5,59.0,CCC2014J
group1,F,Scotland,A Level or Equivalent,40-50%,0-35,120,0.75,1.0,4.066666666666666,3.6632238587817727,2.377049180327869,0.7922334058358277,9.037037037037036,11.540835463296546,8.392857142857142,1.1753542755932247,26.25,31.367635732209266,30.444444444444443,0.7620486897513227,49.666666666666664,23.0,24.666666666666668,CCC2014J
group3,M,London Region,A Level or Equivalent,20-30%,0-35,120,0.5714285714285714,0.875,2.868131868131868,2.6800032802997804,3.2717391304347827,0.9014226396343208,5.553191489361702,7.7874160212885535,6.895833333333333,1.684985563513339,9.0,11.123276168794549,29.083333333333332,0.9071607896906868,85.33333333333333,73.0,85.66666666666667,CCC2014J
group3,M,South West Region,HE Qualification,70-80%,55<=,120,0.5,1.0,1.7961783439490446,1.6398047628596646,4.291139240506329,1.1590705876600744,3.681159420289855,4.363932231179705,11.985714285714286,2.6356380169318623,1.9708029197080292,1.8025374510240704,25.333333333333332,1.3159067453460784,100.0,100.0,98.33333333333331,CCC2014J
group1,M,East Anglian Region,Lower Than A Level,80-90%,0-35,60,1.0,0.5,2.28,2.8329854308861,4.349206349206349,1.0493954225348638,2.6373626373626373,3.288081113883509,44.96739130434783,1.4080590417747576,4.8,7.68513008932158,17.098039215686274,0.9868690644957494,65.0,73.0,79.0,CCC2014J
group1,M,East Midlands Region,A Level or Equivalent,20-30%,0-35,120,0.625,1.0,8.931034482758621,9.971140622827312,3.0,0.8210201423071629,9.826086956521738,12.492369212345167,9.375,1.2118183460006304,26.5,33.166247903554,31.11111111111111,0.9988386113024322,17.333333333333332,15.0,11.0,CCC2014J
group3,M,South East Region,Post Graduate Qualification,40-50%,35-55,90,0.5,1.0,1.9574468085106385,2.3356624646845208,4.316901408450704,1.0102411177638468,4.625,5.51217660358328,4.140350877192983,1.0662485415289222,3.046511627906977,3.9761257429050976,9.114942528735632,1.458261430546441,98.66666666666669,98.0,94.0,CCC2014J
group1,F,Scotland,A Level or Equivalent,40-50%,0-35,30,0.875,1.0,3.554054054054054,4.56952949195648,4.44,0.9048262830479596,3.707692307692308,4.443123468219869,5.090909090909091,1.0381232248302572,6.4324324324324325,9.388351353733048,43.8421052631579,1.3236691881885705,71.66666666666667,40.0,59.333333333333336,CCC2014J
group3,F,North Region,A Level or Equivalent,70-80%,0-35,120,1.0,0.5,13.61111111111111,13.057064298860412,2.8421052631578947,0.7243558228002943,17.133333333333333,15.541955506061036,5.5,1.434521258005409,28.714285714285715,34.64445258967293,49.875,0.7245448884949255,89.0,77.0,83.0,CCC2014J
group3,M,Scotland,HE Qualification,40-50%,0-35,60,0.5,1.0,2.316666666666667,3.259074811576283,3.0330578512396693,0.9534293173944416,3.6714285714285713,4.474473262081793,5.661971830985915,1.0600926566494844,5.270833333333333,7.505287734099952,24.142857142857142,1.433125833667135,95.66666666666669,75.0,94.66666666666669,CCC2014J
group1,F,South Region,A Level or Equivalent,80-90%,0-35,30,0.75,1.0,3.589041095890411,3.627960922697625,2.9864864864864864,0.7775040849520174,5.0,5.138093031466051,11.461538461538462,1.4849438813321614,8.115384615384615,12.64698200544912,18.666666666666668,0.8619655990105121,75.66666666666667,68.5,77.33333333333333,CCC2014J
group3,F,East Anglian Region,A Level or Equivalent,80-90%,0-35,120,0.5,1.0,3.5652173913043477,4.192003104194394,2.142857142857143,0.7740226812639995,5.065217391304348,5.372366223609456,3.74468085106383,0.8435156163588925,13.466666666666669,15.756480148391857,34.125,1.04234822528441,98.66666666666669,97.5,97.33333333333331,CCC2014J
group3,F,London Region,HE Qualification,20-30%,0-35,30,0.5,1.0,3.550724637681159,4.663803774136383,2.5285714285714285,0.8836165416790145,3.6515151515151514,4.453149012837559,12.880597014925373,5.212765815247896,9.23076923076923,11.107862773036738,18.185185185185187,1.1962806847989906,90.66666666666669,88.0,71.33333333333333,CCC2014J
group3,M,Scotland,A Level or Equivalent,90-100%,0-35,120,0.5,1.0,2.3947368421052633,2.5715200595874683,2.88695652173913,0.8640221814811526,2.648936170212766,3.4755906028893424,5.831578947368421,0.8827139292724402,6.404761904761905,10.118949920960356,59.06976744186046,1.5922572124396428,97.33333333333331,95.0,97.0,CCC2014J
group1,M,Scotland,HE Qualification,80-90%,0-35,30,0.5,1.0,6.333333333333333,6.6780604390848515,2.325,0.7596452671475296,7.5,10.06751402828312,2.939393939393939,1.0723631854800697,12.555555555555555,20.903763303803405,16.526315789473685,0.5781811830782276,70.0,49.0,62.666666666666664,CCC2014J
group1,M,Scotland,Lower Than A Level,40-50%,35-55,60,0.5,1.0,3.392857142857143,3.322134083825067,4.376470588235295,0.8426293848802177,5.480769230769231,7.596413974964418,9.320754716981131,0.8073903832305294,7.315789473684211,10.358715518717757,27.333333333333332,1.6418080868320435,84.66666666666667,75.0,77.33333333333333,CCC2014J
group3,M,Scotland,A Level or Equivalent,80-90%,0-35,90,0.875,1.0,4.581818181818182,7.465205484733354,2.9464285714285716,0.8470767536828854,12.578947368421051,17.500208854225725,7.55,1.7016001828621683,10.173913043478262,16.915974628393673,13.416666666666666,1.3059292395000095,98.0,65.0,90.33333333333331,CCC2014J
group3,F,Scotland,A Level or Equivalent,80-90%,0-35,30,0.75,1.0,4.796296296296297,5.356638024864101,2.109090909090909,0.7382653126209187,7.0,8.576453553512405,3.210526315789474,0.7397058473887526,26.444444444444443,21.605040564131738,23.1,1.0299846719756505,82.66666666666667,89.0,87.33333333333333,CCC2014J
group3,M,Scotland,HE Qualification,30-40%,0-35,120,0.5,1.0,6.885714285714286,5.924879887446856,1.9444444444444444,0.7661192958738241,8.571428571428571,7.182430061427788,3.0,0.7530270967429518,14.0625,9.732890971682908,19.470588235294116,1.1447958721637084,96.33333333333331,98.0,95.33333333333331,CCC2014J
group1,M,Scotland,A Level or Equivalent,60-70%,0-35,90,1.0,0.5,5.378378378378378,5.789604435496394,3.026315789473684,0.7968273573548486,6.419354838709677,8.736033400227615,17.5625,1.5027024873597417,10.31578947368421,10.535931280775152,34.85,1.1738177389737463,71.5,29.0,57.0,CCC2014J
group3,M,London Region,A Level or Equivalent,20-30%,35-55,120,0.8,0.625,1.2345132743362832,0.8706850341609745,7.444933920704845,0.7499322472110554,2.122137404580153,2.517700112781072,8.93939393939394,2.514773356196634,1.336734693877551,0.8764014716487594,63.40609137055838,2.0159500392026892,100.0,96.0,100.0,CCC2014J
group3,M,South West Region,A Level or Equivalent,10-20,0-35,120,0.5,1.0,4.164179104477612,4.57793461080091,2.676470588235294,0.8141514919556685,7.67741935483871,10.42237048140263,4.34375,0.8853014202107041,15.8125,18.53364058498312,32.0,1.3663245701085642,91.33333333333331,44.0,84.0,CCC2014J
group3,F,East Midlands Region,A Level or Equivalent,50-60%,0-35,120,0.5,1.0,3.391891891891892,3.178771915734459,2.1733333333333333,0.7142959302001416,4.032786885245901,3.785794558234568,9.903225806451612,1.4206100162906572,6.2894736842105265,5.867491267105477,41.15384615384615,0.8220630731031415,98.66666666666669,95.5,95.66666666666669,CCC2014J
group3,M,London Region,A Level or Equivalent,30-40%,0-35,120,0.6666666666666666,0.75,7.714285714285714,8.936282384590521,2.1666666666666665,0.6007884366082042,9.4,10.41633332799983,4.6923076923076925,0.8034459511372358,17.53846153846154,21.247020907315395,49.92857142857143,0.9505972187946492,82.66666666666667,77.0,92.0,CCC2014J
group1,M,South East Region,A Level or Equivalent,20-30%,0-35,60,0.625,1.0,11.55,10.71386214701604,1.619047619047619,1.0522672835293128,22.4,19.53458471531965,1.7272727272727273,0.4993069989739546,56.0,22.135943621178654,61.0,0.5760610018759209,72.0,66.5,25.0,CCC2014J
group3,M,Wales,HE Qualification,90-100%,0-35,60,0.5,1.0,4.174603174603175,4.334928218848659,2.3125,0.8157507174479227,5.883720930232558,5.720511558566625,4.954545454545454,1.357333171060508,11.833333333333334,16.446884203398525,20.526315789473685,1.492105017517353,97.33333333333331,92.5,98.0,CCC2014J
group1,M,East Anglian Region,A Level or Equivalent,80-90%,0-35,30,1.0,0.5,5.196078431372549,9.066464818975778,3.230769230769231,1.025883834419549,3.6301369863013697,5.984950685109807,7.905405405405405,1.7747418192777056,4.934782608695652,7.998339199589552,38.85106382978723,1.7607042050198682,91.5,33.0,77.0,CCC2014J
group3,F,South West Region,A Level or Equivalent,70-80%,0-35,60,0.5,1.0,4.171875,6.895028546046322,3.076923076923077,0.812865302494823,4.316666666666666,6.904902867949644,4.360655737704918,0.8906204671759235,6.256410256410256,7.14775617614201,33.625,0.9333431715197854,100.0,89.5,96.0,CCC2014J
group3,M,South East Region,A Level or Equivalent,80-90%,0-35,90,0.5,1.0,1.74375,1.6869714406324232,3.919254658385093,0.9635290680869782,1.875912408759124,1.7424005392934727,20.094202898550726,1.264256943974781,4.426229508196721,5.113573494121447,8.838709677419354,1.741059532160865,84.0,95.0,97.33333333333331,CCC2014J
group3,M,South East Region,HE Qualification,90-100%,55<=,60,0.5,1.0,3.263157894736842,3.134191745049565,3.4285714285714284,0.8374896350934076,2.6021505376344085,2.5881829489222934,6.127659574468085,0.8226235999479701,5.065217391304348,5.109477789855257,31.27659574468085,0.862841975509048,95.66666666666669,97.5,98.66666666666669,CCC2014J
group3,M,London Region,HE Qualification,40-50%,35-55,30,0.5,1.0,2.283333333333333,2.050551609875232,3.983471074380166,0.8310209936842806,3.113636363636364,3.2745336359419728,4.685393258426966,1.1368575902663491,5.26530612244898,6.294096143093416,19.38,1.0090795009352858,87.66666666666667,92.5,97.0,CCC2014J
group3,M,Scotland,HE Qualification,80-90%,55<=,30,0.625,1.0,2.3963963963963963,2.3091882843004665,4.892857142857143,0.9271222412791036,2.880434782608696,2.915824167901339,15.365591397849462,1.9719291790584783,3.0344827586206895,3.515574238918933,27.375,1.0778832247863666,86.33333333333333,90.0,90.33333333333331,CCC2014J
group1,M,Scotland,Lower Than A Level,50-60%,55<=,30,0.625,1.0,3.0588235294117645,4.095156666508536,4.744186046511628,0.8578291315383276,3.3333333333333335,4.667285054884669,17.21518987341772,1.289210700430231,4.0625,6.243409223345745,34.246153846153845,1.0209792076354791,71.66666666666667,44.0,50.333333333333336,CCC2014J
group3,M,East Midlands Region,A Level or Equivalent,80-90%,35-55,60,0.5,1.0,3.1797752808988764,3.2388332556676,2.088888888888889,0.7607684756928137,4.769230769230769,5.035619729819601,4.471698113207547,0.7934509124340426,6.243243243243243,7.715084090437545,34.0,1.074615634359517,85.66666666666667,95.5,96.33333333333331,CCC2014J
group1,M,Scotland,A Level or Equivalent,40-50%,35-55,60,0.5714285714285714,0.875,3.3376623376623376,4.612940578331871,3.91025641025641,0.9648985921850816,6.7631578947368425,9.840441130867616,4.153846153846154,0.9033038986088148,6.837837837837838,12.83985443304798,24.57894736842105,1.026026688678216,41.5,38.0,35.333333333333336,CCC2014J
group3,M,Scotland,A Level or Equivalent,80-90%,35-55,60,0.5,1.0,4.311475409836065,4.096913405669189,2.129032258064516,0.8664229366967152,6.571428571428571,7.063933724481391,3.8055555555555554,1.165028445219881,9.875,12.89864333951443,13.28,1.3351088362328454,95.33333333333331,64.0,88.66666666666667,CCC2014J
group3,M,East Midlands Region,A Level or Equivalent,60-70%,35-55,240,0.5,1.0,4.88,4.3548706018874626,1.843137254901961,0.8818885862154345,6.914285714285715,7.523967306787919,7.111111111111111,1.860228270602831,9.875,10.613004737830725,13.12,0.971389500136588,99.33333333333331,90.0,96.33333333333331,CCC2014J
group3,M,North Western Region,HE Qualification,80-90%,35-55,60,0.5,1.0,1.036101083032491,0.2667503661874555,10.60431654676259,0.9806999984786436,2.183206106870229,2.708395854255252,6.878787878787879,0.9075157174969092,1.2085106382978723,0.9216831934425068,27.35593220338983,1.464771025874198,92.33333333333331,93.0,99.33333333333331,CCC2014J
group3,M,North Region,HE Qualification,80-90%,35-55,120,0.5,1.0,3.4691358024691357,3.021119079716515,2.707317073170732,0.8369170567562949,4.962962962962963,7.307176526611027,5.8545454545454545,1.1822308754995583,10.708333333333334,9.552960691378066,54.08,1.4463219815293908,98.66666666666669,87.5,93.66666666666669,CCC2014J
group3,M,East Midlands Region,A Level or Equivalent,60-70%,35-55,150,0.7142857142857143,0.875,5.958333333333333,7.612862389329343,4.489795918367347,1.3641968545086298,13.0,16.402823890383853,5.809523809523809,1.9830645513399137,10.391304347826088,15.98220354142462,36.208333333333336,1.1384934375607494,98.0,92.5,87.5,CCC2014J
group1,F,East Anglian Region,Lower Than A Level,40-50%,35-55,120,1.0,0.5,7.0,8.375789285425354,3.097560975609756,1.0425862908998698,10.791666666666666,15.185746081703428,5.08,1.170450656759814,14.875,22.294618184665104,41.76470588235294,1.7804231981556653,88.0,54.0,98.0,CCC2014J
group3,M,Wales,HE Qualification,20-30%,35-55,90,0.8571428571428571,0.875,6.083333333333333,7.299217179161847,3.0,1.414213562373095,9.545454545454543,10.3405225654416,4.173913043478261,0.7887831257351062,20.666666666666668,28.6574597618142,18.2,0.6927436269219555,91.0,56.0,83.0,CCC2014J
group3,F,East Anglian Region,A Level or Equivalent,30-40%,35-55,90,1.0,0.5,2.723404255319149,2.575334847501561,2.389473684210526,0.7192363570734291,4.722222222222222,4.573989904645477,3.709090909090909,1.8072486368855831,4.0701754385964914,4.395044486703206,14.637931034482758,0.7817745587053393,93.5,92.0,92.0,CCC2014J
group3,M,East Anglian Region,HE Qualification,60-70%,35-55,60,0.5,1.0,5.0,3.813353729549183,2.8,0.9556491543042608,8.74074074074074,9.452686197757563,5.464285714285714,1.1682172372981152,14.25,17.299325613059796,18.294117647058822,1.0108436998239054,88.0,88.5,95.66666666666669,CCC2014J
group3,M,South West Region,A Level or Equivalent,70-80%,35-55,120,0.5,1.0,3.397435897435898,3.8488984546255978,3.088607594936709,0.8850940974880713,4.0,4.325238988505989,23.71641791044776,2.439618716145192,5.196078431372549,6.462258453027508,29.326923076923077,1.512849700600968,94.0,87.5,90.66666666666669,CCC2014J
group3,M,South Region,A Level or Equivalent,20-30%,35-55,30,1.0,0.5,3.1704545454545454,4.929903104382458,3.97752808988764,0.9489507452955772,5.5,7.785313809417775,8.680851063829786,1.0895097201122836,7.774193548387097,10.154505329883069,26.09375,1.0128246450882603,82.0,96.0,79.0,CCC2014J
group1,F,East Midlands Region,Lower Than A Level,80-90%,35-55,90,1.0,0.5,5.361702127659575,6.151795538225064,2.0416666666666665,0.6552895656327479,5.875,6.505175454383048,2.8536585365853657,0.7242297492073457,10.363636363636363,17.379641769954528,30.17391304347826,1.3352552540098697,96.5,88.0,85.0,CCC2014J
group3,M,Wales,HE Qualification,30-40%,55<=,60,1.0,0.5,1.5909090909090908,1.1377809343390557,4.491525423728813,1.036506991106683,2.4299065420560746,2.8586583128582856,9.546296296296296,1.5194409773543862,2.0454545454545454,2.010900206161282,14.518796992481205,1.077987623347186,89.0,92.0,96.0,CCC2014J
group1,M,South West Region,HE Qualification,30-40%,35-55,60,0.5,1.0,2.8969072164948453,3.507386657952739,2.7755102040816326,0.7643522938185925,3.051948051948052,3.8419296957049553,23.666666666666668,1.0619712562252197,10.681818181818182,12.229497375632658,20.565217391304348,1.1079878190991952,91.0,93.5,81.66666666666667,CCC2014J
group1,M,Yorkshire Region,A Level or Equivalent,10-20,35-55,30,1.0,0.625,7.394736842105263,9.47411687015823,2.58974358974359,0.7558548389699925,8.533333333333333,14.857329163919657,6.064516129032258,0.8142294943894661,10.0,17.658374268832958,33.083333333333336,0.899716941474829,77.66666666666667,46.0,92.0,CCC2014J
group3,M,Yorkshire Region,HE Qualification,80-90%,55<=,60,0.625,1.0,1.37,0.8583611824855489,2.616915422885572,0.6879713039280116,3.44,3.9668899929562222,6.947368421052632,1.0894482011183964,1.5084745762711864,1.0286721585915142,15.696629213483146,1.0101774615021484,92.66666666666669,87.5,88.0,CCC2014J
group1,M,South Region,HE Qualification,70-80%,55<=,60,0.8571428571428571,0.875,2.893617021276596,3.4624501397175003,3.0736842105263156,0.7930578174510536,3.675675675675676,4.487755359569573,10.28,1.1500627371731764,4.225806451612903,6.033837250201972,14.285714285714286,1.0758975581139476,93.5,81.5,83.33333333333333,CCC2014J
group3,F,South Region,HE Qualification,90-100%,35-55,120,1.0,0.5,1.75,1.3940055716324562,5.509090909090909,0.6206843690352626,4.862068965517241,5.404508435903937,6.440677966101695,1.3686437065824937,1.8287671232876712,1.5283959996026302,22.102040816326532,0.9670084044866104,97.0,100.0,96.0,CCC2014J
group1,F,North Western Region,A Level or Equivalent,50-60%,35-55,30,1.0,0.5,4.711538461538462,6.951756833845893,2.037735849056604,0.5873611676723595,5.6976744186046515,7.79357147703563,2.8181818181818183,0.7871893123814471,10.894736842105264,16.92760643591181,18.1,0.955960769725502,91.5,46.0,77.0,CCC2014J
group3,F,Wales,HE Qualification,0-10%,35-55,210,0.625,1.0,2.9148936170212765,3.487796156826216,2.9894736842105263,0.9541798752221266,3.5584415584415585,4.543629161843585,6.358974358974359,1.0686472869630104,5.829787234042553,8.424393021448696,49.8125,1.3103233305148738,100.0,92.5,96.0,CCC2014J
group1,M,South Region,HE Qualification,90-100%,35-55,90,0.625,1.0,3.628571428571429,4.222683495198417,2.23943661971831,0.958206597199176,8.758620689655173,9.40613467148584,2.8,0.7514158970504524,16.142857142857142,23.174445949255077,24.0,0.7394317137229504,70.33333333333333,74.5,36.333333333333336,CCC2014J
group3,M,Scotland,HE Qualification,40-50%,35-55,60,1.0,0.5,2.5514018691588785,3.0070158367787134,2.75,0.713892059963015,4.338709677419355,5.844833920110588,2.2063492063492065,0.7001001798965677,4.014925373134329,6.212139965333356,15.382352941176473,1.030429541136266,98.5,96.0,100.0,CCC2014J
group3,M,East Midlands Region,A Level or Equivalent,30-40%,35-55,70,0.5,1.0,4.980392156862745,7.218005807917949,2.1923076923076925,0.6514892851798997,7.055555555555555,9.19609993248518,4.675675675675675,0.8276600853490214,25.4,29.74409371809992,19.727272727272727,0.9535273809511368,93.0,95.0,89.66666666666667,CCC2014J
group3,M,East Anglian Region,HE Qualification,80-90%,35-55,30,0.625,1.0,3.3506493506493507,3.698385970030973,3.0128205128205128,0.7892097118110245,6.125,7.582664101211055,8.634146341463415,2.091914244427609,3.5694444444444446,5.820861919838664,30.561643835616437,1.6826178174719717,97.0,97.0,95.33333333333331,CCC2014J
group3,M,Wales,Lower Than A Level,10-20,35-55,60,0.5,1.0,2.6203703703703702,3.297457509926107,3.5045871559633026,0.821397392350495,3.591549295774648,4.640127660770715,7.291666666666667,0.8443038431701212,4.075757575757576,7.091296086504934,91.25373134328358,1.125201093576044,87.33333333333333,87.0,86.33333333333333,CCC2014J
group1,F,South West Region,HE Qualification,40-50%,35-55,30,0.625,1.0,1.5026178010471205,1.2047028266437998,4.1875,0.7003271785218051,2.234375,2.1091640132160583,5.945736434108527,0.925787312723528,1.5174418604651163,1.1106809312772736,18.13872832369942,1.1240481075720168,67.33333333333333,88.5,63.333333333333336,CCC2014J
group3,M,Scotland,HE Qualification,40-50%,35-55,120,0.5,1.0,1.5168539325842696,1.3868825306005594,1.8156424581005584,0.6624037275143099,1.5153374233128831,1.43310001641464,7.182926829268292,2.0521063053416637,3.8225806451612905,4.178493702823697,34.111111111111114,0.9665747918002446,94.33333333333331,92.0,95.0,CCC2014J
group3,F,Scotland,Lower Than A Level,80-90%,0-35,90,0.5,1.0,1.5519125683060109,1.328588506982175,8.592391304347826,0.8164086240640026,2.4299065420560746,3.0625927772861186,11.87037037037037,1.1799136750944708,1.7278481012658229,1.7689780207584007,26.91194968553459,1.216486630080312,98.0,95.5,99.0,CCC2014J
group3,F,Scotland,A Level or Equivalent,40-50%,0-35,60,1.0,0.5,7.818181818181818,10.187168845705322,3.323529411764706,1.1895661991617412,8.09375,11.363096394795717,6.96969696969697,1.405121606722578,10.727272727272728,18.145396420453626,46.56521739130435,0.8277414932230776,91.5,100.0,96.0,CCC2014J
group3,M,London Region,HE Qualification,80-90%,35-55,30,0.5,1.0,1.852112676056338,1.325939694073771,5.986013986013986,0.8600273376898763,3.4571428571428573,4.21070311277508,4.225352112676056,1.226349596702887,2.0546875,1.4651252600235434,13.651162790697674,1.498557004895726,99.33333333333331,97.0,92.33333333333331,CCC2014J
group3,F,East Midlands Region,Lower Than A Level,80-90%,0-35,120,0.625,1.0,2.9411764705882355,2.945347182932973,3.3488372093023258,0.936316124929219,3.5714285714285716,4.765733450468142,7.845070422535211,0.8923180005593325,6.368421052631579,8.018293451350932,19.076923076923077,1.733536476863016,99.33333333333331,87.5,94.0,CCC2014J
group1,M,North Region,Lower Than A Level,40-50%,35-55,30,0.2,0.625,7.193548387096774,7.011511272370647,2.53125,1.0498183554714762,12.0,13.776410043411548,3.9047619047619047,0.7020408763231344,46.333333333333336,69.13995468130807,10.5,1.1847481242499742,40.5,55.0,41.5,CCC2014J
group3,M,South East Region,A Level or Equivalent,60-70%,35-55,60,0.5,1.0,2.1343283582089554,2.0475220482297027,2.4592592592592593,0.7534697404219071,3.2823529411764705,3.825390626508377,4.906976744186046,1.0723580130640398,5.191489361702128,6.60578895617927,21.229166666666668,0.9767541842357836,88.66666666666667,89.0,87.66666666666667,CCC2014J
group1,M,London Region,HE Qualification,50-60%,55<=,60,0.5,1.0,2.581818181818182,3.546239300674454,3.171171171171171,0.7985127898912042,3.506172839506173,5.401674408898883,6.390243902439025,0.907803385525926,4.65,8.163218458011542,30.24590163934426,0.8975508293156798,93.66666666666669,81.5,88.33333333333333,CCC2014J
group3,M,London Region,HE Qualification,0-10%,35-55,30,0.5,1.0,1.3798076923076923,1.122874142391162,7.07177033492823,0.6048578251319894,2.657407407407407,3.440175058132773,4.146788990825688,0.9776908886378296,1.5747126436781609,1.4315373030057643,20.914285714285715,1.1258985681554237,96.33333333333331,100.0,97.33333333333331,CCC2014J
group1,M,Scotland,A Level or Equivalent,90-100%,35-55,30,0.75,1.0,4.5344827586206895,4.802103037984173,2.3559322033898304,0.8224755445771396,7.411764705882353,9.509541132411153,2.5428571428571427,0.6735952713403085,11.647058823529411,19.656236848868694,20.27777777777778,0.9009367323425066,41.0,30.0,46.666666666666664,CCC2014J
group3,M,London Region,Post Graduate Qualification,10-20,35-55,60,0.625,1.0,2.3983050847457625,2.418376337805176,2.596638655462185,0.9101391569132402,3.202380952380953,3.247908546344239,13.176470588235292,1.4478580898932698,6.512195121951219,6.932250540839938,35.45238095238095,1.3302325618400934,94.33333333333331,92.5,92.33333333333331,CCC2014J
group1,M,South West Region,A Level or Equivalent,20-30%,35-55,30,0.5,1.0,3.1744186046511627,3.2219535924839735,2.735632183908046,0.8753826324501737,5.795454545454546,6.760279151572674,5.733333333333333,1.324969258906429,5.530612244897959,9.9165308971441,15.48,0.92386205092749,68.33333333333333,59.5,62.333333333333336,CCC2014J
group3,F,Scotland,Lower Than A Level,10-20,35-55,30,1.0,0.5,2.106060606060606,1.946841543705822,3.3834586466165413,0.9094999304325374,2.9775280898876404,2.89583371607104,5.433333333333334,1.193421061340505,6.097560975609756,8.052344000503147,28.238095238095237,1.210473119674374,94.5,96.0,92.0,CCC2014J
group3,M,East Midlands Region,A Level or Equivalent,50-60%,0-35,60,0.5,1.0,3.5405405405405403,4.460447760523753,2.56,0.9615830318195792,5.886363636363637,6.905393608473688,5.4,2.7755546659548433,9.51851851851852,13.360016036293835,15.571428571428571,1.209687908633149,98.66666666666669,100.0,96.66666666666669,CCC2014J
group3,F,Scotland,HE Qualification,20-30%,35-55,60,0.5,1.0,1.304147465437788,0.8658282998493033,6.353211009174312,0.8189753281043537,3.2906976744186047,3.314376098044494,5.816091954022989,0.7973567465379043,1.380487804878049,1.0007887850353396,32.33495145631068,1.3640348393630073,96.66666666666669,89.0,90.33333333333331,CCC2014J
group1,M,South Region,Lower Than A Level,30-40%,35-55,30,0.5,1.0,2.21875,2.27944426159805,2.9224806201550386,0.8933126238567164,4.733333333333333,8.152917054476584,6.491803278688525,1.059769992737281,3.4216867469879517,4.054869045215469,18.464285714285715,2.3319434834260906,83.66666666666667,53.5,76.66666666666667,CCC2014J
group1,M,East Midlands Region,A Level or Equivalent,60-70%,0-35,150,0.5714285714285714,0.875,3.547945205479452,4.304523124608483,2.324324324324324,0.8342162260086252,6.45,10.565910350673128,13.170731707317072,1.1519500970368033,15.235294117647058,19.008318612402,40.5,1.477068186399079,76.66666666666667,59.0,51.5,CCC2014J
group1,F,Wales,HE Qualification,90-100%,35-55,30,0.625,1.0,2.2601626016260163,2.2207567694553356,5.459677419354839,0.873900734172485,3.533333333333333,5.868683109645762,8.56578947368421,1.0397683687692698,2.3363636363636364,2.4950493099768627,32.65765765765766,1.3050714068326772,94.66666666666669,52.0,78.0,CCC2014J
group3,F,North Western Region,Lower Than A Level,0-10%,0-35,60,0.5,1.0,1.6809815950920246,1.451714701218267,3.073170731707317,0.8079661328650422,2.5742574257425743,2.0461990844170823,3.3627450980392157,1.0581965902560877,1.8888888888888888,1.4694230092452965,32.13970588235294,1.6789448480664908,98.66666666666669,97.0,98.33333333333331,CCC2014J
group3,M,South West Region,HE Qualification,90-100%,35-55,30,1.0,0.5,5.6938775510204085,6.245678778272266,2.4,0.8620067027323834,10.75,11.501417681992605,3.52,0.7542921261489133,20.363636363636363,23.884190282581184,20.5,1.0775041849984957,36.5,81.0,77.0,CCC2014J
group3,M,London Region,A Level or Equivalent,90-100%,35-55,30,0.75,1.0,2.5277777777777777,2.2814093583651616,4.486238532110092,0.7940566529061742,3.855072463768116,4.716290174424985,7.5,1.4126413400278062,3.158536585365854,2.865156846998824,20.63855421686747,1.1004499830418957,94.33333333333331,84.5,97.0,CCC2014J
group3,M,North Western Region,A Level or Equivalent,0-10%,0-35,60,0.5,1.0,1.0749063670411985,0.3601475922346158,5.436567164179104,0.8475415299526822,2.2868852459016393,1.741470397034489,4.569105691056911,1.457939407265233,1.2391304347826086,0.8406896370729844,15.58874458874459,1.620269691648767,90.66666666666669,89.0,86.66666666666667,CCC2014J
group1,M,London Region,Lower Than A Level,60-70%,0-35,30,0.5,1.0,4.716981132075472,5.404333583376066,2.0,0.6596856715021066,7.352941176470588,7.934895515690158,6.257142857142857,1.0807940417684831,9.958333333333334,15.442682709793733,15.56,1.0989649573597764,86.66666666666667,72.0,78.33333333333333,CCC2014J
group1,F,South Region,A Level or Equivalent,90-100%,0-35,60,0.5,1.0,3.26027397260274,2.82364715522847,1.9594594594594592,0.8975326199113847,7.633333333333334,9.159443340009837,3.032258064516129,0.7131627983869943,12.6875,20.214578072932085,23.11764705882353,1.341982899449797,45.666666666666664,51.5,44.333333333333336,CCC2014J
group1,F,Wales,HE Qualification,30-40%,35-55,60,0.5,1.0,1.670807453416149,1.1552943213502351,3.5864197530864197,0.8052962489162843,2.037878787878788,1.704978355083236,6.285714285714286,1.2510978215254247,2.3391304347826085,1.7715438629275104,32.05172413793103,1.267768419462446,72.0,64.0,67.33333333333333,CCC2014J
group1,F,West Midlands Region,A Level or Equivalent,30-40%,0-35,130,0.75,1.0,4.1,5.672588551055437,2.7464788732394365,0.6686361441233485,3.986111111111111,5.6729977060982435,5.383561643835616,1.0555350239660215,10.954545454545457,14.035591740209442,27.73913043478261,0.8983475011486586,75.33333333333333,61.0,75.66666666666667,CCC2014J
group1,M,Yorkshire Region,HE Qualification,50-60%,35-55,60,1.0,0.5,2.126865671641791,1.4322895168281131,5.0962962962962965,0.9517030754997224,3.1494252873563218,3.445687347071948,7.659090909090909,0.968064223869916,2.7244897959183674,2.232748813185532,27.292929292929298,1.8664720618425117,55.0,56.0,70.0,CCC2014J
group1,M,North Western Region,A Level or Equivalent,20-30%,35-55,220,0.75,1.0,2.6018518518518516,2.6684022130050726,3.770642201834862,0.7859370394456484,3.4507042253521125,4.351645772067542,9.23611111111111,0.8839330033505632,3.5657894736842106,3.950816038291463,25.155844155844157,1.1237787910082262,32.333333333333336,45.5,31.666666666666668,CCC2014J
group1,F,London Region,A Level or Equivalent,60-70%,0-35,60,0.625,1.0,17.625,16.51211676315305,2.5294117647058822,0.744186046511628,17.714285714285715,15.997252511356065,4.2,0.8393208931049071,49.6,29.703535143144155,43.166666666666664,0.8733126444923305,78.33333333333333,57.5,51.0,CCC2014J
group1,F,North Western Region,A Level or Equivalent,20-30%,0-35,150,1.0,0.5,2.5833333333333335,2.480296183700347,2.6788990825688073,0.976405838672607,3.9857142857142858,5.30925595142709,7.084507042253521,1.3134399120969458,5.072727272727272,7.802788071164158,17.589285714285715,1.3285360803056752,68.0,88.0,92.0,CCC2014J
group3,M,London Region,HE Qualification,50-60%,0-35,60,0.5,1.0,4.435483870967742,4.671577708507141,1.984126984126984,0.6317467847167881,6.209302325581396,8.119811572804606,3.136363636363636,0.6817758542805261,16.857142857142858,18.637667165249987,21.666666666666668,1.1946230620388296,86.66666666666667,94.0,98.0,CCC2014J
group3,F,South East Region,HE Qualification,40-50%,35-55,60,0.8,0.625,1.782312925170068,1.6490636895196225,3.77027027027027,0.9418342798722134,2.879120879120879,2.632426699771588,6.304347826086956,1.401434631001487,3.0232558139534884,3.2934042612328933,47.02298850574713,1.478405259668149,96.33333333333331,100.0,74.0,CCC2014J
group1,M,London Region,Lower Than A Level,80-90%,35-55,90,0.625,1.0,1.993006993006993,1.7860827524340248,3.263888888888889,0.9553073022058424,2.30327868852459,3.0852604649473054,8.975609756097562,1.6487602391151226,2.9081632653061225,4.446907264660723,28.87878787878788,1.1629917921749908,74.33333333333333,40.0,58.666666666666664,CCC2014J
group1,F,East Midlands Region,A Level or Equivalent,90-100%,0-35,60,0.5,1.0,3.4814814814814814,3.850685364682211,2.3292682926829267,0.8075226747659981,4.75,6.545643936653944,4.754385964912281,1.4359127978763466,5.755102040816326,6.088002587894003,14.14,0.7699227362976107,83.0,56.5,67.66666666666667,CCC2014J
group1,F,West Midlands Region,HE Qualification,20-30%,35-55,30,0.5,1.0,5.585365853658536,8.552706033052049,2.9761904761904763,0.7947427256666147,7.387096774193548,10.45522969412864,6.625,1.0221818921193613,8.5,11.48155420474605,32.76,0.9334184992345708,75.0,68.5,75.66666666666667,CCC2014J
group1,F,South East Region,A Level or Equivalent,90-100%,35-55,30,0.8,0.625,2.2777777777777777,2.852756951130296,4.921259842519685,1.3823166641547802,2.595959595959596,3.4342785592960654,9.93,1.3124333648358542,3.066666666666667,4.448909168862946,28.289473684210527,1.463827561682292,79.5,64.5,66.0,CCC2014J
group1,M,South Region,HE Qualification,70-80%,0-35,95,0.75,1.0,8.666666666666666,9.007021526654036,2.3870967741935485,0.8150788567567686,10.695652173913045,13.998164758309944,2.3333333333333335,0.7592961294810463,13.666666666666666,18.496422547585343,25.157894736842103,0.659384225046567,78.33333333333333,53.0,76.0,CCC2014J
group1,M,South Region,Lower Than A Level,80-90%,35-55,30,1.0,0.5,2.2892561983471076,2.4167402857600204,3.1065573770491803,0.9821011476125326,2.4954954954954953,3.5236186819644115,9.410714285714286,1.8263527931729435,4.30188679245283,5.995462725647613,20.833333333333332,0.8434468961746594,73.5,38.0,68.0,CCC2014J
group3,F,London Region,A Level or Equivalent,10-20,0-35,120,0.625,1.0,6.119047619047619,7.208404244614384,2.046511627906977,0.7143742566137141,7.5588235294117645,10.471291710630862,4.0,1.2449899597988732,14.764705882352942,24.237185819945932,22.72222222222222,1.1307083813603758,91.0,84.0,80.66666666666667,CCC2014J
group1,F,Scotland,A Level or Equivalent,80-90%,35-55,90,0.8333333333333334,0.75,7.068965517241379,8.37483916469342,1.6666666666666667,0.5440588203494177,7.592592592592593,10.41913645934271,2.0,0.5669467095138409,15.23076923076923,24.16662245796133,28.214285714285715,0.9813286547009076,69.5,66.0,82.5,CCC2014J
group3,M,East Anglian Region,HE Qualification,20-30%,0-35,30,0.625,1.0,1.621301775147929,1.6434634479714658,2.823529411764706,0.758974088270915,1.9485294117647056,2.477513248284424,5.795620437956204,0.8471231603127928,3.324675324675325,3.98167367097635,35.11538461538461,1.4456529918083505,95.0,93.5,97.66666666666669,CCC2014J
group3,F,Scotland,A Level or Equivalent,30-40%,0-35,240,0.5,1.0,2.965909090909091,3.746105605830053,3.4269662921348316,0.8182282364492625,3.625,4.563904616894691,4.671232876712328,1.1596525671158289,4.126984126984127,6.012063312535683,17.234375,1.2170583503720676,97.66666666666669,97.5,96.0,CCC2014J
group1,M,West Midlands Region,A Level or Equivalent,20-30%,0-35,60,0.5,1.0,2.347457627118644,2.962376958082637,5.932773109243698,0.816073017770347,3.3294117647058825,4.20993223363093,10.13953488372093,1.3519411706424362,2.5145631067961167,3.089717537917624,32.91346153846154,1.1637402198802465,86.33333333333333,84.5,79.66666666666667,CCC2014J
group3,M,South West Region,HE Qualification,90-100%,35-55,30,0.625,1.0,4.4603174603174605,6.145613166146729,2.390625,0.7527130645740233,7.485714285714286,8.413474586747661,7.666666666666667,1.8964198684838596,9.064516129032258,11.604411471134494,19.9375,1.0638327206783555,96.33333333333331,98.0,98.0,CCC2014J
group1,F,South Region,Lower Than A Level,80-90%,0-35,30,0.625,1.0,2.5754716981132075,2.1993423831316012,4.327102803738318,1.0104529506310684,3.7,4.755926889651495,4.957746478873239,0.8042833901643219,3.324675324675325,4.175245213226083,26.85897435897436,1.3495272683874031,79.66666666666667,77.0,65.66666666666667,CCC2014J
group3,M,London Region,A Level or Equivalent,30-40%,35-55,30,0.875,1.0,3.45679012345679,3.4534380793495103,2.768292682926829,0.7469396507196744,7.485714285714286,8.300855478845074,6.583333333333333,2.4132771132326196,6.25,8.104334183518072,27.77777777777778,2.594630763711862,89.0,92.5,78.66666666666667,CCC2014J
group3,F,West Midlands Region,Lower Than A Level,80-90%,35-55,60,0.5714285714285714,0.875,2.6804123711340204,2.7709294159503046,2.5,0.6521549834579045,3.5135135135135136,3.9664457131927686,4.986666666666666,0.815065190542798,3.716216216216216,4.244320202341877,22.333333333333332,0.8884597117425298,93.66666666666669,81.5,86.0,CCC2014J
group1,M,London Region,Lower Than A Level,0-10%,0-35,120,0.5,1.0,3.097560975609756,3.0534730523489575,2.1325301204819276,0.8543971990342911,5.674418604651163,7.206878097750517,2.977272727272727,0.7892923056043721,7.515151515151516,7.918022212495729,19.294117647058822,1.0143600122167151,87.66666666666667,68.5,57.0,CCC2014J
group3,F,East Anglian Region,A Level or Equivalent,50-60%,0-35,120,0.5,1.0,3.661764705882353,5.0092758559024055,1.7536231884057971,0.6684514959964031,6.1,8.158054066617,3.658536585365854,0.8378278794332137,6.7272727272727275,8.54134330503964,18.794117647058822,1.4391549768855667,88.33333333333333,61.5,67.33333333333333,CCC2014J
group3,M,Yorkshire Region,HE Qualification,70-80%,0-35,120,0.5,1.0,2.2845528455284554,2.393708711763949,3.2338709677419355,0.7263795948059968,3.652173913043478,3.7917328296785895,7.7,1.418305158860001,3.2650602409638556,3.460876589047846,10.797619047619047,1.2772043670691209,93.0,90.0,95.0,CCC2014J
group1,M,South East Region,Lower Than A Level,80-90%,35-55,60,1.0,0.5,5.089285714285714,4.828991182861679,2.526315789473684,0.8681944333351107,9.5,9.619484537053983,4.0,1.0453429750487977,7.833333333333333,9.050651121012548,10.18918918918919,1.049084193119292,74.5,21.0,54.0,CCC2014J
group3,M,East Anglian Region,HE Qualification,90-100%,0-35,60,0.5,1.0,5.14,6.311667201076341,2.3333333333333335,0.7284313590846836,9.178571428571429,11.115733165631667,5.724137931034483,0.963328169042924,21.083333333333332,18.918285206421725,33.0,0.6564162163323414,97.33333333333331,87.5,93.0,CCC2014J
group3,F,Scotland,HE Qualification,60-70%,35-55,120,0.5,1.0,2.1627906976744184,2.207199504159692,3.392307692307692,0.9725459421522586,3.871428571428571,4.800125084636582,3.436619718309859,1.3174683768292792,3.6666666666666665,4.581038691493202,21.54794520547945,1.4029686769383758,100.0,97.5,99.66666666666669,CCC2014J
group3,M,South Region,Post Graduate Qualification,90-100%,55<=,105,0.5,1.0,1.5384615384615383,1.228642446338021,5.038251366120218,1.1040980355408263,2.6666666666666665,2.8642768079662027,6.45,1.3635260074110227,3.26027397260274,3.4682183917373757,18.445945945945947,1.0511482857043015,93.66666666666669,98.0,98.33333333333331,CCC2014J
group3,M,South West Region,A Level or Equivalent,90-100%,0-35,30,1.0,0.5,4.17910447761194,5.2337059502581464,2.8970588235294117,0.6932419494849194,5.375,6.4860734605900205,6.204081632653061,1.0775624937690804,6.230769230769231,7.382274426523443,16.025,0.8857514468488091,82.5,77.0,85.0,CCC2014J
group3,F,London Region,HE Qualification,20-30%,35-55,50,1.0,0.5,5.188679245283019,5.694317693217663,3.2222222222222223,1.0094676667796167,5.928571428571429,7.484595096801577,4.627906976744186,1.0113869002680365,12.4,16.314023673547023,24.38095238095238,1.2819613831129897,100.0,96.0,94.0,CCC2014J
group3,F,South Region,HE Qualification,50-60%,35-55,60,0.5,1.0,2.050359712230216,1.9046995312783828,3.5714285714285716,0.9061567193372236,3.111111111111111,3.474910070778811,5.975609756097561,1.005093235225076,3.942857142857143,4.851074031042856,19.901408450704224,1.1993258711694612,93.66666666666669,97.5,95.66666666666669,CCC2014J
group3,M,West Midlands Region,A Level or Equivalent,90-100%,0-35,270,0.5,1.0,2.260869565217391,2.2944898011867063,2.8793103448275863,0.8108633500858577,3.7,5.81439991545229,6.591549295774648,1.2148972119445418,6.384615384615385,8.2194102254019,28.875,1.7302018150698628,90.66666666666669,88.5,89.66666666666667,CCC2014J
group1,M,South East Region,Lower Than A Level,90-100%,0-35,120,0.5,1.0,2.7127659574468086,2.6905743098227384,2.9263157894736844,0.7998725378506368,5.434782608695652,6.130623219771537,6.0212765957446805,1.4520775672108286,4.473684210526316,5.172403638396394,33.758620689655174,1.8714868029827296,96.33333333333331,80.0,92.0,CCC2014J
group3,M,Scotland,Lower Than A Level,50-60%,0-35,60,0.5,1.0,2.3783783783783785,2.625241301650553,2.580357142857143,0.7847808840097579,4.396551724137931,5.386596931020334,4.779661016949152,1.1323112052612048,4.17741935483871,5.556045868251183,22.349206349206348,2.09727311671244,87.66666666666667,93.5,89.66666666666667,CCC2014J
group1,F,Wales,Lower Than A Level,50-60%,35-55,120,0.75,1.0,1.4422110552763818,0.9295524803993356,3.565,0.8408494331324395,2.35,3.273653421284709,9.380165289256198,0.9984971921178528,1.580110497237569,1.3664398140790197,24.89010989010989,1.3348871112727518,68.66666666666667,51.5,42.0,CCC2014J
group3,M,London Region,HE Qualification,50-60%,35-55,30,0.625,1.0,3.7142857142857144,4.113063728303113,3.128205128205128,0.9003343760585351,4.21875,6.3906398566792815,8.723076923076922,1.3347090315307406,6.6923076923076925,10.69223487581881,16.775,1.3399886133466297,87.0,60.0,88.33333333333333,CCC2014J
group3,M,Scotland,HE Qualification,80-90%,0-35,60,1.0,0.5,2.977011494252874,3.63758484754956,3.0,1.0695510244674604,3.547945205479452,4.5461861179650445,3.1486486486486487,1.0346552670677596,5.043478260869565,6.113578772750705,16.25531914893617,0.9127702052859114,93.5,83.0,90.0,CCC2014J
group1,M,North Western Region,A Level or Equivalent,70-80%,0-35,120,0.7142857142857143,0.875,4.709090909090909,5.918185180012182,3.1785714285714284,1.017893192924977,9.961538461538462,14.009941525162107,4.0,0.905231707600018,7.484848484848484,15.415335732885476,50.94117647058823,1.126518434781246,86.33333333333333,21.0,50.666666666666664,CCC2014J
group3,F,South West Region,A Level or Equivalent,70-80%,35-55,60,0.625,1.0,2.192,2.558023430496238,2.984126984126984,1.043583945514421,2.8,3.1700848888077413,5.3076923076923075,0.7957639823842089,3.5833333333333335,4.680646398119105,18.83561643835617,1.062872701768791,95.33333333333331,93.0,87.0,CCC2014J
group1,M,East Midlands Region,A Level or Equivalent,30-40%,0-35,100,0.75,1.0,3.5405405405405403,3.683317404334532,2.1333333333333333,0.7818747501998001,5.2,8.313734528969627,11.782608695652174,1.6815599778468855,7.36,10.39583249832996,22.26923076923077,0.9133046046653508,54.333333333333336,39.0,44.0,CCC2014J
group3,F,Scotland,Lower Than A Level,50-60%,0-35,120,0.6,0.625,4.129032258064516,4.74767888402613,1.7936507936507935,0.6216144895163166,7.178571428571429,7.272747564906756,3.586206896551724,1.6946007192354002,9.56,12.560122080086112,9.307692307692308,0.8442705976279096,83.0,94.0,96.0,CCC2014J
group1,M,South Region,A Level or Equivalent,90-100%,35-55,60,0.5,1.0,2.296,2.1099763031844696,3.015873015873016,0.7425903603018938,3.108433734939759,2.7718623139738674,8.226190476190476,0.7524922064210267,5.574468085106383,7.433018816917858,16.0,1.1898277623953253,93.0,89.0,79.33333333333333,CCC2014J
group3,M,London Region,HE Qualification,10-20,0-35,90,0.75,1.0,4.25,3.8295240222889495,3.3114754098360657,1.0666679941500743,8.586206896551724,12.007489452656827,6.566666666666666,0.8911629789633619,15.125,18.5791101329782,24.647058823529413,1.2856587256581826,98.33333333333331,89.5,93.66666666666669,CCC2014J
group1,M,Scotland,A Level or Equivalent,60-70%,0-35,45,1.0,0.5,5.115384615384615,4.282448658867623,1.7169811320754718,0.6437722424561234,14.133333333333333,18.314189138739497,2.75,0.7767276132106846,14.0,16.65332799572906,12.294117647058824,1.0423156979284287,48.0,33.0,23.0,CCC2014J
group3,M,North Western Region,HE Qualification,20-30%,35-55,120,0.5714285714285714,0.875,4.98,6.504284302343669,3.549019607843137,1.2468329281266384,6.551724137931035,9.37544744416634,10.466666666666669,1.63795849420041,8.590909090909092,11.232008220171878,31.782608695652176,1.298310263810413,100.0,98.0,95.33333333333331,CCC2014J
group1,F,London Region,HE Qualification,20-30%,0-35,30,0.5,1.0,5.283018867924528,5.627464788156817,2.240740740740741,0.9976750515591324,5.931818181818182,6.457005308002208,6.355555555555555,1.1914512027384998,13.22222222222222,17.708607264317262,20.473684210526315,0.886199948056783,77.66666666666667,56.5,65.66666666666667,CCC2014J
group1,F,South West Region,A Level or Equivalent,40-50%,0-35,60,1.0,0.5,6.945945945945946,9.052151205179984,2.6578947368421053,0.6180787736639054,8.366666666666667,10.039519611166089,5.225806451612903,1.0522835722153103,12.294117647058824,18.727535562248818,35.0,1.1446810842241166,72.0,38.0,50.0,CCC2014J
group1,M,London Region,Lower Than A Level,40-50%,35-55,180,1.0,0.5,4.473684210526316,6.1269465220622354,3.103448275862069,0.7702011922499276,6.75,11.309604009740696,5.972972972972973,0.8010200086116886,12.411764705882351,17.38555011902633,40.0,1.0164958872956098,62.0,40.0,47.0,CCC2014J
group3,M,East Anglian Region,A Level or Equivalent,70-80%,0-35,60,1.0,0.5,3.0595238095238093,3.023407438899851,2.929411764705882,0.8142217444160119,4.079365079365079,4.155453421560743,3.84375,0.8420425327390745,6.15625,5.471977734108633,22.424242424242426,0.8605317974566037,100.0,100.0,96.0,CCC2014J
group1,M,South West Region,Lower Than A Level,80-90%,35-55,60,1.0,0.5,2.696078431372549,3.1427717339961925,2.9902912621359223,0.8736602156290977,3.6301369863013697,4.923037819259873,10.83783783783784,1.7165115859792035,5.357142857142857,10.038514681141049,24.767441860465116,0.7200439346804691,62.5,58.0,63.0,CCC2014J
group1,F,South Region,Lower Than A Level,30-40%,0-35,180,1.0,0.5,5.595238095238095,8.40458505471436,1.6744186046511629,0.6002828551381753,8.692307692307692,12.269537010887513,2.259259259259259,0.6877435069968207,10.0,14.739849317233093,17.476190476190474,1.3296444353309635,92.5,58.0,77.0,CCC2014J
group1,M,Scotland,HE Qualification,90-100%,0-35,90,0.625,1.0,2.847058823529412,3.4486225074483805,2.697674418604651,0.7915558363708443,4.033333333333333,4.874585307582991,7.655737704918033,0.8451600676169357,11.85,16.020628149850726,28.952380952380953,0.9627767436803536,74.33333333333333,64.5,79.33333333333333,CCC2014J
group3,M,Wales,HE Qualification,20-30%,0-35,60,0.625,1.0,3.4457831325301207,4.431739767521226,2.4285714285714284,0.7552202028459121,4.688524590163935,6.883654512942373,5.725806451612903,0.923707458643128,12.333333333333334,19.24664472923354,11.409090909090908,1.0030745896505704,90.0,89.0,80.33333333333333,CCC2014J
group1,F,South East Region,Lower Than A Level,90-100%,35-55,60,1.0,0.5,3.5,3.771740632289059,4.053333333333334,0.6965144970482222,4.229508196721311,5.392567238409274,9.03225806451613,0.9369062745797676,4.555555555555555,5.2831760982892275,17.236363636363638,0.7909324624289433,89.5,77.0,75.0,CCC2014J
group1,M,West Midlands Region,A Level or Equivalent,40-50%,0-35,80,0.8571428571428571,0.875,3.643835616438356,4.282943766375653,3.054054054054054,0.9657782871333312,5.061224489795919,6.890235129228496,6.68,1.0212346193350943,5.468085106382978,8.123639856267545,20.666666666666668,1.2106582045488377,77.33333333333333,46.0,63.666666666666664,CCC2014J
group1,M,London Region,A Level or Equivalent,20-30%,0-35,60,0.3333333333333333,0.75,9.074074074074074,10.159973977578447,3.0,0.8683134537528795,17.285714285714285,17.516711016488365,5.4,1.077262190536962,26.555555555555557,32.783803589238666,22.9,1.3173667229951644,75.0,25.0,49.5,CCC2014J
group3,M,Scotland,HE Qualification,80-90%,0-35,60,0.4285714285714285,0.875,4.894736842105263,4.919655223569737,2.413793103448276,0.7460097936655377,6.25,6.747269153193834,4.390243902439025,0.6537640303713621,8.689655172413794,9.274016883883789,20.8,1.460747508648797,92.33333333333331,74.0,90.0,CCC2014J
group1,M,North Western Region,Lower Than A Level,40-50%,0-35,60,0.5,1.0,4.190476190476191,6.983522410177848,3.078125,1.0870887555445483,8.09375,12.44694385342533,13.454545454545457,1.209717371463899,6.45,10.92151487567028,22.902439024390244,1.5792869408653254,93.0,78.5,90.0,CCC2014J
group1,M,Scotland,HE Qualification,10-20,0-35,60,0.625,1.0,8.258064516129032,10.253349832893589,3.34375,0.537118992355178,9.807692307692308,11.020051654213717,9.407407407407408,1.0595453011893785,12.857142857142858,12.90846898081145,40.68181818181818,1.6029034079528126,52.0,49.5,52.666666666666664,CCC2014J
group1,M,South East Region,A Level or Equivalent,60-70%,0-35,60,0.75,1.0,3.838235294117647,3.4015373790133903,2.3768115942028984,0.9314710465330884,4.56140350877193,4.855106089247135,5.068965517241379,1.794255569126479,11.952380952380953,15.00825169856966,36.59090909090909,1.0224206226560302,78.0,81.0,86.66666666666667,CCC2014J
group1,M,South Region,A Level or Equivalent,80-90%,35-55,60,0.4285714285714285,0.875,2.143939393939394,2.624408550621202,2.43609022556391,0.7489259697828692,3.5569620253164556,4.043820342210803,6.2625,0.8094027724664047,8.555555555555555,8.335897041541449,16.464285714285715,1.3878303887944716,66.0,36.5,59.5,CCC2014J
group1,M,Scotland,HE Qualification,90-100%,35-55,30,0.625,1.0,6.439024390243903,5.670312074691326,3.0238095238095237,0.8461911321201989,10.153846153846152,11.619612068196794,3.7777777777777777,1.039862913509629,11.090909090909092,11.075107613834218,19.130434782608695,1.066860885383062,53.666666666666664,55.5,58.333333333333336,CCC2014J
group3,M,London Region,A Level or Equivalent,40-50%,0-35,60,0.5,1.0,2.490566037735849,3.040191983345375,2.97196261682243,0.8273488688964803,3.2051282051282053,3.7705591385252424,5.734177215189874,2.120984352587261,3.657142857142857,4.293188789151492,16.830985915492956,1.1064717289566282,93.33333333333331,87.0,85.33333333333333,CCC2014J
group1,M,East Midlands Region,A Level or Equivalent,50-60%,0-35,250,0.5,0.75,6.428571428571429,7.001200377270249,2.0555555555555554,0.7601276275905533,6.428571428571429,7.1918487939910305,3.0555555555555554,0.6451343636076426,15.0,13.289672103381054,17.333333333333332,1.554150769836896,63.0,71.0,51.5,CCC2014J
group1,M,Scotland,A Level or Equivalent,50-60%,35-55,60,0.5714285714285714,0.875,4.076923076923077,5.537676894205312,3.121212121212121,0.672781209284288,5.395833333333333,7.024999684510733,8.0,1.305404777321219,9.423076923076923,19.06656356436173,12.0,0.8452846697057188,82.0,40.5,60.5,CCC2014J
group1,F,South Region,A Level or Equivalent,20-30%,35-55,60,1.0,0.5,2.2,2.721220685061526,4.024793388429752,0.6581100821030023,4.888888888888889,7.966123241380047,3.872727272727273,0.9786902701066956,2.563106796116505,4.628703928435067,23.10576923076923,0.94688744039872,76.0,85.0,94.0,CCC2014J
group1,F,West Midlands Region,HE Qualification,60-70%,55<=,30,0.5,0.75,4.862068965517241,5.456199679495677,2.440677966101695,0.6457213164504626,7.0,8.048464311766423,6.421052631578948,1.3159758846157033,11.782608695652174,21.20024983073019,17.625,1.0875295492214871,40.333333333333336,34.0,27.0,CCC2014J
group1,M,Yorkshire Region,Lower Than A Level,10-20,35-55,90,1.0,0.625,1.8355263157894737,2.0212253805644713,3.61437908496732,0.7486481292077591,4.104477611940299,5.48036254153066,4.352941176470588,1.3306865926614615,5.555555555555555,8.582634569968372,26.17391304347826,0.9656664964834688,73.0,46.0,65.0,CCC2014J
group1,F,Scotland,HE Qualification,30-40%,0-35,90,0.5714285714285714,0.875,5.7727272727272725,6.795565025582003,4.911111111111111,1.1972067433843097,7.709677419354839,9.40635795047547,13.125,1.0766118012178494,11.210526315789474,13.7379399529932,19.15,0.9911049694807406,60.333333333333336,52.0,60.666666666666664,CCC2014J
group1,M,North Western Region,Lower Than A Level,10-20,0-35,80,0.625,1.0,2.88659793814433,3.064841923125188,7.76530612244898,1.3425666261274842,4.375,6.300667639100852,8.276923076923078,1.3092496651943115,5.076923076923077,7.69732867807271,46.301886792452834,1.4939954591572155,67.66666666666667,60.5,61.333333333333336,CCC2014J
group3,F,South West Region,HE Qualification,90-100%,0-35,120,0.5,1.0,2.5510204081632653,2.329206975259998,2.1313131313131315,0.6623551272490561,3.5211267605633805,3.3117071770552657,4.638888888888889,0.7400722810963039,13.8125,15.30236909762668,22.764705882352946,1.208330181924336,93.66666666666669,90.0,86.66666666666667,CCC2014J
group1,F,London Region,Lower Than A Level,10-20,35-55,60,0.8571428571428571,0.875,7.612903225806452,7.770360006052224,3.46875,0.755844581088262,7.375,7.8893558345324335,11.606060606060606,0.988318770050004,12.38888888888889,13.869725341395611,34.94736842105263,1.1841602289451194,64.33333333333333,29.0,51.0,CCC2014J
group1,M,North Western Region,HE Qualification,0-10%,0-35,30,1.0,0.5,5.609756097560975,4.893250702654054,1.9285714285714288,0.63397195439347,9.227272727272728,10.551153483237735,4.260869565217392,0.749288153089217,33.166666666666664,29.02010797131304,40.0,0.595668891727131,72.5,50.0,69.0,CCC2014J
group1,M,South West Region,Lower Than A Level,50-60%,0-35,60,0.8571428571428571,0.875,3.4878048780487805,4.003837364388037,2.253012048192771,0.9392603246123152,4.333333333333333,6.689448254431597,4.253731343283582,0.7449016204375593,6.657894736842105,9.17480779911941,17.743589743589745,1.023778405023993,67.33333333333333,48.0,44.666666666666664,CCC2014J
group1,M,South East Region,A Level or Equivalent,60-70%,0-35,60,0.5,1.0,5.32,5.195916764191682,2.411764705882353,0.8618653133535925,13.3,13.006476119711731,4.761904761904762,1.0686440005914035,12.35,14.575664650368434,19.904761904761905,1.413084000261506,67.33333333333333,58.5,50.666666666666664,CCC2014J
group1,M,South West Region,A Level or Equivalent,30-40%,0-35,30,0.8571428571428571,0.875,8.612903225806452,11.08355363998039,1.6875,0.8173361663227374,9.2,9.950403324277335,3.0,1.0286889997472797,10.846153846153848,12.857203907058963,16.428571428571427,0.5671538733607071,64.66666666666667,40.0,46.333333333333336,CCC2014J
group1,M,East Anglian Region,A Level or Equivalent,90-100%,0-35,30,0.625,1.0,1.9324324324324325,2.10494126200519,3.771812080536913,0.938800557896346,2.8241758241758244,3.3519261679531422,10.619565217391305,1.1868858000314186,4.381818181818182,5.258118622455322,12.535714285714286,1.2507187404513338,67.66666666666667,28.5,49.333333333333336,CCC2014J
group3,M,South East Region,HE Qualification,50-60%,0-35,100,0.5,1.0,4.181818181818182,4.577231581540195,2.776119402985074,0.8597108737530893,8.096774193548388,10.517778088264578,5.75,0.7981547717689487,9.0,11.095544651395493,26.655172413793103,1.3313375151957882,95.66666666666669,91.5,97.66666666666669,CCC2014J
group3,M,South Region,Lower Than A Level,70-80%,0-35,60,0.5,1.0,1.9782608695652173,2.0126149286831705,2.568345323741007,0.7674967796657056,2.2956521739130435,2.5165205477860586,9.586206896551724,2.160727022550517,5.173913043478261,6.624212650324186,24.74468085106383,0.7827652401813593,86.66666666666667,92.5,82.33333333333333,CCC2014J
group3,M,East Anglian Region,A Level or Equivalent,50-60%,0-35,60,0.5,1.0,2.782178217821782,2.339247573028727,2.656862745098039,0.8036236202687677,4.543859649122807,4.85162040470794,3.431034482758621,0.6608947718411635,4.1940298507462686,4.153271094808792,25.36764705882353,1.1327439810901985,98.0,95.0,94.33333333333331,CCC2014J
group3,M,East Midlands Region,A Level or Equivalent,80-90%,0-35,60,1.0,0.625,1.2109704641350212,0.6810120733431901,6.201680672268908,0.836316734194441,2.5436893203883497,2.3877822142171774,5.384615384615385,0.8401894830018635,1.2962962962962965,0.804166582988575,20.493087557603687,1.431713439695369,100.0,96.0,88.0,CCC2014J
group3,M,West Midlands Region,HE Qualification,70-80%,0-35,90,0.5,1.0,3.6769230769230767,2.984897885123607,1.9848484848484849,0.9302020835936096,8.92,10.148563116684713,3.0,0.8672581807839879,15.5,21.19415739519521,20.666666666666668,0.7635695787293219,98.66666666666669,97.0,96.66666666666669,CCC2014J
group1,M,Wales,Lower Than A Level,0-10%,0-35,30,0.4,0.625,6.2682926829268295,6.870314367785154,3.4047619047619047,1.078307166147256,11.681818181818182,18.26885552658081,7.304347826086956,1.1556513511225923,10.434782608695652,11.961400370116754,9.125,1.13902002193593,70.0,75.0,44.5,CCC2014J
group3,F,Scotland,HE Qualification,10-20,0-35,60,0.625,1.0,3.3125,3.2201649065407274,2.037037037037037,0.8843917459647498,4.258064516129032,4.31518661667755,6.222222222222222,1.2620411298412897,4.9411764705882355,4.985626398782333,13.634615384615383,0.8172202846820452,96.0,87.5,88.33333333333333,CCC2014J
group3,M,North Western Region,A Level or Equivalent,50-60%,0-35,90,0.5,1.0,2.253968253968254,2.187003458384125,2.984251968503937,0.8514540899501069,3.893939393939394,4.1217202826705845,4.477611940298507,0.6808654623182011,4.3,5.308451847473909,35.557377049180324,1.3249036704152168,96.33333333333331,96.5,98.33333333333331,CCC2014J
group3,M,Scotland,Post Graduate Qualification,20-30%,35-55,60,0.625,1.0,2.051094890510949,2.156798989390404,2.746376811594203,0.756777725866598,2.78021978021978,3.444164784424674,4.228260869565218,0.7438995291524514,3.3378378378378377,3.739009564214621,36.10666666666667,0.8117012169355969,93.0,87.0,85.33333333333333,CCC2014J
group3,M,North Western Region,HE Qualification,90-100%,35-55,60,1.0,0.5,2.641304347826087,2.3793134190171235,2.7096774193548385,1.0075302268291018,3.1153846153846154,2.8648372915913924,10.443037974683543,1.6611394852173087,4.26,4.0041305204113655,18.823529411764707,1.1765697625937868,100.0,96.0,100.0,CCC2014J
group3,M,London Region,A Level or Equivalent,20-30%,35-55,120,0.5,1.0,2.968421052631579,3.210529987331074,2.7395833333333335,0.7547983436309749,4.092307692307692,7.121102172686904,4.136363636363637,1.2518954754802796,4.7924528301886795,9.0455226718187,25.796296296296298,1.0514204033522767,96.66666666666669,99.0,96.66666666666669,CCC2014J
group1,M,Wales,Lower Than A Level,0-10%,35-55,60,1.0,0.5,2.0086206896551726,2.0578405298217133,3.88034188034188,0.9148158098763532,2.3069306930693068,2.423809292239906,8.647058823529411,1.0426598763507986,3.026666666666667,3.6722970693784784,10.736842105263158,1.0391520975735842,55.0,44.0,35.0,CCC2014J
group1,M,West Midlands Region,A Level or Equivalent,60-70%,55<=,60,0.5,1.0,2.7010309278350517,2.843724627922009,3.204081632653061,0.7950310204652191,2.7777777777777777,3.0197022614514877,13.802197802197805,2.0232588345073963,5.354166666666667,6.285713566132408,21.122448979591837,1.0332844357893247,98.0,93.5,97.66666666666669,CCC2014J
group1,M,Yorkshire Region,Lower Than A Level,10-20,0-35,30,1.0,0.5,2.462264150943396,3.0958483053211356,5.186915887850467,1.1248237514006176,3.1463414634146343,4.354994156618983,5.843373493975903,0.8168436201872291,3.712121212121212,6.6812369916751,30.46268656716418,1.1295176517626109,34.5,29.0,49.0,CCC2014J
group3,F,South East Region,Lower Than A Level,20-30%,0-35,180,0.5,1.0,2.25,2.5313164608973886,3.4628099173553717,0.80750124393262,3.3333333333333335,4.465354850333167,11.025316455696204,1.5634661119814863,2.9680851063829787,3.211043201872551,14.968421052631578,1.369706952391852,88.33333333333333,97.5,94.33333333333331,CCC2014J
group1,M,East Anglian Region,Lower Than A Level,60-70%,0-35,30,1.0,0.5,7.0,6.761820925033597,2.736842105263158,0.8156657715557114,6.641025641025641,7.350213672107841,4.075,1.4397062066211863,10.428571428571429,11.586938459193734,12.045454545454543,1.0138310157943904,68.0,48.0,51.0,CCC2014J
group1,F,South Region,A Level or Equivalent,80-90%,35-55,120,0.5,1.0,4.555555555555555,6.259902549426422,1.71875,0.6125411101062915,10.047619047619047,12.951741931015263,2.3181818181818183,0.5423261445466403,9.73076923076923,12.46292964694158,22.444444444444443,1.0048895265122777,66.0,47.0,65.66666666666667,CCC2014J
group1,M,North Western Region,HE Qualification,30-40%,0-35,60,0.625,1.0,5.061224489795919,8.375082495278544,1.8,0.6758625033664688,6.428571428571429,9.629262125190602,4.111111111111111,0.810360235165673,8.153846153846153,13.2625557346759,19.88888888888889,0.7879273837883345,61.666666666666664,58.5,63.333333333333336,CCC2014J
group1,M,East Midlands Region,Lower Than A Level,30-40%,35-55,30,0.5,1.0,1.6826347305389222,1.7462173244151848,4.345238095238095,0.7840548308996055,1.804195804195804,1.5485510777058538,8.993055555555555,1.7569315539496937,2.165137614678899,2.525843318899173,12.754545454545454,0.8743546752421583,90.66666666666669,73.5,77.0,CCC2014J
group3,M,South East Region,HE Qualification,90-100%,35-55,90,0.625,1.0,3.2195121951219514,3.0021572089510653,3.4819277108433737,0.8717525949342415,3.9375,3.685557397915997,5.707692307692308,1.1344923501393724,7.375,8.292048270248372,58.63636363636363,1.444766596997762,90.33333333333331,89.0,89.0,CCC2014J
group1,M,South West Region,A Level or Equivalent,70-80%,35-55,30,1.0,0.5,1.7654320987654322,1.9482217082645736,2.6993865030674846,0.9536900929486632,1.9324324324324325,2.6768398521471215,7.684563758389261,1.0541842882740688,6.806451612903226,7.5295832325510546,21.1875,0.8650212999946307,74.0,71.0,60.0,CCC2014J
group1,F,South West Region,A Level or Equivalent,30-40%,0-35,30,0.7142857142857143,0.875,11.727272727272728,9.597528541898384,2.3043478260869565,0.7288002987104892,16.571428571428573,13.63092798756555,5.866666666666666,0.7308152359460693,34.5,33.080205561634585,27.714285714285715,0.5508474229852596,58.666666666666664,35.0,38.333333333333336,CCC2014J
group1,M,Wales,A Level or Equivalent,50-60%,0-35,60,1.0,0.5,3.0531914893617023,3.853128937383075,2.957894736842105,0.8177623116707435,3.7936507936507935,6.247989948152694,4.515625,0.8576779133918359,4.672413793103448,6.17972897558916,21.440677966101696,1.2007402925171653,56.5,81.0,65.0,CCC2014J
group3,M,Yorkshire Region,HE Qualification,80-90%,0-35,30,1.0,0.5,3.898550724637681,4.49883948282689,2.7285714285714286,0.8027562781194867,6.113636363636363,8.314224037940376,6.6,1.4621713673992105,8.62962962962963,16.696725031593076,32.82142857142857,1.0173741505244027,75.5,98.0,92.0,CCC2014J
group3,M,Scotland,HE Qualification,80-90%,0-35,30,0.625,1.0,4.042857142857143,4.3918096177346415,4.154929577464789,1.0806171430898517,7.5,9.863461805465604,6.8,1.588468703670545,8.242424242424242,10.319975481530658,26.91176470588235,1.6892714142362786,98.0,91.5,88.33333333333333,CCC2014J
group1,M,West Midlands Region,A Level or Equivalent,0-10%,0-35,60,0.8333333333333334,0.75,5.450980392156863,6.48787708111119,2.0384615384615383,0.7573068769958295,9.586206896551724,13.571285972805414,3.2,1.1422291801560662,10.5,14.125378429956264,16.38095238095238,1.0228014979811968,86.33333333333333,67.0,64.0,CCC2014J
group1,F,Ireland,A Level or Equivalent,0-10%,0-35,60,0.5,1.0,4.913793103448276,5.335365236050562,2.9322033898305087,1.0353115920110108,7.805555555555555,8.464444777823612,5.162162162162162,1.0166239719388457,6.261904761904762,8.664645078257498,16.046511627906977,1.181266999635409,56.333333333333336,45.0,51.333333333333336,CCC2014J
group3,F,Scotland,Post Graduate Qualification,90-100%,35-55,60,0.5,1.0,4.596774193548387,4.228938856239815,1.9523809523809523,0.7978257187217621,6.7631578947368425,7.627950773400579,2.8205128205128207,1.129396825780312,9.142857142857142,12.465401854181971,22.13793103448276,1.0537495423209426,99.33333333333331,96.0,97.33333333333331,CCC2014J
group1,F,North Western Region,Lower Than A Level,40-50%,0-35,60,0.625,1.0,3.671232876712329,2.843388014912589,2.4054054054054053,1.0204325878420433,5.48936170212766,5.1451637926585,9.145833333333334,1.2484557529660865,13.529411764705882,15.898575592874757,27.61111111111111,0.7346489497891192,62.666666666666664,61.5,68.66666666666667,CCC2014J
group1,F,South Region,Lower Than A Level,20-30%,35-55,120,0.8,0.625,1.8152866242038217,1.5476270340591467,2.981012658227848,0.7514993884948763,1.6473988439306355,1.457720683120966,10.264367816091951,1.606354387714105,1.8129032258064517,1.8083037067286971,32.53846153846154,1.9527644686357593,89.0,55.5,85.0,CCC2014J
group1,F,Ireland,HE Qualification,70-80%,0-35,170,0.625,1.0,6.511627906976744,7.427016618956112,1.8863636363636365,0.7077736454325066,8.433333333333334,10.55260495159218,4.483870967741935,1.0641160869125927,11.55,13.543205715510329,24.571428571428573,1.032911193918996,60.666666666666664,54.5,44.666666666666664,CCC2014J
group1,M,Yorkshire Region,HE Qualification,70-80%,0-35,40,0.5,1.0,1.9655172413793105,2.289510479894751,3.143835616438356,0.794980121043665,3.5625,4.547481567592653,3.9012345679012346,0.8280140545155283,2.784313725490196,3.003718655598084,10.37864077669903,1.3424350466008577,73.0,45.5,67.0,CCC2014J
group3,M,West Midlands Region,A Level or Equivalent,70-80%,0-35,90,0.8,0.625,5.808510638297872,4.879586127640159,1.2291666666666667,0.5047889020961163,12.8,11.74554786873912,2.238095238095238,1.1278602792083892,18.363636363636363,22.43779279373409,24.0,1.034978529031185,89.0,84.0,83.0,CCC2014J
group1,M,East Midlands Region,A Level or Equivalent,60-70%,35-55,60,0.5714285714285714,0.875,4.161290322580645,5.217227290702949,2.2698412698412698,0.6090744500116553,6.0,7.38079876952288,4.2727272727272725,0.94985167172552,8.142857142857142,11.11793441285141,21.24137931034483,0.7654905045780053,90.5,70.5,81.66666666666667,CCC2014J
group3,M,Scotland,A Level or Equivalent,30-40%,0-35,60,0.5,1.0,2.935483870967742,2.8620699852170812,3.234042553191489,0.8321783316232577,3.3164556962025316,3.9760317280548945,14.3375,2.172625461633815,7.147058823529412,10.603408122609292,11.971428571428572,0.9974991655639796,82.0,85.5,87.33333333333333,CCC2014J
group1,F,South Region,Lower Than A Level,90-100%,35-55,60,1.0,0.875,3.5,3.3564598589600507,2.3333333333333335,0.6867716715169503,4.571428571428571,5.328677621587292,3.8596491228070176,1.0368619216791113,6.157894736842105,9.556450533510391,20.05128205128205,0.918482656221818,68.0,9.0,20.0,CCC2014J
group1,F,London Region,A Level or Equivalent,30-40%,0-35,120,0.75,1.0,2.4380952380952383,2.332561358430361,3.2547169811320753,0.8238464404013037,4.081967213114754,5.29872651985743,5.854838709677419,1.0122495723389002,3.2,3.934270073680533,32.96296296296296,2.1086765645619017,82.66666666666667,33.0,44.666666666666664,CCC2014J
group1,M,East Anglian Region,A Level or Equivalent,40-50%,0-35,30,0.75,1.0,5.9743589743589745,5.966958051977747,2.1,0.561420291550076,7.724137931034483,8.859605568953869,2.4,0.6047650293632567,14.142857142857142,22.072806600176406,16.2,0.927762239451077,52.333333333333336,52.5,52.666666666666664,CCC2014J
group1,M,North Western Region,A Level or Equivalent,10-20,0-35,30,0.5,1.0,2.203125,2.6393729122802525,3.248062015503876,0.9343302022245558,4.423728813559322,5.757164621314391,11.15,1.4324365581364709,5.0,6.327595241358406,11.38888888888889,1.3688903524915927,55.0,50.0,54.333333333333336,CCC2014J
group1,M,South East Region,HE Qualification,10-20,0-35,60,0.75,1.0,5.266666666666667,6.114067237266711,1.8695652173913044,0.7280221322092336,10.181818181818182,10.781979514499286,2.130434782608696,0.5921884950427309,16.076923076923077,22.058488685241404,15.357142857142858,0.8875924985504124,58.333333333333336,39.0,47.0,CCC2014J
group3,M,East Anglian Region,Lower Than A Level,70-80%,0-35,30,0.625,1.0,5.03921568627451,5.381303872905618,1.8076923076923077,0.7597264285683882,5.714285714285714,7.349417479108801,5.790697674418604,0.9535763809934042,10.863636363636363,16.403528814732443,51.30434782608695,1.2635147032556813,85.66666666666667,73.0,78.0,CCC2014J
group1,M,South Region,Lower Than A Level,20-30%,0-35,60,0.5,1.0,1.9,1.7445985673139324,2.993377483443709,0.6675846005121319,1.9924812030075187,1.6764692362291602,5.529850746268656,0.7887720794436833,3.2048192771084336,3.278752871713604,14.666666666666666,1.3309946037392484,81.66666666666667,75.5,85.0,CCC2014J
group3,F,Yorkshire Region,HE Qualification,40-50%,35-55,120,0.6666666666666666,0.75,2.638888888888889,3.0493092011735,2.853211009174312,0.7681994369928442,4.15,4.956847686085466,11.80327868852459,1.301511170586136,6.6571428571428575,7.565178965041689,21.88888888888889,0.8003097908263299,86.5,87.5,92.0,CCC2014J
group3,M,South West Region,HE Qualification,60-70%,0-35,90,0.75,1.0,8.233333333333333,8.748136090475004,3.3225806451612905,0.7773055883979842,13.166666666666666,13.016957266219636,3.8421052631578942,1.7041448263105738,12.470588235294118,20.624977718348035,30.27777777777778,1.0467869806765346,90.33333333333331,89.0,75.66666666666667,CCC2014J
group1,M,Ireland,HE Qualification,80-90%,35-55,60,0.8571428571428571,0.875,7.724137931034483,8.438417893878219,2.3,0.7459193757946533,9.296296296296296,11.384249628374263,7.321428571428571,1.053602076174725,16.615384615384617,19.42308961664983,15.928571428571429,0.9973017549791164,65.66666666666667,46.0,30.666666666666668,CCC2014J
group1,M,West Midlands Region,Lower Than A Level,60-70%,35-55,30,0.75,1.0,3.9305555555555554,3.6630103408854153,4.164383561643835,0.7242372288911357,4.78,4.3579156223392586,7.0,1.1144939832657217,5.037735849056604,5.019049343600621,22.87037037037037,0.7809501469344368,68.66666666666667,36.0,67.0,CCC2014J
group1,M,London Region,Post Graduate Qualification,30-40%,35-55,90,0.75,1.0,5.631578947368421,7.906278902757824,2.641025641025641,0.7350482808057359,6.114285714285714,9.361282681629593,7.138888888888889,1.1766874081597345,8.5,14.922990724848455,14.0,0.9797958971132712,57.0,43.5,52.666666666666664,CCC2014J
group1,M,Scotland,HE Qualification,40-50%,0-35,60,0.5,1.0,2.764705882352941,3.1970793310882963,3.9902912621359223,0.8186037284421375,3.810810810810811,5.008692924609395,6.6,1.2633129445864135,3.432098765432099,4.777390165155391,13.707317073170731,1.1057813397882366,75.33333333333333,54.5,74.33333333333333,CCC2014J
group1,M,Ireland,A Level or Equivalent,30-40%,0-35,60,0.5,1.0,6.375,8.41758690069602,3.024390243902439,0.8115163540705987,9.807692307692308,12.78129643117389,5.777777777777778,0.6515797825422084,13.8125,15.702308747442205,61.05882352941177,1.0526828198309377,76.0,56.5,56.0,CCC2014J
group3,M,Yorkshire Region,A Level or Equivalent,60-70%,0-35,30,0.5,1.0,4.508771929824562,3.928480290581042,2.0,0.7427813527082074,9.285714285714286,8.763802417001013,3.724137931034482,0.9109906574999144,5.163265306122449,5.394236657363696,14.8,0.8996387555185534,93.66666666666669,87.0,90.66666666666669,CCC2014J
group3,F,South Region,Lower Than A Level,60-70%,35-55,150,0.8,0.625,1.8493150684931507,1.3561734491521236,2.782312925170068,0.8452588309253123,2.7419354838709675,3.2097108965249017,5.787234042553192,0.856167831912286,5.7727272727272725,6.437042641648547,17.22222222222222,1.4605345905943414,98.66666666666669,98.0,98.0,CCC2014J
group3,M,East Anglian Region,A Level or Equivalent,90-100%,0-35,60,0.5,1.0,3.238636363636364,3.154978981228848,2.561797752808989,0.7583534998789819,4.015625,4.142279824306555,4.3538461538461535,0.7970998387466063,8.575757575757576,11.882314334311896,18.5,1.058203889213616,86.33333333333333,88.5,80.66666666666667,CCC2014J
group1,M,East Anglian Region,Lower Than A Level,80-90%,0-35,60,0.8,0.625,6.021739130434782,5.639106038035866,2.106382978723404,0.6211915903645171,8.76923076923077,11.01383745043549,2.814814814814815,0.5641039765848951,13.3,19.542396556151825,21.238095238095237,1.4999782151018488,60.0,48.0,44.0,CCC2014J
group1,F,Scotland,HE Qualification,40-50%,0-35,60,0.5,1.0,5.163265306122449,7.714561282556055,3.74,1.3366951717195772,7.870967741935484,12.214040924236528,7.09375,1.4221298730316383,11.090909090909092,16.215539551421745,37.82608695652174,1.3192768770802934,83.0,46.5,64.66666666666667,CCC2014J
group3,M,North Region,A Level or Equivalent,70-80%,0-35,60,1.0,0.5,6.7894736842105265,8.204013173315692,2.5641025641025643,0.9503683496413378,7.818181818181818,8.751623226059786,4.0588235294117645,0.8278648551795782,10.708333333333334,12.5818335798835,25.32,0.8556890667705698,100.0,88.0,85.0,CCC2014J
group3,F,Scotland,HE Qualification,80-90%,0-35,60,1.0,0.5,2.541284403669725,2.562305494304571,3.836363636363637,0.9609757101464976,2.927710843373494,4.092775111155112,35.26190476190476,1.4921003847020708,3.953846153846154,5.227423986865954,23.727272727272727,1.59994452177468,91.0,81.0,88.0,CCC2014J
group1,F,London Region,A Level or Equivalent,50-60%,35-55,210,1.0,0.5,4.483870967741935,5.999294864258935,3.6984126984126986,0.6402766076900092,6.619047619047619,8.965931129674562,7.860465116279069,1.0105445255340817,8.176470588235293,9.262078398323158,22.88571428571429,1.10653858618893,82.0,42.0,54.0,CCC2014J
group3,F,South West Region,A Level or Equivalent,80-90%,0-35,90,0.625,1.0,5.22,8.813926827609189,3.411764705882353,1.086161283479432,8.633333333333333,12.606739668029611,7.258064516129032,1.4232357499725758,8.258064516129032,13.728237910563475,17.71875,1.2007240676089843,96.0,77.5,89.33333333333333,CCC2014J
group1,F,Scotland,HE Qualification,70-80%,0-35,150,0.7142857142857143,0.875,4.111111111111111,4.170213544122678,3.359375,1.0529209416972272,5.488372093023256,11.046163076624982,52.68181818181818,2.32978476837619,19.25,31.20059731362964,19.307692307692307,1.460603629494552,53.5,44.5,24.666666666666668,CCC2014J
group3,M,Scotland,HE Qualification,80-90%,35-55,60,0.5,1.0,2.8958333333333335,2.346236254387761,2.783505154639175,0.8712288910046901,5.891304347826087,5.50243687780268,4.468085106382978,1.126972948748498,8.733333333333333,12.746692155988557,39.45161290322581,1.2520717703497228,99.33333333333331,100.0,99.33333333333331,CCC2014J
group1,M,West Midlands Region,Lower Than A Level,10-20,0-35,60,1.0,0.5,1.688622754491018,1.388004512061546,4.869047619047619,0.8222977708968057,2.0846153846153848,2.2517335798202596,15.145038167938932,1.4610760653472112,2.060606060606061,2.310802959343257,12.954887218045112,1.0389881181708538,70.5,85.0,79.0,CCC2014J
group1,M,Wales,A Level or Equivalent,20-30%,0-35,60,0.5,1.0,5.2075471698113205,5.047308843357242,1.9814814814814816,0.6550728564065442,7.666666666666667,7.169539654020661,2.935483870967742,1.0595139158851823,13.0,16.605721905415614,13.88888888888889,1.3054960742951318,79.0,75.5,78.0,CCC2014J
group3,M,South West Region,HE Qualification,30-40%,35-55,30,0.5,1.0,3.54320987654321,3.3393464282552707,2.902439024390244,0.6924492125866443,6.475,6.234673515602388,5.317073170731708,1.2290325463208172,9.5,10.918791141880131,18.74074074074074,1.1081653456142402,97.33333333333331,96.0,90.33333333333331,CCC2014J
group3,F,North Western Region,HE Qualification,20-30%,35-55,60,1.0,0.5,2.7708333333333335,3.1404966642627747,5.494845360824742,0.6078857155817122,3.7611940298507465,5.069485516418401,9.779411764705882,0.7879512710872449,3.044943820224719,3.387510859960958,42.1,1.139306733779443,100.0,96.0,100.0,CCC2014J
group1,M,Yorkshire Region,Lower Than A Level,80-90%,0-35,30,0.625,1.0,2.280701754385965,2.6256352688691624,2.0782608695652174,0.6719878902589543,2.5392156862745097,3.483117894911183,4.456310679611651,0.8985706657602991,4.56140350877193,7.294855192579339,25.03448275862069,1.1783446678082157,72.66666666666667,20.0,62.0,CCC2014J
group3,M,South West Region,HE Qualification,70-80%,35-55,60,0.5,1.0,2.642857142857143,3.192290971932937,3.878787878787879,0.9929561491135952,3.5,5.026689331339545,6.712328767123288,0.9643888293857746,4.745098039215686,6.647836150973944,18.576923076923077,0.9764116516992976,89.0,86.0,87.66666666666667,CCC2014J
group3,M,West Midlands Region,A Level or Equivalent,60-70%,0-35,180,0.5,1.0,1.7924528301886793,1.253226073426242,3.00625,0.8353320659220637,3.48,5.094671302024859,3.3421052631578947,0.749687350875182,2.7346938775510203,3.366147482567441,28.39393939393939,1.410109787765221,85.33333333333333,80.5,89.33333333333333,CCC2014J
group3,M,South West Region,A Level or Equivalent,20-30%,0-35,60,0.5,1.0,5.574468085106383,5.8671698267676895,2.3958333333333335,0.8884471702307993,9.807692307692308,12.579409304953014,5.62962962962963,1.839118819772392,14.470588235294118,17.993462865228388,29.88888888888889,0.98935755639737,90.0,90.0,84.66666666666667,CCC2014J
group1,M,London Region,A Level or Equivalent,20-30%,0-35,180,0.5,1.0,1.8516129032258064,3.7792900253799417,2.58974358974359,0.7275038399038156,3.119565217391304,5.385863448288681,6.666666666666667,0.8727967653173258,3.119565217391304,5.1714397240880405,25.268817204301076,1.4116679916987496,80.33333333333333,78.0,74.66666666666667,CCC2014J
group3,M,East Midlands Region,Lower Than A Level,60-70%,0-35,90,0.75,1.0,2.5625,2.7370703414516138,4.230088495575221,0.892332375479359,2.8247422680412373,3.54145188352164,20.6734693877551,2.1432526366796756,6.82051282051282,10.530336613982415,22.9,1.689166284529121,91.0,46.5,83.66666666666667,CCC2014J
group1,F,London Region,A Level or Equivalent,40-50%,35-55,120,1.0,0.625,3.5135135135135136,5.824471857398153,3.32,0.8662418795877458,5.3061224489795915,8.746913935861068,6.32,0.9336462076971404,5.32,9.815522899770464,26.725490196078432,1.0998961339596292,53.333333333333336,38.0,44.0,CCC2014J
group1,M,South East Region,A Level or Equivalent,70-80%,0-35,60,1.0,0.5,2.1796875,2.0056361283960653,3.8217054263565897,0.5552624874960346,3.808823529411765,3.5037606787231432,3.8840579710144927,0.7773920392654529,2.5673076923076925,2.5304530584670606,18.11428571428571,1.167857258010507,88.0,50.0,79.0,CCC2014J
group1,F,London Region,A Level or Equivalent,80-90%,0-35,30,0.4285714285714285,0.875,6.333333333333333,6.379792660107765,2.725,0.9355549289047091,7.290322580645161,8.832491337431724,4.84375,1.041391049211453,20.09090909090909,21.337546932365704,13.083333333333334,1.368508060975116,39.666666666666664,63.0,46.666666666666664,CCC2014J
group3,F,Scotland,HE Qualification,20-30%,35-55,60,1.0,0.375,9.178571428571429,11.662073925934797,1.862068965517241,0.7012628232874626,18.166666666666668,21.775020439749653,4.3076923076923075,0.7584557350569752,37.5,35.4668859642343,24.428571428571427,1.0957697431403528,100.0,90.0,94.0,CCC2014J
group1,M,Wales,HE Qualification,70-80%,0-35,60,0.5714285714285714,0.875,3.4,2.8798734149396132,1.9506172839506173,0.701818545601474,4.338983050847458,4.277487860445603,5.65,1.3342303871434555,10.761904761904765,11.797901346869969,17.954545454545453,1.3997252917930645,88.0,79.0,81.33333333333333,CCC2014J
group1,M,South East Region,Lower Than A Level,60-70%,0-35,30,1.0,0.5,7.1,7.49632388540355,1.951219512195122,0.7504165509901818,15.055555555555555,13.86689762251105,3.631578947368421,1.165563435529455,19.0,23.783110890637577,20.846153846153847,0.953458694427153,68.5,38.0,48.0,CCC2014J
group1,M,South West Region,Lower Than A Level,40-50%,0-35,90,0.5,1.0,5.607843137254902,5.9802288630872615,2.519230769230769,0.8438136310654129,7.777777777777778,6.542656127777862,5.162162162162162,1.1036818103757604,10.56,9.578970021180078,13.76923076923077,0.7807250077442759,73.0,64.0,73.0,CCC2014J
group1,F,East Anglian Region,Lower Than A Level,50-60%,0-35,30,0.5714285714285714,0.875,3.2738095238095237,3.69744682497567,3.5294117647058822,1.046316289550047,4.618181818181818,5.286218662154239,4.857142857142857,1.090419112465684,4.618181818181818,5.057048286672511,19.660714285714285,0.9440153145312482,77.66666666666667,52.0,50.666666666666664,CCC2014J
group3,M,Yorkshire Region,A Level or Equivalent,80-90%,0-35,60,0.6,0.625,8.869565217391305,12.132991641223851,2.6666666666666665,0.6555055301063448,10.2,13.093188265176988,4.0,0.6025738445163697,22.666666666666668,24.14021540914662,22.0,0.9337562992806426,78.5,86.0,92.5,CCC2014J
group3,M,South Region,A Level or Equivalent,50-60%,0-35,150,0.7142857142857143,0.875,4.440677966101695,4.6693098745800725,3.533333333333333,0.7945838373300214,6.390243902439025,7.949459254504322,16.023809523809526,1.868569414284378,5.714285714285714,6.001161327795645,24.906976744186046,1.9091676587685016,92.33333333333331,79.0,76.33333333333333,CCC2014J
group1,M,North Region,HE Qualification,20-30%,0-35,60,0.625,1.0,4.306451612903226,4.7961347472744915,3.7936507936507935,0.8456024504105542,7.636363636363637,9.499401895047727,5.470588235294118,1.035221999289824,6.8108108108108105,9.365533258347504,26.394736842105264,1.4718179288464373,85.0,33.5,61.0,CCC2014J
group3,F,East Anglian Region,HE Qualification,90-100%,0-35,90,0.625,1.0,2.4017094017094016,2.341749379460567,3.3983050847457625,0.8028104996534774,3.8461538461538463,5.178775100200967,3.5757575757575757,0.8219465268961857,2.9759036144578315,2.8153581568909027,38.38095238095238,1.4996885111913374,100.0,94.5,97.33333333333331,CCC2014J
group3,M,West Midlands Region,A Level or Equivalent,60-70%,0-35,60,1.0,0.5,3.3902439024390243,3.825696410615579,2.8313253012048194,0.7788745348056798,5.630434782608695,8.311594834666339,9.702127659574469,1.136244292678247,7.324324324324325,14.687587454215386,20.42105263157895,0.9686025128661936,97.0,88.0,85.0,CCC2014J
group3,F,South West Region,A Level or Equivalent,50-60%,0-35,120,0.5,1.0,3.2962962962962963,3.9542522821781505,2.8536585365853657,0.8320063947786637,5.148936170212766,5.2708332952458266,4.333333333333333,1.1328212673094726,4.883720930232558,6.241982676184674,27.431818181818183,1.3626419128528475,95.66666666666669,90.5,97.33333333333331,CCC2014J
group1,F,West Midlands Region,Lower Than A Level,50-60%,0-35,90,1.0,0.5,7.515151515151516,9.290859796465329,3.1176470588235294,0.8793343545457392,8.392857142857142,10.650471336168165,8.620689655172415,0.8602325267042626,11.904761904761903,16.09318104634619,22.227272727272727,1.680022265925752,48.0,42.0,43.0,CCC2014J
group1,M,Scotland,A Level or Equivalent,80-90%,0-35,30,0.625,1.0,4.138461538461539,3.912627486249342,2.6666666666666665,0.7650014854412197,5.155555555555556,5.543036399416165,3.5217391304347827,0.8155626945636416,5.976744186046512,7.548220768256215,14.5,1.3412862302604636,78.0,47.5,77.0,CCC2014J
group1,M,South East Region,HE Qualification,90-100%,0-35,60,0.5,1.0,2.2777777777777777,3.2289661228049797,4.94488188976378,0.783151389210185,2.8777777777777778,3.3648138929712124,8.0,0.9328409873565312,2.6,3.5398826577683655,19.349056603773583,1.7519214635444165,85.33333333333333,90.0,77.66666666666667,CCC2014J
group3,M,London Region,HE Qualification,20-30%,0-35,60,0.5,1.0,3.9859154929577465,6.835815256524124,2.0833333333333335,0.92520268049763,8.608695652173912,8.44091297536632,4.583333333333333,1.2736360391927433,6.354838709677419,11.580294720189622,18.21875,1.2228666775042731,90.33333333333331,60.5,79.66666666666667,CCC2014J
group1,M,Wales,A Level or Equivalent,0-10%,0-35,60,1.0,0.5,4.593220338983051,5.654167349498149,3.033333333333333,0.7683668618203667,5.95,10.487966242195666,4.170731707317073,0.8270254750719853,8.161290322580646,11.553056663912365,28.0,1.1804638486456007,42.5,25.0,51.0,CCC2014J
group3,F,South West Region,A Level or Equivalent,90-100%,35-55,60,1.0,0.5,3.397590361445783,3.7771448729331887,4.190476190476191,0.804614468021027,3.732394366197183,4.601110879773253,19.75,1.8057839383797385,4.654545454545454,5.670646255606935,29.535714285714285,1.048620000883746,91.5,92.0,79.0,CCC2014J
group3,F,Scotland,A Level or Equivalent,40-50%,0-35,30,0.625,1.0,1.9618320610687023,2.257992914592249,3.1818181818181817,0.8794710840926506,2.254385964912281,2.592744824663425,10.269565217391303,1.2676221752514691,3.2,3.790060284748162,80.33333333333333,1.275973903639463,98.0,85.0,82.66666666666667,CCC2014J
group1,M,West Midlands Region,HE Qualification,30-40%,35-55,120,0.7142857142857143,0.875,4.903846153846154,5.460229167727538,2.679245283018868,1.0299039963116594,5.204081632653061,5.87359767602991,5.64,0.7734724590359233,11.590909090909092,18.311222400507997,34.608695652173914,1.2305505639908167,66.33333333333333,50.0,49.5,CCC2014J
group3,M,London Region,Lower Than A Level,10-20,35-55,60,0.625,1.0,1.3666666666666667,0.9752110964379098,5.251184834123222,0.8616435020881867,3.7714285714285714,3.612263446229932,3.4788732394366195,1.7540412824488127,1.7662337662337662,1.8639763799458888,15.716129032258063,2.507133421480179,97.33333333333331,94.0,89.66666666666667,CCC2014J
group3,M,London Region,A Level or Equivalent,10-20,0-35,150,0.5,1.0,2.923076923076923,3.4098900902155806,2.8043478260869565,0.861093422398773,3.6805555555555554,5.1616854679561355,7.36986301369863,2.0106318341696445,6.315789473684211,9.05569930488125,28.0,1.6271144115321436,90.33333333333331,90.5,85.33333333333333,CCC2014J
group1,M,North Western Region,HE Qualification,70-80%,0-35,60,1.0,0.625,2.105691056910569,2.035798502582239,3.532258064516129,0.9710580053943716,2.252173913043478,2.6749109782231564,11.31896551724138,0.985543153552512,6.7631578947368425,10.982625616575252,21.23076923076923,0.9352084937788464,43.0,40.0,38.5,CCC2014J
group1,M,North Western Region,A Level or Equivalent,0-10%,35-55,30,0.5714285714285714,0.875,6.204545454545454,7.940416325136263,3.088888888888889,0.7408325560780432,8.137931034482758,10.568565715402832,6.166666666666667,0.9802282049708152,12.409090909090908,14.844139747674328,26.91304347826087,0.7148001579039186,70.33333333333333,50.0,76.33333333333333,CCC2014J
group1,M,Scotland,A Level or Equivalent,40-50%,0-35,30,1.0,0.5,7.052631578947368,6.802016268729214,1.8205128205128205,0.5682884789248455,8.419354838709678,6.9941603906324925,3.40625,1.3786826787893844,22.181818181818183,23.176790898733937,35.916666666666664,0.9114136818523164,97.0,81.0,83.0,CCC2014J
group3,M,South East Region,Lower Than A Level,90-100%,0-35,60,1.0,0.5,3.375,4.195763384623451,2.580246913580247,0.7098453392594534,3.547945205479452,5.24150396114833,26.054054054054053,1.401738271325475,8.5,10.668930919099708,29.96,1.1133789847188658,97.0,92.0,90.0,CCC2014J
group1,M,West Midlands Region,A Level or Equivalent,30-40%,0-35,60,1.0,0.625,2.911111111111111,4.770330694127592,2.4175824175824174,0.8929938502189843,4.277777777777778,6.2265913830580155,4.181818181818182,1.452850662407868,6.529411764705882,12.809171179672806,18.057142857142857,0.8772246652272881,85.5,65.0,59.5,CCC2014J
group3,M,Scotland,HE Qualification,20-30%,0-35,60,0.5,1.0,1.7125748502994012,1.4893266708874495,4.428571428571429,0.7580073188213619,2.8777777777777778,2.705914361973062,6.923076923076923,0.8308003833027181,1.880281690140845,1.5911207271338192,14.125874125874128,1.4442901107897557,73.0,85.5,89.66666666666667,CCC2014J
group1,M,Scotland,A Level or Equivalent,20-30%,35-55,60,0.5,1.0,1.5730337078651686,1.1968663457984012,3.8324022346368714,0.7601114831416492,3.3012048192771086,3.344945002132855,5.273809523809524,1.101901573944004,1.9241379310344828,1.6959214089359678,12.753424657534246,0.9565724159903238,73.33333333333333,58.0,60.333333333333336,CCC2014J
group3,M,Scotland,HE Qualification,90-100%,55<=,30,0.5,1.0,2.096296296296296,1.7358127438472732,4.448529411764706,0.7592932197550649,2.7211538461538463,2.934418222782612,29.03809523809524,1.6140172142222178,2.7745098039215685,2.731941110744556,39.44660194174757,1.171139977345615,83.66666666666667,93.0,93.0,CCC2014J
group1,M,London Region,HE Qualification,50-60%,35-55,30,0.8,0.625,3.619718309859155,3.0395779649864862,2.125,0.7682171774180288,4.60377358490566,5.769080791470994,4.037037037037037,0.8841200199897377,8.555555555555555,12.650124150601885,23.357142857142858,1.0348372622943642,19.0,29.0,33.0,CCC2014J
group3,F,East Anglian Region,A Level or Equivalent,50-60%,0-35,60,1.0,0.5,4.9,5.257647491307984,3.5686274509803924,0.9470334515796262,5.833333333333333,6.381821235072537,3.0232558139534884,0.7959215565998669,12.578947368421051,20.1916258480085,70.95,0.7525750682907614,94.5,92.0,88.0,CCC2014J
group1,M,Ireland,HE Qualification,90-100%,0-35,60,1.0,0.5,2.2416666666666667,3.2924559384208294,2.8181818181818183,0.854686535451082,2.8705882352941177,5.7108673248676425,9.372093023255816,0.809507476144345,3.3157894736842106,6.1851143156569375,17.75862068965517,0.924587936485882,93.0,96.0,96.0,CCC2014J
group1,F,North Region,A Level or Equivalent,50-60%,35-55,30,0.5,1.0,3.7540983606557377,3.99022028508418,2.3225806451612905,0.6271567724930909,4.872340425531915,5.877802832901141,3.4583333333333335,0.7603736542404654,4.886363636363637,5.473895382211019,17.244444444444444,0.8758090713087855,47.0,47.5,35.333333333333336,CCC2014J
group1,M,East Midlands Region,Lower Than A Level,10-20,35-55,60,0.625,1.0,4.17741935483871,6.165807868699576,2.6031746031746033,0.8313728674519494,4.627450980392157,6.752661058616005,3.980769230769231,1.2291719695695609,5.7317073170731705,8.441043745425985,19.857142857142858,2.271551642083834,81.0,76.5,75.0,CCC2014J
group3,M,Wales,A Level or Equivalent,0-10%,0-35,60,0.875,1.0,3.215909090909091,4.644732187660427,6.280898876404494,0.9498920251941582,4.884615384615385,6.947009078969747,4.7924528301886795,0.9439792276282164,3.875,6.959787091832362,46.01754385964912,1.2919939445508932,98.66666666666669,93.0,88.0,CCC2014J
group1,F,South West Region,A Level or Equivalent,20-30%,0-35,120,0.75,1.0,7.166666666666667,7.427747207022367,2.72972972972973,0.915935237384414,13.176470588235292,15.737039485389428,4.388888888888889,1.025003859208542,24.88888888888889,23.850809443520173,16.2,0.9482092315714776,53.666666666666664,72.0,60.666666666666664,CCC2014J
group1,M,South Region,Lower Than A Level,30-40%,35-55,90,0.75,1.0,2.1515151515151514,1.834715480094516,4.7593984962406015,0.7849577483512187,2.8823529411764706,2.941540593706939,10.023255813953488,1.1371205791112715,2.4220183486238533,1.906584972908228,15.327272727272728,1.0015551146765096,96.33333333333331,93.0,76.66666666666667,CCC2014J
group1,M,Scotland,A Level or Equivalent,10-20,0-35,60,1.0,0.5,1.5,1.3543354824158158,2.9682539682539684,0.7235671561746673,1.722972972972973,1.6322470882460476,6.23489932885906,0.6617877080099127,4.03030303030303,4.10241841233154,8.865671641791044,1.6535946229762966,84.0,67.0,54.0,CCC2014J
group3,M,North Western Region,HE Qualification,10-20,0-35,120,0.4285714285714285,0.875,3.2142857142857144,3.37271628606669,1.7647058823529411,0.7306009702825325,10.08,11.643739376448902,5.076923076923077,1.1327214358524649,11.909090909090908,20.416867655164072,23.347826086956523,0.9998179250200148,75.66666666666667,69.0,92.33333333333331,CCC2014J
group1,M,Yorkshire Region,Lower Than A Level,0-10%,0-35,60,0.625,1.0,2.0522388059701493,2.570267135056285,2.533333333333333,0.7025215105324886,2.522935779816514,3.663120331172919,5.954545454545454,0.7647087300125933,4.56140350877193,6.173149068632548,13.620689655172416,1.067832375897801,91.0,77.5,85.33333333333333,CCC2014J
group1,M,East Midlands Region,Lower Than A Level,0-10%,0-35,90,0.8571428571428571,0.875,2.0141843971631204,1.7927864011199233,3.147887323943662,0.9203553316569456,3.021276595744681,3.464035571237858,7.821052631578947,1.034253551506733,4.84,8.983794934690541,11.215686274509803,1.2239535336085607,93.66666666666669,45.5,50.0,CCC2014J
group1,M,South West Region,A Level or Equivalent,0-10%,0-35,60,0.7142857142857143,0.875,9.862068965517242,11.758656804763746,2.066666666666667,0.6603061125954425,15.384615384615383,11.184352622737874,2.2857142857142856,0.3061862178478973,25.181818181818183,22.265750298690502,17.25,0.7135872401342135,69.33333333333333,29.0,50.0,CCC2014J
group1,M,North Western Region,A Level or Equivalent,30-40%,35-55,60,0.625,1.0,1.7875,1.7425041620372046,2.670807453416149,0.9102505018967872,2.3454545454545452,2.235806870080743,6.27027027027027,1.0493956228260626,2.5833333333333335,2.9390220256557655,18.63302752293578,1.353725765198062,87.0,76.5,91.33333333333331,CCC2014J
group1,M,Yorkshire Region,HE Qualification,40-50%,35-55,90,0.75,0.5,11.36842105263158,16.17340246727389,1.85,0.4610465434927562,10.85,15.911845967871333,3.4285714285714284,0.7344057814667937,19.0,22.347259339793773,28.666666666666668,0.7326042805697629,77.0,29.0,46.0,CCC2014J
group1,M,South East Region,Lower Than A Level,60-70%,0-35,150,1.0,0.625,5.7272727272727275,4.790317930720094,2.0444444444444443,1.1007816435801885,10.347826086956522,14.031162381875612,8.875,1.915579257928889,17.214285714285715,16.149201320706336,24.466666666666665,1.2269631023440484,67.0,25.0,37.5,CCC2014J
group1,F,East Midlands Region,A Level or Equivalent,70-80%,35-55,30,0.5,1.0,4.333333333333333,4.774685230213511,2.706896551724138,0.7227826107634333,6.153846153846154,8.170996401066079,10.05,1.4608493555405286,13.666666666666666,16.007438746973083,16.75,0.6173766531327294,78.33333333333333,51.0,77.0,CCC2014J
group3,M,South Region,HE Qualification,90-100%,0-35,60,0.875,1.0,8.515151515151516,6.144719339203032,1.588235294117647,0.5530809082617807,12.5,13.000000000000002,3.2857142857142856,1.0165610386521846,38.333333333333336,31.449430307505835,43.142857142857146,0.7596577865286818,71.33333333333333,76.0,74.0,CCC2014J
group3,F,South Region,A Level or Equivalent,50-60%,0-35,150,0.5,1.0,3.119047619047619,3.7268312775331114,2.5764705882352943,0.8490449808682347,4.278688524590164,4.608438446809589,4.096774193548387,1.4597754148801534,7.25,7.680680773398744,19.7027027027027,1.4472834923817317,80.33333333333333,63.5,61.333333333333336,CCC2014J
group1,M,South Region,A Level or Equivalent,90-100%,0-35,30,0.5,1.0,5.636363636363637,5.673647401930934,1.7333333333333334,0.6129760557888164,6.9411764705882355,8.183283687329212,3.371428571428571,0.8829841544156681,10.434782608695652,13.419206340697992,31.625,0.8651372467998858,51.666666666666664,41.0,45.666666666666664,CCC2014J
group3,M,South Region,HE Qualification,90-100%,0-35,60,0.5,1.0,3.5866666666666664,3.2009007741205857,2.5526315789473686,0.70879568808821,5.521739130434782,5.628258583788624,17.319148936170212,1.6225808718194108,8.846153846153847,9.890166056006573,16.925925925925927,1.1651950359366758,87.33333333333333,87.5,85.0,CCC2014J
group1,M,West Midlands Region,Lower Than A Level,80-90%,0-35,60,0.625,1.0,3.7941176470588234,5.586654736972001,2.246376811594203,0.8070965163352777,4.415094339622642,7.679728466414157,4.62962962962963,0.9297913744491286,8.807692307692308,11.271270490123928,21.185185185185187,0.8336723192709631,95.0,88.0,87.66666666666667,CCC2014J
group1,M,East Midlands Region,HE Qualification,80-90%,35-55,30,1.0,0.5,2.585858585858586,2.8284635658009263,2.29,0.7209737910729117,2.857142857142857,3.793281496207003,13.129411764705882,1.2788543525074905,2.608695652173913,3.8827783236685183,17.49462365591398,1.4504627929359477,52.0,40.0,44.0,CCC2014J
group3,F,East Midlands Region,A Level or Equivalent,50-60%,0-35,120,0.5,1.0,1.1483050847457628,0.4695372191256492,5.957805907172996,1.013176675798512,2.7473684210526317,2.775149683724694,3.9583333333333335,1.345187379465246,1.2535211267605637,0.8586679546781613,20.957943925233646,1.1869042660086837,98.66666666666669,94.5,99.66666666666669,CCC2014J
group1,M,East Anglian Region,Lower Than A Level,0-10%,0-35,60,0.5,1.0,2.9574468085106385,3.3757990487542875,2.2421052631578946,0.8127084666024315,4.963636363636364,8.692192402047295,9.107142857142858,1.4110183212157852,10.08695652173913,12.555017263947658,16.958333333333332,1.1728912415980235,64.0,65.5,64.66666666666667,CCC2014J
group1,M,South East Region,A Level or Equivalent,30-40%,35-55,60,0.5,1.0,3.8676470588235294,3.7927834529978774,2.4057971014492754,0.7087983653051916,5.354166666666667,6.145365260454187,10.755102040816327,3.044820121983138,7.633333333333334,7.667591148658652,25.870967741935484,0.8337031701924584,87.66666666666667,88.0,81.33333333333333,CCC2014J
group3,M,South West Region,A Level or Equivalent,70-80%,35-55,30,0.5,1.0,2.037313432835821,1.8573435489741652,3.0592592592592593,0.791497240066876,2.2685185185185186,2.0761506503667664,7.697247706422019,1.3305511177318778,4.714285714285714,7.32282004283807,37.83720930232558,1.020172386121581,98.66666666666669,99.0,99.0,CCC2014J
group1,M,Scotland,HE Qualification,50-60%,0-35,60,0.5714285714285714,0.875,4.081967213114754,4.8761155372120175,2.7580645161290325,0.9086183798566916,4.784313725490196,5.434385799665666,7.884615384615385,1.342846293865033,6.71875,11.18245854149516,20.424242424242426,1.058239036726735,82.66666666666667,25.0,67.33333333333333,CCC2014J
group3,M,Scotland,HE Qualification,90-100%,35-55,60,0.5,1.0,2.139344262295082,1.8821280981975317,3.1463414634146343,0.7886684200157658,2.717391304347826,2.3125367212125565,5.580645161290323,0.8315265476692648,4.957446808510638,4.840757427297431,16.645833333333332,0.897907440766553,98.0,96.5,97.33333333333331,CCC2014J
group3,F,South Region,A Level or Equivalent,90-100%,35-55,60,0.5,1.0,1.8993288590604027,2.1013025768554527,2.92,0.71237267163608,3.3205128205128207,4.1793977996077345,4.936708860759493,1.1286770574729277,3.8767123287671232,5.035830521482617,28.905405405405407,1.286718836211676,94.33333333333331,89.0,83.0,CCC2014J
group3,M,South West Region,A Level or Equivalent,80-90%,35-55,30,0.5,1.0,2.024193548387097,1.5796660636994029,3.584,0.8559503888893304,2.485148514851485,2.037713725654998,27.186274509803923,1.2862467570450815,2.902439024390244,2.782705655983222,17.08433734939759,0.969075080109181,93.0,83.0,91.0,CCC2014J
group1,M,South East Region,Lower Than A Level,70-80%,0-35,60,0.7142857142857143,0.875,2.322314049586777,1.92446908710367,3.0901639344262297,0.8876910569663944,3.371794871794872,3.793737061584644,10.367088607594935,1.2301367640597545,3.676470588235294,6.263948438796264,32.05797101449275,1.3424380728844465,75.66666666666667,72.0,73.5,CCC2014J
group1,M,Wales,A Level or Equivalent,80-90%,0-35,60,0.8571428571428571,0.875,5.456521739130435,8.57310140105961,4.914893617021277,0.8772190803715229,6.605263157894737,9.107583634455738,6.0256410256410255,0.8357126136760837,8.310344827586206,12.050795611777971,36.766666666666666,1.6399572560872877,79.0,21.0,70.66666666666667,CCC2014J
group1,F,West Midlands Region,Lower Than A Level,10-20,0-35,30,0.5,1.0,8.7,10.91708562853153,2.6451612903225805,0.8777099617291018,6.641025641025641,8.21579729765574,6.775,2.2170919677235577,15.692307692307692,17.684195464616682,30.214285714285715,0.8668776400219568,67.33333333333333,69.0,76.33333333333333,CCC2014J
group1,M,Scotland,Lower Than A Level,80-90%,0-35,30,0.5,1.0,4.3,4.263761369606554,2.295081967213114,0.7159266864757616,5.375,6.289555678925012,10.693877551020408,1.794875482204892,9.956521739130435,12.553443065801671,17.166666666666668,0.7596428210492641,86.33333333333333,65.0,80.33333333333333,CCC2014J
group1,F,South Region,HE Qualification,90-100%,0-35,60,0.625,1.0,4.440677966101695,6.330743777299511,2.966666666666667,0.8392438628495535,4.886792452830188,6.750100789442644,13.851851851851851,1.634499217483977,7.1875,10.976330840024705,21.818181818181817,1.3692218660679207,80.0,58.5,58.333333333333336,CCC2014J
group3,M,East Anglian Region,Lower Than A Level,70-80%,0-35,30,0.5,1.0,2.121212121212121,2.5413535584132303,3.691729323308271,0.7734482363351596,2.533980582524272,2.6818764793703043,9.817307692307692,1.0649371071020848,3.0232558139534884,3.5710494229075236,38.298850574712645,1.0220374853044258,99.33333333333331,99.0,97.66666666666669,CCC2014J
group3,F,West Midlands Region,A Level or Equivalent,10-20,0-35,210,0.5714285714285714,0.875,3.5942028985507246,3.4313384482534013,3.2857142857142856,0.9924097574359414,4.171875,4.474104282086429,5.076923076923077,1.336497622637917,6.4324324324324325,5.310056185832377,23.105263157894736,0.94451209205314,97.0,84.0,91.33333333333331,CCC2014J
group1,M,South West Region,Lower Than A Level,50-60%,0-35,120,0.5714285714285714,0.875,5.488372093023256,4.727689927303447,1.8409090909090908,0.7319436472978588,12.875,15.028306624500312,3.0,0.8244625898677898,26.6,22.634045153264143,38.333333333333336,0.9962880065826808,73.66666666666667,41.0,42.333333333333336,CCC2014J
group1,M,East Anglian Region,HE Qualification,90-100%,0-35,30,0.5714285714285714,0.875,6.815789473684211,7.322144358624381,2.0,0.9058216273156766,8.2,9.897404745167046,2.870967741935484,0.8520084768597247,20.166666666666668,22.618710409881032,27.076923076923077,1.1674788409252923,56.0,56.0,58.0,CCC2014J
group1,M,South West Region,HE Qualification,60-70%,0-35,60,0.6666666666666666,0.75,9.571428571428571,13.172441972285451,3.4482758620689653,0.621449917531574,9.62962962962963,10.62706323188457,5.392857142857143,0.7666975253583078,17.8,22.529980026622304,29.625,1.1373871469197792,44.5,41.5,32.5,CCC2014J
group3,M,East Midlands Region,Lower Than A Level,60-70%,35-55,120,0.5,1.0,1.273972602739726,0.7709211808841782,5.1863636363636365,0.6542957097231116,2.838709677419355,3.19405127297009,5.446808510638298,1.6376554226097515,1.3609756097560977,1.0555358384559683,24.01941747572815,1.2908438616614133,92.66666666666669,96.5,95.66666666666669,CCC2014J
group3,M,Yorkshire Region,A Level or Equivalent,40-50%,0-35,60,1.0,0.5,2.8,2.752409412815901,4.0495049504950495,0.8641293835910314,3.835616438356164,5.436537139858364,6.148648648648648,0.9318603565920702,3.72,4.892244275795523,39.44736842105263,1.2137943110743743,100.0,100.0,100.0,CCC2014J
group3,M,West Midlands Region,A Level or Equivalent,40-50%,0-35,90,0.5,1.0,4.03125,2.8000496027352404,3.5846153846153848,0.6508339944126134,5.5,4.607964120230683,4.829787234042553,1.3372783468423384,7.90625,5.991172942405055,36.75757575757576,1.151440670626197,88.66666666666667,92.5,97.0,CCC2014J
group1,M,Scotland,A Level or Equivalent,20-30%,35-55,60,0.75,1.0,4.945454545454545,5.825926032950826,2.5714285714285716,0.8045971309977912,5.925,8.13472297922418,15.878048780487806,1.1345955289780718,14.61111111111111,21.28832568469198,21.210526315789473,0.7810979269696962,54.666666666666664,76.5,70.0,CCC2014J
group3,M,Wales,HE Qualification,70-80%,35-55,120,0.5714285714285714,0.875,3.984848484848485,4.24442593469971,2.537313432835821,0.7653391043430866,9.846153846153848,9.986760466506876,5.074074074074074,2.724984792126574,10.652173913043478,13.779459996188574,13.25,1.088086668240606,94.5,91.5,94.0,CCC2014J
group3,M,East Midlands Region,A Level or Equivalent,80-90%,0-35,60,0.75,1.0,3.7222222222222223,3.968971989589636,3.4657534246575343,0.7805098217647869,4.574074074074074,5.406501508410706,3.763636363636364,0.7164757735830884,5.384615384615385,6.192590583725991,26.45,0.8288723787640311,90.66666666666669,90.0,95.66666666666669,CCC2014J
group3,M,East Anglian Region,A Level or Equivalent,70-80%,0-35,90,0.5,1.0,4.566666666666666,5.603771933885752,1.786885245901639,0.7315327331834707,6.868421052631579,8.835343804416869,4.230769230769231,0.7929440904493282,12.736842105263158,20.15727634065883,23.85,0.7629731269682336,98.66666666666669,91.0,96.0,CCC2014J
group1,M,South Region,Lower Than A Level,80-90%,0-35,60,0.7142857142857143,0.875,6.8,10.40512694140089,2.7804878048780486,0.9246795756564518,8.233333333333333,12.549717219875934,3.064516129032258,0.567835956179418,11.304347826086955,14.43617546496772,19.458333333333332,1.0114299846868655,79.66666666666667,54.0,49.5,CCC2014J
group1,F,London Region,Lower Than A Level,10-20,0-35,120,1.0,0.375,4.910714285714286,6.185839505645972,2.736842105263158,0.9144899743654876,7.166666666666667,8.57404721903756,13.81081081081081,3.3157084247312985,13.166666666666666,18.250705062931612,14.0,1.1331827367773402,44.0,0.0,8.0,CCC2014J
group1,M,East Anglian Region,A Level or Equivalent,60-70%,35-55,60,0.625,1.0,2.1507936507936507,2.172804493064059,2.7716535433070866,1.022679923146344,2.934065934065934,2.670007065334796,7.3478260869565215,1.06962380990214,3.418918918918919,3.371950196892312,21.30666666666667,1.507342476255717,71.0,37.5,63.0,CCC2014J
group3,M,Scotland,HE Qualification,70-80%,35-55,60,0.5,1.0,2.723404255319149,3.153439001113727,2.873684210526316,0.9354367589457798,4.830188679245283,7.21306466675521,4.222222222222222,1.2961695111605005,11.055555555555555,16.87487593757349,26.526315789473685,0.9820927516479828,96.0,88.0,89.66666666666667,CCC2014J
group1,M,Yorkshire Region,HE Qualification,60-70%,0-35,60,0.5,0.9230769230769232,3.8461538461538463,4.423766668627715,4.348484848484849,1.2617907774104495,6.153846153846154,7.97871662790076,15.1,1.0987990381982211,8.555555555555555,9.086479107118585,5.607142857142857,1.3246417047907084,52.25,58.333333333333336,61.2,DDD2013B
group1,F,Wales,Lower Than A Level,0-10%,35-55,120,0.6363636363636364,0.8461538461538461,4.866666666666666,5.4962797335189295,2.130434782608696,0.6893610511858993,10.157894736842104,10.960855389849506,10.25,1.0588287783752035,19.0,15.673757260678329,5.75,1.20725594581868,59.8,14.0,24.4,DDD2013B
group1,M,Ireland,Lower Than A Level,30-40%,0-35,60,0.6923076923076923,1.0,3.4411764705882355,3.2753368423842906,3.4347826086956523,0.7573810279317261,4.530612244897959,5.571886428073255,7.72,0.9885516112822892,5.575,6.920380529036438,4.2439024390243905,1.0405632284847317,53.8,46.666666666666664,42.8,DDD2013B
group1,F,London Region,Lower Than A Level,20-30%,0-35,120,0.5454545454545454,0.8461538461538461,3.26027397260274,3.763964359777371,5.22972972972973,0.9412532646445204,4.75,5.44019711783048,15.122448979591836,0.9313148987005198,5.775,7.764110396974676,5.439024390243903,0.6879864997200015,69.6,48.0,86.0,DDD2013B
group1,F,East Anglian Region,Lower Than A Level,80-90%,0-35,60,0.5384615384615384,1.0,5.3023255813953485,5.106181518610231,2.727272727272727,0.9868580895391642,6.0,5.6616299820859055,5.6923076923076925,1.154489653428469,17.307692307692307,12.6976678658236,2.2142857142857144,0.9377059260482988,68.6,74.66666666666667,61.2,DDD2013B
group1,M,Scotland,HE Qualification,90-100%,35-55,60,0.5384615384615384,1.0,2.3369565217391304,1.9571069358950288,2.4623655913978495,1.0238661539401466,3.5892857142857144,3.59685107591872,7.175438596491228,1.6024763985094208,7.148148148148148,6.371231638591756,6.392857142857143,1.0088556422689945,76.0,55.333333333333336,78.0,DDD2013B
group1,F,Wales,HE Qualification,20-30%,0-35,60,0.7272727272727273,0.8461538461538461,5.5813953488372094,6.554651413271468,3.227272727272727,0.7812776477948544,7.5,8.234467293814655,16.939393939393938,0.907239573368316,9.173913043478262,12.264702397579232,7.875,1.1300353657180728,67.0,35.0,50.2,DDD2013B
group3,M,South Region,HE Qualification,70-80%,0-35,60,0.6153846153846154,1.0,2.6666666666666665,4.271488503447916,5.288659793814433,1.0220263795517976,4.931818181818182,5.297641982129835,13.177777777777775,1.3792019178940282,3.0294117647058822,2.4916013446687355,6.855072463768116,1.0204695348688986,82.4,74.66666666666667,86.2,DDD2013B
group3,M,Wales,Post Graduate Qualification,80-90%,35-55,60,0.5384615384615384,1.0,2.057377049180328,2.0053613277925995,3.1707317073170733,0.8771479693630891,2.7282608695652173,2.681246474398421,11.64516129032258,0.8968141370495543,7.857142857142857,9.438747114418687,5.344827586206897,1.333222333222141,81.6,81.0,78.2,DDD2013B
group1,M,West Midlands Region,A Level or Equivalent,40-50%,0-35,90,0.5384615384615384,1.0,7.1875,7.697664078021625,3.393939393939394,0.5845316894047469,8.518518518518519,9.07816641250343,8.535714285714286,0.6226723080459149,11.61111111111111,11.272762012865028,4.421052631578948,0.8377434326551989,82.4,47.666666666666664,82.0,DDD2013B
group1,M,South Region,A Level or Equivalent,40-50%,0-35,60,0.7,0.7692307692307693,3.968253968253968,4.710894216765706,3.25,0.8804248570968921,5.419354838709677,5.18185419548117,6.9375,1.5402770966990635,5.645161290322581,6.641025960380792,6.875,1.024493424507695,77.0,44.0,79.0,DDD2013B
group1,M,South East Region,Lower Than A Level,20-30%,35-55,60,0.5384615384615384,1.0,2.9647058823529413,2.656739224184814,3.395348837209302,0.9273173312918525,4.071428571428571,4.447091563777765,9.964912280701755,1.153105847103414,3.806451612903226,3.740950653604278,7.492063492063492,1.1108566252343557,70.6,42.666666666666664,54.8,DDD2013B
group1,F,London Region,A Level or Equivalent,80-90%,0-35,70,0.7272727272727273,0.8461538461538461,1.514792899408284,0.9518560119935836,4.8352941176470585,0.8021414793729719,2.0,1.7747130188322278,9.5968992248062,0.8700164076714438,2.772727272727273,3.6663341732025025,4.561797752808989,0.927685744000851,75.2,46.5,56.5,DDD2013B
group1,F,South East Region,Lower Than A Level,40-50%,0-35,60,0.6153846153846154,1.0,2.688888888888889,2.22167284095447,2.56043956043956,0.5853611550579995,2.6153846153846154,2.1998445943557554,6.717391304347826,1.113009866823838,5.575,6.180562998170877,3.5853658536585367,0.9562603205880588,71.6,65.33333333333333,81.2,DDD2013B
group1,M,Scotland,A Level or Equivalent,20-30%,0-35,60,0.6153846153846154,1.0,1.9767441860465116,1.8893828203570773,4.1,0.8761967125497353,2.4285714285714284,3.396426693705355,10.358490566037736,1.034263584507842,2.9047619047619047,4.712503357498527,7.576470588235294,0.9241074486217092,77.4,56.0,54.6,DDD2013B
group1,F,East Anglian Region,HE Qualification,90-100%,0-35,60,0.5384615384615384,1.0,5.319148936170213,5.909117431999629,2.6458333333333335,0.874512166606651,4.901960784313726,5.632956246806056,8.307692307692308,1.064794685800081,14.642857142857142,13.437073530160689,3.8666666666666663,1.167586410574966,75.8,55.0,70.2,DDD2013B
group1,F,South West Region,A Level or Equivalent,80-90%,35-55,70,0.75,0.9230769230769232,2.2685185185185186,1.926725377913742,3.1559633027522938,1.0113104286647172,4.607843137254902,5.473859447857787,10.846153846153848,1.255128807142513,4.086206896551724,4.113667773767598,4.966101694915254,0.858305794794172,80.2,51.0,76.0,DDD2013B
group1,F,Scotland,Lower Than A Level,30-40%,0-35,120,0.7272727272727273,0.8461538461538461,2.308411214953271,1.8449892107537016,2.1944444444444446,0.6605363607923924,3.142857142857143,2.5991612296555138,5.705128205128205,0.8416052858313392,3.4925373134328357,2.930369375457114,5.397058823529412,0.8335692756489659,73.4,36.0,59.2,DDD2013B
group1,F,Scotland,HE Qualification,40-50%,0-35,60,0.6153846153846154,1.0,2.6458333333333335,2.4793002691407513,3.618556701030928,0.9250620559220656,3.0238095238095237,2.7897237868031293,9.811764705882354,1.1174995625631805,4.345454545454546,4.651635243407466,10.017857142857142,1.2515438275715252,85.0,85.33333333333333,85.0,DDD2013B
group1,F,London Region,HE Qualification,10-20,0-35,60,0.5384615384615384,1.0,1.7737226277372262,1.3984902612225163,7.173913043478261,1.138754387452963,2.641304347826087,2.625243146202688,14.53763440860215,0.8835306077676227,3.298507462686567,3.749807774358632,5.8088235294117645,0.8445343469029915,88.6,87.0,92.0,DDD2013B
group1,M,North Western Region,A Level or Equivalent,60-70%,35-55,60,0.5454545454545454,0.8461538461538461,2.6666666666666665,5.733863704558746,3.865979381443299,0.834364162434818,2.942528735632184,6.223280227255989,8.556818181818182,1.3632039466390469,3.1875,6.292639360918618,7.876543209876544,0.8481289564573185,94.2,69.0,81.6,DDD2013B
group1,M,South West Region,Lower Than A Level,40-50%,0-35,60,0.6923076923076923,1.0,1.1697247706422018,0.7396604759970966,5.735159817351598,0.6840511165534449,1.3858695652173914,1.0338618273133828,7.394594594594595,0.9153774849466936,1.7234042553191489,1.5542861612729555,4.683098591549296,0.8732337430451543,89.6,57.0,87.6,DDD2013B
group1,M,East Midlands Region,A Level or Equivalent,70-80%,0-35,60,0.7692307692307693,1.0,5.333333333333333,5.4062253677841365,2.9565217391304346,0.7327898531353525,7.258064516129032,9.219427827276787,10.75,1.128086775407898,19.545454545454547,13.589434398558584,3.5,1.2643731473668338,62.6,64.33333333333333,71.2,DDD2013B
group1,F,London Region,Lower Than A Level,10-20,35-55,60,0.8333333333333334,0.9230769230769232,3.263157894736842,2.753753419378147,4.012987012987013,0.708804359162873,3.5942028985507246,3.0980014458077276,11.628571428571428,0.9151996102128844,4.428571428571429,3.5972572524438315,3.771929824561404,1.120418680918722,61.4,71.0,57.0,DDD2013B
group1,M,London Region,Lower Than A Level,40-50%,35-55,60,0.6666666666666666,0.9230769230769232,4.955555555555556,4.680498980565075,3.4347826086956523,1.0402876360154103,7.433333333333334,6.881676486465185,8.419354838709678,1.1561997046066552,7.433333333333334,8.528586143622833,6.645161290322581,0.8059129675024552,79.0,33.5,55.6,DDD2013B
group1,F,Yorkshire Region,HE Qualification,30-40%,0-35,60,0.6153846153846154,1.0,2.606741573033708,2.5611519848058157,3.533333333333333,0.7973791173251109,2.8395061728395063,2.972611604815943,12.073170731707316,0.8660848980955109,4.64,5.4239077711742185,4.588235294117647,1.2970912687119731,73.8,60.666666666666664,63.6,DDD2013B
group1,M,South Region,A Level or Equivalent,30-40%,35-55,60,0.5384615384615384,1.0,1.44,0.9974680590052156,4.3352272727272725,0.7321723116842811,2.2018348623853212,1.8845365699789896,9.61818181818182,1.0141455412905278,2.4583333333333335,2.883406854351168,4.835051546391752,1.1311335807778389,83.6,68.66666666666667,77.8,DDD2013B
group1,F,South East Region,HE Qualification,40-50%,0-35,60,0.8333333333333334,0.9230769230769232,3.716666666666667,3.2940195767104083,2.262295081967213,0.767295158953568,3.946428571428571,3.3271316768058936,8.807017543859649,0.7201518951466422,9.05,8.185192021025081,1.9523809523809523,0.9546529654039476,54.6,55.0,62.4,DDD2013B
group1,F,North Western Region,HE Qualification,20-30%,0-35,60,0.6153846153846154,1.0,2.1826086956521737,2.079906411084665,3.5172413793103448,1.024075806378007,2.9518072289156625,3.0077283156765864,8.071428571428571,1.1036430748440662,3.0246913580246915,3.577622494904875,4.7682926829268295,0.783531709177179,45.4,48.333333333333336,56.6,DDD2013B
group1,M,East Anglian Region,A Level or Equivalent,30-40%,0-35,60,0.5454545454545454,0.8461538461538461,2.911392405063291,3.0390192134867418,3.1125,1.369701662344149,3.264705882352941,3.842486939776496,10.376811594202898,1.6356042628272005,3.2,4.189704427332053,5.549295774647887,1.2809541829231164,80.0,69.0,85.8,DDD2013B
group1,F,South West Region,A Level or Equivalent,60-70%,35-55,120,0.9166666666666666,0.9230769230769232,3.0843373493975905,3.2127976535811125,3.1547619047619047,1.0017784115062858,5.020408163265306,5.584538909339961,8.8,1.2920609457774448,7.375,8.757485277583786,4.151515151515151,0.8877544990079284,66.25,40.0,43.6,DDD2013B
group1,F,West Midlands Region,A Level or Equivalent,80-90%,35-55,60,0.9090909090909092,0.8461538461538461,2.349056603773585,1.981064902810216,3.233644859813084,0.8182815430837637,3.5074626865671643,3.726941773042238,8.838235294117647,1.110557618686901,3.157142857142857,3.5575423624259885,5.140845070422535,0.975227021026804,80.6,64.0,57.0,DDD2013B
group1,F,North Region,A Level or Equivalent,40-50%,0-35,280,0.4545454545454545,0.8461538461538461,2.150442477876106,1.707238993532148,5.508771929824562,0.8835154886281207,2.557894736842105,2.628468486504351,14.083333333333334,0.8693191797494417,3.36231884057971,3.819343239249208,7.171428571428572,0.7961551070967748,80.8,38.0,40.2,DDD2013B
group3,F,South Region,A Level or Equivalent,20-30%,0-35,60,0.5384615384615384,1.0,4.6521739130434785,5.056205829602306,2.0851063829787235,0.7652380922143948,5.048780487804878,6.434093640568946,12.38095238095238,0.7394124486582365,12.411764705882351,11.17507731253688,4.777777777777778,0.9580153453044644,83.0,81.66666666666667,77.0,DDD2013B
group1,F,South Region,A Level or Equivalent,80-90%,0-35,60,0.8333333333333334,0.9230769230769232,2.9879518072289155,3.0383482993055675,2.952380952380953,0.9873681895460108,4.566037735849057,6.313932804527388,9.333333333333334,1.0254002039356596,3.796875,3.9326863370216585,4.6461538461538465,0.8621107503306689,69.8,53.5,59.0,DDD2013B
group1,F,South Region,Lower Than A Level,80-90%,0-35,60,0.5384615384615384,1.0,1.6993006993006994,1.2728750037377403,4.777777777777778,1.1382586588612835,1.875,1.5471589405751354,11.348837209302326,1.3147425578306031,2.3365384615384617,2.188276694504201,5.561904761904762,1.0275884525297885,62.4,45.333333333333336,50.8,DDD2013B
group1,M,North Western Region,A Level or Equivalent,20-30%,0-35,60,0.5384615384615384,1.0,2.7888888888888888,2.5725187432057357,2.725274725274726,0.962502618345831,3.9322033898305087,3.872379678145267,12.233333333333333,0.9852726904635468,4.6938775510204085,5.813791367776041,4.42,0.9095923054862496,63.4,35.0,30.0,DDD2013B
group1,F,West Midlands Region,Lower Than A Level,0-10%,0-35,90,0.6363636363636364,0.8461538461538461,6.057142857142857,7.738151691239882,2.138888888888889,0.5068263974308534,6.25,8.214856722289314,7.757575757575758,0.9883816031065,8.1,7.552622409677177,3.380952380952381,1.536825614586404,78.4,78.0,56.0,DDD2013B
group1,M,North Western Region,No Formal quals,20-30%,0-35,120,0.5,0.9230769230769232,1.75,1.3301243435223526,3.579310344827586,0.7334539118431619,2.4466019417475726,2.103816118762478,7.480769230769231,1.1398673255436027,2.4782608695652173,2.5048448039027877,4.56989247311828,0.7018788428458305,75.0,52.0,57.0,DDD2013B
group1,M,West Midlands Region,Lower Than A Level,90-100%,35-55,120,0.6363636363636364,0.8461538461538461,2.442105263157895,2.7316731272076047,3.1875,0.7781621503131149,3.3823529411764706,4.175369897867861,9.014492753623188,0.9921190471302432,3.4375,3.304037933599835,6.3076923076923075,0.8642892084320021,77.0,56.5,62.25,DDD2013B
group1,F,Wales,A Level or Equivalent,30-40%,35-55,90,0.5384615384615384,1.0,2.081967213114754,1.4118165072543265,3.4552845528455283,0.7520288590501635,2.781609195402299,2.5446034431135156,8.363636363636363,0.9057844202010856,3.929824561403509,3.98595592192498,5.310344827586207,0.8509714865409519,64.8,73.0,71.8,DDD2013B
group1,M,Scotland,A Level or Equivalent,50-60%,0-35,60,0.8,0.7692307692307693,5.276595744680851,5.705459352232868,2.0416666666666665,0.5562862518546535,7.166666666666667,6.528892462095635,2.935483870967742,0.9195379569877816,9.1,8.1943497863499,1.6666666666666667,1.530639455540443,75.75,67.0,76.0,DDD2013B
group3,F,East Midlands Region,HE Qualification,50-60%,35-55,60,0.5384615384615384,1.0,1.0240963855421688,0.2186415324329414,7.996,4.070580761430535,1.3387978142076502,0.946347912231124,15.83695652173913,1.0245552110363905,1.5125,1.2488359359693944,7.869565217391305,1.2223740184328988,97.6,96.66666666666669,93.8,DDD2013B
group1,F,South East Region,A Level or Equivalent,40-50%,35-55,60,0.6153846153846154,1.0,2.2285714285714286,1.7055178711438963,3.8867924528301887,0.8199573751649403,2.8536585365853657,2.568190751057078,12.421686746987952,0.9679193471093532,2.897435897435898,2.3882273140615617,7.291139240506329,1.3265456749976376,78.2,66.0,77.4,DDD2013B
group1,F,South Region,A Level or Equivalent,90-100%,35-55,120,0.6923076923076923,1.0,2.39,1.88505552794456,2.5742574257425743,0.7176350047203661,3.4915254237288136,3.1751887337656233,6.4,1.067085692435242,2.8072289156626504,2.2385635165637523,8.702380952380953,0.9073748798597772,57.2,55.666666666666664,60.0,DDD2013B
group1,F,Scotland,A Level or Equivalent,40-50%,0-35,120,0.6666666666666666,0.9230769230769232,4.433962264150943,6.106457596934905,3.037037037037037,1.0938283412922514,4.5,6.451125582144231,14.918367346938776,1.1992357288067368,9.043478260869565,11.010235984877331,5.0,1.4491376746189435,71.0,64.0,74.8,DDD2013B
group1,F,West Midlands Region,A Level or Equivalent,0-10%,0-35,60,0.6153846153846154,1.0,5.0,5.28710585973962,2.422222222222222,0.6541483842192988,5.116279069767442,5.323842607622992,6.613636363636363,1.3963354184928622,7.923076923076923,8.87208240233634,2.6666666666666665,1.0257111354242645,82.8,60.666666666666664,82.8,DDD2013B
group1,M,North Region,Lower Than A Level,30-40%,0-35,120,0.6153846153846154,1.0,2.7666666666666666,2.526488881316466,2.791208791208791,0.8219959558019144,4.0344827586206895,3.222538594171618,9.559322033898304,0.7944172630219805,4.101694915254237,3.790618706910601,6.35,1.6483671013748329,58.6,42.0,49.2,DDD2013B
group1,F,South West Region,A Level or Equivalent,60-70%,0-35,60,0.5384615384615384,1.0,4.37037037037037,5.779914134951089,4.672727272727273,0.7711351547819648,5.0,7.136759301905405,14.72340425531915,0.8837482064736846,6.388888888888889,7.5034383652821,6.1891891891891895,0.854825104156657,70.0,48.333333333333336,66.6,DDD2013B
group1,M,South Region,A Level or Equivalent,80-90%,0-35,90,0.5384615384615384,1.0,4.327586206896552,4.045304538378719,2.3389830508474576,0.7367822888389881,4.490196078431373,4.640571296810805,7.480769230769231,1.2247381266335151,15.461538461538462,12.38692445427425,2.5714285714285716,1.452966314513558,59.2,33.666666666666664,39.6,DDD2013B
group1,F,Scotland,HE Qualification,40-50%,35-55,70,0.5384615384615384,1.0,1.1797235023041477,0.490609897314794,8.100917431192661,0.8800414188034864,1.2673267326732671,0.6600330024752061,11.330049261083744,1.669731422886528,1.225,0.5056216632341402,10.298507462686567,1.1088645635594367,79.8,66.66666666666667,78.2,DDD2013B
group1,F,South West Region,A Level or Equivalent,80-90%,0-35,60,0.7692307692307693,1.0,2.4607843137254903,2.3364166886747406,3.621359223300971,1.0304327123716592,4.653846153846154,5.8137248543209905,4.660377358490566,1.073233459159896,3.037037037037037,2.895878297013034,6.0,0.8530195053002975,76.6,48.666666666666664,58.8,DDD2013B
group3,M,South West Region,Lower Than A Level,80-90%,0-35,60,0.6666666666666666,0.9230769230769232,2.6344086021505375,2.7138331075394766,2.297872340425532,0.9217033346131696,3.484375,5.0457972060363705,7.661538461538462,0.9559287512272788,8.142857142857142,9.998941742946398,4.551724137931035,0.9560473994189412,78.8,75.0,91.8,DDD2013B
group1,F,East Anglian Region,HE Qualification,80-90%,0-35,150,0.6153846153846154,1.0,1.5521472392638036,1.7290308933152776,8.359756097560975,1.2047026691879013,5.615384615384615,6.179828751738167,11.575,1.1933333655616511,1.8636363636363635,2.567479315339878,7.62406015037594,0.992756268681324,88.6,61.0,71.4,DDD2013B
group3,M,London Region,HE Qualification,50-60%,35-55,60,0.5384615384615384,1.0,1.2057416267942584,0.5377709962993564,5.3,0.7790441340753033,1.2857142857142858,0.723240570679579,6.025380710659898,1.0526368085888644,2.0344827586206895,2.0931816202499784,5.521367521367521,1.0355886748226386,90.4,87.0,93.0,DDD2013B
group3,M,London Region,A Level or Equivalent,60-70%,35-55,90,0.5384615384615384,1.0,1.1228070175438596,0.4121577662348701,4.7685589519650655,0.7568369691037812,1.4245810055865922,1.2033003388513948,9.694444444444445,1.1803314458169027,2.2149532710280373,2.0651101545985364,5.046296296296297,1.0051747265809012,83.2,86.33333333333333,80.4,DDD2013B
group1,M,South East Region,Lower Than A Level,80-90%,0-35,90,0.4,0.7692307692307693,1.4285714285714286,2.322943178993296,3.715976331360946,0.8312193425076428,1.9903846153846152,1.9582793730880144,5.8,1.197216635007967,2.01,2.5643043044179774,5.1683168316831685,0.918925401095772,56.8,39.0,52.5,DDD2013B
group1,M,North Region,Lower Than A Level,20-30%,0-35,60,0.5384615384615384,1.0,2.6818181818181817,2.0763886340629063,3.550561797752809,1.0133008245965385,4.09433962264151,3.7583965021074746,12.092592592592592,0.9641566827325978,3.2285714285714286,2.4027244715381673,6.267605633802817,1.1395629476481626,62.2,59.333333333333336,68.4,DDD2013B
group1,F,Wales,HE Qualification,20-30%,0-35,60,0.7692307692307693,1.0,1.3621621621621622,0.8364493251599388,4.946236559139785,0.907964652926579,2.2232142857142856,2.4520990141692027,12.026548672566372,1.048821470542696,2.0085470085470085,2.1475556533904023,4.423728813559322,1.016669392044874,57.2,35.666666666666664,67.0,DDD2013B
group1,M,Scotland,HE Qualification,70-80%,35-55,60,0.5384615384615384,1.0,1.0450819672131149,0.354303921759119,8.293877551020408,0.8016603888609928,1.2857142857142858,0.9281909617845142,15.294416243654824,1.093347565042207,1.146788990825688,0.5890817359887119,16.009132420091323,1.1756233069483093,80.8,65.66666666666667,73.6,DDD2013B
group1,F,London Region,HE Qualification,10-20,35-55,120,0.8333333333333334,0.9230769230769232,1.853658536585366,1.8001954667514848,3.2903225806451615,0.7736716735902609,2.590909090909091,3.0649534081188565,8.314606741573034,0.9993807432495816,3.53125,3.878998193364749,4.584615384615384,0.9594968502639348,49.8,33.0,52.8,DDD2013B
group1,M,North Region,Lower Than A Level,10-20,0-35,60,0.5,0.9230769230769232,3.645161290322581,3.9716073229433606,4.841269841269841,0.88878466945541,3.851851851851851,4.262196295415883,11.654545454545454,0.9783394997252748,6.176470588235294,5.670073422833329,6.685714285714286,0.8017121352895644,60.4,32.0,48.4,DDD2013B
group3,M,Wales,A Level or Equivalent,10-20,0-35,60,0.5384615384615384,1.0,2.1666666666666665,1.585565732345646,2.9541284403669725,0.7867385855189573,3.066666666666667,2.687977906387109,7.4605263157894735,1.2097621307372448,3.5303030303030303,3.5484327936957314,3.701492537313433,0.9229908291850064,89.2,90.0,94.8,DDD2013B
group3,F,London Region,HE Qualification,40-50%,0-35,60,0.5384615384615384,1.0,2.0317460317460316,1.6825528600861628,4.921259842519685,0.8397942605186105,2.835294117647059,2.6585310069370895,11.127906976744184,0.8922233192104775,3.606060606060606,3.318381384297925,5.925373134328358,1.0289664836330816,90.8,84.66666666666667,92.8,DDD2013B
group1,F,Scotland,HE Qualification,30-40%,0-35,120,0.9166666666666666,0.9230769230769232,3.921875,3.282008132371458,2.4461538461538463,0.8270858731072679,5.878048780487805,5.4872357428454785,9.642857142857142,1.0076887769738931,10.047619047619047,10.2101723319256,7.363636363636363,1.45893334707332,41.5,39.0,58.0,DDD2013B
group1,M,North Western Region,Lower Than A Level,20-30%,35-55,120,0.6363636363636364,0.8461538461538461,1.355191256830601,1.644024424810558,7.184782608695652,1.1527541178045766,1.631578947368421,2.08331183908977,8.196078431372548,1.1145809519604308,1.5483870967741935,2.2826094329098554,7.487179487179487,1.7463151162574528,57.25,77.66666666666667,73.5,DDD2013B
group3,M,South East Region,HE Qualification,60-70%,0-35,155,0.5384615384615384,1.0,1.4619883040935673,0.8349107876844165,3.5697674418604652,0.8458462430641573,3.417910447761194,3.3491258639329975,7.3088235294117645,1.004124945041435,2.2169811320754715,1.804780514190719,5.5046728971962615,0.8416533099042112,93.0,85.0,84.6,DDD2013B
group1,F,London Region,A Level or Equivalent,30-40%,0-35,60,0.6153846153846154,1.0,4.015873015873016,4.327302905416705,2.625,0.8288997707394863,4.8,4.3094580368566735,5.7254901960784315,0.9203603853282644,5.911764705882353,6.7929002466649555,4.6571428571428575,0.8933914135740659,72.0,69.0,73.6,DDD2013B
group1,M,London Region,HE Qualification,10-20,35-55,60,0.75,0.9230769230769232,2.6777777777777776,2.350365870528101,2.901098901098901,0.7700115677759156,3.636363636363636,4.175519732316569,11.611940298507465,1.0552487872410992,4.75,4.742294982614183,5.959183673469388,0.9376684811390824,77.8,54.5,68.2,DDD2013B
group1,F,North Region,Lower Than A Level,20-30%,0-35,60,0.5,0.9230769230769232,4.160714285714286,5.597976211305087,2.912280701754386,0.8092045595280474,5.255813953488372,6.436847140286906,9.5,1.134052043235476,6.297297297297297,7.919262258235594,5.368421052631579,1.0152622326274208,86.6,70.5,86.4,DDD2013B
group1,M,London Region,HE Qualification,0-10%,0-35,120,0.5384615384615384,1.0,2.895348837209302,2.36657642904852,3.1724137931034484,0.9477114011190138,3.0,2.765863337187866,11.524390243902438,1.14012459923855,6.27027027027027,7.883346189731055,6.894736842105263,1.2520014860195974,82.4,83.66666666666667,84.6,DDD2013B
group1,M,South West Region,HE Qualification,50-60%,35-55,130,0.5384615384615384,1.0,1.5802469135802468,1.0319636655318791,3.521472392638037,0.81197752830039,2.1559633027522938,2.3181023206517897,8.436363636363636,0.9056315543243132,2.0254237288135593,2.173900603986605,6.243697478991597,0.9705592317454298,93.6,86.66666666666667,82.0,DDD2013B
group1,F,South East Region,A Level or Equivalent,90-100%,0-35,60,0.5384615384615384,1.0,2.110169491525424,1.8526206815833908,4.890756302521009,1.0906038475459794,2.8,3.466849812011996,15.22093023255814,1.0811430388803722,4.909090909090909,5.093626577643239,7.155555555555556,1.0256725435078788,62.2,64.33333333333333,68.6,DDD2013B
group1,M,West Midlands Region,HE Qualification,20-30%,0-35,60,0.5833333333333334,0.9230769230769232,2.9047619047619047,3.134030268800891,3.941176470588235,1.052551028093613,3.5245901639344264,3.258867683603459,9.0,1.093407346622087,6.153846153846154,6.998264677905823,5.625,0.9504774628613808,67.0,73.5,77.2,DDD2013B
group1,M,North Western Region,HE Qualification,60-70%,0-35,60,0.6666666666666666,0.9230769230769232,1.4268292682926829,0.8655717328214826,5.006060606060606,0.8049108661836132,1.6028368794326242,1.6382893195739852,16.633802816901408,0.8574329072656482,2.961038961038961,3.592541830110492,5.897435897435898,1.2168865413185996,63.25,56.0,68.8,DDD2013B
group1,F,South East Region,A Level or Equivalent,70-80%,0-35,60,0.5384615384615384,1.0,2.3394495412844036,2.701920385256323,6.672727272727273,1.0379146828651369,3.5441176470588234,3.891950451163376,11.115942028985508,1.161141207982468,3.692307692307693,4.057874585770999,6.590909090909091,1.0544810295949685,57.0,46.666666666666664,66.8,DDD2013B
group1,M,Yorkshire Region,A Level or Equivalent,10-20,35-55,60,0.6153846153846154,1.0,2.3365384615384617,3.28754807834629,2.914285714285714,0.7739925467252652,2.5494505494505493,3.685598809371223,13.326086956521738,1.091607565818667,3.323943661971831,4.400567002062101,4.986111111111111,1.0234598902153813,57.0,47.666666666666664,61.8,DDD2013B
group1,F,East Midlands Region,A Level or Equivalent,20-30%,35-55,60,0.5384615384615384,1.0,2.8068181818181817,2.201660577812917,2.8202247191011236,0.7318324947257416,3.1666666666666665,2.4989175145628044,6.468354430379747,0.9288430724931832,4.388888888888889,4.557459846402635,4.363636363636363,1.1890705987824648,88.6,63.0,80.8,DDD2013B
group3,M,London Region,A Level or Equivalent,20-30%,0-35,70,0.6153846153846154,1.0,4.42,5.544219272985042,2.3529411764705883,0.7182153808805081,5.5,8.278105280015895,13.333333333333334,1.1587045153300102,12.5,12.98964084302446,4.933333333333334,1.8000892762536989,91.6,86.66666666666667,88.8,DDD2013B
group1,F,East Anglian Region,A Level or Equivalent,40-50%,0-35,250,0.5384615384615384,1.0,1.7517241379310344,1.1336460014947265,3.5,0.8240513730114375,2.7954545454545454,2.885393620069491,12.314606741573034,1.1517916569380338,3.0126582278481013,2.503810792423892,5.0875,0.7408218929490442,75.4,35.333333333333336,74.6,DDD2013B
group3,F,East Midlands Region,A Level or Equivalent,70-80%,35-55,60,0.6923076923076923,1.0,3.3835616438356166,3.3732202590827285,4.027027027027027,0.7140952212735487,5.040816326530612,5.834377943396755,8.9,0.932313484445348,4.086206896551724,5.089667837225229,6.47457627118644,0.7642813509360367,96.4,88.33333333333333,95.4,DDD2013B
group1,F,London Region,Lower Than A Level,50-60%,0-35,150,0.9230769230769232,1.0,2.897727272727273,2.720884629333666,2.955056179775281,1.0615653628165678,4.175438596491228,4.347095939563495,7.827586206896552,0.93913224652741,7.4,6.462624640297416,3.612903225806451,1.1019463300386796,71.8,59.666666666666664,51.8,DDD2013B
group3,F,Scotland,A Level or Equivalent,90-100%,0-35,60,0.5384615384615384,1.0,1.2146341463414634,0.6438095015752002,4.427184466019417,0.8966858287778015,2.5,2.137386500526187,10.597938144329897,0.9615659116292048,1.3206521739130437,0.761367484636634,10.854054054054052,0.8671598691309077,80.4,70.66666666666667,87.0,DDD2013B
group1,F,South West Region,A Level or Equivalent,70-80%,35-55,80,0.5384615384615384,1.0,1.3386243386243386,1.027100966488654,3.631578947368421,0.8124994950962192,2.1150442477876106,2.430285889962994,9.31578947368421,0.8480161373652715,2.715909090909091,3.3285558762811243,5.382022471910112,0.8236748199561356,86.2,83.66666666666667,88.0,DDD2013B
group3,F,South West Region,HE Qualification,90-100%,0-35,60,0.8,0.7692307692307693,4.407407407407407,3.600411499115478,2.018181818181818,0.8209575315239293,3.931034482758621,3.815306517614474,7.169491525423729,0.768761467054301,8.32,9.476813810558903,3.6153846153846154,0.9460312372517324,54.25,64.0,83.0,DDD2013B
group1,M,South Region,Lower Than A Level,90-100%,0-35,120,0.7777777777777778,0.6923076923076923,6.361111111111111,7.387838569578977,2.4324324324324325,0.8027729719194863,7.285714285714286,11.87545599235899,8.03448275862069,1.080846562369051,11.941176470588236,20.932840789759325,8.666666666666666,0.9692002437195504,75.6,63.333333333333336,30.0,DDD2013B
group3,F,London Region,Lower Than A Level,60-70%,35-55,60,0.5384615384615384,1.0,2.7906976744186047,2.5163759144488043,2.7126436781609193,0.7702546055857291,3.090909090909091,2.772903751541153,7.371794871794871,1.1713853624221138,6.194444444444445,6.9315817384508565,4.108108108108108,1.130162822579192,79.8,82.0,82.6,DDD2013B
group1,M,West Midlands Region,A Level or Equivalent,30-40%,35-55,60,0.6363636363636364,0.8461538461538461,3.75,3.806416421011927,2.9130434782608696,0.6501252228425725,4.84,5.860138606705128,6.784313725490196,0.8591353417052724,6.411764705882353,8.191339280953162,5.057142857142857,1.0104310888670427,82.75,68.0,76.8,DDD2013B
group1,F,South West Region,Lower Than A Level,60-70%,35-55,60,0.8333333333333334,0.9230769230769232,2.169491525423729,2.3326192487752104,5.310924369747899,0.9562906819008216,4.065573770491803,4.753485922488942,8.870967741935484,0.9480175051562308,3.4054054054054053,4.216467777456214,4.426666666666667,0.820062964702317,74.2,49.0,42.25,DDD2013B
group1,M,South West Region,A Level or Equivalent,90-100%,0-35,60,0.5833333333333334,0.9230769230769232,2.7472527472527473,2.6898715648538007,3.0760869565217392,0.7460015906884468,2.7532467532467533,2.2662038984531643,7.769230769230769,0.96889843298823,5.421052631578948,4.500039513023933,4.9743589743589745,1.0681178573798369,69.4,45.0,53.2,DDD2013B
group1,M,Wales,A Level or Equivalent,0-10%,0-35,120,0.7272727272727273,0.8461538461538461,2.927710843373494,2.699517267280282,3.988095238095238,1.0291323473113012,4.538461538461538,6.560313055841814,13.547169811320757,0.9245876038849024,7.709677419354839,8.182067987931887,4.96875,0.7088527437580904,75.6,64.0,70.8,DDD2013B
group1,M,South East Region,Lower Than A Level,80-90%,0-35,60,0.5384615384615384,1.0,1.3144329896907216,0.6972172208137903,5.958974358974359,0.9275759180715816,2.1196581196581197,1.88534453616342,13.627118644067796,1.3203355850978986,1.9465648854961832,1.7598644051754784,8.121212121212121,0.8875500230632181,91.0,85.66666666666667,88.2,DDD2013B
group1,F,East Anglian Region,Lower Than A Level,60-70%,0-35,60,0.7692307692307693,1.0,4.277777777777778,3.6981212296152233,2.309090909090909,0.9228400204084164,4.8125,4.36941132409721,8.142857142857142,1.0340464581257107,10.9,7.690732632269349,2.8095238095238093,1.0908198582850228,55.6,37.333333333333336,47.0,DDD2013B
group1,F,West Midlands Region,A Level or Equivalent,0-10%,0-35,120,0.6666666666666666,0.9230769230769232,2.6436781609195403,2.671890766350339,3.75,0.8052855695247795,4.4,5.699982098074286,13.07843137254902,0.8293226465037494,5.55,5.0836590900246,6.829268292682927,1.1258556836505127,78.6,52.0,79.4,DDD2013B
group1,F,East Midlands Region,A Level or Equivalent,30-40%,0-35,60,0.5384615384615384,1.0,2.209090909090909,1.9161096602730825,4.162162162162162,0.8238312481638288,2.557894736842105,2.191452396430976,13.354166666666666,0.9773103030798682,3.857142857142857,3.922051565094814,6.375,1.13302119319166,78.4,52.333333333333336,73.2,DDD2013B
group1,M,Ireland,Lower Than A Level,30-40%,0-35,60,0.6363636363636364,0.8461538461538461,3.232876712328767,4.198281883849119,2.77027027027027,0.827731718456796,2.161290322580645,1.8550185899727425,10.851063829787234,0.7967373878547999,3.064516129032258,3.1667895919065603,6.079365079365079,0.8759625747000186,72.2,81.0,66.6,DDD2013B
group1,M,South Region,Lower Than A Level,90-100%,0-35,75,0.5555555555555556,0.6923076923076923,2.630434782608696,2.926639265660247,2.78494623655914,0.9148542529494909,3.380281690140845,4.0474549223046985,7.819444444444445,0.9458705448997198,4.2727272727272725,6.447665513376959,5.375,0.833185234979404,89.6,81.0,76.66666666666667,DDD2013B
group1,M,Scotland,HE Qualification,60-70%,0-35,60,0.5,0.7692307692307693,2.4901960784313726,2.520196039990633,3.349514563106796,0.7690287166170887,3.315068493150685,4.13614391112989,12.45945945945946,0.8933696677803532,2.9186046511627906,3.0378596036143977,9.96551724137931,0.754065963920711,83.4,63.0,58.333333333333336,DDD2013B
group1,M,South West Region,Lower Than A Level,70-80%,35-55,60,0.5384615384615384,1.0,1.887218045112782,1.659016390489959,3.955223880597015,0.7819428842705219,2.950617283950617,2.6024086658704335,12.195121951219512,1.238400581395212,2.9058823529411764,2.9423975056461176,7.686046511627907,1.1011755674088042,82.4,82.0,84.4,DDD2013B
group1,F,South West Region,A Level or Equivalent,80-90%,0-35,60,0.5384615384615384,1.0,1.565217391304348,1.0415289764071147,4.074074074074074,0.8553187990064781,3.116883116883117,3.5242544040661463,5.769230769230769,1.0951746013341468,1.907692307692308,1.537369916832211,5.458015267175573,0.9629307148705748,85.0,76.0,90.0,DDD2013B
group1,F,South West Region,Lower Than A Level,60-70%,0-35,60,0.5833333333333334,0.9230769230769232,1.74468085106383,1.456042853172102,2.73943661971831,0.8682593013716327,3.051948051948052,3.4101092122351675,12.73076923076923,0.7499164548736672,2.2115384615384617,1.8574075101335523,5.114285714285714,1.0497839475171726,85.2,81.0,69.6,DDD2013B
group1,M,East Anglian Region,Lower Than A Level,30-40%,35-55,60,0.5384615384615384,1.0,1.6333333333333333,1.2922934540438769,4.2052980132450335,0.7904884374511365,2.088495575221239,1.8349655608090432,8.017543859649123,0.8807079650680771,2.566666666666667,2.2034192020074803,7.857142857142857,1.0400743286070169,77.6,55.333333333333336,58.8,DDD2013B
group1,F,Wales,Lower Than A Level,80-90%,0-35,60,0.5384615384615384,1.0,1.673202614379085,1.8094418496767288,3.7142857142857144,0.6892902384433863,1.7357142857142858,1.87988486669388,11.687943262411348,0.8644645010628768,2.4947368421052634,2.8392150706216746,3.7604166666666665,1.463482381176213,73.6,66.0,76.0,DDD2013B
group1,M,East Anglian Region,A Level or Equivalent,80-90%,0-35,120,0.5,0.9230769230769232,4.909090909090909,6.691953452826697,2.0444444444444443,0.6913932127734458,5.195121951219512,7.71757575989741,11.023809523809524,0.6280048145264276,8.73913043478261,13.250102542671296,3.375,0.8372336707746159,62.2,37.0,45.6,DDD2013B
group1,M,London Region,HE Qualification,90-100%,55<=,60,0.5384615384615384,1.0,2.6627906976744184,3.0432585674928,3.67816091954023,0.933188000217534,2.6790123456790123,2.9488436737720907,7.902439024390244,1.2514052457790152,3.4727272727272727,3.7458843857825928,4.5,1.261280668274218,70.4,62.666666666666664,75.0,DDD2013B
group1,F,East Midlands Region,Lower Than A Level,30-40%,35-55,60,0.5833333333333334,0.9230769230769232,2.6236559139784945,2.484359678217445,4.329787234042553,0.961391499177783,3.175675675675676,3.2365976898128057,10.986666666666666,1.0821228412380357,4.673076923076923,5.204527266947325,7.79245283018868,1.0875849216140483,72.75,48.0,79.4,DDD2013B
group3,M,West Midlands Region,A Level or Equivalent,0-10%,0-35,60,0.5384615384615384,1.0,1.7328767123287672,1.24452509092292,4.8231292517006805,0.9890916756487764,2.2803738317757007,1.7579704878893434,11.72222222222222,1.1538410856419088,3.418918918918919,4.232965076137712,6.213333333333333,1.310496591061402,91.8,88.66666666666667,90.8,DDD2013B
group3,M,East Anglian Region,HE Qualification,70-80%,35-55,90,0.5384615384615384,1.0,1.2849740932642486,0.7264583926147083,3.5,0.8165395261785606,2.6559139784946235,2.433884994496025,8.382978723404255,1.0241140339262929,1.643835616438356,1.4419322573757245,6.258503401360544,0.7935884378540632,86.4,83.33333333333333,84.6,DDD2013B
group1,F,Wales,Lower Than A Level,90-100%,0-35,60,0.5384615384615384,1.0,2.9012345679012346,2.576843700496816,3.890243902439024,0.774294670846395,3.3768115942028984,3.3611161017250453,6.885714285714286,0.8815254797021634,4.017543859649122,3.642463981928871,5.344827586206897,0.9149697344636004,60.0,52.0,58.6,DDD2013B
group1,M,South East Region,A Level or Equivalent,40-50%,0-35,60,0.5833333333333334,0.9230769230769232,8.818181818181818,12.365991626948036,3.739130434782609,0.7655014228201297,5.972222222222222,9.467194820947638,14.27027027027027,0.7397573079433872,15.416666666666666,16.67037837457552,5.6923076923076925,1.0968445344704336,68.8,50.0,70.8,DDD2013B
group1,F,East Anglian Region,Lower Than A Level,80-90%,0-35,210,0.4545454545454545,0.8461538461538461,2.681159420289855,2.6484887678869224,4.442857142857143,1.252984155175736,4.891891891891892,5.004352459963581,18.44736842105263,0.970001887196469,3.8297872340425534,4.274897145653969,8.666666666666666,1.3095292527871707,65.6,40.0,67.5,DDD2013B
group3,M,South Region,A Level or Equivalent,70-80%,35-55,90,0.5833333333333334,0.9230769230769232,5.7,6.009394354909695,3.2195121951219514,1.057245759055728,5.878787878787879,6.845425369167973,21.735294117647054,1.0476208886219975,9.238095238095235,10.265986372018824,7.681818181818182,1.516790934499454,78.6,68.0,56.0,DDD2013B
group1,M,South Region,A Level or Equivalent,90-100%,35-55,60,0.7272727272727273,0.8461538461538461,1.7642857142857142,1.698965890662958,3.695035460992908,0.744093171269094,2.8795180722891565,2.6244515820217997,8.154761904761905,0.8653511712488502,3.102564102564102,2.885655268220084,5.341772151898734,1.1474040337698028,76.2,34.333333333333336,54.0,DDD2013B
group3,M,Ireland,Lower Than A Level,0-10%,0-35,120,0.5384615384615384,1.0,1.514792899408284,1.2056736354367947,4.147058823529412,0.808541743833646,2.232142857142857,2.995438402413113,13.929203539823009,0.8400396261850727,2.772727272727273,3.3553089609774336,4.910112359550562,0.7444847193127178,88.6,88.66666666666667,89.8,DDD2013B
group1,M,South West Region,Lower Than A Level,40-50%,35-55,240,0.9090909090909092,0.8461538461538461,2.3711340206185567,2.438064411700678,3.5714285714285716,0.8494704232638121,3.066666666666667,3.778793362871179,14.68421052631579,1.0167878238386778,6.4411764705882355,7.270493195186127,4.857142857142857,1.303176847628046,59.5,55.333333333333336,59.75,DDD2013B
group1,M,South Region,Lower Than A Level,90-100%,35-55,60,0.6153846153846154,1.0,1.7826086956521738,1.5222876102731002,4.251798561151079,0.9954877138826048,2.510204081632653,2.58961008074429,9.06060606060606,0.871980181430286,2.2476190476190476,2.4050465867107618,7.830188679245283,0.8434010322526403,73.6,61.333333333333336,72.4,DDD2013B
group1,F,Yorkshire Region,Lower Than A Level,60-70%,0-35,120,0.5384615384615384,1.0,1.4666666666666666,0.9007675137465484,4.596385542168675,0.8368352369649747,1.7985074626865671,1.193842918259234,10.511111111111113,1.0417835835558218,2.205607476635514,2.498068377378165,6.453703703703703,1.2696122960899472,84.6,67.0,82.2,DDD2013B
group1,M,North Region,A Level or Equivalent,70-80%,35-55,120,0.7,0.7692307692307693,1.608974358974359,1.4349270767071505,4.229299363057325,0.9100448904941296,1.9307692307692308,1.7879374524657274,8.274809160305344,1.3376587350531135,2.7032967032967035,2.9457860882378544,9.33695652173913,0.8251238050210311,79.6,68.0,57.0,DDD2013B
group1,F,North Region,A Level or Equivalent,10-20,0-35,60,0.5384615384615384,1.0,1.6622516556291391,1.3802773499966987,2.1973684210526314,0.9891483349972212,5.947368421052632,5.853838511614144,8.179487179487179,0.9819170650469812,2.8705882352941177,3.1044830690552043,4.476744186046512,0.7698352516767707,65.2,49.0,72.4,DDD2013B
group3,M,North Region,HE Qualification,80-90%,35-55,240,0.5384615384615384,1.0,1.55,1.097739243418436,2.937888198757764,0.9572615582591374,2.962025316455696,3.2598687954353966,8.475,1.072379920902815,2.339622641509434,2.304805714166361,4.831775700934579,0.8070331608661205,96.2,95.66666666666669,98.2,DDD2013B
group3,M,South Region,HE Qualification,70-80%,35-55,90,0.6153846153846154,1.0,1.2367149758454106,0.6733518756667688,4.778846153846154,0.8317017685320915,1.873134328358209,1.5914321435532552,10.88148148148148,1.0572069602936265,1.6363636363636365,1.2462659617017928,7.612903225806452,0.8084097262837262,92.4,90.66666666666669,92.4,DDD2013B
group1,M,South Region,A Level or Equivalent,90-100%,0-35,60,0.4,0.7692307692307693,4.280701754385965,3.904001545872573,2.7586206896551726,0.8575947469521953,5.923076923076923,5.362563288227275,8.0,0.9151502608861564,9.227272727272728,11.16939619027865,6.739130434782608,1.1285713344861872,69.75,59.0,60.0,DDD2013B
group1,M,North Western Region,A Level or Equivalent,30-40%,0-35,120,0.5384615384615384,1.0,1.5493827160493827,0.9194412908942436,5.809815950920245,0.736092526319821,1.900763358778626,1.3579110757792705,7.522727272727272,1.01269465012371,1.871212121212121,1.2564660427139192,5.548872180451128,0.834378131914854,84.8,80.33333333333333,87.0,DDD2013B
group1,F,East Anglian Region,Lower Than A Level,10-20,0-35,120,0.6363636363636364,0.8461538461538461,2.033613445378151,2.4561675159195406,4.9,0.7596845688679201,2.0555555555555554,2.4103876964820463,13.963302752293576,0.9900623599620862,3.012987012987013,3.2706570500899055,5.230769230769231,0.9636561720826986,51.0,32.0,51.0,DDD2013B
group3,M,South West Region,HE Qualification,60-70%,0-35,60,0.5384615384615384,1.0,1.9393939393939392,1.6287379826559565,3.992481203007519,0.8862116149596996,2.349514563106796,2.371020868343248,9.048076923076923,0.8143792438784102,3.936507936507936,4.347312910786481,5.46875,0.994728965239132,89.0,90.66666666666669,96.6,DDD2013B
group3,F,South Region,A Level or Equivalent,60-70%,0-35,120,0.5384615384615384,1.0,2.048780487804878,1.6978948322129663,3.2338709677419355,0.753476322696753,2.404040404040404,2.198882795733157,7.67,0.9598617515833462,3.4925373134328357,3.421735933386595,5.588235294117647,0.9739828844901632,85.4,76.66666666666667,90.6,DDD2013B
group1,M,East Midlands Region,A Level or Equivalent,10-20,0-35,180,0.6923076923076923,1.0,3.71875,3.819202734054521,2.9846153846153847,0.8506560333695915,4.958333333333333,6.198690092692829,9.510204081632653,0.8613788435581229,7.633333333333334,8.16419150856383,4.967741935483871,1.1219306060101537,65.0,51.0,64.8,DDD2013B
group3,F,London Region,HE Qualification,0-10%,0-35,120,0.5384615384615384,1.0,2.313725490196078,1.9598969065474616,4.058252427184466,0.9263409977193968,2.9873417721518987,2.8889429833732327,12.5125,1.2839549333671698,3.3676470588235294,3.586477138032949,8.130434782608695,0.8249172277336326,95.6,90.0,94.4,DDD2013B
group1,M,West Midlands Region,Lower Than A Level,30-40%,35-55,60,0.5384615384615384,1.0,3.712121212121212,2.8162449167704557,2.716417910447761,0.9278396232005142,4.1923076923076925,3.6784398948918313,9.867924528301886,1.588582222101606,5.444444444444445,4.392946596304102,5.934782608695652,0.8744150608650519,80.8,41.0,66.2,DDD2013B
group3,F,South West Region,A Level or Equivalent,20-30%,0-35,60,0.6153846153846154,1.0,2.1339285714285716,1.737221223804723,2.7610619469026547,0.9043574658482691,2.438775510204082,2.1252838574783333,7.03030303030303,0.8571410877055514,6.081081081081081,5.722171200099071,7.631578947368421,1.0480262860796536,84.4,68.33333333333333,76.2,DDD2013B
group3,F,South West Region,A Level or Equivalent,30-40%,0-35,60,0.4,0.7692307692307693,2.4838709677419355,1.8214477234487576,2.776595744680851,0.8275595994019898,2.911392405063291,2.5073730937424585,6.9875,1.142549854293592,5.538461538461538,5.552837841785585,4.1,0.9122733760617096,82.6,58.0,79.25,DDD2013B
group1,F,North Western Region,A Level or Equivalent,10-20,0-35,60,0.5454545454545454,0.8461538461538461,3.1375,2.9628234481335753,3.6049382716049383,0.9792245161507076,3.691176470588235,3.27476718070099,10.08695652173913,1.2997148990707266,6.15,6.277963086290051,4.634146341463414,0.9868666663610214,66.8,39.0,63.8,DDD2013B
group3,M,North Western Region,A Level or Equivalent,30-40%,0-35,80,0.5384615384615384,1.0,1.1,0.5315380993792478,6.034632034632034,0.7949217589875396,1.64,1.4667683511629075,14.18543046357616,0.9008187835851792,1.528301886792453,1.0721522230076357,8.0625,1.032300873507285,94.8,89.66666666666667,94.2,DDD2013B
group1,F,London Region,HE Qualification,70-80%,0-35,80,0.5384615384615384,1.0,1.2132701421800949,0.5992171225933278,5.30188679245283,0.7994454201666825,1.28643216080402,0.7408477495756925,5.85,1.0785159837940703,2.139130434782609,2.6052812641428313,5.155172413793103,0.9061323451308404,85.0,72.33333333333333,60.6,DDD2013B
group1,M,Scotland,HE Qualification,60-70%,0-35,60,0.5384615384615384,1.0,2.5531914893617023,2.340007450023044,2.8,0.8954473706228173,2.608695652173913,2.4627177060639953,10.903225806451612,1.2848028430578178,6.527777777777778,7.408435775176878,5.45945945945946,1.0243577945645594,85.2,71.33333333333333,82.0,DDD2013B
group1,F,South Region,A Level or Equivalent,90-100%,35-55,60,0.5384615384615384,1.0,2.7093023255813953,2.482248881060064,4.517241379310345,1.0107708120830263,3.426470588235294,3.6213140868391887,13.579710144927535,1.1294885391160403,3.6666666666666665,3.532165125838609,5.0344827586206895,1.012795784540107,75.6,48.666666666666664,79.8,DDD2013B
group1,M,West Midlands Region,A Level or Equivalent,20-30%,0-35,120,0.5384615384615384,1.0,2.5698924731182795,2.7795755441620216,2.765957446808511,0.8345356218532627,3.1866666666666665,3.505568286171161,10.236842105263158,1.587679898520939,5.538461538461538,5.245781030836284,4.225,1.074889164589259,91.0,73.0,85.8,DDD2013B
group1,F,South West Region,A Level or Equivalent,50-60%,0-35,180,0.5384615384615384,1.0,7.125,6.6756659689526305,2.909090909090909,0.673629008926031,8.033333333333333,7.203846354472766,8.129032258064516,0.8561318258304609,11.882352941176473,11.056007150759584,4.444444444444445,0.8392705165797258,54.6,49.0,65.8,DDD2013B
group1,M,Yorkshire Region,A Level or Equivalent,20-30%,0-35,210,0.6363636363636364,0.8461538461538461,3.361111111111111,3.843067860320675,2.3972602739726026,0.8044366770274333,6.368421052631579,7.404969305305579,6.076923076923077,1.0968678855060685,5.086956521739131,7.9269612699852035,5.127659574468085,0.5192859439318841,74.0,53.0,60.0,DDD2013B
group1,F,South West Region,Lower Than A Level,40-50%,0-35,60,0.5384615384615384,1.0,1.864,1.2400832438239393,2.4206349206349205,0.8085873428375215,3.2753623188405796,2.5430647210832196,6.3428571428571425,1.080151627480679,3.125,3.6267297961227425,4.52054794520548,0.6364213538039041,50.4,48.666666666666664,42.0,DDD2013B
group3,F,London Region,HE Qualification,10-20,0-35,60,0.6923076923076923,1.0,1.4204545454545454,1.0660644945281248,6.27683615819209,1.1811808175181535,3.0365853658536586,3.706667738979393,8.795180722891565,1.1742866541783026,2.212962962962963,1.9044999634457789,4.284403669724771,0.9277609282314894,89.0,87.33333333333333,89.8,DDD2013B
group3,M,South Region,HE Qualification,90-100%,35-55,60,0.5384615384615384,1.0,1.8968253968253967,1.4850150979939027,2.826771653543307,0.7574245906090326,2.366336633663366,1.9427957807099945,9.529411764705882,0.7834563102513449,4.444444444444445,5.44624789755444,8.195652173913043,0.8455882296708265,93.2,92.0,93.0,DDD2013B
group1,M,South East Region,A Level or Equivalent,60-70%,0-35,60,0.6923076923076923,1.0,1.7346938775510203,1.4206236842396132,3.3378378378378377,1.016307234401027,2.1315789473684212,2.0110894238455206,7.860869565217391,1.3001218714900382,3.75,4.011107459399144,4.229508196721311,0.8860977149881277,58.2,50.666666666666664,65.2,DDD2013B
group1,M,South Region,Lower Than A Level,40-50%,35-55,120,0.9230769230769232,1.0,2.043103448275862,2.070044071697657,5.273504273504273,1.0142656168291877,2.817073170731707,4.178510718155505,18.626506024096383,1.2512879350343469,3.0384615384615383,4.331828166575316,9.683544303797468,1.367493959149226,73.2,48.333333333333336,68.2,DDD2013B
group1,F,South West Region,Lower Than A Level,80-90%,0-35,60,0.5454545454545454,0.8461538461538461,3.0547945205479454,2.581399334980201,2.756756756756757,0.6924095522748853,3.7142857142857144,4.185317564639882,8.789473684210526,0.6331845745809267,5.186046511627907,3.5674174596083503,4.886363636363637,0.8739607905929077,59.6,19.0,59.2,DDD2013B
group1,F,East Anglian Region,A Level or Equivalent,70-80%,0-35,60,0.5833333333333334,0.9230769230769232,3.3943661971830985,3.2534767040788695,3.875,0.7285690157627924,4.155172413793103,4.948158346534956,6.796610169491525,0.8401066556785913,5.875,6.4418005923650625,5.829268292682927,0.8098801664447836,45.2,28.5,63.8,DDD2013B
group1,F,East Anglian Region,Lower Than A Level,50-60%,0-35,60,0.5384615384615384,1.0,2.0338983050847457,1.7292466784816556,3.008403361344538,0.861314106076393,2.962962962962963,3.325824876795396,8.804878048780488,1.1222802896555528,7.066666666666666,6.554457989813489,4.838709677419355,0.9063234644552804,55.6,56.666666666666664,66.8,DDD2013B
group3,M,London Region,Lower Than A Level,40-50%,0-35,120,0.5384615384615384,1.0,3.907692307692307,3.9000123273966905,6.151515151515151,1.0017941148110194,4.462962962962963,4.201136247753372,11.89090909090909,0.873039143396458,8.620689655172415,9.100289607257595,4.066666666666666,0.7696193176593772,76.4,70.66666666666667,63.4,DDD2013B
group1,F,West Midlands Region,A Level or Equivalent,30-40%,0-35,60,0.8461538461538461,1.0,2.636363636363636,2.8974099340650445,3.067415730337079,0.860174345545756,3.0428571428571427,3.402623515890388,10.873239436619718,0.9440970448245478,6.866666666666666,7.62813907497277,4.419354838709677,0.7598256163312763,69.2,45.666666666666664,64.2,DDD2013B
group1,F,Wales,Lower Than A Level,90-100%,0-35,60,0.6666666666666666,0.9230769230769232,3.6515151515151514,4.718188779744337,2.5074626865671643,0.8588772135917978,4.2727272727272725,5.829219328503429,8.821428571428571,0.978007270716259,8.565217391304348,12.41636049352379,3.9166666666666665,0.8237642843662102,71.2,39.5,67.6,DDD2013B
group1,M,East Midlands Region,A Level or Equivalent,70-80%,0-35,120,0.5384615384615384,1.0,3.283783783783784,3.1731764055210276,2.933333333333333,0.8015996403885635,5.111111111111111,5.816208630051267,13.543478260869565,1.2791326119852606,10.043478260869565,10.580764110874057,4.291666666666667,0.6606937002271489,52.2,50.0,51.2,DDD2013B
group1,F,South West Region,Lower Than A Level,40-50%,35-55,60,0.5384615384615384,1.0,1.4497041420118344,1.0851335368973756,3.6823529411764704,0.8426634918856465,2.121739130434783,2.086497216174635,6.491379310344827,1.0106817566524713,2.8536585365853657,2.548889621328541,4.662650602409639,1.0214140499614477,82.2,73.66666666666667,77.0,DDD2013B
group1,F,South West Region,A Level or Equivalent,40-50%,0-35,120,0.6153846153846154,1.0,2.375,2.177499679533601,3.638095238095238,0.9776216476544266,2.938271604938272,2.904073341930028,11.792682926829269,1.1116259814210736,3.5303030303030303,3.621388161251458,7.268656716417911,1.4620930693156384,79.6,63.0,80.0,DDD2013B
group1,F,London Region,HE Qualification,70-80%,0-35,90,0.8,0.7692307692307693,5.4,5.06951674225463,3.4130434782608696,0.7693307823897092,6.75,6.230684438440818,10.324324324324325,1.1223621645823871,12.941176470588236,14.981115563582431,6.5,1.2395519964381354,61.0,24.5,61.333333333333336,DDD2013B
group1,F,South East Region,A Level or Equivalent,20-30%,0-35,180,0.4545454545454545,0.8461538461538461,6.085714285714285,7.728371826745719,3.0555555555555554,0.8270229393123026,7.206896551724138,10.25175702830923,12.166666666666666,0.8819407453599931,14.22222222222222,12.25538430423316,2.9,0.9807905278157169,44.4,20.0,52.6,DDD2013B
group3,M,South West Region,Lower Than A Level,30-40%,0-35,60,0.5384615384615384,1.0,1.4497041420118344,0.9874886533618784,3.5588235294117645,0.8859334524095008,2.7471264367816093,2.7795699466786252,9.5,0.9018853193098348,2.2941176470588234,2.5274267244389645,5.135922330097087,1.0494234897859829,84.6,85.33333333333333,87.0,DDD2013B
group1,F,South East Region,A Level or Equivalent,70-80%,35-55,60,0.6363636363636364,0.8461538461538461,2.7191011235955056,3.4344139504200175,4.188888888888889,0.7884768756330337,3.1578947368421053,4.179482046311313,11.896103896103895,1.0048674468999998,3.1714285714285713,3.5589097360451234,6.169014084507042,1.0306088818430956,66.4,53.0,67.8,DDD2013B
group1,M,Scotland,A Level or Equivalent,0-10%,35-55,180,0.6923076923076923,1.0,2.355769230769231,2.8588757014472685,2.8285714285714287,0.8098045588042777,5.0,4.924968949032691,11.408163265306122,1.051418857203012,3.414285714285714,4.566712759133274,11.704225352112676,1.06476232888837,84.2,44.333333333333336,61.0,DDD2013B
group3,M,London Region,A Level or Equivalent,80-90%,0-35,60,0.5384615384615384,1.0,2.1440677966101696,2.125447861216301,2.857142857142857,0.8455767262643881,4.254237288135593,6.238349749564862,8.516666666666667,1.0092593332690765,3.414285714285714,4.210039268441798,5.366197183098592,0.8229005737819781,89.6,91.0,95.2,DDD2013B
group3,F,East Midlands Region,A Level or Equivalent,80-90%,0-35,150,0.3846153846153846,1.0,1.75,1.2926187795914608,2.50354609929078,0.8557960658023192,3.408450704225352,4.163025907708176,8.36111111111111,1.0164755734212831,2.7710843373493974,2.9105581612250324,4.690476190476191,0.9517326554976028,87.4,70.33333333333333,93.8,DDD2013B
group1,F,Wales,HE Qualification,40-50%,0-35,180,0.5384615384615384,1.0,1.826086956521739,1.219746554255,4.669064748201439,0.9055374388649032,2.813953488372093,2.323848875854714,11.850574712643676,1.0993802824759544,2.4838709677419355,2.407474336067132,7.8936170212765955,1.1259170188451275,65.4,60.333333333333336,73.2,DDD2013B
group1,M,North Region,Lower Than A Level,10-20,0-35,60,0.5384615384615384,1.0,1.9389312977099236,1.924560789818089,4.636363636363637,0.8053947923212204,2.419047619047619,2.8037781940039697,17.4811320754717,1.282199240199215,2.008130081300813,2.2597545745143472,8.911290322580646,1.0340034830921123,70.8,56.0,71.2,DDD2013B
group1,F,Scotland,A Level or Equivalent,20-30%,0-35,60,0.5555555555555556,0.6923076923076923,2.042016806722689,2.326687315502863,5.15,0.8140879459320981,2.7126436781609193,3.923418199932096,13.886363636363637,0.8777189920334046,2.761363636363636,3.4707126638464794,12.179775280898877,0.9229675982996712,62.25,50.0,62.0,DDD2013B
group1,M,East Midlands Region,Lower Than A Level,80-90%,35-55,60,0.5454545454545454,0.8461538461538461,1.7375886524822697,1.528983743120723,6.0,0.9840273670762056,2.042016806722689,2.4335053812130982,11.133333333333333,0.6855176020581404,3.04,4.461365685951308,6.368421052631579,0.9998975427329496,73.8,64.0,42.8,DDD2013B
group1,M,London Region,A Level or Equivalent,10-20,0-35,120,0.7,0.7692307692307693,4.444444444444445,4.142658103394022,3.0434782608695654,0.6849698339849628,3.9607843137254903,5.733971692688152,11.038461538461538,0.8446082151298999,6.285714285714286,9.41180166503792,4.241379310344827,1.156130721169205,66.0,69.0,61.2,DDD2013B
group1,F,East Midlands Region,A Level or Equivalent,10-20,0-35,120,0.4545454545454545,0.8461538461538461,2.6145833333333335,2.953569799649826,4.505154639175258,1.2609380886495376,3.289473684210526,3.8116165930785297,10.753246753246753,0.9407770697765686,4.528301886792453,6.298973584228152,4.7592592592592595,1.4415856679330497,56.2,35.0,53.4,DDD2013B
group3,M,East Anglian Region,A Level or Equivalent,50-60%,0-35,60,0.5384615384615384,1.0,3.984375,4.495119708136391,2.9076923076923076,0.7789466795033227,4.877551020408164,5.41845862561956,9.86,0.908262434447122,6.685714285714286,9.19645529081539,4.055555555555555,1.042806813324288,85.2,87.0,88.4,DDD2013B
group1,M,North Western Region,Lower Than A Level,10-20,0-35,120,0.5833333333333334,0.9230769230769232,1.6217948717948718,1.388166340864457,3.356687898089172,0.6699716562443087,1.632258064516129,1.5709181484323596,8.923076923076923,0.8385070273284011,3.8615384615384616,5.474020811629587,2.560606060606061,0.8385055923751387,52.2,26.0,62.0,DDD2013B
group3,M,North Western Region,HE Qualification,50-60%,0-35,60,0.5,0.9230769230769232,3.155844155844156,2.656000827644009,2.7948717948717947,0.7434023699039595,4.84,5.736955033920389,7.980392156862745,0.939841177318803,9.0,9.239047569960878,5.481481481481482,1.262338664665594,82.8,55.5,80.6,DDD2013B
group1,M,South West Region,Lower Than A Level,50-60%,0-35,120,0.5384615384615384,1.0,4.222222222222222,4.3292191403046205,4.763636363636364,1.182750466319472,3.5,3.0964042530402276,13.389830508474576,1.3011365251233609,15.75,9.873057921802785,5.0,1.0046047826039697,54.8,52.666666666666664,58.2,DDD2013B
group1,F,Wales,Lower Than A Level,70-80%,0-35,70,0.5384615384615384,1.0,2.5806451612903225,2.464189524777922,2.2872340425531914,0.785275526669009,3.645161290322581,5.02158218876053,5.142857142857143,0.7469645937073595,5.348837209302325,6.480313487898533,3.340909090909091,0.6474746880779247,88.0,83.33333333333333,83.0,DDD2013B
group1,F,North Western Region,A Level or Equivalent,40-50%,35-55,60,0.5384615384615384,1.0,2.192982456140351,1.995025641294869,4.852173913043479,0.8400144554722224,2.46875,2.1272820563734425,11.68041237113402,0.8769358488306496,3.420289855072464,4.045352442660188,9.17142857142857,1.0435393101300805,91.0,78.0,87.6,DDD2013B
group3,F,South West Region,A Level or Equivalent,20-30%,35-55,60,0.5384615384615384,1.0,1.7297297297297298,1.2967494399962312,2.7315436241610738,0.785103600215099,2.802325581395349,2.360557099957852,5.126436781609195,1.2459913805079177,2.8607594936708862,2.615212778592319,4.625,0.8164667594707528,85.2,79.33333333333333,76.2,DDD2013B
group1,F,East Anglian Region,Lower Than A Level,40-50%,0-35,120,0.75,0.9230769230769232,2.0,2.039607805437114,3.425196850393701,0.6839766216947551,2.2745098039215685,1.9302534730443983,6.970873786407767,0.9056202534970408,3.3157894736842106,4.214927524298338,3.7532467532467537,1.0080909734894017,48.0,44.333333333333336,37.25,DDD2013B
group3,M,Scotland,Lower Than A Level,60-70%,0-35,60,0.5,0.7692307692307693,2.606382978723404,1.80333076007836,2.210526315789474,0.5939987096957209,4.245614035087719,5.16264294770748,7.362068965517241,1.0223039062456138,3.590909090909091,4.567366764432124,5.791044776119403,0.9747925592307958,78.25,83.0,71.6,DDD2013B
group1,F,North Western Region,Lower Than A Level,90-100%,0-35,60,0.5,0.9230769230769232,4.611111111111111,4.195310349761697,2.1636363636363636,0.8579663205445525,4.150943396226415,4.512360061393314,9.38888888888889,1.1141400618630806,9.1,9.82424498237316,2.857142857142857,1.05987420637231,73.2,51.0,66.2,DDD2013B
group1,F,London Region,Lower Than A Level,10-20,0-35,120,0.5,0.4615384615384615,17.666666666666668,25.76231685421499,3.0,0.6405126152203485,4.25,6.422616289332565,9.867924528301886,1.3218834910050787,11.35,18.143506885529685,5.809523809523809,0.7635719959236863,46.0,47.0,78.33333333333333,DDD2013B
group1,M,East Anglian Region,Lower Than A Level,20-30%,0-35,60,0.5384615384615384,1.0,1.297872340425532,0.7504691899113898,4.08994708994709,1.1669754970322317,1.710144927536232,1.3573422858779862,9.53956834532374,0.9415740062324686,1.6690140845070425,1.1712987940950197,5.426573426573427,1.0677539865679035,88.8,81.0,89.8,DDD2013B
group1,F,East Anglian Region,A Level or Equivalent,60-70%,0-35,75,0.5384615384615384,1.0,1.5961538461538465,1.2327720986242356,3.8853503184713376,0.8887211687449159,1.8384615384615384,1.6129507177496425,9.97709923664122,0.9562062565125012,2.484848484848485,3.0046346389442427,7.24,1.1063734211671516,86.2,63.666666666666664,82.6,DDD2013B
group3,M,South Region,A Level or Equivalent,30-40%,35-55,60,0.6153846153846154,1.0,2.2280701754385963,1.667147888919097,5.156521739130435,0.8971522395884393,3.036144578313253,2.8518106491915267,15.761904761904765,0.9567647190659976,2.4948453608247423,1.774376130621961,8.346938775510203,0.9157841976536104,88.2,85.33333333333333,83.6,DDD2013B
group1,M,Wales,Lower Than A Level,40-50%,0-35,60,0.5384615384615384,1.0,2.4545454545454546,1.7453888361162773,3.4,0.7021962580184308,3.1066666666666665,2.4963396627285546,6.671052631578948,1.010961171338087,4.6875,4.439456790615793,5.959183673469388,1.0874999865192192,82.8,68.0,84.2,DDD2013B
group1,M,South West Region,Lower Than A Level,80-90%,0-35,60,0.5833333333333334,0.9230769230769232,1.4463276836158192,1.07592484792247,3.606741573033708,1.0585209541517793,1.8473282442748091,1.4222045857521997,7.825757575757576,1.0623198613090017,2.1186440677966103,1.9531674539062684,7.184873949579832,1.095017957608632,56.6,57.5,59.0,DDD2013B
group3,M,East Midlands Region,A Level or Equivalent,70-80%,0-35,60,0.5384615384615384,1.0,1.4166666666666667,0.9564541124767788,4.7845303867403315,0.6910349834765522,1.6168831168831168,1.1782231662067677,17.07741935483871,0.6809228714222377,1.7571428571428571,1.6915848793085877,7.4822695035460995,1.089220374504514,91.8,79.66666666666667,80.2,DDD2013B
group1,M,Wales,A Level or Equivalent,0-10%,0-35,60,0.5,0.9230769230769232,3.081081081081081,3.1612237822645493,3.28,0.8913847239857022,3.257142857142857,3.5373195218393723,8.774647887323944,1.2799934042377772,11.578947368421051,9.364921483171385,6.4,1.390888317766743,52.2,20.5,56.8,DDD2013B
group1,M,Yorkshire Region,Lower Than A Level,90-100%,0-35,60,0.5384615384615384,1.0,1.3061224489795915,0.9326902172423664,6.49238578680203,1.053797582377455,2.2857142857142856,2.0956508720012472,5.656565656565657,0.8919852886130133,1.5894039735099337,1.457264666781835,10.18421052631579,1.003599075877343,72.8,48.0,58.4,DDD2013B
group1,F,East Anglian Region,A Level or Equivalent,90-100%,0-35,60,0.5384615384615384,1.0,1.2791878172588833,0.661031468464099,6.2272727272727275,0.7558612579440144,1.9133858267716537,1.4366165168975755,15.9375,0.9594548625224602,1.713235294117647,1.475268152575781,6.817518248175182,0.9327933800470736,67.4,51.0,71.8,DDD2013B
group3,M,North Western Region,HE Qualification,20-30%,35-55,60,0.6153846153846154,1.0,3.202702702702702,3.3020530339730576,2.7333333333333334,0.6794335744967862,4.957446808510638,4.938568032240286,8.0625,0.8099322347866008,4.384615384615385,4.843244116773449,7.377358490566038,1.1782373035003892,91.2,81.0,86.2,DDD2013B
group1,F,West Midlands Region,A Level or Equivalent,20-30%,0-35,60,0.5384615384615384,1.0,2.049586776859504,1.7928154751183103,3.7131147540983607,0.8038745843251593,2.5416666666666665,2.5085817619006066,8.525773195876289,1.2201019119403151,2.925925925925926,2.396757068299673,6.414634146341464,0.9765795337647576,71.8,63.0,72.6,DDD2013B
group1,M,West Midlands Region,HE Qualification,20-30%,0-35,60,0.6666666666666666,0.6923076923076923,5.1521739130434785,7.679604710036543,2.595744680851064,0.7731902520179889,5.040816326530612,8.529261358390178,13.24,1.0898726113786528,13.733333333333333,16.403251710153896,8.1875,1.2061793388220028,77.2,50.0,82.33333333333333,DDD2013B
group3,M,South East Region,Lower Than A Level,50-60%,0-35,60,0.5384615384615384,1.0,1.3548387096774193,0.8654967177519548,4.962566844919786,0.7294932313285039,1.726027397260274,1.2839623366761324,10.775510204081632,0.9582697008458676,1.7906976744186047,1.6755335838763945,7.038461538461538,0.8778378559068305,97.2,83.33333333333333,89.4,DDD2013B
group1,M,Yorkshire Region,Lower Than A Level,0-10%,0-35,60,0.6363636363636364,0.8461538461538461,2.388349514563106,2.89432510914483,3.3653846153846154,1.1262652748743325,4.1454545454545455,5.936135985446293,6.928571428571429,1.0237897209432747,3.4057971014492754,4.971444459817518,5.585714285714285,0.9131151153597182,72.4,78.0,66.4,DDD2013B
group1,M,Wales,A Level or Equivalent,20-30%,0-35,60,0.5833333333333334,0.9230769230769232,5.75,5.754596824746683,3.048780487804878,1.0841106954550352,8.214285714285714,9.182742037253975,7.724137931034483,0.8355015373280597,8.538461538461538,7.961059071408875,4.7407407407407405,0.8331217179230175,82.8,67.0,82.2,DDD2013B
group3,M,North Western Region,HE Qualification,90-100%,35-55,60,0.5384615384615384,1.0,1.256281407035176,0.6739363045810439,7.5,0.868408506023135,1.7297297297297298,1.831673687610771,11.899328859060402,0.906990707605708,1.712230215827338,1.9569445435721011,9.35,1.14970064091116,97.0,89.0,96.4,DDD2013B
group1,F,East Midlands Region,A Level or Equivalent,30-40%,0-35,60,0.5384615384615384,1.0,2.651685393258427,1.7457814321926912,2.2333333333333334,0.8121652453977786,4.891304347826087,5.2882606292704395,6.723404255319149,0.8660138400501854,6.555555555555555,6.5571964586113625,4.1891891891891895,0.782588889140951,44.0,42.333333333333336,50.8,DDD2013B
group1,F,London Region,HE Qualification,70-80%,0-35,60,0.5833333333333334,0.9230769230769232,1.6025641025641026,1.4127506328800783,5.6369426751592355,0.9374691202208968,2.380952380952381,2.4074441937016,10.339622641509434,1.2421807759254904,2.7176470588235295,3.5375932251080724,5.406976744186046,0.8112659166754483,70.2,48.5,72.4,DDD2013B
group1,M,Yorkshire Region,A Level or Equivalent,0-10%,0-35,60,0.5384615384615384,1.0,2.938271604938272,2.590104626324706,3.3902439024390243,0.8553288209553903,5.133333333333334,6.760849865888971,9.434782608695652,0.9372981884053656,4.39622641509434,5.193707815311455,4.092592592592593,0.8987227297631548,69.4,67.66666666666667,81.4,DDD2013B
group1,F,South West Region,A Level or Equivalent,50-60%,0-35,60,0.6666666666666666,0.9230769230769232,4.938775510204081,4.90071492771423,4.26,0.6652931695370818,5.897435897435898,5.879468610945933,7.9,1.015738984673907,7.928571428571429,8.88164387281982,7.068965517241379,0.8632354781745812,52.6,32.333333333333336,52.0,DDD2013B
group1,F,East Anglian Region,A Level or Equivalent,90-100%,35-55,60,0.6153846153846154,1.0,1.380681818181818,0.9606376399687216,3.751412429378531,0.8297714437485194,1.5986842105263157,1.3678419626243112,10.333333333333334,1.2024133574225204,2.186274509803922,1.902215447068651,4.067961165048544,1.273085702015107,75.8,37.666666666666664,52.0,DDD2013B
group1,M,Ireland,A Level or Equivalent,0-10%,0-35,90,0.5384615384615384,1.0,1.2463054187192115,0.77614409025121,8.941176470588236,0.945104202143122,1.6805555555555556,1.3672123533927052,8.10344827586207,0.8984227414547453,1.5933333333333333,1.5504780240004297,6.596026490066225,0.9259216652321556,64.0,34.333333333333336,51.2,DDD2013B
group1,F,North Western Region,Lower Than A Level,0-10%,0-35,60,0.6363636363636364,0.8461538461538461,3.414285714285714,3.8466731613093783,2.619718309859155,0.9068667017301396,3.706896551724138,4.753608493387834,8.372881355932204,0.925360305323283,4.777777777777778,6.141841924229427,5.021739130434782,1.0072821934367846,69.0,31.0,78.2,DDD2013B
group1,F,South Region,A Level or Equivalent,40-50%,0-35,60,0.5,0.9230769230769232,3.878787878787879,3.3120532860594154,2.5522388059701493,0.6140629344841351,5.446808510638298,5.042465367682144,7.541666666666667,0.9182413519815996,6.552631578947368,7.456893666795493,6.717948717948718,0.8841461147969101,73.4,65.0,70.2,DDD2013B
group1,M,East Anglian Region,A Level or Equivalent,30-40%,0-35,60,0.5833333333333334,0.9230769230769232,2.3173076923076925,1.6736937992155214,3.7714285714285714,0.856071779671425,2.8860759493670884,3.0042164462129226,9.475,1.1996401369800704,6.444444444444445,7.256305413498542,6.1891891891891895,0.7567573457619028,60.6,47.5,56.4,DDD2013B
group1,M,South West Region,A Level or Equivalent,30-40%,0-35,120,0.5384615384615384,1.0,2.1052631578947367,1.7313784014689355,4.034782608695652,1.0361292572325245,3.609375,5.233036653707637,22.06153846153846,1.3306700202531383,3.038961038961039,3.3773298330328414,6.512820512820513,1.0328550883736147,71.4,57.333333333333336,66.4,DDD2013B
group1,F,Wales,A Level or Equivalent,50-60%,0-35,60,0.6363636363636364,0.8461538461538461,1.7074829931972788,2.404934665343698,4.554054054054054,1.0131304307157316,2.2636363636363637,2.9199637823796163,17.783783783783782,2.0430491630196403,2.7191011235955056,3.8138168785141784,5.911111111111111,0.8932745363915812,83.0,68.0,68.5,DDD2013B
group1,M,North Western Region,Lower Than A Level,20-30%,0-35,60,0.5384615384615384,1.0,1.6490066225165565,1.1843348372071627,4.546052631578948,0.8859554707645576,1.9268292682926829,1.6848930097244492,11.258064516129032,1.020079440215745,3.873015873015873,3.9164337937764633,4.109375,1.196885460708223,54.2,67.33333333333333,50.0,DDD2013B
group1,M,South West Region,A Level or Equivalent,60-70%,0-35,60,0.5384615384615384,1.0,1.3854748603351956,0.8559187016315564,3.844444444444445,0.8427916139636633,1.8449612403100777,1.636734613124086,8.938461538461539,0.9270048629558448,1.8125,1.7240768384506215,3.3333333333333335,0.7658404715781065,82.2,61.0,80.2,DDD2013B
group1,F,South Region,Lower Than A Level,80-90%,0-35,90,0.6923076923076923,1.0,3.1139240506329116,3.301077298018191,3.9,0.9844284010488448,3.442857142857143,3.693455686323081,13.070422535211268,1.2276568457858068,4.461538461538462,4.844489646977087,9.566037735849056,1.013215585271085,38.6,40.0,39.8,DDD2013B
group1,M,North Region,A Level or Equivalent,0-10%,0-35,120,0.6153846153846154,1.0,2.8735632183908044,3.094648786103046,2.840909090909091,1.1970898044841916,6.545454545454546,8.825003219159855,12.058823529411764,0.8963008120863103,8.037037037037036,11.154445410761236,5.25,1.6586786221637193,63.4,56.333333333333336,54.0,DDD2013B
group1,M,London Region,HE Qualification,20-30%,0-35,120,0.8461538461538461,1.0,1.8467153284671536,1.547723712561475,4.101449275362318,0.9674108895603618,2.46875,2.185854644370432,9.43298969072165,0.987327509540872,3.931034482758621,3.689064299019312,4.983050847457627,1.2532432819209318,63.4,70.33333333333333,75.4,DDD2013B
group3,F,East Anglian Region,Lower Than A Level,20-30%,35-55,60,0.6666666666666666,0.9230769230769232,3.269230769230769,3.00074915720983,3.721518987341772,1.1863387773194076,3.6666666666666665,4.529857375584496,11.714285714285714,1.0130616332162738,5.9523809523809526,7.0709035575114685,9.16279069767442,1.5478987759967715,90.0,86.66666666666667,92.0,DDD2013B
group1,M,South East Region,Lower Than A Level,30-40%,0-35,60,0.5384615384615384,1.0,3.25,3.960218849171512,3.3376623376623376,1.2038887868804788,3.9444444444444446,5.141091091399071,7.2,1.598215545317004,3.408450704225352,5.260574289096832,10.26388888888889,1.00203959211566,54.8,41.0,57.0,DDD2013B
group1,F,West Midlands Region,A Level or Equivalent,60-70%,0-35,90,0.5833333333333334,0.9230769230769232,1.0711297071129706,0.3877905252952133,7.4375,0.8621073345752336,2.0504201680672267,2.7148328896219107,12.258333333333333,0.9080687062321366,1.6618705035971224,1.6530777480445915,8.3,0.9568051095536216,61.8,46.0,74.6,DDD2013B
group1,M,East Anglian Region,Lower Than A Level,90-100%,0-35,180,0.5384615384615384,1.0,1.1333333333333333,0.4118772355239569,5.393805309734513,0.8604460150229101,2.056451612903226,2.108065885622994,10.512,1.1606480005072115,1.437125748502994,1.078513647994931,5.101190476190476,0.9463574790588968,81.4,49.333333333333336,70.6,DDD2013B
group1,M,East Anglian Region,Lower Than A Level,20-30%,0-35,120,0.7692307692307693,1.0,5.222222222222222,6.0184900284225975,2.847826086956522,0.9461030638979268,5.222222222222222,6.612278141625792,8.347826086956522,1.221184800801391,10.333333333333334,11.298099788173646,2.263157894736842,1.5693797970979526,74.0,45.0,79.8,DDD2013B
group1,M,Yorkshire Region,Lower Than A Level,60-70%,35-55,60,0.6153846153846154,1.0,2.761363636363636,3.0737835391515516,3.730337078651685,0.8737639798734635,4.415094339622642,4.57599910176897,9.796296296296296,0.9428421001815168,4.068965517241379,4.829957934383372,9.423728813559322,0.959562293465966,75.0,48.333333333333336,81.4,DDD2013B
group1,M,North Region,A Level or Equivalent,0-10%,0-35,60,0.7272727272727273,0.8461538461538461,2.520408163265306,3.1466873166551923,3.363636363636364,0.9271841679472868,3.560606060606061,5.700550008224679,8.044776119402986,0.8412742106226148,3.049382716049383,3.4853308113000594,6.853658536585366,0.8805078832960255,67.8,5.5,58.75,DDD2013B
group3,M,Wales,A Level or Equivalent,40-50%,35-55,60,0.5384615384615384,1.0,1.0756302521008403,0.347617906186091,5.7740585774058575,0.7864051769218177,1.1179039301310043,0.4383811621884309,14.104347826086956,1.0872150349436056,1.875,1.5823833315205311,4.255813953488372,0.8591350372513467,95.6,93.33333333333331,95.8,DDD2013B
group1,M,North Western Region,A Level or Equivalent,0-10%,0-35,90,0.6153846153846154,1.0,3.821428571428571,2.4279219910872745,3.3333333333333335,0.99472291830968,5.097560975609756,4.5210887961241175,8.857142857142858,1.006999437341159,9.08695652173913,10.10361341068477,7.166666666666667,1.2975410450756577,44.2,34.0,48.8,DDD2013B
group1,M,South Region,Lower Than A Level,80-90%,0-35,120,0.6153846153846154,1.0,1.8333333333333333,1.5927635337049422,3.661654135338346,0.9665068929970416,3.4571428571428573,4.251805121461973,17.014084507042252,0.8700114520841656,5.7368421052631575,8.19256159170347,9.0,1.4337760750869053,61.6,42.0,48.6,DDD2013B
group1,M,South East Region,Lower Than A Level,70-80%,0-35,60,0.8181818181818182,0.8461538461538461,4.816326530612245,5.648279492419775,3.7,1.1783907760319805,6.545454545454546,7.237449952723806,6.529411764705882,0.8215998890756256,7.32258064516129,7.608710345273998,5.6875,1.651389142725746,59.4,60.666666666666664,45.0,DDD2013B
group1,M,South West Region,Lower Than A Level,60-70%,0-35,60,0.5384615384615384,1.0,4.826923076923077,5.078679594672159,2.981132075471698,0.7556866610936355,6.222222222222222,7.73530352571382,12.432432432432432,0.9411009921919784,8.32,10.47902667235846,2.8846153846153846,0.943657188225093,60.2,37.666666666666664,41.6,DDD2013B
group3,F,Scotland,A Level or Equivalent,30-40%,0-35,60,0.5833333333333334,0.9230769230769232,2.059322033898305,1.9537051054336572,3.924369747899159,0.7699018326377095,2.4791666666666665,2.579184557656962,11.515463917525771,0.9992788070797132,2.9625,2.9955399335797357,7.54320987654321,0.933011736692816,70.6,69.5,78.0,DDD2013B
group1,M,Ireland,A Level or Equivalent,20-30%,0-35,60,0.5555555555555556,0.6923076923076923,3.9672131147540983,5.653810553112989,3.7903225806451615,0.9079399273766754,4.767441860465116,7.9935605312512275,6.204545454545454,1.0386085004317824,4.714285714285714,7.305819598101229,5.52,0.6867256384462975,84.8,58.0,75.66666666666667,DDD2013B
group1,F,Ireland,A Level or Equivalent,70-80%,0-35,60,0.5384615384615384,1.0,2.425531914893617,2.3984285253981628,2.789473684210526,0.8123293423754666,3.0972222222222223,3.5091820090238928,12.41095890410959,0.8115503070973255,3.388059701492537,3.1234946623089708,4.25,0.7553324915603982,51.6,29.0,41.8,DDD2013B
group1,M,South West Region,A Level or Equivalent,40-50%,0-35,60,0.5454545454545454,0.8461538461538461,6.368421052631579,7.841059817471516,2.5641025641025643,0.7586830695356263,7.806451612903226,10.925259279421274,7.40625,0.6639237489591572,10.333333333333334,8.16736691675727,4.7894736842105265,0.9783306094090104,60.2,47.0,67.4,DDD2013B
group1,F,London Region,Lower Than A Level,50-60%,35-55,60,0.5384615384615384,1.0,2.0782608695652174,1.6284091154066869,3.663793103448276,0.9016493921129086,2.6744186046511627,2.3933331936129987,10.057471264367816,1.092867861758825,3.1449275362318843,3.6472203852782776,5.142857142857143,1.046230741964744,72.8,85.0,77.6,DDD2013B
group1,F,London Region,A Level or Equivalent,30-40%,0-35,60,0.6666666666666666,0.9230769230769232,2.7282608695652173,3.570647310630598,3.913978494623656,1.520856888613468,2.689655172413793,3.4212412572305424,8.931818181818182,1.1460978980759235,4.755102040816326,4.714916985151568,3.08,1.4503069042023933,70.2,51.5,67.4,DDD2013B
group1,M,Scotland,A Level or Equivalent,80-90%,35-55,60,0.6363636363636364,0.8461538461538461,3.282051282051282,5.129232331355668,4.6075949367088604,1.0617909739939484,4.129032258064516,7.32720927566793,17.761904761904763,1.2747474779806116,4.877551020408164,8.941086467028732,7.4,0.9169294839831011,91.0,85.5,94.5,DDD2013B
group1,F,West Midlands Region,A Level or Equivalent,0-10%,0-35,60,0.5833333333333334,0.9230769230769232,5.8604651162790695,6.3978470908238885,2.2954545454545454,0.7578624250795886,3.876923076923077,5.004709320691401,9.196969696969695,1.022836076182147,5.311111111111111,5.303610357886675,3.934782608695652,1.0813638148232798,61.0,55.0,55.4,DDD2013B
group3,M,South East Region,A Level or Equivalent,60-70%,0-35,60,0.5384615384615384,1.0,2.7142857142857144,2.1770811973104127,5.75,1.001560383653453,3.6865671641791047,3.2390091789511355,11.529411764705882,1.2120488314609676,3.289855072463768,3.0442880423129277,8.028571428571428,1.038048462563557,79.6,77.66666666666667,89.0,DDD2013B
group1,F,East Anglian Region,A Level or Equivalent,40-50%,0-35,60,0.6923076923076923,1.0,2.6666666666666665,2.3311174417287055,2.9431818181818183,0.9210821039487392,2.948717948717949,2.7393118668434786,7.037974683544304,0.8177699772090254,4.808510638297872,4.821321746757203,8.041666666666666,0.934698367325102,73.8,71.33333333333333,60.8,DDD2013B
group1,F,Scotland,A Level or Equivalent,50-60%,0-35,60,0.6923076923076923,1.0,3.4927536231884058,3.692692260340992,2.914285714285714,0.8439918149931733,4.30188679245283,4.4401355907067375,6.555555555555555,1.1952457771026428,6.0,6.123724356957944,3.0526315789473686,1.1617158984774494,70.2,41.333333333333336,59.0,DDD2013B
group3,M,South Region,A Level or Equivalent,60-70%,0-35,60,0.5384615384615384,1.0,3.5538461538461537,3.583951944217659,2.3333333333333335,0.754700790948968,5.8108108108108105,6.74470095637983,9.0,0.9619127576585772,6.607142857142857,6.081783886171493,3.724137931034482,0.6869347033700521,90.4,83.66666666666667,92.0,DDD2013B
group3,M,Ireland,A Level or Equivalent,70-80%,0-35,60,0.5384615384615384,1.0,1.2261306532663316,0.6846960565931554,4.75,1.0122244503815043,2.229357798165138,2.2796727653528266,7.7,0.9432850675136732,1.975609756097561,2.1708327881258844,6.016129032258065,1.1150333555660557,87.2,61.333333333333336,91.2,DDD2013B
group1,M,Wales,Lower Than A Level,80-90%,0-35,60,0.5,0.9230769230769232,1.786764705882353,1.2904669739645591,3.956204379562043,0.8997109082440984,2.220183486238532,1.902034963679192,11.38181818181818,1.029935275194434,3.5072463768115942,4.333939888036252,6.985714285714286,0.945061884631379,79.0,66.5,79.4,DDD2013B
group1,M,Scotland,HE Qualification,40-50%,35-55,60,0.5384615384615384,1.0,2.6354166666666665,2.949111522463982,6.628865979381444,1.0044802394324193,4.529411764705882,6.845006767495473,9.961538461538462,0.892894186855453,3.5846153846153848,6.927960350304021,10.181818181818182,1.053634481567635,89.8,27.666666666666668,75.6,DDD2013B
group3,M,Wales,Post Graduate Qualification,80-90%,35-55,60,0.5384615384615384,1.0,1.55625,1.4086296253393396,4.832298136645963,0.8673797658980361,2.033333333333333,2.073981812896171,7.801652892561983,1.0921882445766833,3.050632911392405,3.5078619910329603,4.525,0.9317053424179764,86.8,86.33333333333333,89.6,DDD2013B
group1,F,South West Region,A Level or Equivalent,70-80%,0-35,60,0.5384615384615384,1.0,2.3394495412844036,1.7171260630518144,3.327272727272727,0.8842671510342113,2.797752808988764,2.292179269132022,6.977777777777778,1.0343162641500745,4.581818181818182,3.970683815960415,4.232142857142857,1.2097790342979202,48.8,32.666666666666664,46.0,DDD2013B
group3,M,East Anglian Region,Lower Than A Level,70-80%,0-35,60,0.5384615384615384,1.0,1.4252873563218391,0.945108293125802,4.251428571428572,0.8173148269909455,1.905982905982906,1.7468341116140302,8.55084745762712,0.9110507809372664,2.1153846153846154,2.574360858779772,4.390476190476191,1.030412146592115,88.6,91.66666666666669,92.4,DDD2013B
group1,F,South West Region,A Level or Equivalent,10-20,0-35,60,0.5,0.9230769230769232,2.111111111111111,1.9288096104618415,3.652542372881356,0.873354972816766,2.4356435643564356,2.07082515719777,11.019607843137257,0.9130593546085508,3.464788732394366,3.4962469098632565,3.9722222222222223,1.1195583614709843,48.2,27.0,51.2,DDD2013B
group1,M,East Anglian Region,A Level or Equivalent,10-20,35-55,60,0.7272727272727273,0.8461538461538461,2.5,3.368287521091729,4.03030303030303,1.1059534441020689,2.9875,3.895774244232501,8.901234567901234,0.9926040507223726,5.25,5.384501568655835,5.594594594594595,1.4058718043800318,73.8,72.0,59.8,DDD2013B
group3,F,Scotland,A Level or Equivalent,60-70%,0-35,60,0.6666666666666666,0.6923076923076923,1.3989071038251366,1.1717362467647,7.016304347826087,0.8866488815435022,1.8823529411764703,3.1199687166746273,11.0,1.2190302980597412,1.4764705882352942,1.2460728424597127,10.064327485380115,1.1323855605798112,79.25,43.0,83.25,DDD2013B
group3,M,South West Region,A Level or Equivalent,10-20,0-35,60,0.5384615384615384,1.0,2.2612612612612613,2.043667432968627,2.705357142857143,0.7974446985529904,4.032258064516129,4.912238786899926,8.80952380952381,1.063285974491358,3.5555555555555554,5.189249985516826,4.953125,0.9572820161697506,85.6,78.33333333333333,85.0,DDD2013B
group3,M,Yorkshire Region,Lower Than A Level,30-40%,0-35,60,0.6666666666666666,0.9230769230769232,2.6483516483516483,2.903536641843018,3.847826086956522,0.6991739424904964,3.213333333333334,4.415247944840065,10.973684210526317,0.9086260998849216,5.075,4.999423043635212,10.073170731707316,0.8060226836307581,89.0,89.5,92.4,DDD2013B
group3,M,Yorkshire Region,HE Qualification,20-30%,0-35,60,0.5384615384615384,1.0,1.5935483870967742,1.0487888759944584,2.8846153846153846,1.0220386308564675,3.5223880597014925,4.493625818717347,10.823529411764708,0.8874519076934869,2.962025316455696,3.352928448213299,4.35,1.0236340466113625,91.4,92.0,96.0,DDD2013B
group1,M,West Midlands Region,HE Qualification,80-90%,35-55,60,0.5833333333333334,0.9230769230769232,1.8823529411764703,1.673580431199824,6.175182481751825,1.1155950468057594,2.380952380952381,3.202706044476453,8.20754716981132,1.2258069675229015,2.808988764044944,3.5447669640496495,7.533333333333333,1.1345395051707856,89.4,41.0,72.5,DDD2013B
group1,F,South East Region,A Level or Equivalent,60-70%,0-35,60,0.5833333333333334,0.9230769230769232,1.2828282828282829,0.7130460011844663,4.85929648241206,1.1186415697413503,2.304761904761905,2.394399754249525,8.018867924528301,1.2001753043808538,1.776978417266187,1.4195486395719314,7.042857142857143,1.3914881223228983,66.0,45.5,60.6,DDD2013B
group3,M,London Region,A Level or Equivalent,0-10%,0-35,120,0.6923076923076923,1.0,1.5153374233128831,1.2290507640062844,5.469512195121951,0.8976034520942504,2.1666666666666665,2.5828456100641652,13.2,1.2994404697389323,2.289719626168224,2.4418109031386215,5.546296296296297,1.2095881543136948,85.0,85.33333333333333,91.6,DDD2013B
group1,M,Ireland,A Level or Equivalent,20-30%,0-35,60,0.6666666666666666,0.9230769230769232,1.7430555555555556,1.341883280375286,2.8620689655172415,0.734761977312257,2.276190476190476,2.3838206166993214,8.877358490566039,0.942808309571475,2.179245283018868,1.9311835493209897,5.271028037383178,0.9830852797034748,68.4,58.0,70.0,DDD2013B
group1,M,East Anglian Region,Lower Than A Level,30-40%,35-55,60,0.5384615384615384,1.0,1.5886075949367089,1.0774453557925896,3.1949685534591197,0.9686759657729994,2.2410714285714284,2.023490587330259,8.380530973451327,1.091585117461506,2.1578947368421053,1.8220816033736205,5.982608695652174,0.8387975487236041,68.0,47.0,49.2,DDD2013B
group1,F,East Anglian Region,A Level or Equivalent,50-60%,0-35,60,0.5,0.9230769230769232,3.0375,3.921520468493072,2.925925925925926,0.6326581771949266,3.189189189189189,4.066824265634398,9.693333333333332,0.9760794386601556,4.431372549019608,5.689481178317701,3.326923076923077,1.08008993751124,84.0,64.5,76.2,DDD2013B
group3,F,South West Region,A Level or Equivalent,70-80%,0-35,60,0.5833333333333334,0.9230769230769232,2.007936507936508,1.9036639692804267,2.748031496062992,0.7722368701787792,2.6129032258064515,2.583527492741339,7.51063829787234,0.9974487755766536,3.2465753424657535,3.247994346592166,4.891891891891892,0.8358259679418542,88.4,69.5,87.6,DDD2013B
group1,F,East Midlands Region,Lower Than A Level,30-40%,0-35,60,0.5,0.9230769230769232,3.716417910447761,4.059429614170152,3.323529411764706,0.8548416053609516,5.043478260869565,8.240702563735773,6.276595744680851,0.9669992856773116,8.0,12.13714731012136,4.483870967741935,0.9425833279107902,71.0,42.0,65.6,DDD2013B
group1,M,North Western Region,Lower Than A Level,0-10%,0-35,60,0.7692307692307693,1.0,1.585987261146497,1.445792241286723,4.19620253164557,0.9466054215965456,2.776470588235294,2.4994116954854415,8.872093023255815,1.1908336504067374,2.36,3.4510136118965034,7.227722772277228,0.9842901869252344,71.2,40.666666666666664,64.6,DDD2013B
group3,M,Scotland,HE Qualification,70-80%,35-55,90,0.5384615384615384,1.0,2.326923076923077,1.5914962593546853,2.2285714285714286,0.947851302014078,4.377358490566038,4.485988507368676,7.703703703703703,0.8444448431930093,3.2266666666666666,2.0106025272346906,9.342105263157896,1.0445539895552618,89.8,87.0,86.6,DDD2013B
group1,M,East Anglian Region,Lower Than A Level,30-40%,0-35,60,0.7692307692307693,1.0,2.1403508771929824,1.6503000155372989,2.9043478260869566,1.0373895060885665,2.3333333333333335,1.6475089420958282,7.76,1.024969897346539,5.066666666666666,5.890670590009257,6.021739130434782,1.1871988122015134,76.2,77.66666666666667,76.2,DDD2013B
group3,F,North Western Region,A Level or Equivalent,40-50%,0-35,60,0.5384615384615384,1.0,2.4705882352941178,2.687359049411574,3.8058252427184462,0.8878870415677453,4.509433962264151,5.153873231737893,8.814814814814815,1.0901155036567272,2.6853932584269664,2.94493210918033,12.022222222222222,0.7788095572197453,81.8,76.33333333333333,83.2,DDD2013B
group1,M,West Midlands Region,Lower Than A Level,0-10%,0-35,90,0.5384615384615384,1.0,3.946428571428571,3.70954367621063,3.4210526315789473,0.906257013847578,5.837837837837838,5.30991480112395,10.894736842105264,1.0935281749465136,16.916666666666668,13.235340661435291,4.230769230769231,1.2512473115698368,64.6,43.666666666666664,47.8,DDD2013B
group1,M,South Region,A Level or Equivalent,70-80%,0-35,60,0.6153846153846154,1.0,3.903225806451613,3.4769011896517568,1.9523809523809523,0.64160714331541,5.384615384615385,6.938130282854477,6.25,0.8464514162076877,17.0,13.366625103842283,3.2857142857142856,1.267598238009848,53.0,30.333333333333332,51.8,DDD2013B
group1,M,East Anglian Region,A Level or Equivalent,90-100%,35-55,60,0.5384615384615384,1.0,1.703448275862069,1.434322032699279,5.534246575342466,0.8867675736811642,2.2429906542056073,2.3546065708914976,9.01851851851852,1.1252360645004922,2.4123711340206184,2.050165528477658,4.408163265306122,0.7708854670391583,80.0,79.33333333333333,85.4,DDD2013B
group1,M,Wales,Lower Than A Level,40-50%,0-35,60,0.6923076923076923,1.0,2.0782608695652174,2.950313174238788,4.293103448275862,0.8607597834002696,3.414285714285714,4.840927139439116,11.154929577464788,0.8899571748597676,2.986666666666667,4.055337934841654,5.368421052631579,1.0562559646326224,75.0,39.333333333333336,61.0,DDD2013B
group1,F,Wales,Lower Than A Level,60-70%,0-35,60,0.6153846153846154,1.0,2.3365384615384617,3.35478379470063,10.028571428571428,1.1031467549658307,3.6666666666666665,4.534765987799433,16.19402985074627,0.895192337948844,3.038961038961039,4.3116780175947085,6.666666666666667,1.4941552797483937,61.0,43.0,38.8,DDD2013B
group1,M,Scotland,HE Qualification,50-60%,0-35,60,0.8333333333333334,0.9230769230769232,3.4285714285714284,3.1557237097859465,2.563380281690141,0.9183552710231286,5.9743589743589745,6.849845098084065,14.45,1.0996657382200032,9.434782608695652,10.832720161019417,5.583333333333333,1.1467310945305742,70.4,42.333333333333336,37.0,DDD2013B
group3,M,South Region,HE Qualification,90-100%,0-35,60,0.5384615384615384,1.0,2.4591836734693877,2.1450896568720283,3.292929292929293,0.8635391570711194,2.9390243902439024,4.258173146151721,7.662650602409639,0.9601268037570608,3.816666666666667,3.016854724606163,5.819672131147541,0.9326368775296782,92.8,92.66666666666669,90.0,DDD2013B
group1,M,London Region,HE Qualification,70-80%,0-35,60,0.6363636363636364,0.8461538461538461,3.4225352112676055,4.111523776727991,2.6805555555555554,0.7219570944518996,4.4,5.486009141105791,8.821428571428571,0.9482244653092388,6.1875,8.041976566539734,4.515151515151516,0.759665138084887,85.2,49.0,75.5,DDD2013B
group1,F,East Midlands Region,Lower Than A Level,0-10%,0-35,60,0.6666666666666666,0.9230769230769232,1.8992248062015504,1.8785173726585136,5.269230769230769,0.7926146933455107,2.1545454545454548,3.0294770906658224,13.26126126126126,1.0565656302387894,3.191780821917808,2.9658123032249404,6.256756756756757,1.6663805310841897,84.4,76.5,75.0,DDD2013B
group3,M,East Midlands Region,A Level or Equivalent,20-30%,0-35,60,0.5384615384615384,1.0,2.1315789473684212,1.742306262739471,2.869565217391304,0.937926517608616,3.328767123287671,3.440182466577689,8.824324324324325,1.0537779416022288,3.737704918032787,3.385762540129192,5.209677419354839,1.0649119756745935,92.4,92.0,95.8,DDD2013B
group1,M,East Anglian Region,A Level or Equivalent,30-40%,0-35,60,0.9090909090909092,0.8461538461538461,4.346938775510204,4.52102044347735,4.4,0.9759504797083586,5.195121951219512,6.017555617504179,12.357142857142858,0.8376185942281148,6.181818181818182,5.997158418026749,5.0588235294117645,0.7012505248053303,77.8,39.0,85.75,DDD2013B
group1,M,London Region,Lower Than A Level,50-60%,0-35,90,0.5384615384615384,1.0,3.3285714285714287,4.141418326575278,4.295774647887324,1.0709724525344295,4.480769230769231,6.861344933658599,19.09433962264151,0.8231314264355559,5.384615384615385,6.1798287517381665,5.425,0.9316395095031949,66.4,55.666666666666664,68.8,DDD2013B
group1,F,North Western Region,A Level or Equivalent,20-30%,0-35,60,0.5384615384615384,1.0,1.875,1.3522957160708984,4.591240875912408,1.0060792212169851,2.9466666666666668,3.0575265278437844,10.486842105263158,0.9981421922612516,2.6,3.22490309931942,5.461538461538462,1.235681158888421,64.6,44.666666666666664,53.8,DDD2013B
group1,F,North Region,A Level or Equivalent,40-50%,0-35,60,0.5384615384615384,1.0,1.1848341232227488,0.6086341820765291,6.7924528301886795,1.046057412913417,1.6556291390728477,1.5101715470585626,7.046052631578948,1.0773370464798329,1.4968152866242035,1.1187458856630037,5.272151898734177,0.9283966169237198,88.8,56.666666666666664,82.2,DDD2013B
group1,F,East Midlands Region,A Level or Equivalent,10-20,0-35,60,0.5384615384615384,1.0,1.7638888888888888,1.1884414846315163,3.372413793103448,0.9738188917062318,4.05,4.515228469921896,9.80327868852459,0.9368787860287696,3.0135135135135136,3.054272745951841,6.173333333333333,1.0631660335260735,45.6,37.333333333333336,60.6,DDD2013B
group1,F,South West Region,A Level or Equivalent,30-40%,0-35,60,0.8461538461538461,1.0,2.304761904761905,2.1667230198363248,2.481132075471698,0.7286603763017795,2.744186046511628,3.064736996725351,6.068965517241379,0.9293435358969786,4.339622641509434,4.6074496375494345,4.444444444444445,1.0674151020104596,72.8,70.33333333333333,73.0,DDD2013B
group1,M,East Anglian Region,A Level or Equivalent,50-60%,0-35,60,0.6153846153846154,1.0,8.258064516129032,8.270299236567295,2.15625,0.8124994950962191,4.804347826086956,6.101437226742898,7.361702127659575,0.8478115690099786,15.5,15.078582040882903,1.6153846153846154,0.8247860988423225,52.8,37.666666666666664,40.4,DDD2013B
group1,F,London Region,A Level or Equivalent,20-30%,0-35,60,0.6666666666666666,0.9230769230769232,2.2882882882882885,2.209020298632559,4.410714285714286,0.8550756807673201,3.05,4.0028470880270435,10.246913580246911,0.8851183314870981,2.843373493975903,2.596817600734403,4.607142857142857,0.7754134055859017,58.0,28.5,57.2,DDD2013B
group3,M,London Region,HE Qualification,30-40%,0-35,60,0.5384615384615384,1.0,1.953125,1.7015943195563552,2.7286821705426356,0.8973945729878797,2.2018348623853212,1.8347460037844452,7.827272727272727,1.0908693627834258,3.6666666666666665,4.797072519975569,5.172413793103448,1.2411285187280163,83.4,81.33333333333333,89.2,DDD2013B
group1,F,South East Region,HE Qualification,90-100%,0-35,60,0.5384615384615384,1.0,4.344827586206897,4.872233264868978,3.23728813559322,0.7637521478035799,6.108108108108108,7.422876740125697,10.157894736842104,0.938167286035254,8.4,7.804912982645397,4.038461538461538,1.0694267012693086,74.8,51.0,60.8,DDD2013B
group1,F,North Western Region,A Level or Equivalent,10-20,0-35,60,0.5384615384615384,1.0,1.5238095238095235,0.9662098366977584,3.970414201183432,0.9788894704062914,2.595505617977528,2.485042075387327,6.333333333333333,0.9030572879800932,2.484848484848485,2.767757643791827,6.23,1.295864133695091,71.0,58.333333333333336,70.0,DDD2013B
group1,M,South West Region,A Level or Equivalent,40-50%,0-35,60,0.6666666666666666,0.9230769230769232,3.3943661971830985,4.220625793949912,2.2222222222222223,0.8154753215150045,4.452830188679245,6.094026197640821,6.185185185185185,1.0077863880063973,9.61111111111111,10.210368944701662,2.0526315789473686,0.7324541977992666,84.4,66.5,65.0,DDD2013B
group1,F,East Anglian Region,Lower Than A Level,50-60%,0-35,60,0.8461538461538461,1.0,2.688888888888889,2.721716429864481,4.604395604395604,0.8922120830927316,3.2266666666666666,3.652371807445104,9.486842105263158,0.9244071593425982,4.39622641509434,4.5460871706485095,7.462962962962963,1.2484151853344614,53.6,41.0,29.4,DDD2013B
group1,F,South West Region,A Level or Equivalent,50-60%,35-55,60,0.5384615384615384,1.0,3.223684210526316,3.697201407228721,2.9740259740259742,0.9018709537275272,3.789473684210526,3.6190805960771657,8.293103448275861,1.2233668640896205,4.659090909090909,5.976477852918645,7.733333333333333,1.128750848505718,68.8,56.0,69.4,DDD2013B
group1,M,North Region,A Level or Equivalent,20-30%,0-35,60,0.5384615384615384,1.0,3.414285714285714,2.721321381629116,3.295774647887324,0.9694357551665952,5.0,5.042045440317076,11.0,1.03227330856541,5.829268292682927,6.139635327217694,7.571428571428571,0.9392992800668576,84.8,76.33333333333333,72.6,DDD2013B
group1,M,Yorkshire Region,Lower Than A Level,70-80%,0-35,60,0.5384615384615384,1.0,1.8671875,1.7674711404386396,4.325581395348837,0.9779331959013045,2.4505494505494507,2.4956127560346832,7.663043478260869,1.071322080163901,2.735632183908046,2.2280441423696034,8.693181818181818,0.827762747283867,91.0,82.66666666666667,90.0,DDD2013B
group1,M,South West Region,A Level or Equivalent,80-90%,35-55,60,0.7692307692307693,1.0,2.311926605504587,2.012448516509281,6.2,1.132128139189884,3.3013698630136985,3.247584279578905,16.864864864864863,1.137778755102296,3.9482758620689657,4.101443536178423,6.067796610169491,0.8777796850542273,33.4,34.666666666666664,34.2,DDD2013B
group3,M,East Anglian Region,A Level or Equivalent,40-50%,0-35,60,0.6153846153846154,1.0,4.58,4.495303671838068,3.0588235294117645,0.8791638038971125,6.542857142857143,6.904145630761007,9.083333333333334,0.8603822139479288,13.470588235294118,10.89792209012126,7.333333333333333,1.2034729358976113,93.2,88.66666666666667,94.8,DDD2013B
group1,M,North Western Region,A Level or Equivalent,10-20,0-35,60,0.5384615384615384,1.0,1.2427184466019416,0.8885836295377341,7.420289855072464,0.8726994379980034,2.076923076923077,2.0220928308180173,9.55084745762712,1.2998700824156226,1.4201183431952662,1.1831445128522875,9.711764705882352,0.9177464123691048,77.2,69.33333333333333,68.2,DDD2013B
group1,M,South East Region,HE Qualification,40-50%,0-35,60,0.5384615384615384,1.0,2.1826086956521737,1.4902172730767662,2.8448275862068964,0.8642475243166274,3.202702702702702,2.8715884093294664,6.426666666666667,1.2412223447928237,2.539325842696629,2.3162282220694337,6.433333333333334,1.0580737153496196,82.2,74.0,82.4,DDD2013B
group1,F,West Midlands Region,HE Qualification,90-100%,35-55,60,0.6666666666666666,0.9230769230769232,4.58,5.287991787328829,2.8823529411764706,0.7670501669567312,5.175,6.2219112407024495,10.682926829268292,1.1115134485588665,14.066666666666666,10.511671517662547,4.375,0.9926258723451548,79.6,75.0,80.4,DDD2013B
group3,M,East Anglian Region,A Level or Equivalent,70-80%,35-55,60,0.5384615384615384,1.0,2.86046511627907,3.4202263107016573,3.586206896551724,1.0857865562620348,3.0253164556962027,3.81284833144093,12.2,1.3942500071740012,5.186046511627907,4.861196276214365,6.318181818181818,1.154603417770138,77.0,73.33333333333333,73.2,DDD2013B
group1,M,London Region,HE Qualification,40-50%,35-55,90,0.6363636363636364,0.8461538461538461,1.7534246575342465,2.0122440512697692,5.421768707482993,0.8115333551542405,2.782608695652174,3.0048535352451373,8.935483870967742,1.0672455496707487,3.0277777777777777,4.175624174383561,4.835616438356165,1.3155094860815453,51.333333333333336,43.333333333333336,58.4,DDD2013B
group3,F,Scotland,HE Qualification,50-60%,55<=,60,0.5384615384615384,1.0,3.78125,4.1460202757565146,2.830769230769231,0.8531743240517566,5.2272727272727275,5.652180630285839,9.6,1.106413681480802,6.228571428571429,6.6336296261403325,3.5277777777777777,1.4384040246093155,90.4,93.0,93.8,DDD2013B
group1,M,Scotland,HE Qualification,20-30%,35-55,90,0.5454545454545454,0.8461538461538461,1.2673267326732671,0.9020825999279412,5.640394088669951,0.8959966601860458,1.673469387755102,2.0579390718317048,8.993243243243244,1.1265381082325694,1.695945945945946,1.6357352204265814,6.5369127516778525,0.9933889638599346,70.6,46.5,57.25,DDD2013B
group1,M,Wales,HE Qualification,70-80%,35-55,60,0.5833333333333334,0.9230769230769232,2.381443298969072,2.1910960868605627,5.285714285714286,1.067824122439914,3.5384615384615383,4.643802735491017,6.378787878787879,1.137955642216527,4.277777777777778,6.525470175113,4.181818181818182,0.8724950641986691,83.4,74.66666666666667,81.75,DDD2013B
group1,M,Scotland,A Level or Equivalent,40-50%,35-55,75,0.6923076923076923,1.0,1.4382022471910112,0.967903625260042,3.2290502793296088,0.8939766298000504,3.0125,3.4841185798535923,4.777777777777778,0.9577330363708836,1.856060606060606,2.034558585423443,7.157894736842105,0.7712831237263855,71.2,45.333333333333336,53.8,DDD2013B
group3,M,South Region,A Level or Equivalent,80-90%,35-55,60,0.5384615384615384,1.0,2.126126126126126,1.5789358736308745,2.6339285714285716,0.8336433398287261,2.478723404255319,2.3359220205548423,7.905263157894737,1.1011138683043062,4.28,4.55371568398953,5.490196078431373,0.9972283017014136,89.6,90.66666666666669,90.8,DDD2013B
group3,M,South East Region,A Level or Equivalent,60-70%,35-55,90,0.5384615384615384,1.0,1.8529411764705883,1.4274007029858615,3.620437956204379,0.8337418786958966,2.2,2.1451887708044066,9.126126126126126,1.14169418343591,3.2686567164179103,2.72242143528146,3.75,1.0044346115546243,94.6,91.33333333333331,93.6,DDD2013B
group1,F,South West Region,HE Qualification,70-80%,35-55,60,0.5833333333333334,0.9230769230769232,3.141025641025641,3.624320299821421,2.8354430379746836,0.7804460148805022,4.298245614035087,4.821695434924101,7.879310344827586,0.8751996686565683,4.033333333333333,4.6211256485716765,2.9836065573770494,0.7518844818996352,77.2,73.5,72.8,DDD2013B
group1,F,North Western Region,A Level or Equivalent,0-10%,35-55,60,0.5384615384615384,1.0,1.27363184079602,0.6243006037007288,7.366336633663367,0.9039645516421017,1.8345323741007191,1.6133371764633748,16.12857142857143,0.8434078258491569,1.62987012987013,1.225818647097739,11.72258064516129,1.0250648791482149,56.4,34.666666666666664,52.6,DDD2013B
group1,M,Wales,A Level or Equivalent,80-90%,35-55,60,0.6153846153846154,1.0,1.4350282485875707,1.0266417695871912,5.044943820224719,1.0603465003105024,1.9538461538461536,2.086730087186179,11.297709923664122,1.2758896694081965,2.165137614678899,2.351176858463808,6.9818181818181815,1.288915185185082,69.4,69.66666666666667,65.4,DDD2013B
group3,M,North Western Region,A Level or Equivalent,30-40%,35-55,60,0.6153846153846154,1.0,1.7956204379562044,1.5910535084144848,3.347826086956522,1.033889135377396,3.323943661971831,4.136163328798196,8.13888888888889,0.9627417099799512,3.8125,5.188127472091127,6.615384615384615,1.341781868642533,91.6,93.0,93.0,DDD2013B
group1,F,London Region,HE Qualification,0-10%,35-55,150,0.5384615384615384,1.0,2.865168539325843,3.1737238352817245,4.155555555555556,1.2047642942815235,3.8,4.9755652945167945,9.37878787878788,1.313726620604155,4.574074074074074,5.406501508410705,3.618181818181818,1.2331949065469727,60.8,41.0,53.2,DDD2013B
group3,M,North Western Region,HE Qualification,20-30%,55<=,90,0.6923076923076923,1.0,2.4166666666666665,2.2321416040096733,2.989690721649485,0.6901722199729242,3.0933333333333333,2.9139614223889736,9.88157894736842,0.8594760292526193,5.0,4.988876515698588,4.872340425531915,0.8967395371280119,82.4,73.66666666666667,68.6,DDD2013B
group3,M,Scotland,A Level or Equivalent,60-70%,35-55,60,0.5384615384615384,1.0,1.5304878048780488,1.059133692110905,6.181818181818182,0.829495198139823,2.3076923076923075,2.277270223622257,12.285714285714286,1.1863428722305192,1.5855263157894737,1.025787237323869,14.660130718954248,0.7942662604250958,92.0,85.33333333333333,94.0,DDD2013B
group1,M,Scotland,A Level or Equivalent,50-60%,35-55,60,0.75,0.9230769230769232,4.388888888888889,4.0859476934316135,4.909090909090909,1.0235230585107278,5.634146341463414,6.155307049859396,12.595238095238097,1.2427368397176477,9.041666666666666,11.145204336850218,6.28,1.2790658991720971,56.2,24.5,57.2,DDD2013B
group1,F,West Midlands Region,A Level or Equivalent,30-40%,0-35,60,0.6666666666666666,0.9230769230769232,1.890625,1.8833475599304723,4.7984496124031,0.8284899130829135,2.21,2.2260850265554875,10.970297029702971,1.0821770086996827,4.804347826086956,5.893950062818243,5.340425531914893,1.2032004431877503,72.2,53.0,72.6,DDD2013B
group1,M,North Western Region,Lower Than A Level,0-10%,35-55,60,0.6666666666666666,0.9230769230769232,1.4619883040935673,1.1644309995888882,6.174418604651163,0.9705554034957607,1.7769230769230768,1.4799192551585068,15.083969465648854,1.2119009448978189,2.0,2.857738033247041,11.745901639344265,1.1389680611542752,83.4,80.33333333333333,94.0,DDD2013B
group1,M,East Midlands Region,Lower Than A Level,50-60%,0-35,60,0.5384615384615384,1.0,1.3602150537634408,0.8726027900354,4.245989304812834,0.8159770685199035,1.8225806451612905,1.6282485332793668,10.848,0.9215380071975048,2.438775510204082,2.5648951528203012,7.848484848484849,0.9908121318142908,81.8,75.33333333333333,79.8,DDD2013B
group1,F,South East Region,HE Qualification,60-70%,35-55,90,0.6153846153846154,1.0,4.0,3.522325887963371,2.442622950819672,0.9185073168925124,4.254545454545455,3.662715961617583,7.017857142857143,1.1776498174947714,7.428571428571429,6.402711066002352,1.2758620689655171,0.4998173515920791,84.0,83.0,70.2,DDD2013B
group3,M,South Region,Post Graduate Qualification,90-100%,55<=,60,0.6153846153846154,1.0,3.090909090909091,3.2613438390276537,2.5,0.916515138991168,6.611111111111111,7.717430282077718,10.243243243243244,1.5592663000203146,4.448979591836735,4.703993093150559,9.56,1.5141241391494618,93.6,94.0,93.8,DDD2013B
group1,M,London Region,Lower Than A Level,40-50%,35-55,90,0.8181818181818182,0.8461538461538461,2.032258064516129,1.878139036867173,4.672,1.0713268098115087,2.9047619047619047,3.0482823431946837,10.541176470588235,1.121579044371923,4.2631578947368425,4.937199595886727,3.655172413793104,1.0938108677057212,55.2,30.333333333333332,47.0,DDD2013B
group3,M,Scotland,A Level or Equivalent,0-10%,0-35,70,0.5384615384615384,1.0,1.0158730158730158,0.1252329770939926,10.557312252964428,0.80157935201919,1.27,0.8430025304420254,17.980099502487562,1.1599384761025422,1.116591928251121,0.4399457883550088,14.035714285714286,1.0690172806122589,94.0,92.33333333333331,93.0,DDD2013B
group1,M,Scotland,Lower Than A Level,50-60%,0-35,60,0.6923076923076923,1.0,6.023809523809524,6.13064312560808,2.5813953488372094,0.9045870534098176,4.172413793103448,4.70586767372537,10.389830508474576,0.9593778648998038,4.7254901960784315,6.063261272195184,3.3076923076923075,1.0515383153057127,74.8,60.0,67.2,DDD2013B
group1,M,Scotland,HE Qualification,30-40%,35-55,160,0.6153846153846154,1.0,3.5384615384615383,3.9610483266622545,3.196969696969697,0.8630408529943662,4.107142857142857,4.483012669779397,16.54385964912281,0.9217253196527826,18.0,11.878169433498964,1.9230769230769231,1.1070682002478438,74.0,39.0,44.2,DDD2013B
group1,F,North Western Region,A Level or Equivalent,30-40%,35-55,60,0.6153846153846154,1.0,1.7162162162162162,1.714446581898726,5.550335570469799,0.8551750992311411,1.8045112781954888,1.539670599445245,14.380597014925373,1.0104854350987609,1.7464788732394363,1.760224920018473,13.573426573426572,0.7749240876646333,64.6,53.666666666666664,39.6,DDD2013B
group1,F,South Region,A Level or Equivalent,90-100%,35-55,60,0.6923076923076923,1.0,1.575,1.261675037151433,3.360248447204969,0.7668774597886129,1.992063492063492,1.8697423640535369,8.89763779527559,1.184459636935546,2.1621621621621623,1.7660461259318567,4.901785714285714,1.2713855876447402,72.8,57.666666666666664,65.6,DDD2013B
group3,M,London Region,HE Qualification,10-20,35-55,60,0.5,0.9230769230769232,4.224137931034483,5.541052859128741,3.2711864406779663,0.7204122420470342,5.104166666666667,6.428790241688649,9.510204081632653,0.9003162556988307,10.166666666666666,10.606260114818436,3.08,0.9316315030888808,91.4,57.0,89.8,DDD2013B
group1,M,South West Region,HE Qualification,70-80%,0-35,90,0.5833333333333334,0.9230769230769232,3.282051282051282,3.5158174527373225,2.9367088607594938,0.772598500083037,4.648148148148148,5.674030238503258,13.018181818181818,0.8058477675791771,7.171428571428572,9.550133088957804,3.638888888888889,0.9826595133262522,82.2,70.5,82.2,DDD2013B
group1,M,East Anglian Region,Lower Than A Level,50-60%,0-35,60,0.5384615384615384,1.0,2.240740740740741,2.203948751759159,3.7889908256880735,1.052703641775436,2.4166666666666665,3.275641091664883,10.195876288659791,0.908524796150842,5.4,8.161196493476199,3.4878048780487805,1.152298177569006,55.4,62.666666666666664,62.8,DDD2013B
group1,F,South East Region,A Level or Equivalent,10-20,0-35,120,0.6923076923076923,1.0,2.1052631578947367,1.668916351571328,4.3130434782608695,0.9495175811098122,3.3333333333333335,3.484371545978204,15.136986301369864,0.8781545318159786,2.6292134831460676,2.533332437324,6.477777777777778,0.8826888808073109,70.8,63.666666666666664,68.6,DDD2013B
group1,F,East Midlands Region,HE Qualification,30-40%,35-55,80,0.5384615384615384,1.0,1.6597222222222223,1.4297693806136995,7.751724137931035,0.9195277800347276,2.107142857142857,1.9560814978560648,17.38938053097345,1.1582773223610956,2.5934065934065935,3.1445827208710044,6.836956521739131,0.9122147218596216,89.2,79.66666666666667,89.4,DDD2013B
group1,F,North Western Region,Lower Than A Level,30-40%,0-35,160,0.75,0.9230769230769232,2.4019607843137254,2.644852291151863,4.796116504854369,0.8487359629722311,3.636363636363636,4.935386708054593,10.776119402985074,1.047045610102017,2.9615384615384617,3.5836653502604485,8.08860759493671,1.1219729621185175,74.6,29.5,52.2,DDD2013B
group3,M,Scotland,HE Qualification,30-40%,0-35,60,0.5833333333333334,0.9230769230769232,1.467455621301775,1.200374460218559,4.2823529411764705,0.9846285688873968,2.2142857142857144,2.4657238449984784,9.716814159292037,1.40826314971848,1.5,1.365150674334655,11.74251497005988,0.8766319902325961,90.8,83.66666666666667,92.25,DDD2013B
group1,M,South West Region,A Level or Equivalent,40-50%,35-55,120,0.4545454545454545,0.8461538461538461,5.613636363636363,5.755547007284845,3.688888888888889,0.6611154177503108,5.425,5.768559790041362,14.878048780487806,1.3670361956531167,7.357142857142857,11.28819207948201,4.103448275862069,1.0365811055535643,72.6,67.0,80.75,DDD2013B
group1,M,North Western Region,HE Qualification,80-90%,35-55,60,0.5384615384615384,1.0,1.8676470588235297,1.5290220720225152,3.2846715328467155,0.7706723055028873,3.4776119402985075,3.110871499032326,7.897058823529412,1.0847823294407442,3.324324324324324,3.1670742217778125,5.1066666666666665,0.9042239507848928,80.6,59.0,75.8,DDD2013B
group3,M,East Midlands Region,A Level or Equivalent,10-20,35-55,60,0.5384615384615384,1.0,2.4411764705882355,3.4456847152153385,3.4757281553398056,1.0971005990407594,3.074074074074074,5.009435541500102,9.46341463414634,1.5521670505699146,3.982456140350877,5.917562324103492,5.482758620689655,1.860402447515603,85.8,85.0,81.4,DDD2013B
group1,F,West Midlands Region,A Level or Equivalent,10-20,0-35,60,0.5384615384615384,1.0,1.6598639455782314,1.1317134459871725,3.743243243243243,0.92131350215343,2.0166666666666666,1.566365666298973,9.487603305785123,1.08272002608352,2.6222222222222222,2.286146739899816,5.846153846153846,0.8341079370518832,82.0,62.0,81.8,DDD2013B
group1,F,Wales,A Level or Equivalent,20-30%,0-35,60,0.6153846153846154,1.0,3.485294117647059,5.008925308688939,3.9130434782608696,0.9794178164906228,3.537313432835821,5.17666195889156,12.75,1.0119823983681986,5.8,8.253049164570664,5.170731707317073,1.190568280355511,81.8,66.0,84.2,DDD2013B
group1,F,East Midlands Region,Lower Than A Level,10-20,35-55,120,0.5384615384615384,1.0,1.9534883720930232,1.7041331425219866,3.646153846153846,0.8359436764465837,2.25,2.051147778003137,11.247787610619469,1.1875458141680757,3.4383561643835616,2.9673515191247146,6.608108108108108,1.183441431188623,81.2,55.0,77.2,DDD2013B
group1,F,South Region,Lower Than A Level,80-90%,0-35,130,0.5384615384615384,1.0,5.159090909090909,5.976477852918646,3.155555555555555,0.8396540034247256,5.973684210526316,5.9615291077866255,9.82051282051282,1.0452998616418745,8.107142857142858,9.61996105988225,6.827586206896552,1.0392756458094532,79.6,54.666666666666664,52.0,DDD2013B
group1,M,North Western Region,Lower Than A Level,20-30%,0-35,120,0.5555555555555556,0.6923076923076923,2.8488372093023258,3.7589655706620544,3.2988505747126435,0.7801455197682491,3.5588235294117645,4.337900836797202,8.782608695652174,1.0658022262679694,4.54,7.019535422734215,3.823529411764706,0.7659416862050704,86.8,72.0,78.0,DDD2013B
group1,F,London Region,Lower Than A Level,20-30%,0-35,60,0.6153846153846154,1.0,3.523076923076923,3.9055557075293894,3.1666666666666665,0.6922603388403109,4.052631578947368,5.356641580557391,9.655172413793103,0.8685770089106453,5.473684210526316,5.544594845945905,4.358974358974359,0.957216263849788,75.2,68.66666666666667,79.0,DDD2013B
group1,F,North Western Region,A Level or Equivalent,60-70%,35-55,60,0.5384615384615384,1.0,2.0327868852459017,2.080743772890267,5.0894308943089435,1.00407716438322,2.6210526315789475,4.087289450282661,11.916666666666666,1.319771444180237,3.103896103896104,3.5930650146622565,12.76923076923077,1.1394250935085803,79.6,64.0,77.6,DDD2013B
group1,F,West Midlands Region,A Level or Equivalent,80-90%,0-35,60,0.5384615384615384,1.0,1.5408805031446542,1.3628996376619174,5.86875,0.8746962291522868,2.4791666666666665,2.7871100545440166,12.628865979381445,1.3605859041232784,1.828125,1.857563279832662,7.527131782945736,1.0684810095048447,70.4,67.66666666666667,74.0,DDD2013B
group1,M,London Region,A Level or Equivalent,50-60%,0-35,60,0.7692307692307693,1.0,1.855072463768116,2.0020089349782064,3.9136690647482015,0.9027213997715664,2.392523364485981,3.589179254858352,8.814814814814815,0.980176546919551,2.7294117647058824,3.458558175000088,6.244186046511628,0.9983201840100974,64.6,41.0,52.8,DDD2013B
group1,M,South Region,A Level or Equivalent,40-50%,35-55,110,0.5384615384615384,1.0,1.0448979591836736,0.207503924997241,4.9471544715447155,0.7194448557176174,1.0491803278688523,0.2166888503892612,5.751020408163265,1.320692489096244,1.2760416666666667,0.6155480751409861,8.005181347150259,0.8126084064032858,87.4,79.66666666666667,89.4,DDD2013B
group1,M,East Midlands Region,Lower Than A Level,10-20,0-35,60,0.6666666666666666,0.9230769230769232,3.724137931034482,4.869500869440662,3.457627118644068,0.9470557788283784,7.2,8.907184237147154,8.548387096774194,1.424017151828097,8.0,9.641181512261916,4.739130434782608,1.1891267336528186,54.2,65.0,59.6,DDD2013B
group3,F,East Anglian Region,A Level or Equivalent,80-90%,0-35,180,0.5384615384615384,1.0,2.485148514851485,3.291242505152541,2.686274509803922,0.9280699696753144,2.2705882352941176,1.9296448926589336,10.825581395348838,1.3635328604842814,5.125,6.933191828888786,6.551020408163265,1.2235418139609155,98.4,94.0,96.6,DDD2013B
group1,F,Scotland,A Level or Equivalent,60-70%,0-35,120,0.6363636363636364,0.8461538461538461,5.217391304347826,6.1097846606107,2.9148936170212765,0.8748777343925622,6.486486486486487,7.232725095862023,8.552631578947368,0.9610694240635392,8.615384615384615,9.161121866133746,3.6666666666666665,1.108444918677084,60.666666666666664,37.666666666666664,56.8,DDD2013B
group1,F,South West Region,HE Qualification,90-100%,0-35,60,0.6153846153846154,1.0,2.9302325581395348,2.6559176886360487,4.022988505747127,0.796799721334268,3.918032786885246,4.038543805082937,10.67741935483871,1.0337448598667285,6.078947368421052,5.414602772719735,6.641025641025641,1.1455020006138594,75.4,60.666666666666664,69.8,DDD2013B
group1,M,West Midlands Region,No Formal quals,30-40%,0-35,60,0.5,0.9230769230769232,2.1171171171171173,2.60676999277838,2.982142857142857,0.8250228038315814,2.6923076923076925,2.852693838788547,8.012658227848101,1.2869894914059794,3.1466666666666665,4.148243957137517,11.5,1.2749938792403237,51.75,39.333333333333336,49.6,DDD2013B
group1,M,East Anglian Region,A Level or Equivalent,60-70%,0-35,180,0.6363636363636364,0.8461538461538461,6.368421052631579,6.010895749371725,2.3846153846153846,0.6689174630105715,9.909090909090908,11.422238505106275,10.08695652173913,0.863231974119065,12.736842105263158,12.66597412695902,2.65,0.7666509303362281,56.8,15.0,55.8,DDD2013B
group1,F,South West Region,Lower Than A Level,30-40%,0-35,60,0.5384615384615384,1.0,5.512820512820513,4.459595183845579,2.275,0.786232826663004,7.033333333333333,5.950852348879185,11.96774193548387,1.1912709886468678,7.814814814814815,5.751501723878041,4.5,0.6653426004804662,76.2,68.66666666666667,83.6,DDD2013B
group1,M,South West Region,A Level or Equivalent,0-10%,0-35,90,0.8,0.7692307692307693,4.6,4.9651849134236485,3.411764705882353,1.1494540226293193,5.111111111111111,5.777000724747866,13.565217391304348,1.0187619870182114,17.727272727272727,15.25182552411946,4.666666666666667,1.0654595635840212,59.4,70.5,39.666666666666664,DDD2013B
group3,M,London Region,HE Qualification,30-40%,0-35,60,0.5384615384615384,1.0,1.471264367816092,0.8094682542022007,10.88,0.5147283908643847,1.471264367816092,0.8094682542022007,16.84,1.1165115557586422,1.4883720930232558,0.8128239136112345,5.53757225433526,1.1849682066083975,94.8,94.0,94.2,DDD2013B
group3,F,Yorkshire Region,Lower Than A Level,50-60%,35-55,60,0.5384615384615384,1.0,1.5555555555555556,1.0215078369104986,3.619631901840491,0.7590458032664946,1.7027027027027026,1.2091457571498412,7.832214765100671,1.22163729958426,1.942622950819672,1.9340326572912117,7.203252032520325,0.9021243543534954,88.0,89.33333333333333,92.6,DDD2013B
group3,F,Scotland,A Level or Equivalent,80-90%,0-35,60,0.0,1.0,2.5981308411214954,3.14390639438921,3.638888888888889,0.8256634783473957,2.6041666666666665,2.548391305434476,10.09278350515464,1.2295658729370342,4.545454545454546,4.98448772143315,7.339285714285714,1.2064569564501928,77.5,62.0,71.0,DDD2013J
group1,M,North Region,Lower Than A Level,30-40%,0-35,60,0.6666666666666666,1.0,6.105263157894737,7.904119602184231,3.717948717948718,1.075773648002231,8.0,10.26784161489509,7.533333333333333,0.6903789332687463,8.923076923076923,14.751062543215188,4.333333333333333,0.6793662204867575,53.5,49.0,56.333333333333336,DDD2013J
group3,F,South West Region,A Level or Equivalent,60-70%,35-55,120,0.0,1.0,1.8092105263157896,1.8004177316293244,3.843137254901961,0.7718428322965737,2.5137614678899083,3.2818656587122614,11.190909090909091,1.076858398483442,4.543859649122807,5.849512114693829,5.586206896551724,0.9361167588453534,90.5,81.0,83.33333333333333,DDD2013J
group1,F,East Anglian Region,A Level or Equivalent,40-50%,0-35,60,0.3333333333333333,1.0,5.041666666666667,6.417921494694115,3.4285714285714284,1.0172129679778088,5.627906976744186,8.023843206385855,10.795454545454543,0.9536144972777432,5.186046511627907,6.814745266362068,7.568181818181818,1.2091739913598127,45.5,41.0,52.666666666666664,DDD2013J
group3,M,East Anglian Region,Lower Than A Level,70-80%,0-35,60,0.0,1.0,3.7794117647058822,3.8588745874478185,3.347826086956522,0.780950461214177,5.229166666666667,6.688318121230489,10.551020408163266,0.7985092118543747,5.829268292682927,6.6929158033864065,5.285714285714286,0.8008395886502193,84.5,88.0,85.33333333333333,DDD2013J
group3,F,West Midlands Region,A Level or Equivalent,50-60%,0-35,120,0.0,1.0,1.3103448275862069,0.7360863725351967,4.352941176470588,1.014788987218758,2.4380952380952383,2.2909680919940367,8.20754716981132,1.1638020433883962,1.593939393939394,1.338441802888397,5.771084337349397,0.9039159705601368,87.0,85.0,96.66666666666669,DDD2013J
group3,M,South East Region,A Level or Equivalent,30-40%,0-35,60,0.0,1.0,1.5303867403314917,1.4664448183128265,3.208791208791209,1.043897186549312,2.490566037735849,1.9284599481938849,10.757009345794392,1.3018394134471405,2.4607843137254903,2.476309808939607,6.834951456310679,1.2876512513460217,96.0,97.0,97.33333333333331,DDD2013J
group3,M,Yorkshire Region,A Level or Equivalent,20-30%,0-35,120,0.0,1.0,2.5283018867924527,2.1830845245500092,3.663551401869159,0.8767349076501849,2.9302325581395348,3.2820033253537964,11.60919540229885,0.7056621171815409,4.6909090909090905,5.188565516711929,4.303571428571429,1.2176779632775174,89.0,77.0,89.0,DDD2013J
group3,M,Yorkshire Region,HE Qualification,80-90%,55<=,60,0.0,1.0,2.6989247311827955,2.8771398321663555,3.234042553191489,0.6876180331817852,3.746268656716418,4.328703646597133,7.0,0.9264682063270891,3.78125,4.59630199872594,8.046153846153846,0.8242359453867453,89.5,94.0,92.66666666666669,DDD2013J
group3,M,North Western Region,Lower Than A Level,30-40%,35-55,60,0.0,1.0,2.0364963503649633,1.7081498381207303,2.6739130434782608,0.8995044941442978,3.72,4.247606639292551,6.0131578947368425,1.302634844544469,3.397435897435898,3.862371734817277,4.6075949367088604,1.002878961694864,88.0,72.0,97.0,DDD2013J
group1,F,Yorkshire Region,A Level or Equivalent,60-70%,0-35,60,0.0,0.8333333333333334,4.088235294117647,4.84917378442674,2.5652173913043477,0.7404794883330402,5.791666666666667,6.897296211955885,7.755102040816326,0.8665849808794708,5.625,7.867587697014426,5.63265306122449,0.906463522963008,90.5,18.0,51.5,DDD2013J
group3,F,East Midlands Region,Lower Than A Level,20-30%,0-35,60,0.0,1.0,1.5766871165644172,1.290495672411188,4.103658536585366,0.8021944098165678,2.43,2.0804768295714897,11.524752475247524,1.0978043629405116,1.976,1.8814201911013584,7.436507936507937,0.857112659753449,85.5,86.0,85.33333333333333,DDD2013J
group1,F,West Midlands Region,A Level or Equivalent,0-10%,35-55,120,0.3333333333333333,1.0,2.9213483146067416,3.3446861488212085,3.9444444444444446,0.7124310662804839,3.63768115942029,5.104700874144611,7.957142857142857,0.7568576046987162,6.121951219512195,14.884883476116332,6.928571428571429,0.9048508676250452,83.0,47.0,64.0,DDD2013J
group1,F,North Region,A Level or Equivalent,20-30%,0-35,120,0.0,1.0,2.2231404958677685,2.1153707449120485,3.5655737704918034,0.8773812510481656,4.26984126984127,4.859995848950668,13.609375,0.9230305121678548,3.4857142857142858,4.564331965796951,4.591549295774648,0.6666117758776793,65.0,28.0,42.333333333333336,DDD2013J
group3,M,North Western Region,Lower Than A Level,0-10%,0-35,90,0.0,1.0,1.927007299270073,1.776625339100668,2.652173913043478,0.7467568507495327,3.189873417721519,2.7506453758657265,7.7375,1.2181826135364675,3.952380952380953,5.314097415027838,4.609375,0.9975955004578532,93.0,85.0,90.33333333333331,DDD2013J
group3,M,East Anglian Region,A Level or Equivalent,90-100%,0-35,120,0.1666666666666666,1.0,3.784615384615385,4.9607594796950805,2.515151515151515,1.1586327980888007,3.84375,4.944834566382266,8.492307692307692,0.8633648204985667,18.46153846153846,27.55181598556734,7.857142857142857,0.6504925025453934,80.0,63.0,78.0,DDD2013J
group1,M,North Western Region,Lower Than A Level,90-100%,0-35,210,0.0,1.0,1.7215189873417722,1.4925437514376776,2.7358490566037736,0.8415865582327334,2.988095238095238,2.9838684667667583,8.152941176470588,1.0588877915103134,2.9411764705882355,4.329722693134028,3.9651162790697674,0.9432108098754546,80.5,63.0,75.66666666666667,DDD2013J
group1,F,Wales,A Level or Equivalent,80-90%,0-35,60,0.4,0.8333333333333334,3.9545454545454546,6.125437047344378,2.537313432835821,0.6683139970222955,4.1,5.870194517515531,7.0588235294117645,0.872576007513895,5.655172413793103,9.25540715346195,4.0,0.710046946804693,79.0,25.0,51.5,DDD2013J
group1,M,Scotland,Lower Than A Level,50-60%,0-35,60,0.25,0.6666666666666666,6.378378378378378,6.120781319730674,1.8157894736842104,0.6424394278058407,15.846153846153848,32.233125181625795,7.357142857142857,1.3043355996044552,7.125,9.402697181432266,3.2222222222222223,0.6168463386206317,38.0,16.0,11.0,DDD2013J
group3,M,South West Region,Lower Than A Level,30-40%,35-55,120,0.0,1.0,2.0078125,1.4661325940939198,3.511627906976744,0.786584740133827,2.793103448275862,3.095901007350453,6.409090909090909,0.8424206500807722,3.230769230769231,3.364918620513329,5.746835443037975,0.8454535295979887,79.5,4.0,82.33333333333333,DDD2013J
group3,M,East Anglian Region,Lower Than A Level,80-90%,35-55,60,0.0,1.0,1.0909090909090908,0.4126429089105619,7.311023622047244,0.9644497843311304,1.4659090909090908,0.9127523668097954,11.954802259887003,1.008135607103825,1.2450980392156863,0.6267639071189983,10.209756097560977,0.9837455130476018,79.0,76.0,81.0,DDD2013J
group3,M,North Western Region,A Level or Equivalent,30-40%,0-35,90,0.1666666666666666,1.0,2.299145299145299,2.068920080059082,2.7796610169491527,0.8522854811296728,3.539473684210526,3.855526905534216,14.22077922077922,1.0645589672292468,7.636363636363637,10.88811904617305,4.411764705882353,0.8554141297250901,92.0,92.0,93.66666666666669,DDD2013J
group1,M,Wales,Lower Than A Level,0-10%,0-35,60,0.3333333333333333,1.0,3.656716417910448,4.600896614877036,3.0294117647058822,0.9074943778394228,3.712121212121212,4.679793392925183,6.895522388059701,0.940226454968796,16.642857142857142,24.129800097540237,2.933333333333333,0.8843216571974418,43.0,41.0,42.666666666666664,DDD2013J
group3,M,South East Region,A Level or Equivalent,80-90%,0-35,150,0.0,1.0,2.385321100917431,2.0042004819541988,3.2181818181818183,0.9502784551531168,3.9375,3.2944156694586373,9.292307692307691,0.94001834541426,5.083333333333333,5.001418238576247,5.224489795918367,1.3160642638125144,77.0,72.0,69.66666666666667,DDD2013J
group1,F,East Anglian Region,A Level or Equivalent,80-90%,0-35,120,0.1666666666666666,1.0,2.4601769911504423,2.467775886408102,2.6052631578947367,0.903217088373776,3.893939393939394,4.788218836586276,8.805970149253731,1.3269660279803557,4.190476190476191,4.369458307229572,7.71875,1.299683425558373,81.5,72.0,65.0,DDD2013J
group1,M,North Western Region,A Level or Equivalent,0-10%,0-35,165,0.3333333333333333,1.0,1.1031746031746033,0.6538804193875267,6.4940711462450595,0.9259078378330088,1.4736842105263157,1.1443764779214116,14.494186046511627,1.0816168638886297,1.37,1.8493785456269156,8.17412935323383,1.1335532472215035,84.0,65.0,71.33333333333333,DDD2013J
group3,M,South Region,A Level or Equivalent,90-100%,0-35,70,0.0,1.0,2.6435643564356437,3.0152418092612123,2.264705882352941,0.8059973657077655,3.9516129032258065,5.236778572262984,5.253968253968254,1.0616057991945973,6.641025641025641,11.117760043914515,4.05,0.6783386107563534,92.5,93.0,95.66666666666669,DDD2013J
group3,M,Ireland,A Level or Equivalent,90-100%,0-35,120,0.0,1.0,2.588785046728972,2.5400686033969575,3.1296296296296298,1.1264227102933546,3.486111111111111,4.434160147404754,9.52054794520548,0.9821153135478128,4.413793103448276,6.003024041318955,6.5423728813559325,1.085680792851819,76.5,82.0,84.66666666666667,DDD2013J
group1,M,Wales,Lower Than A Level,60-70%,0-35,60,0.2,0.8333333333333334,2.7362637362637363,2.4075583059060057,3.097826086956522,0.6647340408232753,3.661764705882353,3.869553154493701,5.521739130434782,0.8548053158766169,4.067796610169491,4.40166272180639,4.483333333333333,0.7210266937479571,75.5,20.0,61.0,DDD2013J
group1,M,Yorkshire Region,A Level or Equivalent,20-30%,0-35,60,0.3333333333333333,1.0,4.784313725490196,5.974324147517261,2.0384615384615383,0.8273966773313473,5.304347826086956,6.669564587545398,10.27659574468085,1.0773727152871848,22.142857142857142,35.937114387165124,7.875,0.6004533434723092,90.0,70.0,77.33333333333333,DDD2013J
group3,F,Scotland,HE Qualification,50-60%,35-55,60,0.0,1.0,1.6646341463414631,1.7523951673024998,4.8121212121212125,0.8519422708887343,2.504950495049505,2.373283642450845,12.049019607843135,1.2640449018568034,1.5796178343949046,1.6684377328500588,8.58860759493671,1.1151075254048255,95.0,95.0,89.66666666666667,DDD2013J
group3,M,Yorkshire Region,A Level or Equivalent,70-80%,35-55,60,0.0,1.0,2.4299065420560746,2.307134748102112,2.8981481481481484,0.7953860043886231,3.0625,3.725871744057297,9.679012345679013,1.116749793839612,3.6615384615384614,3.406230151671176,5.333333333333333,0.8581990921797703,69.5,30.0,74.66666666666667,DDD2013J
group3,F,South West Region,A Level or Equivalent,70-80%,0-35,60,0.3333333333333333,1.0,1.3157894736842106,0.7880047062067895,5.795238095238095,1.1248732796060756,2.6666666666666665,2.6976272875355005,7.268041237113402,1.0291481517319891,1.868613138686131,2.2222720165214565,6.043478260869565,1.003513314878301,84.0,76.0,92.0,DDD2013J
group3,M,East Anglian Region,HE Qualification,70-80%,0-35,60,0.0,1.0,2.0,2.4820523647993085,5.568345323741007,0.8450995153514395,2.2545454545454544,1.8043594692425349,10.585585585585584,1.0103529272356084,2.4464285714285716,2.8846886437583814,7.265486725663717,1.1527206371966472,89.0,86.0,77.66666666666667,DDD2013J
group3,M,East Anglian Region,Lower Than A Level,60-70%,35-55,60,0.0,1.0,2.1,1.867006771737662,3.239669421487603,0.8811624785584808,3.36,2.6995495119681663,7.25,1.123039557818895,3.1710526315789473,3.1385268641821407,4.87012987012987,0.6316679859265028,85.0,83.0,92.66666666666669,DDD2013J
group1,M,London Region,Lower Than A Level,70-80%,0-35,120,0.0,1.0,1.7320261437908495,1.638382289219398,3.857142857142857,0.9108537590608664,2.7777777777777777,2.612750833193735,7.791208791208791,1.0502464565634635,2.8777777777777778,3.499045705465824,7.516483516483516,2.161961887697745,80.0,82.0,79.0,DDD2013J
group3,F,South East Region,A Level or Equivalent,40-50%,0-35,90,0.0,1.0,2.4444444444444446,1.86122928593676,3.807339449541285,0.7927381250701641,3.7313432835820897,3.620572906081254,8.955882352941176,1.0603981463308174,3.506849315068493,3.046506595317335,4.864864864864865,0.8820745748266161,89.5,84.0,89.0,DDD2013J
group3,M,London Region,Lower Than A Level,10-20,0-35,60,0.0,1.0,2.037313432835821,2.2323887755904237,3.1185185185185187,0.8648951521530646,3.6231884057971016,4.345726261902953,8.357142857142858,0.9564175125562068,3.445945945945946,4.194392512031193,3.1733333333333333,1.0932931357408888,95.5,59.0,89.33333333333333,DDD2013J
group1,M,East Midlands Region,Lower Than A Level,60-70%,0-35,60,0.5,0.6666666666666666,2.275,2.041430129783999,4.016528925619835,1.2678871430784098,5.204081632653061,8.031136262065534,11.44,1.5126328357372134,3.606060606060606,4.567035018237637,7.313432835820896,1.529417220567668,70.0,41.0,77.5,DDD2013J
group3,M,Wales,HE Qualification,10-20,0-35,60,0.0,1.0,4.379310344827586,6.049003357685844,1.88135593220339,0.9391000670658,5.636363636363637,7.883131561348615,7.866666666666666,0.9165088701420864,2.1769911504424777,3.303758921115395,2.763157894736842,0.6885084166211227,93.0,71.0,92.0,DDD2013J
group1,F,West Midlands Region,Lower Than A Level,50-60%,0-35,120,0.0,1.0,1.9225352112676055,1.5668278640262188,4.06993006993007,1.575461775285988,3.8615384615384616,4.2311232369376635,7.606060606060606,0.9832972804242948,3.4782608695652173,5.228903539468283,7.8428571428571425,1.058394384055784,71.5,67.0,64.33333333333333,DDD2013J
group1,F,East Midlands Region,A Level or Equivalent,30-40%,0-35,120,0.1666666666666666,1.0,4.60377358490566,4.157197755522294,2.259259259259259,0.7336866885442705,4.357142857142857,4.506272684435942,7.403508771929824,1.4476714289522716,24.4,31.840575092517128,3.8181818181818183,0.8709210075319943,57.5,37.0,35.0,DDD2013J
group1,F,South Region,Lower Than A Level,90-100%,0-35,60,0.0,1.0,3.7096774193548385,3.98516551181139,3.619047619047619,0.7242820497117307,4.320754716981132,4.619247295100646,7.166666666666667,0.8266997556722052,7.884615384615385,11.211875572184784,7.296296296296297,1.0628185847404412,54.0,24.0,31.0,DDD2013J
group1,F,South West Region,A Level or Equivalent,20-30%,0-35,120,0.0,1.0,2.5306122448979593,2.275843931528095,3.616161616161616,1.0292452759886133,3.9193548387096775,3.9517515813307367,9.968253968253968,0.8861633072498022,4.769230769230769,7.588989404459298,5.30188679245283,0.9530326184576936,66.5,40.0,50.333333333333336,DDD2013J
group3,M,South Region,HE Qualification,40-50%,0-35,60,0.0,1.0,5.173913043478261,5.254857426234161,2.6382978723404253,0.7557445626086841,5.743589743589744,6.516044767050625,9.125,0.8964180926805131,9.304347826086955,14.322375319150408,9.958333333333334,0.8453850386171944,79.5,56.0,86.0,DDD2013J
group3,F,West Midlands Region,HE Qualification,70-80%,0-35,60,0.0,1.0,3.4743589743589745,4.204896215265269,2.9240506329113924,0.6834893283459932,3.985294117647059,5.005944666269888,7.594202898550725,1.0499270885193914,5.76595744680851,7.286714432138887,6.270833333333333,0.8948602270102992,91.0,87.0,95.66666666666669,DDD2013J
group3,M,West Midlands Region,A Level or Equivalent,0-10%,0-35,60,0.0,1.0,2.3947368421052633,2.055075396642976,3.747826086956522,0.7937408906589625,2.8850574712643677,2.7297895282881552,8.284090909090908,1.007324882831038,4.048387096774194,3.8429301463850094,10.34920634920635,1.2307075701048575,92.0,84.0,82.33333333333333,DDD2013J
group1,F,East Anglian Region,A Level or Equivalent,30-40%,0-35,60,0.0,1.0,4.7368421052631575,4.35285750066007,2.9827586206896552,0.8479002372858032,6.783783783783784,5.432081323719988,7.315789473684211,0.8974946294582042,6.27906976744186,7.500239937099628,6.318181818181818,0.9434889062328514,60.0,51.0,62.333333333333336,DDD2013J
group3,F,Ireland,HE Qualification,90-100%,0-35,60,0.0,1.0,2.7157894736842105,2.5501904722135693,2.7708333333333335,0.8598756067785586,3.0352941176470587,3.122297150464433,8.767441860465116,1.1556922942499903,6.0,7.396910551999781,8.75,0.7553888037944163,88.0,89.0,92.0,DDD2013J
group3,M,South West Region,A Level or Equivalent,40-50%,0-35,90,0.0,1.0,1.8296296296296295,1.4585862135640515,2.5955882352941178,0.9579218639965636,2.9285714285714284,3.2664254597331803,8.223529411764705,1.1841864634567392,4.392857142857143,7.861710596714528,3.5789473684210527,0.8454710063666817,87.5,4.0,90.0,DDD2013J
group3,F,South West Region,A Level or Equivalent,90-100%,0-35,90,0.0,1.0,2.118110236220472,1.8965891407218145,2.171875,0.6615185176040559,3.464788732394366,3.3714388022898336,5.486111111111111,0.7341553903347078,3.684931506849315,5.717606123799556,3.810810810810811,0.7291525198567306,82.5,79.0,71.33333333333333,DDD2013J
group3,M,Ireland,A Level or Equivalent,80-90%,35-55,75,0.0,1.0,1.9097222222222223,1.8279615091525532,2.579310344827586,0.7280587133740111,2.9887640449438204,2.647873855578506,7.533333333333333,0.9496692690475264,3.269230769230769,3.0860939752340695,4.050632911392405,0.9668933821782006,94.0,90.0,95.33333333333331,DDD2013J
group1,M,South Region,Lower Than A Level,20-30%,0-35,60,0.0,1.0,3.364864864864865,3.292059039752228,3.8133333333333335,0.8065032266787645,3.371428571428571,3.2489526899880428,11.014084507042254,1.01543706543231,15.857142857142858,21.67542792712927,6.866666666666666,1.4590911967281204,59.5,46.0,44.333333333333336,DDD2013J
group3,F,South East Region,A Level or Equivalent,90-100%,0-35,120,0.0,1.0,1.622093023255814,1.2435471960174933,3.0,0.8305347999631946,3.2857142857142856,3.2479027356820787,7.397435897435898,1.1623432426439455,2.763440860215054,3.211385484092922,10.819148936170214,1.6736273577604317,83.5,90.0,89.66666666666667,DDD2013J
group3,M,North Region,A Level or Equivalent,10-20,0-35,120,0.0,1.0,1.1872340425531915,0.4968348627939005,4.004237288135593,0.7852015857041578,1.6962025316455696,1.8808754593942452,11.41509433962264,1.0440202925425253,1.6560509554140128,1.2284729722467431,8.443037974683545,1.4777331487171042,89.5,94.0,92.66666666666669,DDD2013J
group3,M,Scotland,HE Qualification,80-90%,35-55,90,0.0,1.0,1.8979591836734695,1.524838612064623,3.8783783783783785,0.8707246661446202,3.576923076923077,4.283824091994075,8.974683544303797,1.159988378120058,2.3596491228070176,2.07866189507235,7.982608695652174,1.0324912728017,83.0,86.0,85.0,DDD2013J
group1,M,London Region,HE Qualification,0-10%,0-35,120,0.0,1.0,3.185185185185185,2.64627620965344,2.841463414634146,1.0720768886609158,5.375,6.245423856627841,9.89795918367347,0.9974950025725924,24.1,23.149034057121643,4.181818181818182,0.7410461108286658,86.5,53.0,64.33333333333333,DDD2013J
group3,F,London Region,HE Qualification,50-60%,0-35,90,0.1666666666666666,1.0,3.536231884057971,3.0272279600171563,2.2714285714285714,0.6441246483685994,4.298245614035087,4.8549125057612,6.517241379310345,0.9069715275012116,9.708333333333334,18.078281869755184,3.72,0.8347023094656063,89.5,86.0,88.0,DDD2013J
group3,M,South Region,HE Qualification,90-100%,35-55,90,0.0,1.0,2.7349397590361444,2.82879073254313,3.1904761904761907,0.8383490549243952,3.661290322580645,3.771956697016432,8.634920634920634,1.139427148078607,3.9649122807017543,4.499860760864487,8.155172413793103,0.8868134283806064,75.0,68.0,81.0,DDD2013J
group1,M,East Midlands Region,A Level or Equivalent,70-80%,35-55,60,0.5,1.0,4.7,4.301162633521314,2.0588235294117645,0.7029577937998452,6.911764705882353,6.6531726178082105,8.628571428571428,0.8167203607801263,17.0,25.301515106148617,5.357142857142857,0.8155161964465616,71.5,57.0,52.333333333333336,DDD2013J
group3,M,East Anglian Region,HE Qualification,60-70%,35-55,60,0.0,1.0,1.583815028901734,1.6318677451557757,3.086206896551724,0.7359827225677164,2.831460674157303,3.145111484713509,9.955555555555556,1.01764908196188,3.223529411764706,4.489077937426718,7.337209302325581,0.8528166534982858,77.0,75.0,82.33333333333333,DDD2013J
group1,M,London Region,Lower Than A Level,80-90%,0-35,60,0.0,1.0,2.5353535353535355,1.996492492271523,2.83,0.672409473734822,2.9875,2.935999818921803,7.604938271604938,0.9619982488537978,4.12280701754386,4.8663207553793235,7.137931034482759,0.8911701455595993,88.0,51.0,70.66666666666667,DDD2013J
group3,M,East Anglian Region,A Level or Equivalent,90-100%,35-55,90,0.0,1.0,1.7919463087248322,1.6244548681694395,3.84,0.7595838285486288,2.0403225806451615,2.1238069574838248,14.048,1.0080231767326555,3.7083333333333335,3.872756051782725,10.986301369863014,0.8584387333837598,69.5,76.0,73.66666666666667,DDD2013J
group1,F,South Region,A Level or Equivalent,60-70%,0-35,60,0.0,0.8333333333333334,2.2990654205607477,2.185781468435316,4.0092592592592595,0.8795499142586307,3.3698630136986303,3.5099337177782073,8.108108108108109,1.0159341623462723,3.236842105263158,3.6106081521081976,7.220779220779221,0.9970681881357716,56.0,56.0,47.5,DDD2013J
group3,F,South East Region,A Level or Equivalent,70-80%,0-35,90,0.0,1.0,1.2672811059907834,0.8726760032937179,4.555045871559633,0.8450248209321595,1.5193370165745856,1.2364427480163251,6.351648351648351,1.251569577662302,1.9921259842519683,2.438110324053439,9.8359375,1.357418627985247,85.0,91.0,87.0,DDD2013J
group1,M,Yorkshire Region,Lower Than A Level,0-10%,0-35,90,0.0,1.0,3.7260273972602738,3.934393479914601,3.635135135135135,1.001684572180823,5.558139534883721,6.634334665681023,10.022727272727272,0.9758342098529166,6.394736842105263,5.572807888911486,4.641025641025641,0.8201024280112964,76.0,56.0,72.66666666666667,DDD2013J
group3,F,Scotland,A Level or Equivalent,40-50%,0-35,120,0.6,0.8333333333333334,3.2435897435897436,5.071401603020039,4.253164556962025,0.7239304214508747,3.776119402985074,5.869337104489141,10.75,1.0799344382244256,3.923076923076923,4.871177001979643,8.56060606060606,1.0578223737873391,59.5,70.0,75.5,DDD2013J
group3,M,East Anglian Region,A Level or Equivalent,70-80%,0-35,90,0.6666666666666666,1.0,4.666666666666667,6.3989582485484835,3.1923076923076925,0.9636294915930028,6.105263157894737,10.42292036081036,13.615384615384617,0.9978857708054912,12.36842105263158,15.524928077542436,9.6,0.8975274678557507,86.0,20.0,42.666666666666664,DDD2013J
group3,F,North Western Region,Lower Than A Level,80-90%,0-35,120,0.0,1.0,1.218340611353712,0.5661619376251055,4.243478260869566,0.9911150403016123,2.5555555555555554,2.385052100112117,6.155963302752293,1.0444872002872063,1.436046511627907,0.931252415917136,10.45086705202312,1.1425197325126726,88.5,81.0,87.66666666666667,DDD2013J
group3,F,London Region,Lower Than A Level,30-40%,0-35,60,0.0,1.0,2.3275862068965516,2.3210786925159543,3.8376068376068377,1.0411782568031618,3.1818181818181817,5.850612367245872,9.461538461538462,1.0070476748888186,3.216867469879518,3.748327083012628,3.869047619047619,0.8161389834070459,85.0,27.0,73.0,DDD2013J
group3,M,Yorkshire Region,A Level or Equivalent,60-70%,0-35,60,0.0,1.0,3.034090909090909,2.7645076618324285,3.101123595505618,0.7704708228121769,5.7272727272727275,6.146898012795073,8.666666666666666,0.6957180956673854,3.907692307692307,5.762820156299011,5.121212121212121,0.952681097988818,94.5,90.0,96.33333333333331,DDD2013J
group1,F,South East Region,A Level or Equivalent,80-90%,0-35,60,0.0,1.0,2.863636363636364,3.1079498294069614,4.247191011235955,0.9246325055335152,3.0,3.1963834985620103,11.235294117647058,1.1507800999361413,4.0,4.4576863664837925,9.9375,0.9796594334328752,58.5,27.0,40.0,DDD2013J
group3,M,London Region,A Level or Equivalent,30-40%,0-35,90,0.0,1.0,2.0144927536231885,1.9331359766779648,3.287769784172662,0.7488129964279209,3.111111111111111,3.2977264895682294,9.951219512195122,1.017676455996115,3.702702702702702,4.816437977085958,5.16,0.9188799072987816,86.0,48.0,93.33333333333331,DDD2013J
group3,M,North Western Region,HE Qualification,40-50%,0-35,60,0.0,1.0,1.8888888888888888,1.689586000978007,4.572413793103448,0.7882284250797,2.2410714285714284,1.561043400856139,9.309734513274336,1.1127180073611629,3.1547619047619047,3.2727205720360013,4.988235294117647,1.1250370825738372,84.5,84.0,80.66666666666667,DDD2013J
group3,M,West Midlands Region,A Level or Equivalent,50-60%,0-35,60,0.0,1.0,3.088607594936709,2.6707814731605195,2.1,0.700663760455341,4.979591836734694,5.41021331957117,6.76,0.9236077975784788,2.7865168539325844,2.318266937490745,5.377777777777778,1.0130374089945555,81.5,86.0,86.33333333333333,DDD2013J
group1,F,South Region,HE Qualification,70-80%,0-35,180,0.0,1.0,1.2990196078431373,0.9488385534951984,4.478048780487805,0.888762058959751,1.7746478873239435,2.502181647224023,11.146853146853148,1.0625904451902246,2.100840336134454,1.9846656123728952,11.975,0.8822091814021397,60.5,20.0,54.333333333333336,DDD2013J
group3,M,East Anglian Region,A Level or Equivalent,60-70%,0-35,60,0.8333333333333334,1.0,2.5137614678899083,3.1464697410692652,2.5545454545454547,1.02974960078709,2.7666666666666666,3.10146757577691,7.450549450549451,0.8612028592958444,6.416666666666667,16.165881178757758,8.486486486486486,1.3386559212296574,72.5,81.0,73.0,DDD2013J
group3,M,East Anglian Region,Lower Than A Level,40-50%,35-55,90,0.0,1.0,1.811688311688312,1.579151259253227,3.870967741935484,1.395558430641058,2.8666666666666667,2.6866293990965495,8.527472527472527,1.015100803778762,2.6736842105263157,2.8450857417553395,4.958333333333333,0.8561124140577853,88.5,83.0,85.0,DDD2013J
group1,M,London Region,Lower Than A Level,40-50%,0-35,120,0.1666666666666666,1.0,3.189873417721519,3.1666367719253756,2.325,0.7982377399125791,5.122448979591836,7.817268952617085,11.0,1.0981577360393815,11.55,12.093821824212124,3.7142857142857144,0.670599837467796,72.5,12.0,59.666666666666664,DDD2013J
group1,M,South East Region,Lower Than A Level,80-90%,0-35,60,0.2,0.8333333333333334,6.5,6.282491302795171,2.7142857142857144,1.2029511264978234,8.0,8.574602586931334,5.913043478260869,1.2091955918042183,21.625,38.744354427451746,4.222222222222222,0.9392930682934076,73.0,78.0,80.0,DDD2013J
group3,M,Wales,A Level or Equivalent,30-40%,0-35,60,0.0,1.0,2.0725806451612905,1.8086215705098183,2.808,0.8375486926734014,4.017543859649122,3.148078938417248,10.43103448275862,1.1745555030471766,3.4246575342465753,4.60651051417441,6.027027027027027,1.082167867351807,90.0,85.0,92.33333333333331,DDD2013J
group1,F,North Western Region,A Level or Equivalent,30-40%,0-35,60,0.0,1.0,4.981132075471698,4.829757781941099,3.4444444444444446,0.8631669780812677,5.534883720930233,5.5133985595668165,14.5,0.8082243984172661,8.206896551724139,10.781529544102026,11.166666666666666,1.281167461576496,60.5,23.0,68.33333333333333,DDD2013J
group1,F,South West Region,Lower Than A Level,30-40%,0-35,60,0.0,1.0,3.1325301204819276,2.6354574941269653,5.059523809523809,0.9534348757433498,3.5757575757575757,3.56072856011068,10.507462686567164,0.953176863173708,4.406779661016949,4.526240138949905,6.583333333333333,1.001569030248134,76.0,56.0,69.0,DDD2013J
group3,F,Scotland,Lower Than A Level,40-50%,35-55,60,0.0,1.0,1.891156462585034,1.2720884117884963,3.945945945945946,0.9889021076400976,3.113636363636364,3.015026803341785,10.337078651685394,1.213390163954322,2.0403225806451615,1.5376002501437314,11.56,1.0946185074480237,78.5,74.0,82.33333333333333,DDD2013J
group1,M,South East Region,A Level or Equivalent,30-40%,0-35,120,0.1666666666666666,1.0,3.475,2.863895726833855,2.753086419753086,1.0138496782768984,3.602941176470588,5.453027930281345,9.594202898550725,0.8771454717871597,7.9411764705882355,11.824323099264213,4.742857142857143,1.1519105665193017,87.5,60.0,73.66666666666667,DDD2013J
group1,F,East Anglian Region,A Level or Equivalent,40-50%,0-35,120,0.1666666666666666,1.0,2.6931818181818183,2.671079486225482,2.6853932584269664,1.0467277974472853,6.361111111111111,8.092863797472713,13.405405405405403,0.8984247400464748,3.703125,4.0421575548724835,5.476923076923077,0.8853173269214291,85.5,82.0,88.33333333333333,DDD2013J
group1,F,South Region,A Level or Equivalent,60-70%,0-35,120,0.3333333333333333,1.0,3.5441176470588234,4.33119136183317,2.550724637681159,0.8792693952489691,3.6027397260273974,4.0371184925616515,6.797297297297297,1.032934722028118,3.63768115942029,4.221691236559786,5.985714285714286,1.381548268075352,84.0,58.0,86.0,DDD2013J
group1,M,West Midlands Region,A Level or Equivalent,90-100%,0-35,60,0.6666666666666666,1.0,3.0217391304347827,3.1517595325436,3.5376344086021505,0.8086705968785844,4.47457627118644,4.549937218981007,11.85,1.2685226715588829,4.0,5.669032636568849,4.633333333333334,1.0176487227592808,89.5,56.0,74.66666666666667,DDD2013J
group1,F,South Region,A Level or Equivalent,90-100%,35-55,60,0.1666666666666666,1.0,1.6794871794871795,1.2950883865075895,4.356687898089172,0.8850066228059055,3.452054794520548,4.126611119343474,10.283783783783784,1.0682729544694505,2.3545454545454545,1.870026068779505,11.567567567567568,1.354980385894322,88.0,81.0,83.66666666666667,DDD2013J
group1,M,London Region,A Level or Equivalent,30-40%,0-35,60,0.1666666666666666,1.0,3.090909090909091,2.727621015726643,3.842696629213483,1.0546601635597328,4.637931034482759,4.858338015809735,13.542372881355933,1.1493859909491817,5.36734693877551,7.796083091182767,5.3,0.8209173553889468,94.5,0.0,60.666666666666664,DDD2013J
group1,F,North Western Region,Lower Than A Level,70-80%,35-55,60,0.0,1.0,3.3095238095238093,4.354685028589491,4.247058823529412,0.7113452592583023,4.666666666666667,5.372887913245714,12.2,0.785175738677249,6.619047619047619,12.068811611131984,5.953488372093023,0.9726640938438742,73.5,26.0,61.666666666666664,DDD2013J
group3,F,North Region,A Level or Equivalent,0-10%,35-55,60,0.0,1.0,2.715686274509804,2.4990194155339585,2.650485436893204,0.7260328298230134,2.924731182795699,3.1904632318009223,8.46808510638298,0.9921664847576878,5.645833333333333,5.632313999850133,4.73469387755102,1.142395890655652,85.5,82.0,89.33333333333333,DDD2013J
group3,M,East Midlands Region,A Level or Equivalent,90-100%,0-35,60,0.0,1.0,1.1504424778761062,0.456483933037017,2.440528634361234,0.8727917473203229,3.036144578313253,3.5422391400332724,8.773809523809524,0.9515345601025592,1.9166666666666667,1.627408794296474,4.5041322314049586,0.994996319229302,78.5,82.0,84.33333333333333,DDD2013J
group1,M,London Region,HE Qualification,0-10%,0-35,60,0.1666666666666666,1.0,9.875,13.280624985293429,2.32,0.7874611894254646,10.454545454545457,13.755439695339485,4.043478260869565,0.9466030570784412,42.6,67.28149819972798,3.0,0.5443310539518174,58.0,28.0,67.0,DDD2013J
group1,M,South East Region,HE Qualification,40-50%,0-35,60,0.4,0.8333333333333334,3.206896551724138,2.9536651690796787,2.840909090909091,0.8782163742495355,3.875,3.7601974026694736,11.068493150684931,1.0762218544756357,10.235294117647058,12.173379829389544,4.333333333333333,1.138357583611442,78.5,21.0,51.0,DDD2013J
group3,M,Yorkshire Region,Lower Than A Level,0-10%,0-35,60,0.0,1.0,1.6325301204819278,1.4905446174680637,3.1077844311377247,0.9585698240622892,2.8160919540229883,3.5290447209703837,9.284090909090908,1.1215965331486002,2.2710280373831777,2.3972078626899127,8.564814814814815,1.0795204952360886,73.5,71.0,68.33333333333333,DDD2013J
group1,F,North Western Region,Lower Than A Level,0-10%,0-35,60,0.0,1.0,3.0843373493975905,3.6499409259406246,4.416666666666667,1.075802663407429,4.241379310344827,5.753139020607934,14.66101694915254,0.944418812629387,5.641025641025641,9.418590741292286,7.875,1.031306377632382,89.0,94.0,76.66666666666667,DDD2013J
group1,M,South West Region,A Level or Equivalent,70-80%,0-35,60,0.0,1.0,3.6142857142857143,4.492482794214654,2.380281690140845,0.789491927500725,4.133333333333334,5.196043692704785,8.573770491803279,0.9942785702692112,6.657894736842105,10.172236501776768,5.794871794871795,0.8818085630803559,74.0,52.0,88.33333333333333,DDD2013J
group3,M,Scotland,A Level or Equivalent,70-80%,0-35,120,0.2,0.8333333333333334,1.9834710743801651,2.05743963489568,2.3934426229508197,0.8069702446762406,6.026315789473684,7.940613503785505,9.205128205128204,1.0330018875353602,3.16,4.460153918080963,4.565789473684211,0.8158979359081215,81.0,76.0,91.5,DDD2013J
group3,M,Yorkshire Region,A Level or Equivalent,30-40%,0-35,60,0.0,1.0,6.2439024390243905,8.114124992273899,2.8333333333333335,0.9769969220344832,8.964285714285714,12.151762996180592,9.448275862068966,0.8087215728192401,10.26086956521739,11.955285599053695,6.708333333333333,1.0641076739582973,81.0,90.0,88.66666666666667,DDD2013J
group3,M,South West Region,A Level or Equivalent,30-40%,35-55,60,0.0,1.0,1.6538461538461535,1.293426787103938,5.624203821656051,0.8655834048380149,2.4285714285714284,2.5715048828725497,7.547169811320755,1.1648363618980992,1.937984496124031,2.374183866301798,6.7846153846153845,0.8441315294956415,90.5,83.0,90.33333333333331,DDD2013J
group1,F,Scotland,HE Qualification,80-90%,0-35,60,0.0,1.0,1.279816513761468,0.88492545094785,4.100456621004566,0.7519070814308492,2.2612612612612613,2.5786244102823215,6.071428571428571,0.7845832870104076,2.260504201680672,3.0125786715206035,5.591666666666667,0.996660654248538,90.0,81.0,83.33333333333333,DDD2013J
group1,M,North Region,Lower Than A Level,60-70%,0-35,90,0.0,1.0,2.8941176470588235,2.96817857171927,3.453488372093023,0.7170136244713633,3.039473684210526,3.9612819119528617,8.87012987012987,0.8184990960945239,8.107142857142858,9.358455419068246,5.344827586206897,1.1142441664352405,83.5,68.0,75.33333333333333,DDD2013J
group3,M,North Region,A Level or Equivalent,30-40%,0-35,60,0.0,1.0,2.5392156862745097,3.085165941033302,3.1359223300970873,0.9096268175443653,2.4220183486238533,2.2578815783566752,9.481818181818182,0.9764624097199168,7.294117647058823,9.69388877081284,3.971428571428571,0.909837317268996,77.5,71.0,89.0,DDD2013J
group3,M,Scotland,HE Qualification,90-100%,0-35,60,0.1666666666666666,1.0,3.3950617283950617,3.884839161232029,2.3048780487804876,0.8008317112172932,4.846153846153846,6.104914816526415,5.169811320754717,0.8913631198408623,2.272727272727273,2.866472861665825,5.475409836065574,1.0379467025033706,86.5,64.0,86.0,DDD2013J
group3,F,Yorkshire Region,A Level or Equivalent,80-90%,35-55,60,0.0,1.0,1.0689655172413792,0.5216785802714717,9.33206106870229,0.7067244419532588,1.0984251968503935,0.6549880669906579,20.050980392156863,1.5054875404892596,1.4162162162162162,1.287378848988347,10.365591397849462,1.0944696246277443,93.5,97.0,94.33333333333331,DDD2013J
group1,M,Yorkshire Region,A Level or Equivalent,40-50%,0-35,60,0.1666666666666666,1.0,4.344827586206897,5.853629026234026,2.610169491525424,0.7331050923326855,6.447368421052632,7.790144044815592,6.358974358974359,0.9578798562129834,6.0,9.532997890511032,4.953488372093023,0.9908661752693272,61.5,50.0,49.666666666666664,DDD2013J
group3,M,East Midlands Region,A Level or Equivalent,20-30%,35-55,60,0.0,1.0,5.117647058823529,5.715407452924172,2.519230769230769,0.6984211385032916,4.368421052631579,5.259792156904547,13.586206896551724,0.7986136497071794,3.857142857142857,4.9476522384673585,5.6875,0.833355472072387,82.5,62.0,76.33333333333333,DDD2013J
group3,F,Wales,A Level or Equivalent,60-70%,0-35,150,0.0,1.0,2.65,2.2535045658446817,3.287128712871287,0.9094689860303228,3.1058823529411765,3.222035475447472,15.383720930232558,1.051111387120798,4.103448275862069,3.7495714617007216,5.8474576271186445,0.8736041466241731,90.5,91.0,92.33333333333331,DDD2013J
group3,M,East Anglian Region,A Level or Equivalent,80-90%,0-35,120,0.0,1.0,2.2857142857142856,1.8046214549432928,2.8,0.7695855408997135,3.238095238095238,3.1722404671118283,7.882352941176471,0.9153404137628244,4.785714285714286,5.4563200576422,5.175438596491228,1.0942906336103035,85.5,66.0,83.0,DDD2013J
group1,F,Wales,A Level or Equivalent,50-60%,0-35,120,0.0,1.0,4.327586206896552,3.9085508196749665,3.542372881355932,0.7939124167291306,6.435897435897436,8.290117362494975,11.55,0.9810616507039516,19.307692307692307,28.199836333403944,6.214285714285714,0.91874966015598,85.5,21.0,65.0,DDD2013J
group1,M,West Midlands Region,A Level or Equivalent,10-20,0-35,60,0.8,0.8333333333333334,5.775,5.530741592598824,2.4146341463414633,0.8331955809010618,5.634146341463414,5.8555789532759945,5.5476190476190474,0.8493192461377791,47.0,60.8276253029822,3.75,0.6359594676112971,61.5,20.0,59.0,DDD2013J
group1,M,South Region,Lower Than A Level,80-90%,0-35,60,0.0,1.0,3.0,3.00648649405931,2.481012658227848,0.840738306267269,3.038961038961039,3.1765653349820204,9.076923076923077,1.1320354928117493,6.6,7.385199826043181,5.916666666666667,0.8566113351850687,67.5,69.0,66.33333333333333,DDD2013J
group3,M,South East Region,No Formal quals,20-30%,0-35,60,0.1666666666666666,1.0,1.5421686746987953,1.2820552138564134,3.3353293413173652,0.9670092876865656,2.784090909090909,4.292331744836657,7.707865168539326,0.9270632767701104,2.6881720430107525,3.532392016945999,4.138297872340425,0.9540323378727616,70.5,54.0,66.33333333333333,DDD2013J
group1,M,North Western Region,Lower Than A Level,20-30%,0-35,120,0.1666666666666666,1.0,3.77027027027027,4.153055641191201,1.8133333333333332,0.6411832163703424,8.0,7.649583585546213,5.0606060606060606,1.0887999434200786,27.333333333333332,58.208819492123936,2.2857142857142856,0.7654655446197431,49.0,44.0,47.333333333333336,DDD2013J
group3,F,South Region,A Level or Equivalent,90-100%,0-35,60,0.1666666666666666,1.0,3.918032786885246,4.940631140408457,3.4516129032258065,0.7090495976968471,4.192982456140351,5.66454700146707,9.344827586206897,1.0257506141266657,11.38095238095238,15.612418744307975,7.772727272727272,0.6570820191299483,80.5,90.0,86.66666666666667,DDD2013J
group3,M,South Region,Lower Than A Level,90-100%,35-55,60,0.0,1.0,1.3676470588235294,0.7605626339356216,5.126829268292683,0.8119955170903548,1.7181208053691277,1.127545390185724,10.026666666666667,0.94825672173806,2.0916030534351147,1.915324361681891,8.924242424242424,0.8643033119090178,91.0,90.0,90.66666666666669,DDD2013J
group1,F,North Western Region,A Level or Equivalent,80-90%,35-55,120,0.0,1.0,2.642105263157895,2.9496331884233675,3.71875,0.743258190537449,3.983870967741935,4.1429059868484375,8.285714285714286,0.7475242088782343,5.767441860465116,6.910437961802441,4.795454545454546,0.7682258330543755,62.5,51.0,55.666666666666664,DDD2013J
group3,M,London Region,HE Qualification,20-30%,0-35,60,0.0,1.0,2.7731958762886597,2.9315281660451684,4.6020408163265305,0.8356848875162527,3.984126984126984,6.651441908901101,11.53125,1.0307761837492024,4.254237288135593,8.25789741198457,3.9833333333333334,0.8482380041590479,86.0,80.0,90.0,DDD2013J
group3,M,South East Region,Lower Than A Level,50-60%,0-35,60,0.5,1.0,3.023529411764706,3.677397082138382,2.116279069767442,0.80054021127962,3.619718309859155,4.688484973644314,5.958333333333333,0.8041349931401616,16.0625,16.995955401212374,6.882352941176471,1.392664165538489,67.5,72.0,73.0,DDD2013J
group3,M,Wales,A Level or Equivalent,40-50%,0-35,60,0.75,0.6666666666666666,6.842105263157895,15.177377040399902,3.128205128205128,0.8447794055375787,8.030303030303031,16.38117221172841,10.382352941176473,1.689071955724804,18.846153846153847,53.61257028260902,1.7857142857142858,0.641248781675256,87.5,90.0,60.0,DDD2013J
group1,F,South East Region,A Level or Equivalent,60-70%,35-55,60,0.0,1.0,1.888111888111888,1.579378087198397,4.881944444444445,0.7700295414591867,2.48,2.204128357918799,13.108910891089108,1.1007540535905862,2.3904761904761904,2.305908956835919,8.075471698113208,0.9835754853774106,77.5,70.0,77.66666666666667,DDD2013J
group1,M,East Midlands Region,Lower Than A Level,60-70%,0-35,60,0.0,1.0,4.352941176470588,6.167085306404524,3.0961538461538463,0.8409442447125569,5.6923076923076925,8.143947853447743,8.55,0.7195359280200244,6.903225806451613,8.009805818327422,6.375,0.8705087404087495,74.0,35.0,62.0,DDD2013J
group3,F,East Anglian Region,A Level or Equivalent,80-90%,35-55,60,0.1666666666666666,1.0,2.0952380952380953,2.217849666424021,3.0393700787401574,0.8323524164976857,2.3773584905660377,2.408132373314103,9.532710280373832,1.165787277736358,3.037037037037037,4.884783629917615,3.268292682926829,1.093888325435031,81.0,87.0,84.33333333333333,DDD2013J
group1,M,South Region,A Level or Equivalent,70-80%,0-35,120,0.3333333333333333,1.0,2.9213483146067416,3.3139674077412096,2.4555555555555557,0.9485980448272432,4.730769230769231,4.822802799997335,6.0754716981132075,1.1249440058250264,6.7631578947368425,8.155363715110859,4.769230769230769,0.9370583709488876,63.0,30.0,49.666666666666664,DDD2013J
group3,F,London Region,A Level or Equivalent,50-60%,0-35,90,0.0,1.0,2.5544554455445545,1.9051259670937903,2.686274509803922,0.7766437078084583,3.6666666666666665,3.216942329094189,11.119402985074627,1.0375083539534606,10.043478260869565,14.046928686855244,5.125,0.7871917370340279,92.5,72.0,85.0,DDD2013J
group3,M,South Region,Lower Than A Level,50-60%,35-55,60,0.0,1.0,2.1968503937007875,1.9721850346186216,4.671875,0.8752515390107889,2.846938775510204,2.9787980722056004,12.606060606060606,0.9833758254366712,3.289156626506024,4.304082351652105,8.571428571428571,1.3361948460709865,91.5,84.0,93.66666666666669,DDD2013J
group1,F,Scotland,A Level or Equivalent,40-50%,0-35,90,0.6666666666666666,1.0,8.964285714285714,7.965119063336197,2.2758620689655173,0.6516913081092899,9.517241379310343,10.445849106070698,5.766666666666667,1.003868357392328,28.75,29.05044873024462,5.111111111111111,1.2181674544453829,56.5,17.0,49.0,DDD2013J
group3,M,North Western Region,A Level or Equivalent,0-10%,0-35,120,0.0,1.0,1.275,0.801615830493942,3.288557213930348,0.7772711284056493,2.2454545454545456,3.0020982375981897,7.27927927927928,1.085180810027489,2.292452830188679,3.39458106295783,5.766355140186916,0.8907880546933726,95.0,93.0,93.0,DDD2013J
group1,M,East Anglian Region,A Level or Equivalent,50-60%,0-35,60,0.0,1.0,1.550561797752809,1.1350724704214328,5.977653631284916,0.8280806300809581,1.7358490566037736,1.3708208304602711,9.36875,1.6059353115027832,1.8551724137931032,2.0882585459634235,9.561643835616438,1.011763634130686,79.0,49.0,77.66666666666667,DDD2013J
group1,F,Wales,A Level or Equivalent,10-20,0-35,60,0.0,1.0,2.9148936170212765,2.6300969950963276,3.336842105263158,0.9054561993588636,4.491228070175438,5.074877926109385,8.672413793103448,1.2623002082490855,6.372093023255814,10.019084778594523,4.636363636363637,1.5969863005476503,49.0,30.0,47.666666666666664,DDD2013J
group1,F,Wales,HE Qualification,40-50%,0-35,120,0.0,1.0,5.434782608695652,8.413354923144627,3.3404255319148937,0.8450959638533495,8.285714285714286,11.11507865671555,10.137931034482758,0.7731046352150971,8.241379310344827,11.070085728193645,6.433333333333334,0.9007351408307293,79.0,62.0,75.33333333333333,DDD2013J
group1,M,East Anglian Region,A Level or Equivalent,50-60%,35-55,60,0.0,1.0,3.0795454545454546,2.4923865261253684,3.4831460674157304,0.8511362302323593,3.371428571428571,3.13082583248809,9.056338028169014,0.9856915285960358,8.862068965517242,9.731114082199849,8.133333333333333,1.01026044946796,67.0,33.0,58.666666666666664,DDD2013J
group1,M,West Midlands Region,A Level or Equivalent,40-50%,0-35,60,0.3333333333333333,1.0,3.3544303797468356,3.1624316134636765,3.425,0.7939445283605764,4.160714285714286,4.413931604340082,9.964912280701755,1.0183698821263614,5.627906976744186,6.0119850767087915,6.204545454545454,1.3208518969440604,72.5,57.0,64.66666666666667,DDD2013J
group3,M,East Anglian Region,A Level or Equivalent,90-100%,0-35,60,0.0,1.0,1.9416058394160585,2.0642846053125417,3.3768115942028984,0.7555964334684359,3.656716417910448,5.925170343558142,7.6911764705882355,0.9336639700949796,2.216666666666667,2.7199336785455404,4.644628099173554,0.7886999385796785,89.5,4.0,95.66666666666669,DDD2013J
group3,M,South West Region,A Level or Equivalent,50-60%,0-35,90,0.1666666666666666,1.0,3.011904761904762,2.599787051608649,4.364705882352941,1.2811148072148402,4.62962962962963,4.938475420904624,12.472727272727273,1.359741884764573,4.865384615384615,4.71970772671794,8.415094339622641,0.7220775347124849,92.5,68.0,86.33333333333333,DDD2013J
group1,F,Yorkshire Region,A Level or Equivalent,20-30%,0-35,120,0.0,0.6666666666666666,5.5777777777777775,8.225483928534896,4.413043478260869,0.7728968279538778,7.171428571428572,9.642082135055668,9.27777777777778,0.962582998820056,8.571428571428571,13.337300996963288,7.517241379310345,0.9754369012848462,82.5,45.0,84.0,DDD2013J
group3,M,North Western Region,A Level or Equivalent,0-10%,35-55,60,0.0,1.0,1.832214765100671,1.5395799908283094,4.013333333333334,0.7842502145516398,1.9923076923076923,1.6958506307914838,14.145038167938932,0.9844946684139204,1.430939226519337,1.3131529917033269,24.335164835164836,1.0788974190646354,86.0,85.0,82.33333333333333,DDD2013J
group1,M,North Western Region,A Level or Equivalent,10-20,0-35,90,0.0,1.0,2.9368421052631577,2.676972433734468,2.3020833333333335,0.7395248976062133,4.344827586206897,4.322733557408837,5.389830508474576,0.8409230736743887,5.229166666666667,7.34626720477629,4.285714285714286,0.7999999999999998,82.5,75.0,80.66666666666667,DDD2013J
group3,M,Scotland,HE Qualification,20-30%,0-35,60,0.0,1.0,2.976470588235294,2.9316681038529007,3.511627906976744,0.6466710237889134,3.123456790123457,3.034726989571644,12.268292682926829,0.993994034908512,3.5652173913043477,3.4363038490829805,11.528571428571428,1.284045101050048,91.0,95.0,91.0,DDD2013J
group1,F,West Midlands Region,A Level or Equivalent,80-90%,0-35,60,0.0,1.0,3.175,3.617030742529715,2.7901234567901234,0.7858686114794098,3.8181818181818183,4.482132359659907,8.343283582089553,0.9919495072837928,6.8108108108108105,11.19235313813716,6.2894736842105265,1.176833564482983,67.0,67.0,76.66666666666667,DDD2013J
group3,M,Wales,A Level or Equivalent,70-80%,0-35,60,0.0,1.0,2.797979797979798,2.4158481756416275,2.18,0.8784852792313079,4.125,3.835920452027872,10.0,1.0445462761778068,3.984848484848485,4.047762626980772,3.985074626865672,0.64959413046308,83.5,87.0,92.0,DDD2013J
group3,M,East Anglian Region,HE Qualification,90-100%,55<=,90,0.0,1.0,3.1625,3.836677590925365,2.654320987654321,0.7631026021416444,4.237288135593221,4.889605382324509,7.266666666666667,0.8925054317075457,6.621621621621622,11.407481344741733,4.894736842105263,0.8939617071323238,87.0,79.0,83.33333333333333,DDD2013J
group3,M,South East Region,HE Qualification,40-50%,0-35,60,0.0,1.0,2.3846153846153846,2.148961873854098,3.2711864406779663,1.008141573490312,3.1948051948051948,3.5983876544296347,7.641025641025641,1.4342448328719164,3.5135135135135136,3.472961088033232,5.826666666666667,1.0457841157417695,79.0,75.0,84.0,DDD2013J
group3,F,North Western Region,A Level or Equivalent,0-10%,0-35,120,0.0,1.0,1.5178571428571428,0.9786536901978636,3.5502958579881656,0.7726901060580497,1.8455882352941175,1.4497952676439485,12.635036496350365,0.9342505386291968,3.3289473684210527,4.334014791221452,5.298701298701299,1.0732383883443934,83.0,51.0,93.33333333333331,DDD2013J
group3,F,North Western Region,HE Qualification,50-60%,0-35,60,0.0,1.0,3.5789473684210527,2.6796176736976824,2.6493506493506493,0.7567776544670524,4.032258064516129,3.228803472919523,10.904761904761903,0.7758437997247188,7.6875,11.588196163449282,5.848484848484849,0.7169756401479754,87.5,87.0,90.33333333333331,DDD2013J
group3,M,London Region,HE Qualification,50-60%,35-55,60,0.0,1.0,1.4427083333333333,1.147201903624154,3.621761658031088,0.7036300021400631,1.8843537414965987,2.055787043241727,7.283783783783784,1.0422902530515112,2.279279279279279,2.860931733706762,4.446428571428571,0.9015236856159248,81.5,85.0,86.0,DDD2013J
group3,M,South Region,Lower Than A Level,90-100%,35-55,60,0.0,1.0,3.397435897435898,3.276598424600921,2.7468354430379747,0.918566239514494,4.076923076923077,5.391856395029024,11.12121212121212,1.1181062038645406,4.266666666666667,6.150283627652061,22.442622950819672,1.188095688261915,70.5,80.0,77.0,DDD2013J
group1,M,North Western Region,Lower Than A Level,20-30%,0-35,120,0.1666666666666666,1.0,4.295081967213115,5.502557775844132,2.5806451612903225,0.8309444927310129,4.8,6.279217421667403,8.333333333333334,0.8918981740878139,10.333333333333334,12.027745701779144,4.88,1.579140428655966,52.5,24.0,43.333333333333336,DDD2013J
group3,F,London Region,Lower Than A Level,20-30%,0-35,90,0.0,1.0,1.1031746031746033,0.4432650512359983,5.189723320158103,1.121000484295866,2.0291970802919708,2.7784401194984354,10.41304347826087,1.4176205722007302,1.6815286624203822,1.5360547890222953,10.962025316455696,1.3080184912782822,90.0,86.0,91.0,DDD2013J
group1,F,North Region,Lower Than A Level,60-70%,35-55,120,0.0,1.0,2.0145985401459856,2.695272008154099,3.644927536231884,0.9398869865460148,2.293577981651376,2.565088808994578,11.772727272727272,1.012697961998887,3.010989010989011,3.9707108389486847,9.326086956521738,0.7624943431630593,73.0,38.0,74.66666666666667,DDD2013J
group3,M,East Midlands Region,HE Qualification,70-80%,0-35,60,0.0,1.0,1.9538461538461536,1.219108445752252,2.9770992366412212,0.740657347924697,2.886363636363636,2.235717469154114,6.719101123595506,1.0221482138432585,3.550724637681159,3.521097054495682,4.185714285714286,0.8079515487536563,91.0,49.0,91.0,DDD2013J
group3,M,South East Region,A Level or Equivalent,70-80%,0-35,60,0.0,1.0,1.3285714285714283,0.8867136557613955,5.478672985781991,0.8297728281432675,1.603448275862069,1.106047305415921,7.422857142857143,0.9474059273839028,1.885135135135135,1.977848926529044,4.248322147651007,1.2588864882445656,95.5,84.0,90.0,DDD2013J
group1,M,South East Region,Lower Than A Level,60-70%,0-35,90,0.0,1.0,1.6,1.1887042321281145,4.614035087719298,0.8742601682858016,2.1913043478260867,2.110523557618259,9.04310344827586,0.8931187124214963,2.6559139784946235,2.9543432421639615,5.01063829787234,1.1536557962277048,80.5,59.0,67.33333333333333,DDD2013J
group3,F,South Region,A Level or Equivalent,80-90%,35-55,60,0.0,1.0,1.045112781954887,0.3445458953821455,16.65917602996255,0.870695300217069,1.188034188034188,0.6409706150037341,24.812765957446807,0.8716469834860596,1.1716738197424892,0.7688242456726071,24.153846153846153,1.1343581671051552,91.5,93.0,89.66666666666667,DDD2013J
group1,M,Wales,HE Qualification,30-40%,35-55,60,0.6666666666666666,1.0,3.1604938271604937,3.3706705198055813,2.9878048780487805,1.0820022472128978,3.764705882352941,3.490360487129393,8.028985507246377,1.180996596829316,6.852941176470588,8.25404346436257,5.114285714285714,1.1399112451261644,77.5,37.0,68.66666666666667,DDD2013J
group1,M,West Midlands Region,A Level or Equivalent,50-60%,0-35,120,0.0,1.0,3.875,4.9777281743560255,2.246153846153846,0.6898453869596807,5.511111111111111,6.521371238342656,4.956521739130435,0.6351628335922824,10.409090909090908,14.773396588234093,4.0,0.9640268803757271,76.5,69.0,80.33333333333333,DDD2013J
group3,M,South Region,Lower Than A Level,60-70%,0-35,120,0.1666666666666666,1.0,1.8299319727891157,1.9667585099438345,4.3175675675675675,0.8712164068033149,2.561224489795918,2.868478983894348,7.9393939393939394,0.7917248722950672,3.842857142857143,5.282280234146016,5.197183098591549,1.070388663487822,92.5,92.0,85.0,DDD2013J
group3,M,South Region,HE Qualification,80-90%,0-35,60,0.0,1.0,3.3333333333333335,3.228776858192588,3.5,0.8422043181374091,4.410714285714286,5.542486431571651,13.87719298245614,1.33093031720114,5.1923076923076925,6.119843845048893,7.69811320754717,0.9749049875333576,84.5,85.0,87.33333333333333,DDD2013J
group3,F,Ireland,Lower Than A Level,80-90%,0-35,60,0.0,1.0,1.2714285714285714,0.6168626107323092,3.639810426540284,0.9682388324333746,2.2685185185185186,2.489628886060745,9.486238532110091,1.098173441548103,1.7482517482517483,1.654990453436282,10.61111111111111,1.7307129893630897,87.0,65.0,87.0,DDD2013J
group3,M,West Midlands Region,A Level or Equivalent,40-50%,35-55,60,0.0,1.0,6.066666666666666,8.871302046486749,2.9565217391304346,0.97203546292122,4.045454545454546,4.4667379878103715,9.328358208955224,1.3605796411823894,4.678571428571429,8.139928842345094,11.192982456140353,1.3267819083810677,89.0,78.0,81.0,DDD2013J
group3,M,East Anglian Region,Lower Than A Level,40-50%,0-35,60,0.0,1.0,2.074380165289256,2.013145504164227,3.1721311475409837,0.7022388729837472,2.7282608695652173,2.639943642711666,7.795698924731183,1.1069221180848048,3.0987654320987654,4.0236952489956455,4.439024390243903,1.0798625503468435,81.5,77.0,88.0,DDD2013J
group1,F,East Anglian Region,Lower Than A Level,70-80%,0-35,90,0.0,1.0,7.472222222222222,8.653607376979881,5.351351351351352,0.6548929742123414,7.323529411764706,8.30378003823266,15.771428571428572,0.8325374271033286,14.72222222222222,21.878825529171984,11.526315789473683,0.9303197736572564,69.5,64.0,50.0,DDD2013J
group1,F,Wales,A Level or Equivalent,90-100%,0-35,60,0.0,1.0,3.898550724637681,2.9463083957437908,2.8857142857142857,0.9008812903507264,5.02,4.696894327801148,8.72549019607843,0.9937108126331562,7.848484848484849,9.307662206890395,4.470588235294118,0.637852612817938,75.0,50.0,73.0,DDD2013J
group1,M,Yorkshire Region,A Level or Equivalent,40-50%,0-35,60,0.0,1.0,4.573770491803279,5.014841361377388,3.2096774193548385,0.6810667536528553,6.972222222222222,7.4851705242952065,20.486486486486488,1.2668754912574152,5.4222222222222225,5.750450136091675,5.521739130434782,0.7819099838002107,70.0,41.0,54.0,DDD2013J
group3,M,South Region,A Level or Equivalent,80-90%,0-35,60,0.0,1.0,1.2307692307692308,0.7544738360147218,4.292792792792793,0.6960364079036109,1.3877551020408163,0.9351555807619636,10.106598984771574,0.9187918763207856,1.7548387096774194,1.496063820275053,5.608974358974359,1.0494409784961416,87.5,72.0,72.33333333333333,DDD2013J
group3,F,East Anglian Region,HE Qualification,50-60%,0-35,60,0.0,1.0,1.1341463414634143,0.4069456702027489,6.963562753036437,0.8314819437745762,2.007518796992481,2.1479244407225058,13.522388059701491,1.0184976895776372,1.5974842767295598,1.5715810665701746,12.75,1.1973956103130987,87.5,91.0,92.66666666666669,DDD2013J
group3,F,Yorkshire Region,Lower Than A Level,80-90%,0-35,90,0.0,1.0,3.3205128205128207,3.004298175249508,5.227848101265823,0.9590517529717272,3.9846153846153847,3.461810886715884,18.89393939393939,1.0057033171310767,6.076923076923077,9.421097867034549,9.725,0.7622400580484264,86.0,87.0,95.66666666666669,DDD2013J
group3,F,South East Region,A Level or Equivalent,30-40%,0-35,60,0.0,1.0,4.0,3.264312746186865,2.1904761904761907,0.6749641172286965,3.936507936507936,3.6538667802092406,8.390625,0.868061671829449,8.88,13.007433772014116,5.461538461538462,1.028554818606184,96.0,98.0,95.0,DDD2013J
group1,M,East Midlands Region,A Level or Equivalent,0-10%,0-35,60,0.1666666666666666,1.0,4.9411764705882355,5.334460665169,3.826923076923077,1.059848911476871,7.03125,8.050182827016235,12.93939393939394,0.9116419525756148,6.708333333333333,6.675582805800662,10.68,0.7742579511264451,77.0,8.0,45.333333333333336,DDD2013J
group1,F,Wales,HE Qualification,60-70%,0-35,180,0.3333333333333333,1.0,3.8194444444444446,4.129339847280058,3.041095890410959,0.8117612047584241,5.767441860465116,5.9595350142293,12.181818181818182,0.8077819602188873,5.553191489361702,5.444616450092848,7.458333333333333,1.124765683770695,54.5,38.0,41.0,DDD2013J
group1,F,South East Region,HE Qualification,30-40%,0-35,60,0.0,1.0,3.983870967741935,4.362627932207951,2.365079365079365,0.776727852841842,5.488888888888889,6.412424808073147,9.5,0.731839836266958,9.05,17.9486841622971,5.190476190476191,0.9087664218010856,93.5,97.0,92.33333333333331,DDD2013J
group3,F,London Region,HE Qualification,20-30%,0-35,60,0.0,1.0,1.8456375838926171,2.035910156432349,4.073333333333333,0.8951339917656078,2.652631578947368,2.9346369562434136,9.291666666666666,1.0985265780505014,2.8152173913043477,4.559567522932163,6.10752688172043,0.7328089969336535,84.5,75.0,89.33333333333333,DDD2013J
group1,M,North Western Region,Lower Than A Level,20-30%,0-35,90,0.5,1.0,3.878787878787879,5.03377867401098,2.1194029850746268,0.8799717764314994,5.125,6.005759646886496,6.1020408163265305,0.8152032414516786,7.517241379310345,10.894365154437711,6.1,1.3185261290228127,44.5,82.0,53.666666666666664,DDD2013J
group1,M,North Western Region,Lower Than A Level,20-30%,0-35,90,0.5,1.0,4.396551724137931,4.708855618313199,3.2711864406779663,0.8661687646262686,5.133333333333334,7.247570125723016,26.195652173913043,3.573471446664679,14.857142857142858,20.0532258784433,3.1333333333333333,0.7449847404260256,43.0,31.0,42.0,DDD2013J
group3,F,London Region,A Level or Equivalent,40-50%,0-35,90,0.0,1.0,1.9236111111111112,2.115807508763832,3.1724137931034484,0.925765406515982,1.875912408759124,2.3118787097817113,18.42753623188406,1.2481814977867436,2.4018691588785046,3.6416350595916938,7.611111111111111,1.1997699887896511,84.0,42.0,92.33333333333331,DDD2013J
group3,M,London Region,A Level or Equivalent,20-30%,0-35,90,0.0,1.0,3.506849315068493,4.269150604014395,2.0675675675675675,0.8685927787824795,2.327272727272727,2.2138392527155295,6.774774774774775,0.947047543338556,1.018796992481203,0.1360634568604204,11.093632958801498,0.9881726443466377,89.0,74.0,81.33333333333333,DDD2013J
group3,M,London Region,A Level or Equivalent,40-50%,0-35,90,0.1666666666666666,1.0,1.9172413793103449,1.4457958605896213,2.9315068493150687,0.7789594883762571,3.125,2.540759683660567,6.382022471910112,1.1443445285055769,4.754716981132075,6.725112696731897,5.555555555555555,0.959791644056146,78.0,66.0,72.66666666666667,DDD2013J
group3,M,South West Region,Lower Than A Level,30-40%,0-35,120,0.0,1.0,2.6354166666666665,2.402278706240419,3.752577319587629,0.9239432094130594,8.166666666666666,9.329535352045005,6.67741935483871,0.9320542139602044,3.890625,3.932434067904088,4.123076923076923,0.7423966715978425,83.5,76.0,77.0,DDD2013J
group1,F,South Region,Lower Than A Level,80-90%,0-35,90,0.1666666666666666,1.0,4.8125,5.421220126463642,3.122448979591837,0.8815537411810386,6.216216216216216,7.1961993639201856,9.289473684210526,1.045709565114051,12.052631578947368,18.26494421383495,5.3,0.7309951180305855,74.5,31.0,69.33333333333333,DDD2013J
group3,M,South East Region,A Level or Equivalent,40-50%,0-35,60,0.0,0.8333333333333334,3.223529411764706,3.799675645894739,5.3023255813953485,1.0201211311366134,5.074074074074074,5.898038854910347,13.236363636363636,0.9774256578154532,6.85,7.170273391776671,5.2439024390243905,0.8379066862885076,94.5,80.0,95.5,DDD2013J
group3,F,London Region,HE Qualification,20-30%,0-35,90,0.1666666666666666,1.0,2.336283185840708,3.007759665399489,2.675438596491228,0.777270494871852,2.929411764705882,3.847659261514342,8.883720930232558,0.9679317159251968,4.47457627118644,9.81440871126942,5.566666666666666,0.9993184955897028,83.0,86.0,90.0,DDD2013J
group1,M,Yorkshire Region,Lower Than A Level,90-100%,0-35,60,0.0,1.0,2.053435114503817,1.966304527237429,3.3181818181818183,0.9546874018644342,3.2337662337662336,2.995154437174993,7.756410256410256,1.065187628592389,4.123076923076923,5.406904417928561,3.878787878787879,1.0170062722581903,95.5,77.0,83.66666666666667,DDD2013J
group3,M,Scotland,A Level or Equivalent,20-30%,0-35,90,0.8,0.8333333333333334,3.643835616438356,4.066700351683231,2.243243243243243,0.7609461529946085,5.782608695652174,7.00765626845464,7.702127659574468,1.0124149222765055,9.916666666666666,14.376661844708648,4.32,0.9322009591594976,92.0,67.0,86.5,DDD2013J
group3,F,Scotland,A Level or Equivalent,50-60%,0-35,60,0.0,1.0,4.709090909090909,5.155625217223551,2.892857142857143,0.783050907846888,5.020408163265306,5.444759697476585,10.18,0.7418135627416932,5.7560975609756095,6.061272505855838,6.690476190476191,0.6345406295219017,93.5,93.0,95.66666666666669,DDD2013J
group3,M,East Anglian Region,A Level or Equivalent,70-80%,0-35,60,0.0,0.8333333333333334,10.173913043478262,12.882871552827044,2.25,0.7056503290095426,10.636363636363637,14.254641531613665,12.478260869565217,0.8698527938762057,58.5,61.98117993929017,1.6,0.7500000000000001,93.0,37.0,51.0,DDD2013J
group1,M,Scotland,A Level or Equivalent,80-90%,0-35,60,0.0,1.0,20.636363636363637,16.674967629790032,1.4166666666666667,0.5359078575967234,9.428571428571429,11.977359594549329,5.318181818181818,0.7740117332422857,5.404761904761905,6.821985705519928,2.604651162790698,0.7224974401479967,72.0,18.0,66.33333333333333,DDD2013J
group3,F,London Region,HE Qualification,10-20,0-35,60,0.0,1.0,4.508771929824562,5.325554320636973,3.068965517241379,0.8204555624057835,6.589743589743589,8.481304358218384,11.125,1.1664956199271297,9.51851851851852,10.78949050757752,5.464285714285714,0.9426957599493018,82.0,74.0,79.0,DDD2013J
group3,M,South East Region,A Level or Equivalent,70-80%,35-55,60,0.0,1.0,1.0,0.0,23.539285714285715,0.8936472124895817,1.416243654822335,1.5450183611361386,22.994949494949495,1.297008958569162,1.4,1.3057671817597858,16.861878453038674,1.3952669108188018,94.0,89.0,91.33333333333331,DDD2013J
group1,F,North Western Region,Lower Than A Level,30-40%,0-35,120,0.3333333333333333,1.0,4.290322580645161,6.45129824721844,3.111111111111111,0.8020109564987398,7.0625,7.82443443282314,7.181818181818182,0.6250140200318233,6.277777777777778,9.34302218193147,7.648648648648648,1.0846272340930816,56.5,27.0,60.0,DDD2013J
group1,M,South Region,A Level or Equivalent,80-90%,0-35,60,0.0,1.0,19.833333333333332,27.355681920459112,2.3846153846153846,0.5824345188796062,11.333333333333334,10.4371132662884,9.5,0.979646815003017,30.2,21.016660058153864,5.333333333333333,0.6643841132959156,62.5,28.0,45.333333333333336,DDD2013J
group3,M,North Region,HE Qualification,40-50%,0-35,120,0.2,0.8333333333333334,1.6790123456790125,1.3725540457636956,2.3374233128834354,0.761516793302892,3.492957746478873,3.846606071541211,5.472222222222222,0.6782873242558642,3.033707865168539,3.903522413393992,3.922222222222222,0.6650952383250547,73.0,60.0,61.666666666666664,DDD2013J
group3,M,East Anglian Region,Lower Than A Level,50-60%,0-35,90,0.0,1.0,1.7793103448275862,1.381771033036756,2.636986301369863,0.8489851868725946,2.422680412371134,2.110662670162263,6.877551020408164,1.002269172120383,2.526315789473684,2.2730713370836924,6.552083333333333,0.9230944131910366,85.0,84.0,86.0,DDD2013J
group3,M,East Anglian Region,Lower Than A Level,0-10%,0-35,120,0.1666666666666666,1.0,3.41025641025641,3.3514327133483124,2.392405063291139,0.7507263449963152,4.62962962962963,4.1038237866115,9.145454545454545,0.8678700955903813,9.842105263157896,7.500097465253642,2.65,0.8461165028218363,42.5,18.0,54.0,DDD2013J
group3,F,Wales,HE Qualification,20-30%,35-55,90,0.0,1.0,1.6291390728476822,1.208943858854966,4.019736842105263,0.7182220646129789,2.0165289256198347,1.8618246922234656,9.63934426229508,1.0246722132092367,2.9047619047619047,2.120576459583787,6.352941176470588,1.186486554047507,88.5,88.0,87.0,DDD2013J
group3,F,East Anglian Region,Lower Than A Level,70-80%,0-35,90,0.0,1.0,3.3766233766233764,2.762716821874329,2.141025641025641,0.667792206073348,5.488888888888889,4.5408360374706245,10.652173913043478,0.885253336275981,4.94,4.555373592959042,10.117647058823527,0.7288419336653005,71.5,93.0,93.66666666666669,DDD2013J
group3,M,North Region,HE Qualification,30-40%,0-35,60,0.0,1.0,5.558139534883721,4.772452327489681,2.727272727272727,0.8249579113843055,8.851851851851851,9.710041209227706,10.857142857142858,0.9420997500573768,14.058823529411764,18.416943924804997,5.5,0.639243124537242,83.5,70.0,82.0,DDD2013J
group3,M,Yorkshire Region,A Level or Equivalent,40-50%,55<=,60,0.0,1.0,1.8592592592592592,1.7154389498003082,3.485294117647059,0.6692653511948436,2.040650406504065,1.8921683891367056,10.483870967741936,1.1380893362465474,3.213333333333334,2.7028180155580626,5.434210526315789,1.308498860810235,79.0,67.0,91.66666666666669,DDD2013J
group3,F,London Region,A Level or Equivalent,30-40%,0-35,120,0.1666666666666666,1.0,2.584158415841584,2.50306742511133,3.4411764705882355,0.8618363117390179,3.2222222222222223,3.020761493398642,16.75609756097561,1.2752138498636232,4.722222222222222,5.23203725488246,4.036363636363636,0.7318399030510374,84.0,93.0,85.33333333333333,DDD2013J
group1,F,South Region,A Level or Equivalent,90-100%,0-35,90,0.6666666666666666,1.0,6.842105263157895,9.367933562523993,2.1538461538461537,1.281408132766875,8.2,10.10769594128055,4.354838709677419,0.9540326653079666,15.375,26.747897113605024,6.9411764705882355,0.720289130877145,50.5,30.0,43.0,DDD2013J
group3,M,West Midlands Region,Lower Than A Level,70-80%,35-55,90,0.0,1.0,1.4656084656084656,0.992060114820324,3.873684210526316,0.7782895230940952,2.1913043478260867,1.599866508542625,10.448275862068966,0.8787527687374012,1.9280575539568343,2.198946677256445,7.9071428571428575,0.7871689308195926,86.0,79.0,75.0,DDD2013J
group1,M,South Region,A Level or Equivalent,80-90%,0-35,120,0.5,1.0,2.366336633663366,2.5796231208346216,2.07843137254902,0.8242713644831238,2.4123711340206184,2.4141621101653628,4.938775510204081,0.919642001599426,7.09375,9.155852614408676,3.696969696969697,0.8995504864471442,89.5,86.0,83.33333333333333,DDD2013J
group3,F,South East Region,A Level or Equivalent,60-70%,0-35,60,0.0,1.0,2.2327586206896552,1.4765279992379872,2.41025641025641,0.7844978325356008,4.098360655737705,3.4962118453777316,7.145161290322581,0.9303430379958536,3.2,2.760728458509026,4.578947368421052,0.9832458293559978,86.0,85.0,90.33333333333331,DDD2013J
group3,M,South Region,Post Graduate Qualification,90-100%,35-55,60,0.0,1.0,2.5794392523364484,3.2593476114718083,3.1944444444444446,0.9520448592312536,4.111111111111111,5.677093506452362,9.90625,0.8943370663933651,4.865384615384615,7.600384010303189,9.962264150943396,1.0374950905434417,93.0,77.0,89.33333333333333,DDD2013J
group1,M,East Midlands Region,HE Qualification,80-90%,35-55,90,0.0,1.0,2.336206896551724,2.253283461267488,4.333333333333333,1.1477154684592945,3.4305555555555554,3.527862493283716,10.205479452054794,1.2560932969744014,6.357142857142857,8.017728613855395,4.953488372093023,1.2329464446407772,71.0,61.0,74.66666666666667,DDD2013J
group1,F,Scotland,HE Qualification,20-30%,35-55,60,0.1666666666666666,1.0,2.2892561983471076,1.8948967277441344,3.5901639344262297,0.8871148452661839,3.585714285714286,3.0431336687500137,11.267605633802816,0.8572284555472945,2.6634615384615383,2.183835482810479,6.809523809523809,0.7823671715501425,71.0,65.0,68.33333333333333,DDD2013J
group3,M,East Anglian Region,A Level or Equivalent,30-40%,35-55,90,0.1666666666666666,1.0,1.1974248927038629,0.6190873947260733,5.5085470085470085,0.7849073090488321,1.8529411764705883,1.6217476250875549,5.525547445255475,1.1231128769976124,1.44,0.956285918865634,6.3125,0.7949374621908967,65.0,80.0,81.33333333333333,DDD2013J
group3,M,Scotland,HE Qualification,70-80%,35-55,210,0.1666666666666666,1.0,2.9574468085106385,3.761476756489844,2.1052631578947367,0.6839225102305085,5.122448979591836,5.735970758661316,8.5,1.718654015879164,4.482142857142857,6.558799977347772,4.631578947368421,0.9139076937674137,73.0,63.0,73.33333333333333,DDD2013J
group1,F,Scotland,A Level or Equivalent,0-10%,35-55,60,1.0,1.0,4.490909090909091,3.915178096666808,3.375,0.766867289651405,4.75,5.009305067062892,11.358490566037736,0.9157510663124384,15.866666666666667,21.403826983131065,5.875,0.6365223532617699,76.5,25.0,39.0,DDD2013J
group1,F,East Anglian Region,A Level or Equivalent,30-40%,35-55,90,0.0,1.0,1.3676470588235294,0.9710754552780764,4.248780487804878,0.7811793696924687,1.6607142857142858,1.6077296714067455,9.7396449704142,0.947967464709978,1.591954022988506,1.1925315173357949,4.897142857142857,0.9994395589849528,69.0,59.0,64.0,DDD2013J
group3,F,East Midlands Region,Lower Than A Level,80-90%,35-55,60,0.5,0.6666666666666666,2.9318181818181817,3.18688207279035,2.764044943820225,0.9625995660272398,4.063492063492063,5.423583554860098,9.921875,0.9807863395682508,19.083333333333332,33.62212024392527,4.923076923076923,0.7365327343370422,79.0,78.0,64.5,DDD2013J
group3,M,South West Region,A Level or Equivalent,20-30%,35-55,60,0.0,1.0,2.0757575757575757,2.326814196964184,2.8421052631578947,0.9312545086213287,2.808988764044944,3.3536832007862563,7.966666666666667,1.045765658201225,5.020408163265306,6.917639879077159,7.54,1.2129907060115008,84.0,83.0,86.0,DDD2013J
group3,F,South West Region,HE Qualification,30-40%,35-55,130,0.0,1.0,2.4864864864864864,2.648721354866309,3.4107142857142856,0.9134437804454848,3.325301204819277,4.225671930217466,7.738095238095238,1.085465024552439,3.657142857142857,3.729575156617881,7.422535211267606,1.3513527565703505,93.5,97.0,92.33333333333331,DDD2013J
group1,M,South Region,Lower Than A Level,10-20,35-55,60,0.0,1.0,6.473684210526316,7.195106603290664,2.9743589743589745,0.8287527697623838,8.0,8.166373440665923,10.064516129032258,1.1263643199234346,13.27777777777778,15.984571809958265,4.578947368421052,0.6108197818660425,67.0,52.0,43.666666666666664,DDD2013J
group1,F,North Region,HE Qualification,30-40%,0-35,60,0.1666666666666666,1.0,1.576271186440678,1.1312210292198217,5.550561797752809,0.9116798542790072,2.364406779661017,2.5205658509914817,15.823529411764708,1.3026119909328606,1.9924242424242424,1.6554154116283546,7.706766917293233,1.1045505356398466,77.5,10.0,58.333333333333336,DDD2013J
group3,M,South Region,HE Qualification,70-80%,55<=,120,0.0,1.0,1.405128205128205,1.0178683805776418,3.627551020408163,0.826959967050878,2.9529411764705884,2.8698178237889413,8.593023255813954,0.8834938883023052,1.9172932330827068,1.7190779451626883,8.761194029850746,1.1177428984141649,91.5,92.0,88.0,DDD2013J
group3,M,Scotland,HE Qualification,90-100%,55<=,60,0.0,1.0,1.125,0.7286085679870431,4.839357429718875,0.6617392209234122,1.2345132743362832,0.9488491191617978,10.0,1.2131801875240469,1.535294117647059,1.8175479862203672,6.918128654970761,0.8478271860590045,93.5,83.0,89.66666666666667,DDD2013J
group1,M,East Midlands Region,HE Qualification,40-50%,35-55,60,0.0,1.0,4.19672131147541,4.261532088076414,3.435483870967742,0.7496610356152824,4.6415094339622645,4.403208356600907,12.11111111111111,0.8187270281586461,6.972222222222222,6.975410325303393,4.675675675675675,0.95394988420237,76.0,61.0,65.0,DDD2013J
group1,M,North Western Region,Lower Than A Level,0-10%,0-35,60,0.0,1.0,3.010869565217391,3.653974398634551,2.2903225806451615,0.7060071355971675,5.1020408163265305,5.643007834033724,6.62,0.8239983964230762,7.0,7.810249675906654,7.583333333333333,1.3284891675057693,85.0,56.0,73.0,DDD2013J
group3,M,Scotland,HE Qualification,90-100%,55<=,130,0.0,1.0,2.831460674157303,3.3953040935445604,6.0,0.9302860306193104,3.5492957746478875,5.741549647449262,16.180555555555557,1.0355557055853666,5.976190476190476,7.7033033624894465,5.511627906976744,0.7079811701742484,92.5,88.0,92.33333333333331,DDD2013J
group3,M,South West Region,HE Qualification,30-40%,35-55,60,0.1666666666666666,1.0,2.696078431372549,4.28395397929972,3.0194174757281553,0.9019736793459416,6.657894736842105,8.70624602066838,12.128205128205128,0.983807051534256,4.472727272727273,6.663484088824719,5.053571428571429,1.0037264036099178,86.0,43.0,81.0,DDD2013J
group1,F,Scotland,HE Qualification,40-50%,35-55,60,0.0,1.0,1.9710144927536233,1.6117362854397197,3.1654676258992804,0.9154324272853892,2.409090909090909,2.2678262418490855,6.972972972972973,0.915844805865592,2.15,1.994319664539702,6.7272727272727275,1.1963848637238577,73.0,75.0,84.33333333333333,DDD2013J
group3,F,East Anglian Region,HE Qualification,90-100%,35-55,140,0.0,1.0,1.0333333333333334,0.1994415996547923,13.059040590405903,0.6771429726250485,1.5838509316770186,1.126715393362384,22.080246913580247,2.1656783870754537,1.3869346733668342,1.2210403540489263,13.945,1.4521324515620573,89.5,90.0,91.0,DDD2013J
group1,F,Yorkshire Region,A Level or Equivalent,40-50%,0-35,60,0.3333333333333333,1.0,3.4875,3.631764748696344,3.4814814814814814,0.7580860319710582,3.535211267605634,3.8128766265136464,8.76388888888889,0.8222688059482192,13.055555555555555,16.909698651860477,16.210526315789473,2.6744103846862504,88.5,81.0,70.66666666666667,DDD2013J
group3,F,East Midlands Region,HE Qualification,10-20,0-35,60,0.0,1.0,1.3236714975845412,0.9836380107653948,3.201923076923077,0.890627104945435,2.044776119402985,1.8912766569462125,8.962962962962964,1.1715295079012484,2.0930232558139537,2.319893116022254,12.253846153846156,1.4839267434087136,86.5,88.0,89.33333333333333,DDD2013J
group3,M,Ireland,Lower Than A Level,80-90%,0-35,60,0.0,1.0,2.628571428571429,2.9327630148204777,2.830188679245283,0.7832978715377412,4.0,4.563280553698699,12.728571428571428,1.1818075233232463,4.314814814814815,4.505024758896109,8.545454545454545,0.8642070238032935,86.5,85.0,92.66666666666669,DDD2013J
group3,M,London Region,A Level or Equivalent,0-10%,35-55,60,0.1666666666666666,1.0,1.4945652173913044,1.236941771686575,3.005405405405406,0.7685435103976609,1.7278481012658229,1.430552582100919,8.660377358490566,0.8290039474371697,3.104651162790698,3.378231593661156,5.517241379310345,0.8438348722745858,85.5,72.0,89.33333333333333,DDD2013J
group3,M,London Region,A Level or Equivalent,90-100%,35-55,60,0.3333333333333333,1.0,1.8489208633093528,1.47399520708298,3.7357142857142858,0.9098023883491084,2.795698924731183,2.8420718857939837,7.446808510638298,1.055299551244642,3.1341463414634148,3.3064179831888088,10.349397590361448,1.8751948214299912,90.5,88.0,90.33333333333331,DDD2013J
group1,M,Yorkshire Region,Lower Than A Level,20-30%,35-55,60,0.0,1.0,1.9428571428571428,1.5114499616723207,6.524822695035461,1.1708454283180307,2.0923076923076924,1.7451867532778085,10.49618320610687,1.3395396273433422,3.1219512195121952,5.412354965188077,6.614457831325301,1.0528957942037978,81.5,51.0,67.66666666666667,DDD2013J
group1,M,North Western Region,HE Qualification,70-80%,0-35,60,0.0,0.8333333333333334,6.024390243902439,8.424629976675678,2.261904761904762,0.8017294326033524,8.821428571428571,10.356796199270676,9.20689655172414,1.0061879831617324,8.571428571428571,10.768364404944323,5.724137931034483,1.2836839134329834,87.0,52.0,77.5,DDD2013J
group3,F,East Midlands Region,HE Qualification,60-70%,35-55,90,0.2,0.8333333333333334,1.86986301369863,2.33197769738592,3.5374149659863945,0.7248801165930493,3.535211267605634,3.6048815550801305,6.486111111111111,0.8146027950392125,3.5072463768115942,4.879799864524934,3.5714285714285716,0.7856716871569194,93.5,94.0,97.0,DDD2013J
group3,F,Yorkshire Region,A Level or Equivalent,10-20,0-35,120,0.0,1.0,1.8211920529801324,2.163596058156364,3.4078947368421053,0.854416688007686,3.2987012987012987,3.5984826300193427,7.4743589743589745,1.0202083575907304,2.6732673267326734,3.712435618003601,5.529411764705882,0.9508242197410808,79.5,93.0,91.0,DDD2013J
group1,M,East Anglian Region,Lower Than A Level,70-80%,35-55,60,0.0,1.0,4.491803278688525,3.253833384484994,3.370967741935484,0.917026557668897,5.122448979591836,5.12604726316659,12.56,1.197994185529554,7.617647058823529,9.165200012307269,11.057142857142855,0.7280037892688511,69.5,51.0,58.0,DDD2013J
group1,M,Yorkshire Region,A Level or Equivalent,30-40%,0-35,90,0.1666666666666666,1.0,5.7555555555555555,7.097232352875808,2.3043478260869565,0.7777156168122621,5.9,7.156850761369334,15.53658536585366,1.413162363498358,46.6,26.85702887513807,4.0,1.1726039399558574,45.0,49.0,50.333333333333336,DDD2013J
group3,M,Yorkshire Region,A Level or Equivalent,30-40%,35-55,60,0.0,1.0,3.5974025974025974,4.12712382410158,3.102564102564102,0.6375431807240617,5.1568627450980395,5.8800426835852395,7.423076923076923,0.8878567556274202,4.614035087719298,4.510916861051454,6.896551724137931,0.80583807306431,90.5,75.0,81.66666666666667,DDD2013J
group3,F,Scotland,HE Qualification,90-100%,0-35,240,0.0,1.0,1.6829268292682926,1.1063458758757068,4.351515151515152,0.7589391956914643,2.52,1.9041687388092965,9.96039603960396,0.9743051777074035,2.262295081967213,1.6303083858179026,9.32520325203252,0.7146681289544944,93.0,92.0,96.33333333333331,DDD2013J
group3,M,East Anglian Region,Lower Than A Level,20-30%,0-35,90,0.3333333333333333,1.0,1.4375,0.8898791023245387,4.305699481865285,0.8417119746054165,1.803921568627451,1.7170155546356245,11.493506493506494,1.0065894168634648,2.235294117647059,1.9031903738728797,6.716666666666667,1.2291046736302005,80.0,68.0,88.0,DDD2013J
group1,M,South East Region,HE Qualification,50-60%,35-55,60,0.0,1.0,2.9767441860465116,2.91840707633481,3.5977011494252875,0.9150663951696186,4.19672131147541,5.676911343712493,7.387096774193548,1.016041882576199,4.886792452830188,6.3780283225318835,6.37037037037037,1.0527270209499624,83.0,26.0,69.33333333333333,DDD2013J
group3,M,East Anglian Region,HE Qualification,40-50%,35-55,160,0.0,1.0,2.909090909090909,2.4099237534386164,3.067415730337079,0.7472527472527473,4.2,3.8125573071547376,8.688524590163935,1.2484265640094565,4.788461538461538,7.741754724490951,5.037735849056604,1.1379975857791778,83.0,68.0,73.66666666666667,DDD2013J
group1,F,London Region,Lower Than A Level,70-80%,35-55,60,0.0,1.0,2.504854368932039,1.9944717046236708,3.769230769230769,0.5889266951227786,2.5980392156862746,2.054985745519537,9.25242718446602,0.9924795028605108,3.784615384615385,3.5641106345601297,5.181818181818182,0.8636379590221102,79.5,57.0,66.66666666666667,DDD2013J
group3,M,South Region,Lower Than A Level,90-100%,35-55,70,0.1666666666666666,1.0,1.7232704402515724,1.7353799776721817,4.4,0.8466481066706082,2.049586776859504,1.948722828202366,16.0,0.8518978932312271,2.852272727272727,3.8612122827657354,4.831460674157303,0.8321032926686999,93.0,94.0,92.33333333333331,DDD2013J
group1,F,Yorkshire Region,Lower Than A Level,80-90%,0-35,120,0.0,1.0,2.739130434782609,2.9496491324864107,3.6666666666666665,0.8655250223897812,4.344827586206897,5.472584700403029,7.593220338983051,0.8462677382610236,6.121951219512195,12.562235314527468,4.785714285714286,0.9137043137043076,67.5,69.0,67.33333333333333,DDD2013J
group1,M,South Region,Lower Than A Level,40-50%,35-55,60,0.6666666666666666,1.0,4.0144927536231885,3.4363658711903784,2.942857142857143,0.8038928755139593,10.25925925925926,11.168611898436248,13.5,1.0959280090672932,5.612244897959184,4.261339414484861,6.12,1.178121572130886,54.5,58.0,30.0,DDD2013J
group1,F,South Region,HE Qualification,50-60%,35-55,60,0.2,0.8333333333333334,3.3375,4.81543864742233,4.209876543209877,0.7746377469137388,3.926470588235294,5.041073613648834,11.434782608695652,1.0993087436827569,4.603448275862069,6.986050399294883,9.440677966101696,1.4999374145549476,72.5,49.0,56.5,DDD2013J
group3,M,London Region,A Level or Equivalent,50-60%,0-35,60,0.0,1.0,2.407766990291262,2.0457363274979437,2.5096153846153846,0.783400771438863,2.802325581395349,2.725995845846649,11.333333333333334,0.8626259982947521,6.305555555555555,11.456300685510373,6.45945945945946,1.0454056743349225,92.0,96.0,94.33333333333331,DDD2013J
group1,M,West Midlands Region,HE Qualification,30-40%,0-35,150,0.2,0.8333333333333334,4.253968253968254,3.881171480815046,3.359375,0.9403979457529772,6.631578947368421,8.048572318024092,5.769230769230769,1.0930622970284836,10.521739130434783,18.595868468847375,4.75,0.8045347008981123,73.5,39.0,54.0,DDD2013J
group1,F,Scotland,A Level or Equivalent,40-50%,0-35,120,0.1666666666666666,1.0,2.1196581196581197,1.7178695364256251,3.4915254237288136,0.9222406701664784,2.883720930232558,2.2876579580366765,15.632183908045976,0.9029693183964768,4.816326530612245,6.159929211537781,7.24,0.955561557820727,81.0,76.0,73.33333333333333,DDD2013J
group3,M,Scotland,A Level or Equivalent,60-70%,0-35,90,0.1666666666666666,1.0,3.1204819277108435,3.1250271817801094,1.8571428571428572,0.7888523109187261,4.543859649122807,5.688554220784664,6.482758620689655,1.0308999176004654,7.34375,8.334186784254282,8.93939393939394,0.9555474643478788,83.5,79.0,86.66666666666667,DDD2013J
group1,F,Yorkshire Region,HE Qualification,10-20,35-55,70,0.1666666666666666,1.0,5.02,5.567727708566098,3.176470588235294,0.7678674916170194,6.435897435897436,7.096310649295804,9.925,0.9004500521218953,10.545454545454543,20.25722040051345,4.434782608695652,0.7429018200185346,57.5,24.0,55.666666666666664,DDD2013J
group1,M,North Western Region,A Level or Equivalent,40-50%,35-55,60,0.0,1.0,4.703703703703703,4.939748789081415,3.8545454545454545,0.7210349647793222,5.2727272727272725,6.347911710687285,10.466666666666669,0.7486718601230631,8.96,18.419826274967956,6.730769230769231,1.20175382042162,73.0,47.0,43.666666666666664,DDD2013J
group3,M,Wales,HE Qualification,30-40%,55<=,60,0.0,1.0,1.864864864864865,1.886755299408368,3.2550335570469797,0.5773932206356865,2.548076923076923,3.3030724375959384,8.019047619047619,1.0857705370470798,2.435185185185185,2.7726068173321634,5.036697247706422,0.8618379328771989,90.0,91.0,95.0,DDD2013J
group1,F,South East Region,A Level or Equivalent,0-10%,0-35,60,0.0,1.0,4.4035087719298245,4.585924307529068,2.086206896551724,0.6374360396123525,5.976190476190476,5.961208320949767,6.837209302325581,0.7185489875492017,6.769230769230769,8.10583835174471,6.2592592592592595,1.0602784207321474,89.0,52.0,73.0,DDD2013J
group1,F,East Anglian Region,A Level or Equivalent,70-80%,0-35,120,0.4,0.8333333333333334,7.162162162162162,7.232309887325509,2.8947368421052633,0.9063595331356012,8.96774193548387,9.994944958887109,11.1875,0.8713472132886676,24.7,25.23247466614755,5.454545454545454,0.968102382097174,60.5,51.0,47.0,DDD2013J
group3,M,London Region,HE Qualification,20-30%,35-55,60,0.0,1.0,3.2857142857142856,3.848640029307491,3.141025641025641,0.8136384312926114,4.43859649122807,4.855106089247135,13.137931034482758,1.1904268845946266,7.142857142857143,10.649890519025387,4.444444444444445,1.105384548471707,77.5,60.0,65.66666666666667,DDD2013J
group3,M,Wales,A Level or Equivalent,80-90%,35-55,60,0.0,1.0,1.8389261744966443,1.4798973398195094,4.44,0.8477089726989363,2.2636363636363637,1.6180023515665012,15.423423423423424,1.211840289871636,2.25,1.3347484399909422,6.276190476190476,1.0985064354375174,93.0,96.0,93.0,DDD2013J
group1,M,South East Region,HE Qualification,70-80%,55<=,120,0.1666666666666666,1.0,3.796875,4.0125979689370155,5.138461538461539,1.0680442700910162,3.796875,3.924605682346287,11.138461538461538,0.9328615168213622,8.482758620689655,12.636739774096268,5.8,1.2235306896007014,66.5,71.0,64.0,DDD2013J
group1,M,Scotland,A Level or Equivalent,60-70%,35-55,60,0.5,1.0,2.787878787878788,2.2958379701446052,2.55,0.8687403104657145,4.372881355932203,3.624144631946564,6.35,0.9478627521364016,6.282051282051282,7.9536443747131536,8.225,1.0579909240679912,73.0,43.0,49.666666666666664,DDD2013J
group1,F,London Region,Lower Than A Level,20-30%,0-35,60,0.0,1.0,5.489795918367347,4.839604189133961,4.74,1.0359573549261507,5.434782608695652,5.260554148727187,14.25531914893617,0.8954850738494701,6.944444444444445,7.410203176101927,5.5675675675675675,1.556065670652363,64.0,69.0,75.0,DDD2013J
group1,M,South East Region,Lower Than A Level,50-60%,35-55,60,0.0,1.0,3.791044776119403,4.032208633945135,1.838235294117647,0.6437390775772434,8.2,8.417551450023524,4.806451612903226,0.6438057424188158,4.509803921568627,6.191518550467592,4.019230769230769,0.7327138439811923,73.0,50.0,51.333333333333336,DDD2013J
group1,F,West Midlands Region,Lower Than A Level,30-40%,0-35,60,0.0,1.0,2.4423076923076925,2.8449475674760385,5.228571428571429,0.8323129708251843,3.36,4.075768871255078,14.289473684210526,1.1070774913645154,3.0238095238095237,3.8401060178518422,12.16470588235294,0.7746331345605415,88.0,52.0,71.33333333333333,DDD2013J
group3,F,South West Region,A Level or Equivalent,70-80%,35-55,165,0.0,1.0,3.119047619047619,3.1979088118314825,3.6588235294117646,0.8411541146669419,3.5492957746478875,4.231813972397877,10.63888888888889,0.8947769631570403,4.481481481481482,5.26555464204198,12.21818181818182,1.413099813949345,82.5,38.0,89.0,DDD2013J
group3,F,South West Region,A Level or Equivalent,70-80%,0-35,60,0.3333333333333333,1.0,2.845360824742268,2.288286322891575,3.020408163265306,0.810951564359447,3.5,3.4467375879228173,8.727272727272727,1.3530787754669158,4.5,4.437677597137985,8.94915254237288,1.0947362895318664,79.0,37.0,84.0,DDD2013J
group1,M,Scotland,HE Qualification,60-70%,35-55,90,0.3333333333333333,1.0,2.8777777777777778,2.7997904326781953,2.5824175824175826,0.8857608055324383,4.8979591836734695,6.1313568983517825,8.22,1.424613167242472,9.461538461538462,12.30034396016882,3.962962962962963,1.2256181807089308,75.0,35.0,38.666666666666664,DDD2013J
group3,M,Scotland,A Level or Equivalent,50-60%,0-35,90,0.8,0.8333333333333334,3.6818181818181817,7.043074265183855,2.1343283582089554,0.8562936349073518,4.653061224489796,8.0740092798027,9.96,1.1140434846084866,10.565217391304348,13.63760205180222,6.875,1.058352584367547,65.0,72.0,77.0,DDD2013J
group1,M,West Midlands Region,A Level or Equivalent,70-80%,0-35,60,0.0,1.0,2.8541666666666665,2.361886697521671,3.247422680412371,0.7465111597053495,4.6909090909090905,4.951141758605252,9.232142857142858,1.353344704469735,5.0,6.315426777709911,7.2592592592592595,0.8777438089133965,79.5,52.0,66.66666666666667,DDD2013J
group3,M,South Region,A Level or Equivalent,90-100%,0-35,60,0.0,1.0,2.0902255639097747,2.1371839536562542,3.791044776119403,0.8291959208364151,3.230769230769231,3.174259610668931,9.518987341772153,1.0141107757338366,2.32,2.009472517348719,7.9504950495049505,0.958451155331558,74.0,70.0,74.0,DDD2013J
group1,F,East Anglian Region,A Level or Equivalent,20-30%,35-55,60,0.6666666666666666,1.0,2.0923076923076924,2.466665055036622,4.488549618320611,0.845499829444145,2.6595744680851063,2.9459401314072453,13.778947368421052,1.1045776257889612,2.2522522522522523,2.570703718540433,5.383928571428571,1.0583588896477094,59.0,30.0,58.333333333333336,DDD2013J
group1,M,North Region,Lower Than A Level,70-80%,0-35,90,0.1666666666666666,1.0,3.585714285714286,4.0378386281214205,3.915492957746479,1.1068269920692977,7.433333333333334,9.978194617068358,8.290322580645162,0.9384452544107456,5.097560975609756,8.21220091707692,7.642857142857143,0.9782179491666748,74.5,39.0,70.66666666666667,DDD2013J
group1,F,East Anglian Region,HE Qualification,60-70%,35-55,120,0.3333333333333333,1.0,3.692307692307693,4.736570083282434,2.0757575757575757,0.7229225970721609,4.5,5.388006333041747,8.666666666666666,0.8468734085657353,12.210526315789474,14.45521415871342,6.45,1.044039572376536,55.0,18.0,45.0,DDD2013J
group3,M,Yorkshire Region,Lower Than A Level,90-100%,0-35,60,0.0,1.0,2.3391304347826085,2.0979813042572535,2.603448275862069,0.7376008983883331,2.5353535353535355,2.800558003119988,6.53,0.8787730896578111,5.25,5.5024172637742454,2.979591836734694,0.5487152123936913,79.5,59.0,69.66666666666667,DDD2013J
group3,M,North Western Region,HE Qualification,50-60%,0-35,60,0.1666666666666666,1.0,3.676470588235294,4.104752165771475,2.869565217391304,0.9015682014779196,6.805555555555555,10.236683180585525,10.81081081081081,0.9864202958171532,18.846153846153847,23.902043684749895,5.357142857142857,0.7453559924999299,87.0,58.0,70.66666666666667,DDD2013J
group3,M,West Midlands Region,A Level or Equivalent,30-40%,0-35,120,0.5,1.0,1.64375,1.3239300889786985,3.2732919254658386,0.931868492509869,3.984126984126984,5.88462201349241,12.953125,1.3468437571094445,3.234567901234568,5.341515714051283,5.804878048780488,0.9005526004791649,95.0,95.0,93.33333333333331,DDD2013J
group1,F,Ireland,HE Qualification,60-70%,0-35,90,0.0,1.0,9.928571428571429,14.862153204821904,2.068965517241379,0.8787617550976045,3.4444444444444446,2.127857555800617,3.3,1.1342404407401758,8.933333333333334,16.533371735746492,3.9375,1.1445093876736736,62.5,61.0,67.0,DDD2013J
group1,M,North Western Region,A Level or Equivalent,30-40%,0-35,60,0.3333333333333333,1.0,5.5777777777777775,6.308323826100677,1.934782608695652,0.5537627654090611,6.717948717948718,7.0559743925895795,5.95,0.7100218758534007,15.4,27.526091518515923,4.8125,0.739119650656218,81.5,53.0,63.666666666666664,DDD2013J
group1,F,Scotland,HE Qualification,60-70%,0-35,75,0.6666666666666666,1.0,3.3424657534246576,3.9059042845493392,2.972972972972973,0.8275723733051094,3.588235294117647,4.096723460033575,9.521739130434783,0.8293843171897118,8.4,9.742518497116988,5.346153846153846,0.8803180608192384,77.5,60.0,71.66666666666667,DDD2013J
group1,M,North Western Region,Lower Than A Level,70-80%,0-35,120,0.0,1.0,4.8478260869565215,4.432041873570479,2.702127659574468,0.7668984132636816,5.068181818181818,4.288425348093792,8.6,1.033481906309942,9.695652173913045,14.124237011118336,7.708333333333333,1.2462830053553429,69.0,73.0,73.66666666666667,DDD2013J
group3,F,South East Region,A Level or Equivalent,80-90%,0-35,60,0.0,1.0,2.0145985401459856,1.985185579781982,3.2246376811594204,0.7893272421915698,3.6533333333333338,4.533638039574165,6.75,0.9996389500550258,2.5660377358490565,2.9633278202033297,5.224299065420561,0.7724689507439219,88.5,79.0,75.66666666666667,DDD2013J
group3,F,West Midlands Region,A Level or Equivalent,20-30%,0-35,90,0.0,1.0,1.9787234042553192,1.509342738253892,6.267605633802817,0.9249040731351316,3.3783783783783785,4.607030668543022,11.053333333333333,1.1746667637819128,2.302521008403361,2.199979282832884,10.491666666666667,0.9232810617928512,79.0,73.0,83.0,DDD2013J
group1,F,North Western Region,A Level or Equivalent,20-30%,0-35,60,0.1666666666666666,1.0,3.328767123287671,4.079265982858205,2.8513513513513513,0.6489430703501758,3.375,4.136534236889349,8.424657534246576,0.7094575592819035,10.545454545454543,15.05459041756675,6.173913043478261,1.0048977461721431,73.0,11.0,45.666666666666664,DDD2013J
group3,F,East Anglian Region,A Level or Equivalent,40-50%,35-55,60,0.0,1.0,1.6347305389221556,1.363726651041385,4.011904761904762,0.8962357724495604,1.9402985074626864,1.776035942660456,11.985185185185186,0.9883276450930776,2.663157894736842,3.4598318933328507,8.166666666666666,1.1005753673005338,88.0,67.0,83.0,DDD2013J
group3,F,North Region,Lower Than A Level,10-20,0-35,60,0.0,1.0,7.529411764705882,8.217628110635445,2.257142857142857,0.7209635881467413,8.0,8.669561137830488,8.969696969696969,0.8585336250787131,15.0,15.501860930471937,2.8,0.5714285714285715,73.5,75.0,78.0,DDD2013J
group1,F,South Region,A Level or Equivalent,70-80%,0-35,60,0.6,0.8333333333333334,9.296296296296296,11.458335275835111,2.4642857142857144,0.929685011012732,16.333333333333332,17.49149453169685,7.0,0.860113898485164,16.642857142857142,25.175101077964204,6.8,0.8408541820545713,49.5,51.0,57.5,DDD2013J
group1,M,Yorkshire Region,A Level or Equivalent,0-10%,35-55,120,0.0,1.0,5.466666666666667,6.844373933783465,3.5652173913043477,0.8117775239337864,7.0285714285714285,10.277003781389256,12.27777777777778,1.0508946270720496,22.363636363636363,30.757999698526323,4.666666666666667,0.939496174140422,78.5,30.0,62.666666666666664,DDD2013J
group1,M,Wales,A Level or Equivalent,20-30%,35-55,120,0.1666666666666666,1.0,9.521739130434783,9.889707989150738,1.9583333333333333,0.6505908447413045,11.526315789473683,10.23810106661838,5.6,0.7084583723170491,17.1,12.059574342958102,6.363636363636363,0.6776309271789385,60.5,34.0,51.333333333333336,DDD2013J
group1,M,South Region,Lower Than A Level,90-100%,0-35,60,1.0,1.0,2.7857142857142856,3.4885674843384513,2.9696969696969697,0.8254591190268034,3.3703703703703702,4.1756569676053505,9.768292682926829,1.0190027103707573,14.1875,16.203780423098802,4.0,0.7621563835205847,71.5,64.0,59.0,DDD2013J
group1,F,Yorkshire Region,HE Qualification,30-40%,0-35,120,0.0,0.8333333333333334,6.972222222222222,7.828468600877225,2.918918918918919,0.9403506044339308,13.210526315789474,10.762997039075962,10.05,0.7975575943988357,43.4,46.992552601449525,7.666666666666667,1.206472776131444,70.0,38.0,44.0,DDD2013J
group1,M,Scotland,A Level or Equivalent,90-100%,0-35,60,0.1666666666666666,1.0,5.6875,6.879374816968503,3.4693877551020407,0.8175412542631383,6.634146341463414,7.703103587389227,7.238095238095238,0.9665456669582608,11.217391304347826,12.06782544898598,9.458333333333334,1.0638470093735215,78.5,26.0,57.333333333333336,DDD2013J
group3,F,Wales,HE Qualification,50-60%,0-35,90,0.0,1.0,2.6842105263157894,2.284374107187819,2.2291666666666665,0.8329299981795663,4.74,6.053536662352759,7.117647058823529,1.0076320104658032,3.0384615384615383,2.982382503067874,5.113924050632911,1.5600148111975634,84.5,88.0,93.66666666666669,DDD2013J
group3,M,Yorkshire Region,HE Qualification,10-20,35-55,150,0.0,1.0,6.071428571428571,7.623432608653137,1.3488372093023255,0.6761610879699165,5.7317073170731705,9.165217919514795,4.833333333333333,0.7935316899098083,40.6,53.52382647008714,1.8333333333333333,0.7977240352174658,62.5,63.0,50.0,DDD2013J
group1,F,Yorkshire Region,A Level or Equivalent,70-80%,0-35,180,0.0,1.0,2.872093023255814,2.897449229633488,2.5402298850574714,0.8988935776897025,6.333333333333333,7.613469135729241,7.25,1.0740701257173029,6.0,9.586448768965491,6.309523809523809,1.2327615183790237,83.5,71.0,66.0,DDD2013J
group1,M,East Midlands Region,Lower Than A Level,40-50%,0-35,60,0.5,1.0,2.1983471074380163,1.977455581931588,2.877049180327869,0.8749964488852542,4.2,4.463790287279809,8.180327868852459,1.0084203382857564,4.1,3.780861707896401,4.573770491803279,0.8439623527269999,46.5,51.0,39.333333333333336,DDD2013J
group1,M,South East Region,A Level or Equivalent,50-60%,0-35,60,0.1666666666666666,1.0,6.348837209302325,6.156234628910886,4.954545454545454,1.0017659686632,8.413793103448276,10.923491204670883,14.233333333333333,1.109934378387212,25.333333333333332,32.65348373451139,7.2,1.0736748938937606,77.5,56.0,66.33333333333333,DDD2013J
group1,F,East Anglian Region,Lower Than A Level,30-40%,0-35,60,0.2,0.8333333333333334,7.611111111111111,6.925224195557149,2.4054054054054053,0.7390149956137236,11.208333333333334,10.750042130015188,6.24,1.381019785376105,11.681818181818182,14.88171253469734,7.6521739130434785,0.8152963640033143,71.0,10.0,62.5,DDD2013J
group1,F,London Region,A Level or Equivalent,50-60%,0-35,90,0.0,1.0,3.0813953488372094,2.5168379614534993,2.8620689655172415,1.0410363651676118,5.488888888888889,6.747464918640395,11.630434782608695,0.9998742169124362,28.875,39.38613788051397,2.888888888888889,0.5520269267079739,66.5,18.0,41.0,DDD2013J
group1,M,Ireland,A Level or Equivalent,90-100%,0-35,60,0.3333333333333333,1.0,4.333333333333333,4.954555383444517,2.8620689655172415,0.950128151428548,4.196428571428571,5.2237904832589726,9.56140350877193,1.268432815693691,11.35,19.167612486197974,7.380952380952381,1.25745229106635,61.5,24.0,55.333333333333336,DDD2013J
group1,F,South West Region,A Level or Equivalent,20-30%,0-35,90,0.3333333333333333,1.0,2.5090909090909093,2.474625185391411,3.6216216216216215,1.093260234413562,4.271186440677966,4.385833418517556,11.083333333333334,1.0202927177613772,3.45,3.3898582920981117,4.246913580246914,1.055324648425737,54.0,47.0,57.333333333333336,DDD2013J
group3,M,South Region,Lower Than A Level,70-80%,0-35,60,0.0,1.0,1.8243243243243243,1.7051989977681012,3.946308724832215,0.908109122185373,2.128205128205128,1.8916261091637605,8.974576271186441,1.076847097883049,2.547169811320755,2.4461128559865792,4.214953271028038,0.7689698912407047,89.5,82.0,90.33333333333331,DDD2013J
group1,F,South East Region,Lower Than A Level,30-40%,0-35,60,0.1666666666666666,1.0,3.0609756097560976,3.615288390646854,3.819277108433735,0.8661474850922299,4.15,4.689783342182256,6.016393442622951,0.944321555935156,4.350877192982456,5.386793467328141,4.603448275862069,0.7599674557130283,68.0,30.0,46.333333333333336,DDD2013J
group1,F,Scotland,HE Qualification,30-40%,0-35,60,0.5,1.0,4.892857142857143,4.474893889767144,2.824561403508772,0.6260672381790883,5.704545454545454,5.663344173758467,9.422222222222222,0.8976341972158769,6.583333333333333,7.549361373179663,12.108108108108109,0.5423510034741226,58.5,27.0,47.333333333333336,DDD2013J
group3,M,East Anglian Region,A Level or Equivalent,50-60%,0-35,60,0.0,1.0,1.832214765100671,1.490522693389889,2.8866666666666667,0.9737116048253932,2.9887640449438204,3.280432281736079,11.522222222222222,0.9358383045885792,2.84375,2.8921968521487176,5.793814432989691,0.9829249782657744,88.0,77.0,89.33333333333333,DDD2013J
group1,M,South West Region,A Level or Equivalent,30-40%,0-35,60,0.3333333333333333,1.0,3.8142857142857145,5.416809203412076,3.380281690140845,0.8475249914374863,4.729166666666667,7.399653768016773,10.224489795918368,0.9162655029751708,4.9361702127659575,7.718989163713615,7.104166666666667,0.7974329088221456,81.0,40.0,75.66666666666667,DDD2013J
group1,F,London Region,A Level or Equivalent,20-30%,0-35,180,0.0,1.0,4.344827586206897,6.273172409157516,3.76271186440678,1.2725364744511407,6.097560975609756,9.372312622956994,24.52380952380953,0.7188427142085817,11.5,16.766194057027217,8.952380952380953,1.0355824275436558,76.0,68.0,66.0,DDD2013J
group1,M,East Anglian Region,A Level or Equivalent,60-70%,0-35,70,0.0,1.0,4.981481481481482,6.702550178542269,2.109090909090909,0.7492564685393369,8.76923076923077,10.867594737779624,7.7407407407407405,1.1144114858830805,10.36,14.302913456122612,3.730769230769231,0.8526838961547305,70.0,30.0,57.333333333333336,DDD2013J
group1,F,North Western Region,Lower Than A Level,40-50%,0-35,120,0.1666666666666666,1.0,2.4705882352941178,2.623978848445228,3.825242718446602,1.2001560962489202,3.452054794520548,4.549240155999226,9.864864864864863,1.2736897609134388,4.788461538461538,6.571884674502612,8.641509433962264,0.8241425378848504,66.5,15.0,48.666666666666664,DDD2013J
group3,F,South Region,Post Graduate Qualification,90-100%,35-55,60,0.0,1.0,2.533333333333333,2.8858629780717457,2.292452830188679,0.7434905521625498,3.3506493506493507,3.851746814130447,13.14102564102564,0.8103700288023995,4.925925925925926,8.827170430309492,7.381818181818182,1.075861392302066,95.0,95.0,82.66666666666667,DDD2013J
group1,M,West Midlands Region,A Level or Equivalent,70-80%,0-35,120,0.0,1.0,2.2327586206896552,1.7363517907467327,4.264957264957265,0.912684303899098,3.36,3.3151576539088263,13.68421052631579,1.0584018599007752,2.7472527472527473,2.7227168073794994,5.945652173913044,1.0926349439719008,70.0,61.0,59.333333333333336,DDD2013J
group3,F,London Region,A Level or Equivalent,40-50%,0-35,60,0.0,1.0,3.289473684210526,3.313873018986231,2.3376623376623376,0.8058045592166384,5.1020408163265305,6.298957909710092,6.16,1.2322102286391017,6.647058823529412,22.37135933196889,2.2285714285714286,1.296457521046882,94.0,77.0,81.33333333333333,DDD2013J
group3,F,North Western Region,A Level or Equivalent,90-100%,35-55,150,0.0,1.0,1.452127659574468,1.0661770100555366,3.6825396825396823,0.9948963103017724,1.8827586206896552,1.7618781340907133,10.438356164383562,1.12417029886537,2.9545454545454546,2.8035654266234653,5.595505617977528,1.1116339635283985,82.0,89.0,93.33333333333331,DDD2013J
group3,F,London Region,A Level or Equivalent,30-40%,0-35,120,0.0,1.0,1.6547619047619049,1.304015425674233,4.798816568047338,0.8978231848840532,2.1885245901639343,1.7072135105090718,9.365853658536585,0.9677390745326524,3.585714285714286,4.629748974767226,4.605633802816901,0.8787460576426177,75.0,91.0,94.33333333333331,DDD2013J
group1,M,South Region,A Level or Equivalent,10-20,0-35,60,0.1666666666666666,1.0,8.814814814814815,7.200625170705864,2.25,0.9016934880459544,8.5,7.22393142168343,7.655172413793103,0.9039138806030088,17.0,35.119575956788196,15.266666666666667,0.7692781470243246,66.0,70.0,85.0,DDD2013J
group1,F,South Region,Lower Than A Level,70-80%,0-35,90,0.0,1.0,8.03225806451613,7.068634337539993,2.5,0.8602325267042626,9.22222222222222,7.841376122032376,9.214285714285714,1.344397040028691,14.647058823529411,19.30978112405274,5.611111111111111,0.7303280636003973,65.0,51.0,78.33333333333333,DDD2013J
group3,M,East Midlands Region,Lower Than A Level,40-50%,0-35,120,0.0,1.0,1.7160493827160497,1.6169488013284867,4.779141104294479,1.094035280383961,3.4383561643835616,5.0552126600225,12.554054054054054,1.171435194130489,3.3076923076923075,4.765426603074557,5.620253164556962,0.9131153955944546,87.0,70.0,82.33333333333333,DDD2013J
group1,M,South Region,A Level or Equivalent,50-60%,0-35,210,0.1666666666666666,1.0,2.201754385964912,2.2856993839201953,4.356521739130435,0.7941102149085966,2.986666666666667,2.910806210106195,8.013157894736842,0.9013851080352524,4.444444444444445,6.938181662357524,6.472727272727273,0.875368517632092,78.0,77.0,81.66666666666667,DDD2013J
group1,M,East Midlands Region,Lower Than A Level,30-40%,0-35,60,0.0,1.0,1.423469387755102,1.210746836304843,5.299492385786802,0.83800491784565,1.835820895522388,1.8113843410050472,10.28888888888889,0.8902209375190111,2.576923076923077,4.34370945159211,7.3619047619047615,0.9097813398976322,77.0,44.0,74.66666666666667,DDD2013J
group1,M,East Anglian Region,Lower Than A Level,80-90%,0-35,60,0.6,0.8333333333333334,3.0987654320987654,3.6318209560480983,4.426829268292683,0.8167893094828201,3.691176470588235,4.99330104356596,10.507246376811594,0.98675171832971,4.280701754385965,4.414887095971475,9.29310344827586,2.1863704040712997,74.5,38.0,63.0,DDD2013J
group1,F,East Midlands Region,Lower Than A Level,10-20,0-35,150,0.0,1.0,3.6447368421052633,3.023040179988444,2.4935064935064934,0.7637270977653674,5.111111111111111,5.361169495994309,11.290909090909093,1.8253966949372509,4.709090909090909,4.954133056694617,3.4464285714285716,1.1276663749502218,54.0,25.0,44.333333333333336,DDD2013J
group1,F,East Anglian Region,Post Graduate Qualification,90-100%,35-55,60,0.1666666666666666,1.0,2.299145299145299,2.389867105181854,3.7796610169491527,0.7923273197310756,2.988888888888889,3.350312561117026,10.67032967032967,1.206834362536787,2.606382978723404,2.8444176043021794,6.989473684210527,0.8739794039612205,79.0,70.0,73.66666666666667,DDD2013J
group3,F,Scotland,HE Qualification,80-90%,35-55,60,0.0,1.0,3.9836065573770494,5.527180725827252,3.0,0.8900082557709799,4.109090909090909,5.740282375531866,7.410714285714286,0.9608839739127706,4.913043478260869,6.242599483322532,10.04255319148936,0.8934651354645693,82.5,95.0,89.33333333333333,DDD2013J
group1,M,East Anglian Region,A Level or Equivalent,90-100%,0-35,90,0.0,1.0,2.8617021276595747,2.875932999914189,2.136842105263158,0.9374631444622882,7.0606060606060606,8.842155400195821,4.4411764705882355,0.755112104077358,8.096774193548388,9.155525976915715,5.15625,0.8300818108308218,67.5,36.0,72.66666666666667,DDD2013J
group1,M,Scotland,A Level or Equivalent,50-60%,0-35,150,0.0,1.0,4.032258064516129,3.4969201528290244,3.1746031746031744,0.7967747485958625,4.017241379310345,3.420738502958993,10.66101694915254,0.9430088937913867,10.3,14.970497302150129,5.809523809523809,0.865753831246616,65.0,35.0,71.66666666666667,DDD2013J
group1,M,Scotland,A Level or Equivalent,30-40%,0-35,60,0.6666666666666666,1.0,6.1395348837209305,8.181225299279056,4.0227272727272725,0.8404797469977925,6.552631578947368,8.663989994070526,9.461538461538462,1.0170945084510752,12.45,21.419310028692877,3.857142857142857,1.1928762794252998,63.5,23.0,55.0,DDD2013J
group1,M,South Region,Lower Than A Level,70-80%,35-55,60,0.3333333333333333,1.0,1.354368932038835,0.8058658968544339,5.579710144927536,0.9965702695962846,2.064516129032258,2.117453354162687,9.672,1.3772877046191438,2.022222222222222,1.772369468349731,6.610294117647059,1.0158347686793172,93.5,82.0,89.33333333333333,DDD2013J
group1,F,South Region,A Level or Equivalent,70-80%,0-35,60,0.0,1.0,1.8,1.64514239702632,3.6538461538461537,1.0257443303326628,2.6320754716981134,3.4318548967497176,7.747663551401869,0.8825052877397851,2.6320754716981134,2.6270587271994006,10.42056074766355,1.801069703888273,65.5,52.0,51.333333333333336,DDD2013J
group3,M,West Midlands Region,A Level or Equivalent,60-70%,0-35,60,0.0,1.0,2.816326530612245,2.826045792288868,2.8282828282828283,0.9088145451911628,4.446428571428571,6.24039521725447,7.12280701754386,1.028347983581183,6.641025641025641,11.750671155495262,4.525,0.9427784640401304,82.0,76.0,77.0,DDD2013J
group1,F,London Region,No Formal quals,50-60%,0-35,75,0.0,1.0,3.3037974683544302,3.243749138154114,6.175,0.8942787403302973,3.876923076923077,4.594520147372888,18.939393939393938,1.0540333201564362,5.340425531914893,9.060848879861192,5.208333333333333,0.8173713966123357,72.0,28.0,39.0,DDD2013J
group1,M,South Region,A Level or Equivalent,50-60%,0-35,90,0.0,1.0,3.5616438356164384,3.1666065843855593,2.189189189189189,0.8617248576106246,5.777777777777778,6.917990015791136,11.391304347826088,1.1581941419865758,11.545454545454543,13.58825568793481,5.130434782608695,0.8665642732992689,65.5,30.0,69.66666666666667,DDD2013J
group3,M,West Midlands Region,A Level or Equivalent,30-40%,0-35,60,0.3333333333333333,1.0,3.2325581395348837,3.523615852083001,2.6666666666666665,0.6979032637244517,5.132075471698113,5.327857614785258,6.888888888888889,1.0965369762440988,5.6521739130434785,7.349126603600511,5.425531914893617,1.0507462425734384,67.5,56.0,71.66666666666667,DDD2013J
group3,M,North Western Region,Lower Than A Level,60-70%,0-35,80,0.0,1.0,2.1826086956521737,1.9266487980822529,3.5775862068965516,0.992428880078974,2.852272727272727,3.4758271081405123,8.842696629213483,0.9906590073838618,4.826923076923077,5.264461515937821,4.6415094339622645,1.1741706492654314,89.5,86.0,85.33333333333333,DDD2013J
group1,F,East Anglian Region,A Level or Equivalent,20-30%,0-35,180,0.0,1.0,2.3789473684210525,2.8886385933052203,3.4583333333333335,1.000725531547233,2.7160493827160495,3.392029510120875,8.353658536585366,1.1893725509027695,8.84,14.296503068932626,4.346153846153846,0.7440473039242439,79.0,51.0,74.33333333333333,DDD2013J
group3,M,East Anglian Region,A Level or Equivalent,30-40%,0-35,60,0.1666666666666666,1.0,8.379310344827585,8.83747617941202,2.2,0.7177405625652733,8.678571428571429,9.241827506579837,4.896551724137931,0.6770093048763136,11.375,14.146259811931444,3.647058823529412,0.6090712125322325,56.5,78.0,58.333333333333336,DDD2013J
group3,M,East Anglian Region,Lower Than A Level,70-80%,0-35,60,0.0,1.0,4.106060606060606,2.807291538277737,5.343283582089552,0.5473577548954611,4.103448275862069,2.8879037208304656,7.067796610169491,0.8183398336091873,4.584905660377358,3.4049396372383125,6.648148148148148,0.7610372468206344,86.5,75.0,87.0,DDD2013J
group1,M,West Midlands Region,Lower Than A Level,60-70%,0-35,60,0.3333333333333333,1.0,5.1521739130434785,6.362974116993293,2.6382978723404253,0.9265423623448432,5.042553191489362,6.698336739716129,11.520833333333334,1.360123429768913,23.3,25.351090268029456,6.7272727272727275,1.088823625863983,68.5,45.0,71.33333333333333,DDD2013J
group3,F,Scotland,A Level or Equivalent,20-30%,35-55,60,0.0,1.0,1.9027777777777777,1.3655063583182667,4.241379310344827,1.1156296515716704,2.686274509803922,2.5328745152567045,10.951456310679612,1.151603593026287,2.956043956043956,3.2038590893972025,8.554347826086957,1.1589612657789097,86.0,75.0,87.0,DDD2013J
group1,M,East Anglian Region,A Level or Equivalent,80-90%,0-35,90,0.0,1.0,4.295081967213115,4.371667348945486,2.193548387096774,0.6939867772939364,6.222222222222222,9.52323807809421,7.108108108108108,1.0159564899773517,17.333333333333332,23.792028204014176,3.0,0.8573463331948967,57.5,65.0,28.666666666666668,DDD2013J
group3,F,South West Region,A Level or Equivalent,20-30%,0-35,60,0.0,1.0,2.4035087719298245,2.30320783704605,3.408695652173913,0.8804384154585961,3.0365853658536586,3.305233866517737,9.795180722891564,0.9647217868740462,3.364864864864865,3.692177307383757,6.426666666666667,1.5088651216521094,89.5,89.0,89.33333333333333,DDD2013J
group3,M,Scotland,A Level or Equivalent,60-70%,35-55,90,0.0,1.0,2.896551724137931,2.7238587657552795,3.8181818181818183,0.8564812261240452,4.254237288135593,4.761893351131579,8.2,0.9492892652200732,5.0638297872340425,4.927316296265265,5.416666666666667,0.7693846000030761,89.5,64.0,93.66666666666669,DDD2013J
group1,F,Wales,Lower Than A Level,70-80%,35-55,60,0.1666666666666666,1.0,1.3098591549295775,0.9405671105790676,5.299065420560748,0.8524687298685505,1.7232704402515724,1.5132827493775671,12.35,0.9949222818883816,1.9924812030075187,2.115943233333412,6.059701492537314,0.7771160403650643,44.5,56.0,44.666666666666664,DDD2013J
group1,M,South Region,Lower Than A Level,10-20,35-55,90,0.0,1.0,2.1627906976744184,1.4989094873149582,3.807692307692307,0.7764122868551705,2.4423076923076925,2.13989802441418,9.923809523809524,1.218827360947309,10.23076923076923,12.349275905275396,7.037037037037037,0.927809799975592,62.5,46.0,42.666666666666664,DDD2013J
group1,M,Yorkshire Region,A Level or Equivalent,30-40%,0-35,90,0.1666666666666666,1.0,2.8947368421052633,2.9874691637704447,2.0104166666666665,0.6942038444799022,4.735849056603773,5.399967747041239,7.407407407407407,0.67074585350936,10.304347826086955,11.772212206597116,2.9583333333333335,0.6434323256619955,64.5,56.0,52.0,DDD2013J
group1,F,London Region,Lower Than A Level,30-40%,0-35,90,0.0,1.0,3.6666666666666665,3.168757744136595,2.9402985074626864,0.8410786104105881,4.4,5.090295778352287,10.714285714285714,0.7422188955347936,15.2,17.70068602383212,2.125,0.4032738000235908,81.5,68.0,75.33333333333333,DDD2013J
group1,M,Scotland,Lower Than A Level,40-50%,35-55,60,0.0,1.0,1.3160377358490567,0.7904209439984728,4.582159624413146,0.9850889614782702,1.7333333333333334,1.2726691639600825,11.28476821192053,1.5152627616911774,1.5248618784530388,1.708049767598775,6.626373626373627,0.9452692676865304,85.5,44.0,71.0,DDD2013J
group1,F,North Region,A Level or Equivalent,50-60%,0-35,120,0.2,0.8333333333333334,3.16,3.071402531989826,2.5921052631578947,1.098641814695114,4.9375,6.071931411324554,5.653061224489796,0.9907626373419436,9.454545454545457,20.602189603297425,3.9130434782608696,0.807832032413046,85.5,43.0,73.0,DDD2013J
group3,M,North Region,A Level or Equivalent,70-80%,0-35,60,0.0,1.0,4.096774193548387,4.568996293334394,2.8412698412698414,0.975944235836346,5.644444444444445,7.125994525664328,8.304347826086957,0.7887882426904536,5.521739130434782,6.615601527818859,5.531914893617022,1.6033987570047874,85.5,95.0,89.0,DDD2013J
group3,M,South West Region,A Level or Equivalent,80-90%,0-35,60,0.0,1.0,1.5251396648044693,2.0968634568775935,4.072222222222222,0.9045041040844616,2.474747474747475,2.1634412984656697,8.01,1.0532116678266683,2.237704918032787,3.133538328736632,6.9105691056910565,1.0034018262458442,86.0,77.0,86.66666666666667,DDD2013J
group1,F,Scotland,HE Qualification,90-100%,0-35,60,0.0,1.0,3.3095238095238093,3.2744950515766194,3.941176470588235,0.7738773586195717,6.023809523809524,5.101353695227329,11.13953488372093,0.710708018660368,4.212121212121212,4.4944928746707555,8.686567164179104,0.7626388873713615,88.5,62.0,86.0,DDD2013J
group3,F,South East Region,Lower Than A Level,80-90%,0-35,60,0.1666666666666666,1.0,2.988636363636364,2.9691684589314,2.6292134831460676,0.8710194305630835,4.098360655737705,5.179140591619383,5.403225806451613,1.037643027203795,5.104166666666667,5.787880159228304,4.224489795918367,0.9873762706930186,75.5,66.0,71.66666666666667,DDD2013J
group3,M,North Western Region,HE Qualification,90-100%,0-35,90,0.0,1.0,2.4107142857142856,2.927205633113741,3.4070796460176993,0.9204265439291928,3.3684210526315788,3.7124730491076807,11.272727272727272,1.3277338631059663,6.4,8.31063575586529,7.121951219512195,1.5552847576651063,88.5,90.0,93.33333333333331,DDD2013J
group3,M,South West Region,A Level or Equivalent,60-70%,0-35,120,0.6666666666666666,1.0,4.4423076923076925,4.267586274388771,1.7358490566037736,0.6345443269272358,6.741935483870968,7.1552672530357375,8.84375,0.88001474483634,25.875,26.29197324551463,2.5555555555555554,0.6419488287058001,79.0,60.0,88.0,DDD2013J
group3,M,Scotland,HE Qualification,60-70%,0-35,120,0.0,1.0,2.082089552238806,1.755971583610172,3.1703703703703705,0.8003010067834744,4.114754098360656,4.546421159020714,9.016129032258064,1.0689489572631112,2.8229166666666665,2.927167812666156,5.309278350515464,0.931933651022737,92.5,85.0,94.66666666666669,DDD2013J
group3,F,Yorkshire Region,Lower Than A Level,50-60%,0-35,90,0.0,1.0,1.3582089552238803,0.806873457314964,3.282178217821782,0.9041486904721252,2.1271186440677967,1.7809370920878185,9.46218487394958,0.9746736890706438,2.048780487804878,2.271901271148388,10.5,1.1692735538351748,81.5,77.0,83.66666666666667,DDD2013J
group1,M,East Anglian Region,A Level or Equivalent,60-70%,0-35,60,0.6,0.8333333333333334,4.875,6.4399848024136785,2.877551020408163,0.8236726888486795,4.574468085106383,6.289206353646055,10.0,0.9678154093971983,11.63157894736842,18.318814027344157,6.05,0.886226366299432,57.0,48.0,58.666666666666664,DDD2013J
group1,F,Ireland,A Level or Equivalent,30-40%,0-35,150,0.1666666666666666,1.0,1.6294117647058823,0.9410209147468246,3.83625730994152,0.8380376092415376,2.763440860215054,3.7077997972029695,7.914893617021277,1.006486219651326,2.353448275862069,2.654788324796398,9.905982905982906,1.733228720260257,49.5,24.0,47.333333333333336,DDD2013J
group3,F,South East Region,HE Qualification,90-100%,35-55,60,0.0,1.0,1.763157894736842,1.1082881143640275,2.6209150326797386,0.6028932962099381,1.8214285714285712,1.1951211199138485,4.851063829787234,1.526496426764705,2.279279279279279,1.5676918248360094,8.544642857142858,1.1362746334907177,90.5,84.0,89.33333333333333,DDD2013J
group1,M,North Western Region,Lower Than A Level,10-20,0-35,120,0.5,1.0,2.376146788990826,2.3951687129383323,3.3181818181818183,0.8465044080757788,4.083333333333333,4.396808035831767,4.852459016393443,0.792314364752485,4.5576923076923075,5.410278748711863,8.39622641509434,0.9968312375204,64.5,32.0,61.333333333333336,DDD2013J
group1,F,East Anglian Region,Lower Than A Level,80-90%,35-55,60,0.3333333333333333,1.0,1.4840425531914894,1.3423423690000615,5.634920634920635,0.976274796193674,1.5852272727272727,1.56519572652677,17.72316384180791,1.1187936957544042,3.5,4.379630055186151,5.28169014084507,1.01197804104415,65.5,16.0,58.333333333333336,DDD2013J
group1,M,South Region,Lower Than A Level,60-70%,0-35,180,0.2,0.8333333333333334,8.0,9.67658842962558,1.8857142857142857,0.7032000839922601,10.5,11.713982725971036,8.28,0.8265812008497232,23.09090909090909,44.21414829091373,5.666666666666667,0.673266067191741,66.5,24.0,62.0,DDD2013J
group1,M,South Region,Lower Than A Level,60-70%,35-55,60,0.0,1.0,2.302521008403361,2.398992097148722,3.808333333333333,0.922964931928544,4.2,5.091701457156886,13.344262295081966,1.1341388673994712,3.1547619047619047,3.047788246522338,5.976470588235294,1.038441335233153,68.5,64.0,49.333333333333336,DDD2013J
group1,F,North Western Region,HE Qualification,0-10%,0-35,60,0.3333333333333333,1.0,2.3017241379310347,2.1557600398294183,3.692307692307693,0.800028934661926,2.932584269662921,3.0961770885788584,10.233333333333333,1.3497335301631617,3.4025974025974026,3.3570810482813793,9.551282051282053,0.8398706093331297,67.5,11.0,51.0,DDD2013J
group1,F,London Region,A Level or Equivalent,40-50%,0-35,60,0.5,1.0,2.3675213675213675,3.1775025179682657,2.805084745762712,0.7042645355735769,2.9651162790697674,3.598848425027109,8.586206896551724,0.9186756131991558,5.2745098039215685,7.045788618380625,6.826923076923077,1.0907593688772486,65.0,15.0,44.0,DDD2013J
group1,M,North Western Region,Lower Than A Level,20-30%,0-35,70,0.1666666666666666,1.0,2.3333333333333335,2.523050080936654,2.643478260869565,0.870089107736479,2.4554455445544554,2.8302817968366596,12.823529411764708,0.9222009039229812,29.6,37.340326725940685,3.6666666666666665,0.7329325225725954,81.0,37.0,55.0,DDD2013J
group3,F,South West Region,A Level or Equivalent,50-60%,0-35,60,0.0,1.0,3.25,3.270440816240239,2.3411764705882354,0.7600076818511878,5.150943396226415,6.538043186479641,5.2592592592592595,0.9142190486719104,7.388888888888889,8.181085424939575,3.5945945945945947,0.631936883893254,81.5,84.0,85.33333333333333,DDD2013J
group3,F,North Western Region,A Level or Equivalent,90-100%,0-35,60,0.1666666666666666,1.0,2.440366972477064,3.001330546485917,3.5272727272727273,0.7478491495719335,2.4705882352941178,3.241763003880075,8.029126213592233,1.0164921918181844,4.09375,5.6560650127603225,5.6923076923076925,1.135553333518579,93.0,74.0,92.66666666666669,DDD2013J
group3,M,London Region,A Level or Equivalent,20-30%,0-35,120,0.1666666666666666,1.0,1.7816901408450705,2.140842934612965,2.8111888111888113,0.829668185652973,2.1440677966101696,2.77742863226585,8.840336134453782,1.052796027896674,7.75,11.75283081891612,4.2727272727272725,1.0050423649900422,95.0,91.0,98.33333333333331,DDD2013J
group1,M,South Region,HE Qualification,90-100%,35-55,60,0.0,1.0,2.5384615384615383,2.343854086561037,4.133333333333334,0.7511450057624552,3.0232558139534884,2.718030187193514,5.632183908045977,0.8470739995319468,5.3061224489795915,5.4741973598596045,5.96,0.804641729677903,76.5,34.0,52.333333333333336,DDD2013J
group1,M,South Region,HE Qualification,50-60%,35-55,60,0.0,1.0,4.596153846153846,5.057549648441971,2.509433962264151,0.8323821054495066,5.534883720930233,5.211474689426995,9.931818181818182,1.459148791832868,12.588235294117649,21.16618418471257,9.5,1.630446692584332,80.0,70.0,61.666666666666664,DDD2013J
group1,M,East Anglian Region,Lower Than A Level,90-100%,35-55,60,0.6666666666666666,1.0,2.6344086021505375,3.510186871764495,2.5319148936170213,0.8712385229097663,2.918918918918919,2.708468488828998,9.88,0.907846027666831,9.210526315789474,15.76416099669832,6.5,1.1045896718670087,69.0,25.0,47.0,DDD2013J
group1,M,North Western Region,Lower Than A Level,20-30%,0-35,60,0.1666666666666666,1.0,11.681818181818182,11.720500410397582,1.8695652173913044,0.5965467599246818,11.38095238095238,13.818379754791048,8.136363636363637,0.6621702658705613,29.75,42.824392248210266,4.444444444444445,1.2237238250520417,76.5,58.0,46.0,DDD2013J
group3,F,South West Region,A Level or Equivalent,90-100%,0-35,60,0.5,1.0,3.6986301369863015,3.4788445220394073,3.4864864864864864,0.7808706864164598,4.368421052631579,5.933053835888299,10.89655172413793,1.3853821742128858,8.655172413793103,16.863476726068097,4.1,0.670472973008754,79.5,57.0,84.0,DDD2013J
group1,M,North Western Region,Lower Than A Level,0-10%,0-35,60,0.0,1.0,2.0991735537190084,2.150213007578885,4.69672131147541,0.9505770338143528,3.213333333333334,3.838965701547445,11.328947368421051,1.4172668688865282,2.7471264367816093,3.073587370002219,8.340909090909092,1.3694612536347852,62.0,59.0,54.666666666666664,DDD2013J
group1,F,South West Region,Lower Than A Level,90-100%,0-35,120,0.1666666666666666,1.0,1.7222222222222223,1.5348831733608772,3.3655172413793104,0.7376366088592499,3.6615384615384614,4.27666971441025,6.7272727272727275,0.967357418418634,2.595744680851064,3.309546793312031,5.91578947368421,0.6294658461171028,74.5,66.0,71.66666666666667,DDD2013J
group1,F,West Midlands Region,A Level or Equivalent,30-40%,0-35,120,0.0,1.0,4.166666666666667,4.0137583896214295,3.373134328358209,0.9274108286057864,7.606060606060606,9.659643477955704,10.352941176470589,0.8198964042099243,7.588235294117647,7.245134823426384,3.371428571428571,0.897105050699642,88.5,33.0,70.0,DDD2013J
group1,M,Wales,Lower Than A Level,70-80%,35-55,60,0.1666666666666666,1.0,3.9344262295081966,3.940680366210114,3.838709677419355,1.052669859817788,4.067796610169491,4.067806351050095,15.316666666666666,1.0343958697318227,18.384615384615383,20.84681614994826,15.071428571428571,1.222023003657673,83.0,58.0,68.66666666666667,DDD2013J
group1,F,Scotland,A Level or Equivalent,70-80%,0-35,90,0.0,1.0,3.067415730337079,3.47653743886653,3.3333333333333335,0.9476286192385708,3.356164383561644,3.3307067276985047,9.85135135135135,0.8438042783031389,7.628571428571429,8.39147226192693,9.72222222222222,0.9208159646836748,82.5,32.0,73.66666666666667,DDD2013J
group3,F,Ireland,A Level or Equivalent,60-70%,35-55,60,0.3333333333333333,1.0,2.082089552238806,1.895973206017199,3.274074074074074,0.9079025123939356,2.4690265486725664,2.7093449276142145,8.614035087719298,1.1933853696168149,2.963855421686747,3.8205024032172186,15.583333333333334,1.1386751307650604,87.5,82.0,71.66666666666667,DDD2013J
group1,M,East Anglian Region,A Level or Equivalent,50-60%,0-35,60,0.0,1.0,5.408163265306122,4.217613698067007,1.9,0.6842105263157895,5.951219512195122,5.4541324677357945,11.857142857142858,0.651345700649423,27.11111111111111,35.94594707489443,4.1,0.8267537198379655,69.5,59.0,62.0,DDD2013J
group1,F,North Western Region,A Level or Equivalent,60-70%,0-35,120,0.8333333333333334,1.0,4.466666666666667,4.806304710664047,3.295081967213114,0.7193142118180226,5.785714285714286,7.439301417130032,11.72093023255814,0.8219124791951941,26.142857142857142,26.08593855846844,4.0,0.625,47.0,36.0,42.666666666666664,DDD2013J
group3,M,South West Region,A Level or Equivalent,30-40%,35-55,80,0.0,1.0,2.347826086956522,3.3744225711649087,4.431034482758621,0.7515572008606015,3.1265822784810124,4.666759400015245,8.2375,0.7940183042905438,2.784090909090909,4.063996288226775,10.235955056179776,1.4917878854746156,90.0,84.0,91.33333333333331,DDD2013J
group1,M,London Region,HE Qualification,20-30%,35-55,60,0.0,1.0,2.5272727272727273,2.8242368163208655,3.216216216216216,0.7026067791046634,2.895348837209302,3.243197658692971,11.551724137931034,1.0451513185568972,5.634146341463414,8.092453575897038,4.880952380952381,0.9999048140301964,87.5,25.0,58.666666666666664,DDD2013J
group3,M,Wales,Lower Than A Level,10-20,35-55,60,0.0,1.0,1.430851063829787,0.9648946738945616,4.121693121693122,0.8126096359160362,1.6622516556291391,1.464638372743902,11.072368421052632,1.1771112547631235,2.0813008130081303,1.7860731537115633,5.620967741935484,0.9453347531712756,83.5,69.0,78.66666666666667,DDD2013J
group1,F,West Midlands Region,A Level or Equivalent,30-40%,0-35,120,0.0,1.0,4.368421052631579,3.889691407826629,2.5172413793103448,0.7815425657860774,8.703703703703704,6.741460779926963,7.75,0.838798293794204,8.586206896551724,16.90629054815166,3.4,0.7268138428568879,74.5,62.0,70.0,DDD2013J
group3,F,Yorkshire Region,Lower Than A Level,20-30%,0-35,60,0.0,0.8333333333333334,1.7531645569620251,1.4874708533707504,2.9245283018867925,0.8891374377908648,2.8043478260869565,2.3451569475104983,6.462365591397849,0.8114138393111376,2.480769230769231,2.889488042908644,6.447619047619048,1.2396562508047615,83.5,78.0,83.0,DDD2013J
group3,M,East Anglian Region,Post Graduate Qualification,90-100%,0-35,60,0.3333333333333333,1.0,2.278688524590164,2.375015598320129,2.252032520325203,0.8764462691987601,3.681159420289855,4.292581677674351,9.0,1.0664020835876449,3.6666666666666665,5.093492119541462,4.602739726027397,1.071469906610062,85.5,80.0,89.66666666666667,DDD2013J
group3,F,South East Region,A Level or Equivalent,60-70%,0-35,90,0.0,1.0,2.63,2.2637012687948546,4.257425742574258,0.7998850647561202,2.896551724137931,2.352803783903222,12.704545454545457,1.0023429978018017,3.7611940298507465,4.53634999531163,7.764705882352941,1.0739154094729235,88.5,72.0,83.0,DDD2013J
group1,M,South East Region,Lower Than A Level,80-90%,0-35,90,0.0,1.0,2.0303030303030303,1.9455935491815088,2.278195488721805,0.8344941756189932,3.3378378378378377,4.262859761146995,7.053333333333334,0.9770322778324972,7.108108108108108,11.132494438913158,5.052631578947368,1.043280000633685,57.5,20.0,72.0,DDD2013J
group3,F,South East Region,Lower Than A Level,70-80%,0-35,60,0.0,1.0,7.432432432432432,7.120161283053684,2.526315789473684,0.7135226578976545,8.928571428571429,11.251102238772058,13.89655172413793,0.8668968083987977,22.181818181818183,28.91303575143289,7.416666666666667,1.0275217930646654,75.0,41.0,69.33333333333333,DDD2013J
group1,F,East Anglian Region,HE Qualification,90-100%,35-55,60,0.0,1.0,2.178861788617886,2.8227196521864153,3.524193548387097,0.7545903212313418,2.8210526315789473,3.701578005559656,8.197916666666666,0.8270649885028499,3.2266666666666666,5.13223341439376,6.881578947368421,1.0100725132838129,54.0,50.0,57.666666666666664,DDD2013J
group1,F,London Region,A Level or Equivalent,10-20,0-35,60,0.0,0.8333333333333334,1.6226415094339623,1.5535962579436275,4.79375,0.7427101300277312,1.7872340425531914,1.7880896056098443,22.774647887323944,1.0599105955760078,2.898876404494382,3.519571719232794,5.166666666666667,0.9238430343587566,83.0,59.0,64.5,DDD2013J
group3,F,North Western Region,HE Qualification,80-90%,35-55,60,0.3333333333333333,1.0,4.029850746268656,4.119319410003092,2.661764705882353,0.7046527618543235,3.9705882352941178,4.210755908439308,8.898550724637682,1.0201655908538334,8.096774193548388,8.719154541237268,7.0625,0.8413597845758818,74.0,67.0,69.33333333333333,DDD2013J
group3,F,London Region,A Level or Equivalent,60-70%,35-55,60,0.0,1.0,1.0072202166064983,0.0848177835209231,7.161870503597123,0.9099076168604112,1.4213483146067416,1.113347059367232,10.608938547486034,0.8781726399907428,1.7972027972027973,2.2378291812600817,13.881944444444445,1.2764955085793397,96.0,75.0,87.66666666666667,DDD2013J
group3,F,Yorkshire Region,A Level or Equivalent,50-60%,0-35,60,0.0,1.0,2.8823529411764706,2.2222455647700268,2.395348837209302,0.7752413505894032,4.298245614035087,3.9186591742981136,8.413793103448276,0.8091226863918533,6.486486486486487,6.681739716993295,8.763157894736842,0.8448478098900002,89.0,69.0,80.33333333333333,DDD2013J
group3,M,West Midlands Region,A Level or Equivalent,30-40%,35-55,60,0.0,1.0,1.5314285714285714,1.2214019240604308,4.8125,1.1122677213210543,2.310924369747899,2.8752240860633886,6.425,1.5243998689016105,1.5363128491620113,1.4543888760228951,15.311111111111112,1.0697646436616932,88.5,30.0,79.0,DDD2013J
group1,M,West Midlands Region,A Level or Equivalent,30-40%,0-35,120,0.0,0.8333333333333334,2.494949494949495,2.125519083653269,3.73,0.7933618678920978,4.666666666666667,6.89845290498308,10.63265306122449,0.9327306575675864,6.051282051282051,12.506732330079204,8.0,1.2933121239669874,82.0,69.0,73.0,DDD2013J
group1,M,Wales,Lower Than A Level,90-100%,0-35,60,0.0,1.0,14.666666666666666,20.855512004081344,2.4375,0.8201120816266398,6.086956521739131,8.382411474891182,10.958333333333334,0.9550843391695406,10.571428571428571,21.831606620197412,2.75,0.3520893951097651,75.0,74.0,82.66666666666667,DDD2013J
group3,M,South East Region,A Level or Equivalent,70-80%,0-35,150,0.0,1.0,1.5363128491620113,1.4270933106513677,3.3055555555555554,0.884351478144924,2.4,1.959199208467975,8.141509433962264,0.8291920756460728,3.36,3.9852430493211024,2.973684210526316,0.7942447062823853,84.5,68.0,74.0,DDD2013J
group3,M,East Midlands Region,A Level or Equivalent,60-70%,0-35,60,0.0,1.0,3.5942028985507246,2.9421822662164447,1.9285714285714288,0.6635730691544042,4.203389830508475,3.876452613234607,7.3,0.6542440513018933,11.65,12.209896762355053,5.619047619047619,0.7853513788612269,72.5,67.0,74.0,DDD2013J
group1,F,East Anglian Region,A Level or Equivalent,90-100%,35-55,120,0.0,1.0,2.232,1.6807064566867076,4.476190476190476,0.7783425414400147,2.5185185185185186,2.342143285087007,11.440366972477063,0.9766204000183784,3.41025641025641,3.093503445894892,5.506329113924051,0.938511202129553,65.0,35.0,62.0,DDD2013J
group1,F,Yorkshire Region,A Level or Equivalent,20-30%,0-35,120,0.0,1.0,3.244186046511628,3.716215806155592,2.793103448275862,0.7943559477602673,6.121951219512195,6.415586964382991,6.595238095238095,0.7324606378040442,7.84375,15.28252085057917,4.303030303030303,0.7833695954216916,50.5,22.0,54.666666666666664,DDD2013J
group3,F,North Western Region,A Level or Equivalent,10-20,0-35,90,0.1666666666666666,1.0,3.0352941176470587,3.0450860446969044,4.488372093023256,0.8519496128110708,4.03125,4.56685348940064,10.846153846153848,0.9827136256902096,7.228571428571429,11.363216493389109,5.055555555555555,0.9439681970331536,78.0,41.0,79.66666666666667,DDD2013J
group1,M,South West Region,A Level or Equivalent,30-40%,0-35,60,0.0,1.0,5.25,5.937618979770947,2.938775510204082,0.6353312784157045,5.8604651162790695,7.259087556950146,10.886363636363637,0.7333533289585286,33.666666666666664,13.279056191361391,4.5,0.9749960430435692,67.0,67.0,78.0,DDD2013J
group1,M,East Midlands Region,A Level or Equivalent,0-10%,0-35,60,0.1666666666666666,1.0,2.171875,2.348091451491386,2.635658914728682,0.7776172460245973,4.220338983050848,4.363120508622753,7.466666666666667,0.8632825125233172,3.011627906976744,3.2194050822236293,4.160919540229885,0.7563816386971999,67.5,40.0,55.333333333333336,DDD2013J
group1,M,South West Region,HE Qualification,60-70%,0-35,60,0.0,1.0,2.841463414634146,2.7997773817812504,3.3373493975903616,0.784233192200168,4.3584905660377355,5.990679747043741,8.481481481481481,1.036278676770278,4.6,5.122977450583174,6.2745098039215685,0.8320836984642831,85.5,67.0,83.66666666666667,DDD2013J
group1,M,South West Region,Lower Than A Level,60-70%,0-35,60,0.0,1.0,3.671641791044776,3.9327223191371097,2.338235294117647,0.7058330039189898,4.555555555555555,5.728665644187403,8.127272727272727,1.1818264939228431,16.333333333333332,17.56077880906631,4.9375,1.0823339981319342,65.0,41.0,41.666666666666664,DDD2013J
group3,M,Scotland,A Level or Equivalent,70-80%,0-35,75,0.0,1.0,1.1651785714285714,0.547675040541406,4.017777777777778,0.7274304658329723,1.7241379310344829,1.945374709052395,8.876712328767123,0.9095765938580972,1.5,1.3510898515577148,8.309941520467836,0.9424583833823624,92.0,94.0,88.66666666666667,DDD2013J
group3,M,Wales,A Level or Equivalent,0-10%,0-35,60,0.5,1.0,1.9606299212598424,2.198128983617981,4.2578125,0.849981061989182,3.1780821917808217,4.410664052275981,8.54054054054054,1.1404573318687423,3.3970588235294117,5.854299876267381,7.072463768115942,1.0526884868066655,90.5,95.0,94.0,DDD2013J
group1,F,Scotland,HE Qualification,0-10%,0-35,60,0.3333333333333333,1.0,3.4603174603174605,5.15196610395518,4.125,0.8850352646369839,3.824561403508772,6.638961856822258,19.224137931034484,0.8073647011498535,8.590909090909092,17.404594606594934,8.91304347826087,1.4071289555971596,64.0,40.0,62.333333333333336,DDD2013J
group3,F,South West Region,HE Qualification,90-100%,0-35,60,0.0,1.0,2.6019417475728157,2.7982480717554674,3.6538461538461537,0.8644406386378026,3.2025316455696204,3.49864349843106,10.0875,1.0628698554676987,5.976190476190476,10.282564203396944,7.372093023255814,1.3665315119146566,79.5,65.0,87.33333333333333,DDD2013J
group3,M,Yorkshire Region,A Level or Equivalent,80-90%,0-35,90,0.1666666666666666,1.0,2.6082474226804124,3.144296095812914,2.357142857142857,0.735434006031006,3.9649122807017543,5.240518350454813,10.362068965517242,1.1447792920802602,7.258064516129032,12.48724079994051,4.75,1.1189627171299632,80.0,65.0,81.33333333333333,DDD2013J
group1,M,Wales,A Level or Equivalent,90-100%,0-35,60,0.0,1.0,6.05,5.64755449684833,3.2439024390243905,1.2715439492697564,7.5,8.447179334528032,13.87878787878788,1.1536238557737135,23.333333333333332,28.919428302325297,11.25,0.8488190779904123,76.0,69.0,70.0,DDD2013J
group3,F,Scotland,A Level or Equivalent,60-70%,0-35,60,0.1666666666666666,1.0,2.463636363636364,1.9093073470383304,2.675675675675676,0.7822904636732618,2.6989247311827955,2.3209113007635938,9.627659574468083,0.8873120822440987,4.508474576271187,4.966692097521635,5.316666666666666,0.8372840644097436,84.0,89.0,81.66666666666667,DDD2013J
group1,F,Yorkshire Region,Lower Than A Level,40-50%,0-35,120,0.3333333333333333,1.0,4.581818181818182,5.130485895301294,3.5,0.7730896704030943,6.0,8.201724982156303,18.976744186046513,1.1525251537835546,10.5,15.40750805120108,6.96,0.8313293383215395,66.5,52.0,56.666666666666664,DDD2013J
group1,F,East Anglian Region,A Level or Equivalent,0-10%,0-35,60,0.0,1.0,2.8947368421052633,3.627535603914974,3.4479166666666665,1.089922858306407,5.456521739130435,5.175611705077877,8.617021276595745,1.4062199885872742,3.816901408450704,4.805680743081728,5.958333333333333,1.121478628266437,62.5,40.0,59.666666666666664,DDD2013J
group3,M,East Anglian Region,Lower Than A Level,50-60%,0-35,60,0.1666666666666666,1.0,3.189873417721519,3.381988299146876,3.025,0.7012142229856111,4.5636363636363635,5.370577030738656,7.714285714285714,0.8317371544553658,3.0121951219512195,4.117094452024326,5.783132530120482,1.152966433692769,91.5,62.0,95.33333333333331,DDD2013J
group3,F,South West Region,A Level or Equivalent,40-50%,0-35,60,0.0,1.0,2.8705882352941177,2.4191115807949277,3.616279069767442,0.8766584865533962,3.696969696969697,4.296580740612942,12.417910447761194,0.8851231167288264,6.297297297297297,9.974592347183544,5.0,1.0819086448445976,89.0,88.0,90.0,DDD2013J
group1,F,Yorkshire Region,A Level or Equivalent,70-80%,35-55,60,0.0,1.0,1.3596059113300492,0.8976006754889115,3.656862745098039,0.8319074164060289,2.423076923076923,2.8308025130361534,8.0,1.00252657012646,1.9496402877697845,1.9348959489950868,5.285714285714286,0.7050895015948779,76.5,70.0,81.33333333333333,DDD2013J
group3,F,North Western Region,Lower Than A Level,0-10%,0-35,60,0.0,1.0,1.45,1.0742023154532574,4.060773480662983,1.6752471062088214,1.5911949685534592,1.3511075460477535,11.7375,0.8802282543188947,2.19327731092437,2.42611955957702,6.341666666666667,0.9231767982664568,94.0,94.0,95.33333333333331,DDD2013J
group1,M,South East Region,Lower Than A Level,10-20,35-55,60,0.1666666666666666,1.0,3.4545454545454546,3.263701618063185,3.850746268656717,0.8539631430550926,3.909090909090909,3.6223213718846248,12.392857142857142,1.0275664610774178,12.11111111111111,13.779306261410682,4.947368421052632,0.8955147023717004,62.0,61.0,45.0,DDD2013J
group1,F,North Western Region,A Level or Equivalent,90-100%,0-35,210,0.0,1.0,4.65,5.193950196533251,2.704918032786886,0.8343409885746921,5.470588235294118,6.616201149228976,6.711538461538462,1.005608201591416,8.870967741935484,17.59117569594458,5.3125,1.193697405044381,62.5,29.0,57.333333333333336,DDD2013J
group1,M,South West Region,A Level or Equivalent,30-40%,0-35,90,0.1666666666666666,1.0,3.77027027027027,4.16622853428925,2.306666666666666,0.7754287323807632,5.8125,5.564539131381938,7.63265306122449,0.8912290545093277,12.130434782608695,19.88902015006381,3.7083333333333335,0.5692760692536359,74.0,25.0,66.33333333333333,DDD2013J
group1,M,East Anglian Region,A Level or Equivalent,60-70%,0-35,60,0.0,1.0,5.6521739130434785,6.063432805870314,2.3191489361702127,0.6420707598870713,6.72972972972973,6.938814534713198,6.631578947368421,0.6649164478263966,10.454545454545457,10.358926551885544,5.304347826086956,0.7063462466495254,63.0,42.0,67.66666666666667,DDD2013J
group1,F,Yorkshire Region,A Level or Equivalent,20-30%,0-35,60,0.0,1.0,9.391304347826088,8.958181280690155,2.0,0.5773502691896257,11.045454545454543,9.638599348587812,7.391304347826087,0.746108705680373,33.2,23.08029462550251,8.166666666666666,0.9201796177628976,68.0,48.0,52.666666666666664,DDD2013J
group3,F,London Region,HE Qualification,90-100%,35-55,60,0.0,1.0,3.102272727272727,3.077690478814525,4.573033707865169,0.6538766310894356,3.691176470588235,3.256485391142065,14.101449275362318,0.6715788784643701,4.333333333333333,4.770190455435933,5.181818181818182,0.8631151037745803,84.5,80.0,94.0,DDD2013J
group1,M,West Midlands Region,Lower Than A Level,30-40%,35-55,60,0.0,1.0,1.8962962962962964,1.9055068431952145,3.2794117647058822,0.838109274009709,1.9307692307692308,2.279631622418332,7.66412213740458,0.9176210008157384,8.133333333333333,12.467152243294024,5.645161290322581,0.7563176095600395,64.5,65.0,66.0,DDD2013J
group1,M,West Midlands Region,Lower Than A Level,80-90%,0-35,60,0.0,1.0,3.3333333333333335,3.6956268287880008,2.789473684210526,0.7700101482042212,4.032258064516129,5.244724881235615,9.047619047619047,0.959599408571487,5.7317073170731705,7.113453416744579,5.857142857142857,0.8646218192614906,92.0,93.0,87.0,DDD2013J
group1,F,North Western Region,Lower Than A Level,0-10%,0-35,60,0.3333333333333333,1.0,3.869565217391304,3.63363795777512,2.6714285714285713,0.8387543276189839,3.6825396825396823,4.471506193614063,12.21875,0.8926051045592845,12.571428571428571,20.745051044939437,5.454545454545454,0.779244648504064,47.0,69.0,33.666666666666664,DDD2013J
group1,M,East Anglian Region,A Level or Equivalent,60-70%,0-35,60,0.3333333333333333,1.0,6.944444444444445,9.001410824165111,2.4054054054054053,0.7198030282268301,9.08,12.037856952132302,11.23076923076923,0.7794989994770846,22.727272727272727,32.35456972080114,5.333333333333333,0.981269904256724,66.0,66.0,57.666666666666664,DDD2013J
group3,F,East Midlands Region,A Level or Equivalent,50-60%,0-35,60,0.0,1.0,1.022140221402214,0.1706974654456838,8.606617647058824,0.7536179656239521,1.1169354838709675,0.3902084513397049,9.650602409638552,0.981243229213838,1.441860465116279,1.873824941194005,9.61849710982659,1.0909473151886766,89.0,94.0,95.33333333333331,DDD2013J
group3,M,East Anglian Region,Lower Than A Level,70-80%,0-35,60,0.0,1.0,3.536231884057971,2.7255852590338416,3.642857142857143,0.8170143788172618,4.6923076923076925,4.893126277362375,5.811320754716981,0.9251936567075424,4.959183673469388,3.824042274835347,4.62,0.9794366315082722,60.5,46.0,61.666666666666664,DDD2013J
group3,F,North Western Region,A Level or Equivalent,90-100%,0-35,60,0.0,1.0,2.5353535353535355,2.4549538892262652,3.37,0.7991566758436676,3.803030303030303,5.011432152035206,7.17910447761194,1.1863252955003558,3.3026315789473686,3.559100024227493,5.64935064935065,0.7743476066215775,88.0,84.0,92.33333333333331,DDD2013J
group1,F,East Anglian Region,A Level or Equivalent,80-90%,35-55,60,0.0,0.8333333333333334,2.054263565891473,1.9657619289324713,8.646153846153846,1.0771534223098538,2.5238095238095237,2.682189253975042,14.028301886792454,1.4991324477038035,4.258064516129032,5.577870455240205,8.714285714285714,1.049834723060434,89.5,36.0,69.5,DDD2013J
group1,F,South Region,A Level or Equivalent,60-70%,0-35,120,0.1666666666666666,1.0,2.029850746268657,1.6855881751936983,3.274074074074074,0.9718662808708706,2.870967741935484,2.4593468841898236,9.03191489361702,0.965552687234498,4.366666666666666,4.960749897749593,5.836065573770492,1.3778540864694473,64.0,17.0,50.0,DDD2013J
group1,M,South Region,HE Qualification,70-80%,35-55,60,0.0,1.0,4.114754098360656,4.442590688084818,2.338709677419355,0.7283294128692155,6.605263157894737,7.726890475175815,8.41025641025641,0.9943418899805724,9.333333333333334,16.03438334565325,6.8,1.1961587886860443,75.5,75.0,86.66666666666667,DDD2013J
group3,F,South Region,A Level or Equivalent,90-100%,35-55,60,0.0,1.0,2.3333333333333335,2.084425001338954,3.2033898305084745,0.9038022076843164,2.811111111111111,2.507939950737332,10.483516483516484,1.0824616228574535,3.876923076923077,4.790967061524779,8.863636363636363,1.0123194692722406,93.0,90.0,73.66666666666667,DDD2013J
group1,M,North Region,Lower Than A Level,50-60%,0-35,120,0.3333333333333333,1.0,5.04,4.25685521559409,2.7450980392156863,1.1148807934812892,9.083333333333334,9.54584665735822,6.84,1.6215183756646858,21.0,13.012814197295423,2.25,1.1493422703098446,46.0,48.0,58.333333333333336,DDD2013J
group3,M,London Region,A Level or Equivalent,90-100%,0-35,90,0.0,1.0,1.4345549738219896,0.937330861016858,4.020833333333333,0.7387191110234492,1.946969696969697,1.6591839893529283,6.7669172932330826,0.9875709069713914,1.6687116564417177,1.2768364393640947,3.567073170731707,0.8302045141971838,74.0,79.0,83.66666666666667,DDD2013J
group1,M,London Region,Lower Than A Level,10-20,0-35,60,0.0,1.0,7.757575757575758,7.587120266569783,2.9411764705882355,1.0526157893552612,8.366666666666667,8.864821344576796,9.451612903225806,1.8454730009434936,70.5,2.1213203435596424,2.6666666666666665,0.8838834764831844,80.5,50.0,63.0,DDD2013J
group3,F,South West Region,A Level or Equivalent,90-100%,0-35,60,0.0,1.0,1.8794326241134751,1.4266603224962864,3.3309859154929575,0.7123229933536219,2.417391304347826,2.2202521142430913,10.35344827586207,1.085456286846649,2.3684210526315788,2.289889891446987,6.460869565217391,2.128411168081722,89.5,69.0,92.66666666666669,DDD2013J
group3,F,East Anglian Region,A Level or Equivalent,10-20,0-35,60,0.0,1.0,3.159090909090909,3.8203519234786145,2.741573033707865,0.7567220927915959,3.5,3.722788595875069,8.26027397260274,0.9999106142791216,5.122448979591836,7.067038079060021,4.0,0.8396427811873333,77.5,87.0,81.0,DDD2013J
group3,M,South Region,Lower Than A Level,90-100%,35-55,60,0.0,1.0,2.7311827956989245,2.400814105339363,3.425531914893617,0.6806274549964086,3.3026315789473686,3.784247126680481,7.0,1.016169303319194,3.0238095238095237,2.924661201576106,10.341176470588236,0.7418915675123127,92.0,96.0,90.66666666666669,DDD2013J
group1,F,South Region,Lower Than A Level,50-60%,0-35,120,0.1666666666666666,1.0,4.894736842105263,5.290436825491,2.068965517241379,0.8364940060886402,7.9375,10.009471321155392,4.303030303030303,0.8359246887731787,7.8,7.537357939349992,5.111111111111111,0.5792570693249665,92.0,49.0,75.33333333333333,DDD2013J
group1,F,East Anglian Region,Lower Than A Level,80-90%,0-35,60,0.5,1.0,3.1645569620253164,4.111991157038143,3.1625,0.6917673597532606,4.186440677966102,5.934918807425301,10.75,0.9365098280388416,6.205128205128205,11.462018484817095,9.8,0.9825105328215942,80.5,16.0,45.0,DDD2013J
group3,M,South East Region,A Level or Equivalent,60-70%,0-35,60,0.0,1.0,4.258064516129032,4.234655941937798,2.3333333333333335,0.977889677609056,6.282051282051282,8.9969255507491,11.325,0.9486393784370736,9.384615384615383,13.449392322560668,5.518518518518518,0.8909759342430115,93.0,61.0,80.33333333333333,DDD2013J
group1,M,East Midlands Region,A Level or Equivalent,50-60%,0-35,60,0.5,1.0,4.566666666666666,4.295708014359539,2.1475409836065573,0.7195845974524866,4.716981132075472,4.98990272176864,7.87037037037037,0.7934995415823184,6.209302325581396,6.479117148614514,5.75,1.1807733957009652,52.5,34.0,38.0,DDD2013J
group1,M,East Midlands Region,HE Qualification,30-40%,35-55,60,0.0,1.0,25.2,28.928263764775867,1.7272727272727273,0.4993069989739546,7.545454545454546,10.574411653523889,9.852941176470589,0.9858929210923986,16.75,33.47488882458285,7.076923076923077,0.8173161390046723,58.0,50.0,57.333333333333336,DDD2013J
group1,M,South West Region,A Level or Equivalent,40-50%,0-35,240,0.0,1.0,3.2857142857142856,3.8453542726778314,2.507042253521127,0.7745885200100744,4.384615384615385,6.9229763693049495,6.3584905660377355,0.997050303644596,7.535714285714286,10.38332760070162,2.9655172413793105,0.4808389099566356,78.0,56.0,77.33333333333333,DDD2013J
group3,M,North Western Region,Lower Than A Level,20-30%,0-35,60,0.0,1.0,1.611842105263158,1.0737650667686842,5.006535947712418,0.8020490804201902,1.9291338582677164,1.538815780315916,13.2890625,0.969077091982802,2.0081967213114753,1.815889016338439,12.910569105691057,1.724516428555862,90.0,80.0,90.0,DDD2013J
group3,M,West Midlands Region,A Level or Equivalent,40-50%,0-35,60,0.0,1.0,3.410958904109589,2.5918441334649276,4.797297297297297,1.008454638437522,4.228070175438597,2.921701704851186,8.293103448275861,1.228070945102108,6.485714285714286,6.805583471426577,6.777777777777778,1.1798724075702676,86.0,89.0,91.66666666666669,DDD2013J
group1,M,South West Region,A Level or Equivalent,40-50%,0-35,60,0.0,1.0,5.6,4.788243177541501,4.195652173913044,0.9657480693249786,8.4,7.518253649022124,10.96774193548387,0.9603200158655304,16.733333333333334,17.400602069496113,8.9375,1.132413791706772,72.0,52.0,62.333333333333336,DDD2013J
group3,M,Scotland,A Level or Equivalent,70-80%,35-55,60,0.1666666666666666,1.0,1.510989010989011,0.9386660982891996,4.546448087431694,0.8359493808949433,1.8405797101449275,1.7097674610812372,9.0,0.9106060092177342,2.168067226890756,1.9628728847136128,8.925,0.8571199718663626,89.0,92.0,92.33333333333331,DDD2013J
group1,M,North Western Region,Lower Than A Level,40-50%,35-55,60,0.3333333333333333,1.0,2.135593220338983,1.6377765532099433,2.9243697478991595,0.8767711817304221,2.3551401869158877,2.4155640633841977,9.398148148148149,1.131917662080385,4.537037037037037,7.347732195289694,6.327272727272727,0.735183052549305,64.0,30.0,45.0,DDD2013J
group3,F,Yorkshire Region,A Level or Equivalent,70-80%,0-35,60,0.0,1.0,1.5895953757225434,1.442424621536842,3.82183908045977,0.7665707605712242,1.7191780821917808,1.368327197636647,10.92517006802721,0.9568467035753966,2.9775280898876404,3.319972371496101,7.611111111111111,0.911053007340071,94.0,88.0,88.66666666666667,DDD2013J
group1,F,Scotland,A Level or Equivalent,50-60%,0-35,60,0.0,1.0,6.0,4.643379761526736,2.372093023255814,0.6682507132530184,9.0,6.99205898780101,7.9655172413793105,0.9362666640469776,8.206896551724139,8.247853878195171,8.266666666666667,1.0687842101309235,69.5,17.0,57.0,DDD2013J
group1,M,London Region,A Level or Equivalent,50-60%,0-35,60,1.0,1.0,15.0,20.04162335407655,1.9285714285714288,0.9493337494797256,4.627450980392157,6.062873194496897,8.5,0.7671384907133717,18.3,32.36270143922544,2.909090909090909,0.6789237807000135,37.5,36.0,41.0,DDD2013J
group1,F,East Anglian Region,A Level or Equivalent,60-70%,35-55,60,0.4,0.8333333333333334,3.0121951219512195,3.7001631677035856,6.759036144578313,1.1371431390274234,3.9322033898305087,6.7539628387254895,16.066666666666666,1.336067369009299,6.0,7.968688725254614,8.466666666666667,1.3337336906935788,75.66666666666667,24.0,64.0,DDD2014B
group1,M,West Midlands Region,Lower Than A Level,30-40%,0-35,120,0.6666666666666666,1.0,2.2280701754385963,2.2063267343593154,3.243478260869565,1.2262477856197955,2.7311827956989245,3.237483540150324,13.372340425531917,1.2682346415351344,1.7328767123287672,1.5856733406714048,11.54421768707483,0.9882396199864166,56.666666666666664,43.0,28.0,DDD2014B
group3,F,South Region,A Level or Equivalent,20-30%,0-35,60,0.1666666666666666,1.0,1.945736434108527,1.6022936563689911,3.5384615384615383,0.8116589001128031,3.391891891891892,3.4554605091967545,8.173333333333334,0.911945123837413,2.4038461538461537,2.431665020560619,6.647619047619048,0.8724634300895964,69.0,65.0,85.5,DDD2014B
group3,M,Wales,HE Qualification,30-40%,35-55,150,0.1666666666666666,1.0,2.2857142857142856,2.537745936880688,4.079646017699115,0.9485818617444188,2.8372093023255816,3.858864402039053,16.03448275862069,1.788941419950882,5.191489361702128,8.49459751041889,5.625,1.1604596790352808,94.0,21.0,24.0,DDD2014B
group3,M,Scotland,Post Graduate Qualification,90-100%,35-55,60,0.0,1.0,3.276315789473684,3.880201658713203,1.974025974025974,0.6731134506541402,3.8095238095238098,4.402554767321206,9.84375,1.1156144567117203,5.666666666666667,7.29774916375884,4.621621621621622,1.1661352466272312,96.0,97.0,82.0,DDD2014B
group1,F,North Western Region,Lower Than A Level,10-20,0-35,180,0.5,1.0,4.169491525423729,4.825051517941442,2.95,0.6263547034211124,5.857142857142857,7.70989680286328,6.976744186046512,1.1393467914165163,9.083333333333334,12.914153565713884,3.96,0.6486704791112049,68.33333333333333,20.0,43.0,DDD2014B
group3,M,Wales,Lower Than A Level,30-40%,35-55,60,0.0,1.0,2.898876404494382,2.5047452411746236,1.9,0.710688740369442,5.104166666666667,5.190988850713026,5.775510204081633,1.0331203158076676,6.0,5.979640253474754,3.604651162790698,0.7031962112742561,89.0,81.0,70.5,DDD2014B
group3,M,South Region,A Level or Equivalent,70-80%,0-35,60,0.0,1.0,2.813953488372093,3.0659865619097584,2.32183908045977,0.7108400654625464,3.025,3.201957470918316,11.74074074074074,0.9269403551021104,5.181818181818182,7.173182379846859,6.088888888888889,0.7367744514118167,88.0,84.0,72.5,DDD2014B
group1,F,South West Region,A Level or Equivalent,40-50%,0-35,60,0.0,0.8333333333333334,5.613636363636363,9.793723450633276,4.977777777777778,1.4820083846054366,7.264705882352941,10.841303800405726,17.857142857142858,1.6510108418783929,5.958333333333333,10.68716892868008,10.48,1.1479352662763107,81.66666666666667,24.0,39.0,DDD2014B
group3,M,East Anglian Region,A Level or Equivalent,70-80%,0-35,60,0.0,1.0,2.4019607843137254,2.4056855259846515,3.203883495145631,0.8864037804947013,2.7261904761904763,3.1175801183942324,7.435294117647059,1.076433249346205,5.702702702702703,7.179696932882895,2.8421052631578947,1.2750911100075564,91.33333333333331,91.0,85.0,DDD2014B
group1,M,South East Region,A Level or Equivalent,40-50%,0-35,60,0.0,1.0,1.7762237762237765,1.9443655702306384,8.354166666666666,1.5975347298889655,2.6931818181818183,3.7763874805617847,15.898876404494382,0.8739298166480964,2.289719626168224,2.861617651089375,8.518518518518519,0.9874113106544392,86.0,69.0,77.0,DDD2014B
group1,M,West Midlands Region,A Level or Equivalent,20-30%,0-35,120,0.0,1.0,3.0375,2.999762648838586,3.419753086419753,1.2190518440601417,4.714285714285714,4.368447474027052,11.34,1.0593189274796395,3.609375,3.641110887087001,6.246153846153846,0.7953186333199473,70.33333333333333,31.0,63.0,DDD2014B
group3,F,South West Region,A Level or Equivalent,0-10%,0-35,60,0.0,1.0,2.9176470588235293,2.9204197541819648,2.13953488372093,0.6879670608020287,3.6153846153846154,3.551814270958522,7.227272727272728,0.8480932495830851,2.962962962962963,3.2032969127308677,4.414634146341464,1.0718232044198897,82.33333333333333,78.0,75.5,DDD2014B
group3,F,South Region,A Level or Equivalent,30-40%,0-35,60,0.4,0.8333333333333334,2.205357142857143,2.185696305475292,3.150442477876106,0.7425725303857356,3.0121951219512195,3.1719990286884707,11.819277108433734,0.9573282032136008,3.3529411764705883,3.7247245951776065,8.057971014492754,0.9070135147083356,85.66666666666667,4.0,33.0,DDD2014B
group1,F,Yorkshire Region,Lower Than A Level,40-50%,0-35,60,0.4,0.8333333333333334,4.934782608695652,6.926285436775677,1.872340425531915,0.8142265508033114,7.483870967741935,9.247958216968527,7.09375,0.9882678430372004,8.608695652173912,14.018621156534431,6.458333333333333,1.002452767200661,66.0,28.0,71.0,DDD2014B
group3,M,West Midlands Region,A Level or Equivalent,20-30%,0-35,60,0.0,1.0,2.65625,3.3867485571671376,2.618556701030928,0.9248365859141934,5.923076923076923,6.768287567707971,3.7,0.861479862189688,4.612244897959184,6.220987081814979,3.74,0.7090554188939162,83.0,73.0,64.5,DDD2014B
group1,M,North Region,Lower Than A Level,30-40%,0-35,60,0.0,1.0,2.6736842105263157,2.826327988612809,3.8229166666666665,0.9881620814610844,3.611940298507463,3.923338188562933,10.411764705882351,0.9807509299545212,4.236363636363636,8.60009396237135,7.446428571428571,0.8021179458843799,71.0,35.0,43.0,DDD2014B
group1,M,West Midlands Region,A Level or Equivalent,0-10%,0-35,90,0.5,1.0,4.3559322033898304,5.358727048612503,1.9666666666666663,0.6882691696354898,5.666666666666667,8.805899139163632,11.275,0.8319998409734617,42.75,49.39213837579148,5.6,1.057046327639196,70.66666666666667,57.0,58.5,DDD2014B
group3,F,Scotland,HE Qualification,40-50%,0-35,60,0.0,1.0,2.6041666666666665,2.95395957876584,3.4123711340206184,0.757145749100361,3.84375,4.844302003876503,8.307692307692308,0.8840144124851592,3.08974358974359,3.7734062514649462,9.848101265822784,0.9587103668481932,90.66666666666669,92.0,89.5,DDD2014B
group1,M,South West Region,A Level or Equivalent,10-20,0-35,60,0.0,1.0,5.2105263157894735,7.57363097873084,2.41025641025641,0.6352765373120688,5.5,7.987490219086343,8.621621621621621,1.1429331236929914,38.0,17.339742404853272,3.4,1.269825479113112,47.0,47.0,41.0,DDD2014B
group3,M,South Region,Post Graduate Qualification,90-100%,35-55,60,0.1666666666666666,1.0,1.643835616438356,1.4609384137100905,4.795918367346939,0.9044530447154598,2.7906976744186047,3.3117128288040187,10.781609195402298,0.7421941771031,2.2884615384615383,2.9384398374167877,7.780952380952381,1.1280954076790546,82.66666666666667,72.0,75.0,DDD2014B
group1,F,South West Region,Lower Than A Level,10-20,0-35,60,0.0,1.0,4.886363636363637,5.771686743465332,3.933333333333333,0.9038841780320938,5.525,7.476415910835543,10.097560975609756,0.7658033427308107,9.235294117647058,6.067633514854719,4.722222222222222,0.8754237728134416,76.33333333333333,24.0,42.0,DDD2014B
group3,F,London Region,A Level or Equivalent,10-20,0-35,120,0.1666666666666666,1.0,1.826086956521739,1.4644848798080128,3.0071942446043165,0.7841855661315581,3.142857142857143,3.4171174591054534,7.089743589743589,0.9894541849522388,6.794117647058823,8.190087918145437,3.4857142857142858,1.346260010993299,90.66666666666669,87.0,85.0,DDD2014B
group1,M,East Anglian Region,HE Qualification,20-30%,35-55,60,0.0,1.0,6.0,6.5484618759809905,2.5,0.7086763875156433,5.833333333333333,7.598872096756014,11.45945945945946,0.7814615680065596,19.857142857142858,26.885117143310417,8.75,0.4973398624436917,75.0,25.0,60.0,DDD2014B
group1,F,South West Region,A Level or Equivalent,40-50%,35-55,160,0.5,1.0,3.602941176470588,2.9782279910439033,1.855072463768116,0.6507395132174625,4.518518518518518,3.936959562148209,7.236363636363636,1.0726789525995732,47.4,74.08306149181472,2.6666666666666665,0.8003905296791062,67.66666666666667,38.0,61.5,DDD2014B
group3,M,East Anglian Region,A Level or Equivalent,30-40%,0-35,150,0.2,0.8333333333333334,3.453333333333333,4.150198084928495,2.5526315789473686,0.8172988855867461,6.861111111111111,7.59380491031163,8.91891891891892,0.9065317514269816,5.085106382978723,7.249677015996143,6.520833333333333,0.977943738170346,74.0,53.0,51.0,DDD2014B
group3,M,Scotland,HE Qualification,80-90%,0-35,60,0.0,1.0,3.1463414634146343,4.094928966415408,4.879518072289157,0.9028262622835704,5.020408163265306,8.027270696191325,14.66,1.096051671227335,3.287878787878788,3.9643222391539776,12.28358208955224,0.9260563101872802,84.66666666666667,62.0,72.5,DDD2014B
group1,M,Scotland,A Level or Equivalent,90-100%,0-35,120,0.6666666666666666,1.0,6.314285714285714,6.7900074875269665,3.138888888888889,0.8533745372749838,6.78125,7.856513118877659,18.484848484848484,0.9092584194942182,23.555555555555557,38.506853646822115,10.6,0.7712805070177244,67.0,50.0,20.5,DDD2014B
group1,F,East Midlands Region,Lower Than A Level,50-60%,0-35,60,0.0,1.0,2.619565217391304,2.6801770947898604,4.225806451612903,0.7611928560035525,3.622950819672131,3.9249795516504697,14.5,1.8257803742275949,3.3666666666666667,4.535982941208868,5.655737704918033,0.7271723785574821,72.33333333333333,30.0,43.0,DDD2014B
group1,M,West Midlands Region,Lower Than A Level,60-70%,0-35,120,0.2,0.8333333333333334,3.3157894736842106,4.484671749610487,2.909090909090909,0.8368600966879537,7.814814814814815,9.988597487739696,12.571428571428571,1.0089667716436412,11.38095238095238,12.690453855068348,6.681818181818182,0.7309364739977857,75.33333333333333,68.0,62.0,DDD2014B
group1,F,East Anglian Region,A Level or Equivalent,60-70%,35-55,150,0.0,1.0,1.5087719298245614,1.0702853992806372,3.453488372093023,0.7469816676824577,3.1794871794871793,3.493011909675116,7.253164556962025,0.8229875038430639,2.415841584158416,2.065271540174189,4.382352941176471,1.1396162874603564,80.66666666666667,50.0,43.0,DDD2014B
group3,F,East Anglian Region,Lower Than A Level,70-80%,0-35,60,0.1666666666666666,1.0,2.835294117647059,2.213847431098013,3.488372093023256,0.946478854609136,3.5,3.2498520676391505,11.791044776119405,1.222845085916436,6.416666666666667,8.97735245731486,12.108108108108109,0.7059784785989569,87.66666666666667,79.0,73.5,DDD2014B
group1,M,London Region,A Level or Equivalent,70-80%,0-35,60,0.3333333333333333,1.0,3.3733333333333335,5.7416763098285895,2.223684210526316,0.6630124046266189,6.228571428571429,10.01200959520384,4.25,1.1411360413295264,5.270833333333333,9.054773240656903,3.0,0.6208764195431095,67.0,10.0,31.5,DDD2014B
group3,F,South West Region,A Level or Equivalent,30-40%,0-35,60,0.0,1.0,2.407766990291262,1.93743763064135,3.0576923076923075,0.980950636343846,3.4305555555555554,4.3210144508198605,9.41095890410959,1.176018197122628,4.116666666666666,5.633109345996649,4.967213114754099,1.0546090882141046,91.33333333333331,93.0,97.0,DDD2014B
group1,F,West Midlands Region,A Level or Equivalent,90-100%,0-35,60,0.3333333333333333,1.0,2.7045454545454546,2.2188279546109486,3.3820224719101124,0.7181461006804224,3.5522388059701493,3.1153752733214657,9.426470588235292,0.8820121536523308,5.093023255813954,6.739414816649504,6.590909090909091,0.9253466105108016,90.0,66.0,80.0,DDD2014B
group1,M,North Western Region,A Level or Equivalent,80-90%,0-35,60,0.0,1.0,3.4375,3.4127445548744775,2.6,0.904648391298982,6.875,7.083602145436933,9.969696969696969,0.8516389719665606,7.857142857142857,12.871772981316118,5.413793103448276,0.7412655554637532,70.0,63.0,69.0,DDD2014B
group1,F,East Midlands Region,Lower Than A Level,10-20,35-55,120,0.0,1.0,1.9242424242424243,1.6879510689030273,3.18796992481203,0.7809132862858444,3.0,2.8881591740473973,7.25,0.9453380376541006,3.0121951219512195,3.5918079028311225,4.855421686746988,0.9457708224685158,52.333333333333336,39.0,45.0,DDD2014B
group3,M,South Region,Lower Than A Level,90-100%,0-35,60,0.0,1.0,2.1565217391304348,2.281086630671559,3.75,0.7836450834773594,3.4782608695652173,3.879086822694887,8.457142857142857,0.921275793085199,4.0,6.0435577405973735,4.746031746031746,0.819036163371375,89.66666666666667,81.0,79.5,DDD2014B
group3,M,East Anglian Region,A Level or Equivalent,0-10%,0-35,90,0.1666666666666666,1.0,5.276595744680851,5.531342032531623,2.2708333333333335,0.827470044486413,7.264705882352941,8.342330259184042,6.485714285714286,0.7254157079289758,18.076923076923077,27.20435485500296,3.142857142857143,0.6460304728887226,66.0,39.0,71.0,DDD2014B
group1,M,London Region,A Level or Equivalent,40-50%,0-35,60,0.1666666666666666,1.0,4.6415094339622645,6.11144682486713,2.5185185185185186,0.7707622165516858,7.290322580645161,9.83257697109324,8.0625,0.8737022190506695,5.794871794871795,6.9554200265899695,4.525,0.8104616471865845,78.66666666666667,9.0,27.5,DDD2014B
group3,M,Yorkshire Region,Lower Than A Level,50-60%,0-35,60,0.0,1.0,2.6043956043956045,2.5728458989096143,2.8260869565217392,0.8422286580412918,4.140350877192983,5.180452946589667,8.482758620689655,0.8916998155442828,4.549019607843137,6.096929474711664,9.634615384615383,0.7817703599890362,93.33333333333331,96.0,95.0,DDD2014B
group3,M,South West Region,HE Qualification,70-80%,35-55,60,0.1666666666666666,1.0,2.066666666666667,1.8504295814362517,4.677685950413223,0.8391686796877146,2.4948453608247423,2.5622406833839064,10.33673469387755,1.1618081307454586,3.141025641025641,3.3135861962311286,7.69620253164557,0.9649153957286242,92.33333333333331,85.0,90.0,DDD2014B
group3,F,London Region,A Level or Equivalent,10-20,0-35,130,0.1666666666666666,1.0,4.125,3.8943432168863974,3.245614035087719,0.7961191478600935,4.645833333333333,5.059179915602893,10.346938775510203,0.7390266975413634,10.117647058823527,12.051360674946508,6.388888888888889,1.4337282028147154,69.33333333333333,35.0,67.5,DDD2014B
group1,M,Yorkshire Region,A Level or Equivalent,80-90%,0-35,60,0.0,1.0,2.2612612612612613,2.2831864165985687,3.607142857142857,0.8627507115700774,3.0123456790123457,3.4003449352988215,9.146341463414634,0.9392990294185694,6.909090909090909,7.413516525423496,5.9411764705882355,0.912772486653132,68.0,53.0,61.0,DDD2014B
group1,F,North Region,A Level or Equivalent,0-10%,0-35,60,0.1666666666666666,1.0,5.627906976744186,4.860057102417592,2.159090909090909,0.711675483953068,7.193548387096774,8.427808552004922,8.65625,0.8724743759601837,13.117647058823527,10.403619279733714,4.277777777777778,0.7004564446837299,63.666666666666664,59.0,56.0,DDD2014B
group3,M,Ireland,A Level or Equivalent,40-50%,0-35,60,0.0,1.0,2.7444444444444445,2.5019592821802457,3.131868131868132,0.7909615609041613,3.6865671641791047,4.1931002315993835,11.985294117647058,1.0243238448261265,7.966666666666667,13.548083802244644,4.806451612903226,0.8625662523049071,90.0,46.0,66.5,DDD2014B
group1,M,North Region,A Level or Equivalent,40-50%,0-35,120,0.0,0.6666666666666666,4.189655172413793,4.382808906865047,1.9830508474576272,0.7513593496012276,9.5,9.797958971132712,5.8,0.9789703149364408,9.6,16.32993161855452,4.884615384615385,1.0114662852157217,38.5,65.0,48.0,DDD2014B
group3,M,Yorkshire Region,A Level or Equivalent,40-50%,0-35,90,0.0,1.0,5.644444444444445,6.1168751512648685,3.3043478260869565,0.9163413340252712,10.25,7.719258806500733,13.08,1.349195826200691,8.482758620689655,9.556675638582892,5.1,1.1222243158552383,88.66666666666667,85.0,89.0,DDD2014B
group1,M,South East Region,Lower Than A Level,30-40%,35-55,60,0.0,1.0,10.095238095238097,12.7550176867959,3.5454545454545454,0.5493406483494501,10.6,13.291865339768014,11.0,0.6501294031576014,12.727272727272728,10.393179581734447,4.833333333333333,0.8268675040194345,65.66666666666667,33.0,28.5,DDD2014B
group1,F,South East Region,A Level or Equivalent,70-80%,35-55,120,0.3333333333333333,1.0,2.1333333333333333,1.8007156996073324,4.1652892561983474,0.7730918527895533,2.4356435643564356,1.920499110044878,11.862745098039216,1.1649574581845568,4.241379310344827,5.968661858399694,11.40677966101695,0.9810279011652908,83.66666666666667,37.0,70.0,DDD2014B
group1,F,West Midlands Region,HE Qualification,20-30%,0-35,120,0.0,1.0,2.606060606060606,2.641189364963359,2.82,0.6753992721733352,3.3466666666666667,4.360428113538088,7.052631578947368,0.8788561086443516,5.5476190476190474,7.265697492082754,5.0,1.5965078168622682,72.0,61.0,66.5,DDD2014B
group1,F,South West Region,Lower Than A Level,60-70%,0-35,60,0.5,1.0,2.7241379310344827,2.9754407731808907,2.5568181818181817,0.6588429813499376,2.9452054794520546,2.8814078877391025,10.932432432432432,0.9368556517715396,12.105263157894736,16.003106423587838,6.9,0.9764072616058824,65.66666666666667,64.0,35.0,DDD2014B
group1,M,Yorkshire Region,Lower Than A Level,30-40%,0-35,120,0.6666666666666666,1.0,3.727272727272727,5.012432096744605,2.9402985074626864,0.777064353020448,4.315789473684211,6.130013676099992,9.362068965517242,0.7838405564881495,8.703703703703704,9.658853311519296,7.5,0.7350628954840942,73.33333333333333,31.0,48.0,DDD2014B
group1,F,East Anglian Region,A Level or Equivalent,60-70%,0-35,60,0.1666666666666666,1.0,10.130434782608695,8.214755835612838,2.5416666666666665,1.1010488268988188,4.576923076923077,4.420745007952773,11.358490566037736,0.775115879646713,33.285714285714285,31.53154127596834,3.375,1.3245596105368642,31.0,33.0,39.5,DDD2014B
group3,F,East Anglian Region,A Level or Equivalent,90-100%,0-35,60,0.1666666666666666,1.0,5.818181818181818,6.229236122017513,2.3555555555555556,1.1605690898509875,3.1604938271604937,3.211139946045084,11.768292682926829,2.2853519126502344,1.6308724832214765,1.430124702975945,9.82,1.1127987270432862,80.66666666666667,35.0,81.5,DDD2014B
group3,M,London Region,Lower Than A Level,10-20,55<=,60,0.0,0.8333333333333334,9.12,8.828552165181634,4.038461538461538,0.5887070270676417,10.857142857142858,10.091014390464986,18.045454545454547,1.1279713977498298,14.733333333333333,18.425396551912744,6.6875,0.9274023483529852,74.66666666666667,60.0,82.0,DDD2014B
group3,M,South East Region,A Level or Equivalent,80-90%,0-35,120,0.0,1.0,3.578125,2.665503838730253,2.1846153846153844,0.7266158825307109,4.017543859649122,3.902797659876161,6.931034482758621,0.7704056806317594,4.804347826086956,6.868994961960565,4.8936170212765955,0.9179783821086984,87.0,85.0,89.0,DDD2014B
group3,F,Yorkshire Region,A Level or Equivalent,50-60%,0-35,60,0.1666666666666666,1.0,1.4293785310734464,1.5727928828968585,3.404494382022472,0.6659146822517011,1.7943262411347518,2.182782400307506,8.084507042253522,0.7995376931511662,1.9655172413793105,2.431428402803796,7.367521367521367,0.7766992455345938,97.66666666666669,93.0,94.0,DDD2014B
group1,M,East Midlands Region,HE Qualification,80-90%,0-35,120,0.6666666666666666,1.0,12.058823529411764,11.787019280946806,2.8333333333333335,0.8901615264953856,12.444444444444445,11.551532733656256,8.31578947368421,1.2012985016429811,57.666666666666664,13.316656236958789,11.5,0.7838154946660846,65.33333333333333,57.0,58.5,DDD2014B
group1,M,South Region,A Level or Equivalent,70-80%,35-55,60,0.0,1.0,1.8214285714285712,1.528001738025195,2.49645390070922,0.8421654466093997,2.110091743119266,1.3966855576903563,9.327272727272728,1.3075854263866984,3.7384615384615385,4.430987908599373,6.742424242424242,0.8760385291800835,76.33333333333333,71.0,51.5,DDD2014B
group3,M,East Midlands Region,A Level or Equivalent,80-90%,0-35,60,0.0,1.0,1.8088235294117647,1.6353262484892188,5.211678832116788,1.0775743256756147,3.816666666666667,5.444610666588978,8.229508196721312,0.9865446090022184,5.45,11.716632928426458,4.097560975609756,0.7347273392480701,89.0,85.0,88.5,DDD2014B
group1,F,South West Region,Lower Than A Level,80-90%,0-35,120,0.3333333333333333,1.0,4.685185185185185,5.39679875088114,4.6,0.7739974195688425,6.4324324324324325,8.039971463950675,13.973684210526317,0.8224409697862747,8.576923076923077,9.936490635724777,12.851851851851851,0.6861210915944838,71.66666666666667,22.0,47.0,DDD2014B
group3,F,London Region,A Level or Equivalent,90-100%,35-55,120,0.0,1.0,1.6282051282051282,1.8878830906871753,3.4522292993630574,0.7628565637421899,2.093220338983051,2.4107568345103463,6.159663865546219,1.021142102296398,2.489795918367347,3.5150483505031507,6.484848484848484,1.0302228257329544,90.33333333333331,90.0,87.5,DDD2014B
group3,M,South East Region,Lower Than A Level,30-40%,0-35,60,0.1666666666666666,1.0,1.8057553956834531,1.517423912767792,2.607142857142857,0.7802930196228424,2.9761904761904763,3.67989061674848,5.635294117647059,1.1422200134645686,3.05,3.3636177028064456,5.345679012345679,1.193716157307996,82.66666666666667,56.0,75.0,DDD2014B
group3,M,Scotland,HE Qualification,60-70%,35-55,120,0.3333333333333333,1.0,1.727891156462585,1.2957138146372462,5.385135135135135,0.9698497430651596,2.152542372881356,2.54406337152991,12.605042016806722,0.9890147735105996,1.9516129032258065,1.518743804348445,14.984,0.8079849832072948,89.66666666666667,26.0,88.0,DDD2014B
group1,M,West Midlands Region,A Level or Equivalent,70-80%,0-35,180,0.0,1.0,5.170212765957447,5.802245251085697,2.6458333333333335,0.6747346964057954,5.7560975609756095,7.02417428529816,9.19047619047619,0.9285170704802144,9.2,9.331845119446278,7.1923076923076925,0.8588341845757201,72.33333333333333,90.0,62.5,DDD2014B
group1,M,South West Region,Lower Than A Level,30-40%,0-35,60,0.1666666666666666,1.0,4.321428571428571,5.960802700238353,2.543859649122807,0.800118897228865,4.607843137254902,5.65005639395767,10.365384615384617,1.033025384918082,2.256880733944954,2.350743261990141,6.709090909090909,1.1444178444139548,61.0,20.0,42.0,DDD2014B
group3,M,South Region,A Level or Equivalent,80-90%,0-35,120,0.0,1.0,7.5625,6.652370423996585,2.0,0.6513389472789296,11.0,12.20070255588353,6.826086956521739,0.8350510377871281,15.928571428571429,18.499331737262153,7.0,0.946170225296746,76.66666666666667,71.0,71.5,DDD2014B
group1,M,West Midlands Region,Lower Than A Level,40-50%,35-55,60,0.6666666666666666,1.0,6.861111111111111,9.780893262676626,4.243243243243243,1.1511582519829158,9.5,11.420157617125955,7.962962962962963,0.9609576978897592,13.22222222222222,24.296103671057445,7.947368421052632,0.9340331238285554,70.33333333333333,36.0,76.5,DDD2014B
group3,M,East Midlands Region,A Level or Equivalent,50-60%,0-35,180,0.1666666666666666,1.0,7.484848484848484,6.833379526820954,2.6176470588235294,0.8236039363733,8.25925925925926,7.29379395098533,11.428571428571429,0.9019077003773722,50.75,73.73092973779728,3.8,1.216233685083299,62.0,31.0,50.0,DDD2014B
group3,F,London Region,A Level or Equivalent,30-40%,0-35,120,0.0,1.0,2.9876543209876543,3.072026314830709,2.3902439024390243,0.8048944405271438,3.3768115942028984,3.0779168340796117,6.1,1.1535972672007673,12.63157894736842,14.024623291893873,3.6,1.1055415967851334,74.0,52.0,57.5,DDD2014B
group3,F,East Midlands Region,A Level or Equivalent,80-90%,0-35,120,0.0,1.0,7.529411764705882,8.659327757929672,2.8857142857142857,0.5417569909031467,8.75,9.379350842261005,13.172413793103448,1.1247957274897789,11.4,15.91556669295488,9.285714285714286,0.9353879891976942,91.66666666666669,71.0,95.0,DDD2014B
group1,M,Wales,A Level or Equivalent,70-80%,0-35,60,0.6666666666666666,1.0,8.517241379310345,9.814787275386244,1.8666666666666667,0.6595066183078353,9.38095238095238,10.915476125557651,5.136363636363637,0.7148448859028101,36.0,23.53720459187964,3.8,0.9618772043419508,62.666666666666664,37.0,39.0,DDD2014B
group1,M,North Western Region,A Level or Equivalent,20-30%,35-55,60,0.3333333333333333,1.0,3.0123456790123457,2.6386257178713968,3.317073170731707,0.608208697791477,3.0259740259740258,2.7861217431651335,11.166666666666666,0.8949960182865456,6.9393939393939394,9.048271222792346,5.882352941176471,0.809814793641114,86.33333333333333,29.0,60.0,DDD2014B
group3,M,South East Region,A Level or Equivalent,50-60%,0-35,240,0.3333333333333333,1.0,3.9833333333333334,3.572454251425912,3.4098360655737703,1.1016436415727873,10.764705882352942,9.575550974778851,12.5,1.151076790565155,14.25,16.699301382592825,9.705882352941176,0.8804790414973374,86.33333333333333,81.0,81.0,DDD2014B
group3,M,North Western Region,Lower Than A Level,10-20,0-35,60,0.1666666666666666,1.0,1.5389221556886228,1.283577938899333,4.238095238095238,0.7191230684853774,1.9444444444444444,1.9730405188157916,7.094488188976378,0.9395652449358902,2.405940594059406,2.4420410226766553,4.519607843137255,0.7719082155491015,95.0,93.0,91.0,DDD2014B
group3,M,Yorkshire Region,No Formal quals,30-40%,0-35,60,0.0,1.0,1.188073394495413,0.883251718523695,11.776255707762555,0.699912138700886,1.2274881516587677,0.9182814402079444,8.910377358490566,0.91873805328327,1.4034090909090908,1.44688424760726,9.796610169491526,0.8376990403692757,94.66666666666669,87.0,93.5,DDD2014B
group1,F,Yorkshire Region,Lower Than A Level,0-10%,0-35,180,0.3333333333333333,1.0,1.4853801169590644,0.9289888566810868,3.976744186046512,0.8857188008578598,2.1551724137931036,1.927392689285358,14.52991452991453,0.9466835208142766,2.2477064220183487,1.732884361205394,6.4363636363636365,0.9578687427452603,45.333333333333336,42.0,56.0,DDD2014B
group1,M,East Anglian Region,Lower Than A Level,60-70%,0-35,180,0.3333333333333333,1.0,4.959183673469388,6.806734360400825,2.16,0.7599364640253032,5.4,7.664558339881989,9.021739130434783,1.1000864321603343,16.692307692307693,20.61708278501356,6.642857142857143,1.0469938357190844,67.33333333333333,42.0,47.5,DDD2014B
group3,M,South East Region,A Level or Equivalent,90-100%,35-55,60,0.0,1.0,1.0889830508474576,0.3754790184930777,6.8354430379746836,0.8079523022587375,1.1077586206896552,0.4477265055085368,10.23175965665236,1.2286668850059264,1.7832167832167831,2.0075205790251056,11.4375,0.9645991179532272,98.66666666666669,94.0,99.0,DDD2014B
group3,M,South West Region,A Level or Equivalent,30-40%,0-35,120,0.6666666666666666,1.0,1.548780487804878,1.131288846663956,3.187878787878788,0.8936655516646907,3.0123456790123457,3.871349335698388,7.365853658536586,1.030120688964089,3.3472222222222223,5.840990949647621,4.712328767123288,1.218026724755009,87.33333333333333,28.0,73.0,DDD2014B
group3,M,South West Region,A Level or Equivalent,20-30%,0-35,60,0.1666666666666666,1.0,3.950819672131148,4.81118914444304,3.1129032258064515,0.9742172779618108,4.634615384615385,5.854540206168288,8.716981132075471,0.9318125254364726,10.347826086956522,12.104126627845766,6.75,1.1325099889941226,91.33333333333331,77.0,59.5,DDD2014B
group1,F,London Region,Lower Than A Level,20-30%,0-35,60,0.1666666666666666,1.0,2.215686274509804,1.5455298106640745,3.0097087378640777,0.7269023983824743,2.1523809523809523,1.801606934319344,7.886792452830188,1.0825352242986166,4.166666666666667,5.1790631426408575,6.163265306122449,0.9742529938886758,63.666666666666664,19.0,56.5,DDD2014B
group1,M,East Anglian Region,HE Qualification,80-90%,35-55,120,0.0,1.0,5.145833333333333,7.629700039650017,2.795918367346939,0.8457079333115468,5.130434782608695,7.025694732439629,10.4468085106383,0.9361858879203752,12.0,21.278575558006175,7.4,1.0873131183725102,69.66666666666667,57.0,57.5,DDD2014B
group3,M,South Region,Lower Than A Level,90-100%,0-35,60,0.0,1.0,3.923076923076923,3.882282239175223,3.090909090909091,1.2322558340700889,3.036144578313253,3.27013754888052,10.023809523809524,1.0984637550583158,10.416666666666666,12.175944447491776,5.32,1.0097607196511005,81.0,65.0,54.0,DDD2014B
group3,F,East Anglian Region,A Level or Equivalent,40-50%,0-35,60,0.0,1.0,1.7379310344827583,1.7560241142009332,3.280821917808219,0.7789294847486847,2.376146788990826,3.129279265101506,8.136363636363637,0.8992747685724829,2.0161290322580645,2.245080877344276,7.456,0.8310264200104601,93.0,44.0,91.0,DDD2014B
group1,M,North Region,A Level or Equivalent,60-70%,0-35,120,0.1666666666666666,1.0,5.020408163265306,4.441704796201413,2.94,0.7308098391260803,6.15,7.371288722869117,11.146341463414634,1.0249393157219704,23.444444444444443,38.363756043664154,3.0,0.7888106377466154,28.333333333333332,0.0,29.0,DDD2014B
group3,F,Wales,A Level or Equivalent,50-60%,35-55,120,0.0,1.0,1.3891891891891892,0.833987209194411,5.059139784946237,0.8002012494740312,1.992248062015504,1.7207198894603668,10.0,1.0756035872583714,1.950413223140496,1.4880145590093168,5.811475409836065,0.9074111285655564,95.33333333333331,91.0,92.0,DDD2014B
group3,F,Yorkshire Region,A Level or Equivalent,10-20,0-35,60,0.3333333333333333,1.0,4.25,4.2291362262687855,3.1311475409836067,0.8873998047220231,6.219512195121951,6.9552577059443,8.642857142857142,0.933445373339662,8.821428571428571,10.107033016771858,8.03448275862069,0.9259252573501664,84.66666666666667,90.0,85.0,DDD2014B
group3,F,London Region,A Level or Equivalent,60-70%,0-35,120,0.0,1.0,2.5670103092783507,2.401853522520183,3.63265306122449,1.5429507061817802,3.727272727272727,3.4263479303567728,13.119402985074627,0.9887981925817828,3.696969696969697,3.4012201293504027,7.417910447761194,1.1615741390914185,87.66666666666667,72.0,87.0,DDD2014B
group1,M,East Midlands Region,A Level or Equivalent,30-40%,0-35,60,0.0,1.0,4.592592592592593,4.599091454651232,2.2,0.6153557179830176,5.4772727272727275,6.582176908449258,7.666666666666667,0.6951084831899597,9.708333333333334,9.67057017637698,2.56,0.6906886282906357,73.33333333333333,57.0,66.0,DDD2014B
group3,M,East Anglian Region,Lower Than A Level,20-30%,0-35,60,0.0,1.0,1.559748427672956,1.704763226324931,3.39375,0.8360856231283148,1.9140625,2.099971292454699,7.968992248062016,0.86063714841442,2.8846153846153846,3.486451585114106,4.177215189873418,0.7942169304407419,87.0,91.0,90.0,DDD2014B
group3,M,London Region,A Level or Equivalent,60-70%,0-35,60,0.0,1.0,2.279279279279279,2.1832884753849107,2.1964285714285716,0.8067646445021902,2.869047619047619,4.766296741099019,7.470588235294118,1.369807195463473,3.2,3.4718948794648226,5.078947368421052,1.1277854036900326,86.66666666666667,82.0,72.5,DDD2014B
group3,F,South East Region,A Level or Equivalent,70-80%,0-35,120,0.0,1.0,2.094017094017094,2.0042321858701126,3.305084745762712,0.7744099151184685,2.5,2.3885692700641403,9.329896907216495,0.8250392988411747,2.9367088607594938,3.3102086546361655,7.7625,0.8921138608286813,95.33333333333331,96.0,90.5,DDD2014B
group1,M,Wales,Lower Than A Level,70-80%,35-55,60,0.0,1.0,2.689655172413793,2.8745488820091656,3.625,0.8526127127874074,3.0789473684210527,3.9285727956251897,7.766233766233766,1.1299622015882451,4.66,9.117397587881651,4.882352941176471,0.9228213086808076,75.33333333333333,53.0,59.0,DDD2014B
group3,M,East Anglian Region,A Level or Equivalent,40-50%,0-35,60,0.1666666666666666,1.0,2.227722772277228,2.6072252995044827,3.4705882352941178,0.7609521445109122,3.217391304347826,4.880542295137822,6.9,0.9688489804845374,3.559322033898305,5.018143585996574,6.05,1.0460015555195443,59.666666666666664,55.0,50.5,DDD2014B
group3,M,West Midlands Region,A Level or Equivalent,20-30%,0-35,60,0.3333333333333333,1.0,5.333333333333333,6.629822430091583,2.847826086956522,0.6867259748515896,4.877551020408164,6.0402561102614705,6.9,1.0166643424519175,6.257142857142857,6.942379898526311,3.75,0.5908771466803703,82.66666666666667,78.0,75.0,DDD2014B
group1,F,South West Region,A Level or Equivalent,20-30%,0-35,60,0.0,1.0,4.666666666666667,3.581433604950212,2.5576923076923075,0.7489793684801705,4.673076923076923,4.488421504472363,6.6415094339622645,1.493442968722423,3.026666666666667,3.1277888456644676,6.605263157894737,0.9339294675770348,58.0,35.0,49.5,DDD2014B
group1,F,Wales,Lower Than A Level,20-30%,0-35,60,0.0,1.0,2.073170731707317,2.291004260099069,3.129032258064516,0.8808251283832508,2.510204081632653,3.130313702402219,7.3232323232323235,1.0381030903331971,4.157894736842105,5.963548421404499,6.0,0.7847932104330174,39.0,18.0,47.0,DDD2014B
group1,M,North Region,Lower Than A Level,50-60%,0-35,60,0.6,0.8333333333333334,5.282051282051282,6.345112988702896,3.375,0.8905848019349902,7.125,10.257176873748197,11.181818181818182,0.8259671794735002,20.545454545454547,26.51551861217742,4.75,0.9916549306008828,65.66666666666667,31.0,78.0,DDD2014B
group1,M,Ireland,A Level or Equivalent,70-80%,0-35,60,0.6,0.8333333333333334,3.5,4.884039941876617,3.194029850746269,0.8488224825913673,4.166666666666667,6.039961264401593,8.981818181818182,0.8930865760109594,34.833333333333336,53.458083267796525,3.857142857142857,0.6415002990995842,64.0,24.0,54.0,DDD2014B
group1,M,Wales,A Level or Equivalent,40-50%,0-35,120,0.4,0.8333333333333334,3.5833333333333335,4.1984235807479315,3.2054794520547945,0.8546794869123865,5.634146341463414,6.99198147008763,12.095238095238097,0.7898878071254777,7.266666666666667,9.62372547166756,3.032258064516129,0.5951744991786962,54.0,54.0,39.0,DDD2014B
group3,M,East Anglian Region,A Level or Equivalent,60-70%,0-35,180,0.0,1.0,1.8623188405797104,1.5051833992845718,3.5467625899280577,0.8490291679811799,3.535211267605634,3.831564342650562,9.666666666666666,1.0559553101919008,2.342857142857143,2.060753089698835,4.320754716981132,0.8598518295941628,79.33333333333333,79.0,88.0,DDD2014B
group3,M,South East Region,A Level or Equivalent,60-70%,0-35,120,0.8333333333333334,1.0,3.4166666666666665,2.9154759474226504,3.1095890410958904,1.016333071175174,5.7317073170731705,5.010111726518194,10.071428571428571,1.065742960541974,5.0,4.413418274938963,6.0625,1.5725733231095391,99.66666666666669,100.0,99.5,DDD2014B
group3,M,South Region,A Level or Equivalent,60-70%,0-35,60,0.1666666666666666,1.0,1.263959390862944,0.8089868685241591,5.237373737373737,0.7716375148368518,2.024390243902439,2.0544370799111555,12.201612903225806,1.0149715656328415,1.662162162162162,1.3877699727743316,7.261744966442953,1.0602660950979554,95.0,93.0,90.5,DDD2014B
group1,F,West Midlands Region,Lower Than A Level,0-10%,0-35,60,0.3333333333333333,1.0,2.9651162790697674,3.269997929190223,3.2413793103448274,0.9225312080288852,3.573529411764706,3.872274877958087,8.608695652173912,0.9934143586048014,7.15625,8.413159335231919,6.0606060606060606,1.0529482418428742,64.0,21.0,32.5,DDD2014B
group3,F,South East Region,A Level or Equivalent,90-100%,0-35,60,0.0,1.0,2.3271028037383177,1.8570401532657077,2.9444444444444446,1.0648264950582993,2.9047619047619047,3.0561770261090584,9.058823529411764,0.9329069615384096,3.476923076923077,4.984688093011978,5.015151515151516,0.8736343160879477,87.66666666666667,78.0,87.0,DDD2014B
group3,F,Scotland,Lower Than A Level,70-80%,0-35,75,0.0,1.0,1.4342857142857144,1.1167334489747824,4.681818181818182,0.8053572158209898,2.205357142857143,1.9825290648365017,9.964601769911503,1.062641351378236,1.5838926174496644,1.279255860240102,10.06,0.9679976075473884,85.66666666666667,85.0,77.0,DDD2014B
group3,M,Wales,A Level or Equivalent,30-40%,0-35,60,0.0,1.0,1.946969696969697,1.682030733484883,4.030075187969925,0.8316083542688412,2.238532110091743,2.2148450433583435,10.309090909090909,0.9513859195519786,4.377358490566038,5.95891838112079,4.611111111111111,1.1341311421193936,82.0,85.0,73.0,DDD2014B
group3,M,Scotland,A Level or Equivalent,90-100%,0-35,60,0.0,1.0,3.5970149253731343,3.0154134421413232,2.5441176470588234,0.9567303458443036,4.509433962264151,3.890929498943338,8.944444444444445,0.9396963361215216,6.2105263157894735,5.6528294505129075,6.9743589743589745,1.0503773625731985,91.33333333333331,83.0,86.5,DDD2014B
group3,M,Wales,HE Qualification,70-80%,35-55,60,0.0,1.0,1.841726618705036,1.6561654366960448,5.3,1.014490947831703,3.0843373493975905,3.1086222313897274,14.392857142857142,1.1022668417849075,3.5714285714285716,3.8167116454716736,7.084507042253521,1.05036427073728,94.0,73.0,85.5,DDD2014B
group3,M,West Midlands Region,A Level or Equivalent,50-60%,0-35,60,0.0,1.0,2.0847457627118646,1.7810794344736476,3.605042016806723,0.7748049781518623,2.6,2.429429492612302,7.875,1.1666036768079882,4.032786885245901,4.266017710209972,4.919354838709677,0.8541282522065495,89.66666666666667,90.0,72.5,DDD2014B
group3,M,East Anglian Region,HE Qualification,90-100%,35-55,60,0.0,1.0,2.8850574712643677,3.3737195240403723,3.886363636363636,0.7674644904661049,4.0,4.69041575982343,10.419354838709678,1.5422214588545085,6.96969696969697,6.583525121870732,5.588235294117647,1.2758137916737424,83.33333333333333,70.0,90.0,DDD2014B
group1,F,East Anglian Region,Lower Than A Level,40-50%,0-35,60,0.6666666666666666,1.0,5.863636363636363,7.144980052996418,2.311111111111111,0.7114085120420736,6.972972972972973,9.20291767287384,5.394736842105263,0.718598013700614,11.095238095238097,14.240452106252674,4.363636363636363,0.9128709291752768,57.0,21.0,32.5,DDD2014B
group3,M,South Region,Lower Than A Level,50-60%,35-55,120,0.0,0.8333333333333334,2.1779661016949152,2.7506995409628163,3.8403361344537816,0.7966972605108879,3.3513513513513513,5.245826605881169,10.12,1.385464297165685,2.473684210526316,3.0730195326669003,7.552083333333333,1.0306236062869458,89.66666666666667,48.0,93.0,DDD2014B
group3,M,East Anglian Region,A Level or Equivalent,30-40%,0-35,60,0.0,1.0,3.4,2.95003435619023,2.513157894736842,0.9431497956127896,5.627906976744186,5.075727748965348,7.590909090909091,0.9718509376662908,5.714285714285714,6.685571337701682,5.186046511627907,0.7816080465105034,84.33333333333333,71.0,84.0,DDD2014B
group1,F,West Midlands Region,A Level or Equivalent,40-50%,0-35,60,0.5,1.0,5.857142857142857,5.247863344868191,3.488372093023256,0.8349051842375077,10.125,11.402945843642486,5.8,0.8682536766906326,7.709677419354839,8.242950719198786,7.09375,0.8504713057514047,69.66666666666667,28.0,42.0,DDD2014B
group3,F,Scotland,HE Qualification,70-80%,0-35,60,0.0,1.0,1.9037037037037037,2.4884031745909945,4.147058823529412,0.7106014910981738,2.627659574468085,3.3950756323727163,7.505263157894737,0.7487116887361084,2.238532110091743,3.0819038204787668,6.963636363636364,0.9420523291854094,75.0,72.0,73.0,DDD2014B
group3,M,Wales,HE Qualification,90-100%,35-55,60,0.0,1.0,1.976923076923077,1.5772873613877592,4.786259541984733,0.8724039198768404,2.3363636363636364,1.803550386042993,12.117117117117116,1.2263768674895916,3.289473684210526,2.5235730725761796,4.7272727272727275,0.7949013346750222,96.66666666666669,89.0,97.5,DDD2014B
group3,F,East Midlands Region,A Level or Equivalent,40-50%,0-35,60,0.0,1.0,1.7586206896551724,1.8644177750297128,2.8972602739726026,0.909366878155534,2.42,2.4829926550943573,6.118811881188119,0.879434579765991,2.950617283950617,3.361179980928949,4.646341463414634,0.9268511484803998,86.66666666666667,43.0,80.5,DDD2014B
group3,F,Scotland,HE Qualification,90-100%,35-55,60,0.0,1.0,2.8850574712643677,2.6388214747739975,5.193181818181818,0.7092112677922747,3.297297297297298,3.195586552927783,9.653333333333334,0.8792431902778375,2.9047619047619047,2.67347095188623,6.952941176470588,1.016488220055116,82.0,89.0,85.5,DDD2014B
group3,M,East Anglian Region,HE Qualification,90-100%,0-35,60,0.0,1.0,3.71875,2.739880370462266,2.9384615384615387,0.8116703117258205,3.901639344262295,3.744796024853631,8.96774193548387,0.994355479038902,8.76923076923077,8.80139849027502,3.3333333333333335,0.725718035235908,75.0,64.0,67.0,DDD2014B
group1,F,East Anglian Region,HE Qualification,30-40%,35-55,120,0.0,1.0,2.1416666666666666,2.1195204520784205,3.5785123966942147,0.9678630876965242,2.4257425742574257,3.1475277112472426,49.1764705882353,7.935843275602254,4.288135593220339,5.44581727332096,5.65,0.8122492665207717,73.33333333333333,52.0,54.5,DDD2014B
group1,F,South Region,A Level or Equivalent,60-70%,0-35,60,0.0,1.0,1.443181818181818,1.2269167352859258,3.310734463276836,0.991671687765709,2.8275862068965516,3.0354758890981013,9.25,1.047164531491119,1.7785714285714285,1.6051529304440284,8.375886524822695,1.0485179006234584,68.33333333333333,20.0,40.0,DDD2014B
group3,M,East Anglian Region,Lower Than A Level,80-90%,55<=,60,0.0,1.0,1.69281045751634,1.3826035972969049,3.655844155844156,0.8998880122255363,2.034782608695652,1.706182950138704,19.396551724137932,1.078295499937371,6.2,7.208257373247321,3.024390243902439,0.8808430594137514,91.33333333333331,83.0,84.5,DDD2014B
group3,M,South Region,HE Qualification,70-80%,0-35,60,0.1666666666666666,1.0,2.6597938144329896,2.798387176639075,2.5510204081632653,1.0946853429182286,3.691176470588235,3.6864307574654585,9.36231884057971,1.0474741620755406,2.134453781512605,2.610033994674059,4.566666666666666,1.466426809281162,90.0,91.0,87.0,DDD2014B
group3,M,South Region,A Level or Equivalent,90-100%,35-55,60,0.0,1.0,2.9176470588235293,3.5597343557452956,4.244186046511628,0.8089989273184028,3.6515151515151514,4.449692899489458,17.955223880597014,1.1846760212600824,4.75,5.221266887162227,6.822222222222222,1.063885735337802,92.66666666666669,94.0,92.5,DDD2014B
group1,M,West Midlands Region,Lower Than A Level,40-50%,0-35,60,0.0,1.0,2.0083333333333333,1.989450468161021,3.041322314049587,0.798043744744309,2.295238095238095,3.3481447489726697,6.839622641509434,0.962340587042695,3.6,4.030353582503649,4.196969696969697,0.9790850662180822,83.33333333333333,73.0,74.5,DDD2014B
group3,M,London Region,A Level or Equivalent,30-40%,0-35,90,0.0,1.0,3.5942028985507246,4.180904913939474,2.642857142857143,0.8413179684472099,3.84375,5.219678120587484,6.030769230769231,0.7154054634211833,10.25,14.528083748082686,4.92,1.1366423564110797,74.66666666666667,78.0,66.5,DDD2014B
group3,M,North Western Region,A Level or Equivalent,20-30%,35-55,60,0.0,1.0,1.040485829959514,0.2171053254974859,2.5120967741935485,0.805706544593574,1.0532786885245902,0.2590531750963325,3.963265306122449,1.4542548325545397,2.1636363636363636,3.906069783165571,5.774774774774775,1.016045060690456,76.0,65.0,64.0,DDD2014B
group3,M,Scotland,HE Qualification,80-90%,0-35,60,0.0,1.0,1.75,2.8281264681283065,5.416107382550336,0.7857000422250757,2.0234375,3.653204490742491,6.0852713178294575,1.4777816805204198,2.134453781512605,3.5508995512187824,8.383333333333333,0.8622617298021287,93.0,49.0,58.5,DDD2014B
group3,F,East Midlands Region,Lower Than A Level,50-60%,0-35,60,0.0,1.0,3.103896103896104,2.980570484004061,2.076923076923077,0.6711100209840435,2.9305555555555554,3.813712799990814,5.0,1.070654645468376,15.428571428571429,25.27605825438612,8.4,0.6815237917786826,73.33333333333333,33.0,66.0,DDD2014B
group3,M,North Western Region,Lower Than A Level,0-10%,0-35,60,0.0,1.0,1.2722772277227723,0.6911838300637031,3.7339901477832513,0.7312897077755407,1.494047619047619,0.9969836172416222,9.627218934911244,0.9697940214633236,2.6451612903225805,4.684955480486175,4.446808510638298,1.229367156211257,81.0,86.0,83.0,DDD2014B
group1,M,North Western Region,Lower Than A Level,30-40%,0-35,60,0.0,1.0,6.861111111111111,8.061027151062,2.6486486486486487,0.7034158342699627,9.5,11.064357188738985,9.88888888888889,0.7569065075550243,18.923076923076923,18.20925377594928,4.214285714285714,0.6353106716607223,61.666666666666664,29.0,37.0,DDD2014B
group1,M,North Western Region,HE Qualification,90-100%,35-55,60,0.1666666666666666,1.0,3.6153846153846154,4.0915015111062365,1.7121212121212122,0.6248188710833223,6.1891891891891895,9.734925206120938,6.921052631578948,1.126714198387177,13.058823529411764,17.62622544759404,2.7222222222222223,0.5847570931385471,72.66666666666667,0.0,43.5,DDD2014B
group3,F,Scotland,A Level or Equivalent,30-40%,0-35,60,0.0,1.0,3.753846153846154,2.9476196393804845,2.439393939393939,0.8596820791813319,5.674418604651163,5.780595331972874,9.113636363636363,0.8360439783716861,4.591836734693878,5.2158347340372195,5.58,1.3559050249975124,81.66666666666667,78.0,82.0,DDD2014B
group1,F,South Region,A Level or Equivalent,80-90%,0-35,90,0.1666666666666666,1.0,9.23076923076923,7.055821382703461,3.1481481481481484,0.9458706466937308,15.428571428571429,14.23816261760185,17.866666666666667,0.7141015101564707,56.333333333333336,32.19213154380016,7.0,0.8630747123996123,45.666666666666664,38.0,45.5,DDD2014B
group1,M,Scotland,HE Qualification,90-100%,0-35,60,0.0,1.0,2.0427350427350426,1.816557764076589,3.5084745762711864,0.7860602601407364,3.758064516129033,5.667524639271808,6.936507936507937,0.880064282240944,2.7951807228915664,3.2111051062720293,5.2023809523809526,0.7172480413450313,69.66666666666667,36.0,49.0,DDD2014B
group1,M,South East Region,Lower Than A Level,70-80%,0-35,60,0.5,1.0,2.738636363636364,3.246551904489985,2.539325842696629,0.910838316624872,3.636363636363636,5.229020686768924,8.880597014925373,0.8454666909880176,5.7073170731707314,7.26375902146755,3.7142857142857144,1.4030116943902002,98.33333333333331,87.0,90.5,DDD2014B
group3,F,East Anglian Region,A Level or Equivalent,80-90%,35-55,60,0.0,1.0,2.0086206896551726,1.7618946800442457,4.6752136752136755,0.8749314534926221,2.588888888888889,2.238049132637591,8.175824175824175,0.9018346461441864,2.219047619047619,1.9902693689981164,8.216981132075471,0.8218423641913177,88.66666666666667,79.0,87.0,DDD2014B
group1,M,East Midlands Region,A Level or Equivalent,10-20,0-35,60,0.1666666666666666,1.0,6.119047619047619,8.055303906251295,2.395348837209302,0.5704244979249857,6.2682926829268295,9.195173707559588,8.214285714285714,0.8259038698713255,44.4,32.082705621565026,5.333333333333333,0.5266343608235224,67.33333333333333,27.0,8.5,DDD2014B
group3,F,West Midlands Region,HE Qualification,10-20,35-55,60,0.3333333333333333,1.0,2.135593220338983,1.7730906631593049,3.2184873949579833,0.6884934812536522,2.168141592920354,2.1082434075520613,10.903508771929824,0.8579424972994542,7.258064516129032,10.893324383723836,5.09375,0.7285647391247664,70.66666666666667,65.0,60.5,DDD2014B
group3,M,South Region,A Level or Equivalent,90-100%,0-35,90,0.0,1.0,3.037037037037037,3.051411331025548,3.268292682926829,0.8454601418248935,3.207792207792208,3.707523156536486,7.628205128205129,0.8698497890223259,5.466666666666667,6.907176768339645,4.826086956521739,0.5687817700059314,90.0,89.0,86.0,DDD2014B
group3,M,West Midlands Region,A Level or Equivalent,30-40%,0-35,60,0.0,1.0,1.3350515463917525,0.7313188083194232,4.133333333333334,0.8259188819246907,2.194915254237288,1.9271274161888876,10.630252100840336,1.2535754921945288,1.804195804195804,1.5576198041718874,5.458333333333333,1.1780236170009464,86.66666666666667,58.0,80.5,DDD2014B
group3,M,North Western Region,Lower Than A Level,10-20,0-35,60,0.0,1.0,2.5346534653465347,2.5983239075821305,4.53921568627451,1.2899955649461048,3.0843373493975905,2.935089724298998,6.214285714285714,0.9910641400291148,3.025,5.852566244440948,5.679012345679013,0.894379636305204,90.66666666666669,91.0,89.5,DDD2014B
group3,M,East Midlands Region,HE Qualification,80-90%,0-35,60,0.0,1.0,5.04,5.965752599767497,3.3333333333333335,0.5269222512131457,5.369565217391305,7.415775064466509,9.893617021276595,0.6763432312762775,16.76923076923077,15.695826654208894,4.5,0.8089010988089465,84.33333333333333,68.0,73.5,DDD2014B
group3,M,Ireland,Lower Than A Level,30-40%,35-55,60,0.0,1.0,1.3144329896907216,0.8511485310515566,3.933333333333333,1.0975450877041248,2.073170731707317,1.9676512240395183,13.870967741935484,0.8744155121172428,1.6283783783783785,1.8080711164050784,7.114093959731544,1.4655659618269137,97.66666666666669,93.0,97.5,DDD2014B
group3,F,South Region,A Level or Equivalent,90-100%,0-35,60,0.0,1.0,1.1422018348623852,0.4325028601661695,4.80365296803653,0.682591583443928,1.4819277108433735,0.8719389161692953,10.706586826347303,0.7729290300005388,1.568627450980392,1.2448034397908654,7.337662337662338,1.0630702023616263,89.0,84.0,87.5,DDD2014B
group3,F,London Region,HE Qualification,0-10%,0-35,60,0.1666666666666666,1.0,3.493150684931507,3.986516467597136,4.04054054054054,1.1554349005936946,3.4927536231884058,3.939331043560408,10.085714285714284,0.9709980405465104,9.692307692307692,14.457577198878742,4.777777777777778,0.8241881463567139,72.66666666666667,80.0,87.0,DDD2014B
group3,M,West Midlands Region,A Level or Equivalent,50-60%,0-35,60,0.0,1.0,1.509090909090909,0.808628632980176,3.572289156626506,0.8177639395110115,2.110169491525424,1.7235616984291704,9.319327731092438,0.9925573585207694,2.627659574468085,2.8054633433777703,6.336842105263158,0.9065659322988986,84.66666666666667,88.0,87.0,DDD2014B
group1,F,Scotland,A Level or Equivalent,0-10%,0-35,120,0.1666666666666666,1.0,6.024390243902439,6.9155180748735265,3.0714285714285716,0.932845168378213,7.9655172413793105,13.615859341802985,5.733333333333333,1.2856069731242097,70.66666666666667,116.36293797138904,2.75,0.9045340337332908,59.666666666666664,35.0,56.0,DDD2014B
group3,F,Scotland,Lower Than A Level,20-30%,0-35,60,0.0,1.0,1.6024844720496894,1.0798119228920724,3.1049382716049383,0.8014690534149455,1.8129496402877696,1.2485838083328762,6.792857142857143,1.0939592300681538,2.652631578947368,3.0762246170812753,7.322916666666667,1.0968076382759633,94.66666666666669,92.0,93.5,DDD2014B
group3,F,East Midlands Region,A Level or Equivalent,80-90%,0-35,60,0.0,1.0,2.9879518072289155,2.7739817991543094,2.8333333333333335,0.9335298618501136,3.727272727272727,3.479811907142527,10.955223880597014,1.1884217348273638,5.444444444444445,8.716639144750571,5.0,0.7967324574131848,86.33333333333333,88.0,92.5,DDD2014B
group3,M,South Region,HE Qualification,40-50%,0-35,60,0.0,1.0,2.5638297872340425,2.0612059870992314,2.357894736842105,0.8044885639272917,3.870967741935484,4.062962946001563,9.22222222222222,0.9475601885091632,4.528301886792453,5.105064504922484,5.518518518518518,0.7693863251501473,85.66666666666667,82.0,88.5,DDD2014B
group3,M,Wales,Lower Than A Level,80-90%,0-35,90,0.0,1.0,3.5072463768115942,3.2112998486310116,2.2714285714285714,0.7549527933487757,4.245614035087719,4.226957288617841,7.568965517241379,1.193137062684997,12.470588235294118,15.760384065191843,4.944444444444445,0.8645846563240734,77.33333333333333,84.0,81.5,DDD2014B
group3,M,South Region,A Level or Equivalent,90-100%,35-55,60,0.0,1.0,2.1769911504424777,2.816501402752482,4.56140350877193,0.7693846000030762,2.8275862068965516,4.112394471825454,11.818181818181818,0.9451292137952516,2.7710843373493974,4.171112331041484,6.964285714285714,0.7292937571219683,93.0,76.0,90.0,DDD2014B
group3,M,Scotland,HE Qualification,30-40%,0-35,60,0.0,1.0,7.375,8.495729477498605,5.0,1.0820855284630189,7.866666666666666,9.888109659772091,16.451612903225808,0.8890421820914179,27.428571428571427,40.558012537011486,8.375,0.848386357678944,93.66666666666669,80.0,64.5,DDD2014B
group1,M,North Western Region,Lower Than A Level,50-60%,35-55,60,0.5,1.0,4.280701754385965,4.787462741238501,3.310344827586207,0.7077969783066328,4.818181818181818,5.17719834117332,9.88888888888889,0.995888530613948,12.083333333333334,12.580347829656835,7.538461538461538,0.924356885521899,74.66666666666667,55.0,60.5,DDD2014B
group1,F,South West Region,A Level or Equivalent,50-60%,0-35,60,0.1666666666666666,1.0,4.611111111111111,5.651570717272062,3.2363636363636363,0.6691291893094041,4.94,6.287045313619921,8.647058823529411,0.886026675111017,11.4,11.095687708037104,5.25,0.995454521922232,68.0,16.0,55.5,DDD2014B
group1,M,East Anglian Region,Lower Than A Level,90-100%,0-35,60,0.0,1.0,3.283783783783784,3.6546846284504575,2.7466666666666666,0.8000730478479653,6.075,7.346331720225391,9.878048780487806,0.8791926573282406,5.5,6.725305177442116,4.82051282051282,1.083410230466049,60.666666666666664,39.0,42.0,DDD2014B
group1,M,Wales,HE Qualification,50-60%,0-35,60,0.1666666666666666,1.0,5.973684210526316,6.51188867901257,2.717948717948718,0.7213126359854821,9.08,9.75499871860576,7.769230769230769,0.8710058051678049,9.869565217391305,16.032082459374696,8.083333333333334,0.9034010677503408,79.66666666666667,68.0,79.5,DDD2014B
group1,M,North Western Region,A Level or Equivalent,10-20,0-35,60,0.2,0.8333333333333334,2.8607594936708862,2.6589673010553905,2.0125,0.7757512838507258,3.6,3.489451416260252,7.131147540983607,0.8342515749555176,13.9,22.288262980023067,3.8181818181818183,0.8116219309075862,62.666666666666664,44.0,55.0,DDD2014B
group3,F,Scotland,A Level or Equivalent,60-70%,0-35,60,0.3333333333333333,1.0,2.3,2.316870714618509,3.6216216216216215,0.9980116863325228,4.016393442622951,4.499969641670517,7.596774193548387,0.9657123670870812,4.666666666666667,5.490598024502128,4.923076923076923,0.9289979060121718,66.0,73.0,59.5,DDD2014B
group3,M,Scotland,HE Qualification,80-90%,0-35,60,0.1666666666666666,1.0,1.9921259842519683,1.9619235094717316,3.1015625,0.6521497655166246,2.752808988764045,2.117464708713124,7.555555555555555,0.8507070131045874,2.34,2.0011108026404845,8.069306930693068,0.7764224827567863,88.33333333333333,65.0,88.5,DDD2014B
group3,M,Scotland,A Level or Equivalent,80-90%,0-35,60,0.0,1.0,4.357142857142857,4.44942722127271,4.631578947368421,0.9678011771315944,5.2727272727272725,7.598542199119318,15.911111111111111,0.8591758313298928,5.674418604651163,10.361836871154049,7.159090909090909,1.2390025165751752,90.0,76.0,85.5,DDD2014B
group1,M,South West Region,Lower Than A Level,10-20,35-55,60,0.0,1.0,2.6630434782608696,3.255687074606403,3.5591397849462365,0.9235921811798606,5.4772727272727275,10.551068801506444,7.6,1.0647692033713871,4.108108108108108,6.805976882220607,5.105263157894737,0.6508739842335916,69.0,5.0,42.5,DDD2014B
group3,F,South East Region,A Level or Equivalent,40-50%,0-35,60,0.0,1.0,5.468085106382978,6.299934657458887,3.7291666666666665,0.7618891102944421,6.5,7.632611398253992,14.23076923076923,0.8748522432551736,11.4,16.239652576008936,6.238095238095238,1.081493786163349,81.33333333333333,74.0,81.0,DDD2014B
group1,M,South West Region,A Level or Equivalent,60-70%,0-35,60,0.0,1.0,3.1923076923076925,4.384321808704024,3.1139240506329116,0.8286303939018475,4.586956521739131,7.455277286613144,7.085106382978723,0.9297871497194522,4.836734693877551,7.509291296940939,9.84,0.9665398181352804,64.33333333333333,24.0,54.0,DDD2014B
group3,F,West Midlands Region,A Level or Equivalent,0-10%,0-35,60,0.0,1.0,1.2200956937799043,0.6789258983232704,3.952380952380953,0.6517615733514863,1.2938144329896908,0.8463655224020037,6.292307692307692,0.912903125560428,1.8267716535433072,2.207830538229624,4.421875,0.712125919553981,92.33333333333331,87.0,90.0,DDD2014B
group1,M,South East Region,A Level or Equivalent,80-90%,0-35,60,0.3333333333333333,1.0,8.310344827586206,7.091763070511864,2.3,0.7626273690969779,10.761904761904765,13.061028910100315,6.636363636363637,1.0737489283433108,16.692307692307693,15.659845760120668,6.571428571428571,1.168465621771886,44.666666666666664,45.0,39.5,DDD2014B
group3,M,South East Region,Lower Than A Level,90-100%,0-35,60,0.0,1.0,2.364485981308411,1.7877598682428624,2.175925925925926,0.8339882743953191,6.15,6.166701316603969,6.341463414634147,0.9867015159899192,3.267605633802817,2.995032775775218,5.916666666666667,0.8269177094696165,84.66666666666667,66.0,76.0,DDD2014B
group1,F,South Region,A Level or Equivalent,70-80%,0-35,60,0.3333333333333333,1.0,4.6909090909090905,4.349851965436539,3.0892857142857144,0.7598243359383663,4.473684210526316,4.301599632520006,9.379310344827584,0.9330126168774971,16.266666666666666,19.85830760544264,8.375,0.7112688093996331,79.0,29.0,72.0,DDD2014B
group3,M,Scotland,HE Qualification,40-50%,0-35,60,0.1666666666666666,1.0,2.6777777777777776,2.9215502187023072,3.1868131868131866,1.160118080012521,3.216216216216216,3.886295803962665,7.613333333333333,0.9819607058599334,11.35,18.13770425906966,7.619047619047619,1.1344739970576672,85.66666666666667,59.0,83.5,DDD2014B
group1,M,South West Region,A Level or Equivalent,60-70%,0-35,60,0.0,1.0,4.362068965517241,4.220660444960188,1.8644067796610169,0.5962693938838758,2.7906976744186047,2.9709031269761867,8.908045977011493,0.9821346921833128,2.289719626168224,2.5881053964802954,4.611111111111111,1.013696305763886,71.0,58.0,89.0,DDD2014B
group3,M,Scotland,A Level or Equivalent,20-30%,0-35,90,0.1666666666666666,1.0,4.314814814814815,4.321181154364277,2.5272727272727273,0.895502856601739,10.333333333333334,10.767234247165486,12.727272727272728,0.7548144791663602,19.416666666666668,21.262251370288457,6.846153846153846,0.710624193296265,66.33333333333333,62.0,59.0,DDD2014B
group1,M,North Western Region,Lower Than A Level,20-30%,35-55,60,0.3333333333333333,1.0,3.8545454545454545,5.093271457660012,2.1607142857142856,0.6590358535517233,4.416666666666667,6.875282070293501,8.938775510204081,0.9078436335448016,7.772727272727272,13.672815637091269,3.695652173913043,0.6648880541621078,66.0,49.0,58.5,DDD2014B
group3,F,Scotland,HE Qualification,60-70%,35-55,60,0.0,1.0,1.3850267379679144,1.0832996062565732,3.9202127659574466,0.838594975278107,2.52,2.5838660252349843,7.287128712871287,0.9311953254652012,1.5569620253164558,1.2024056083353825,9.61006289308176,0.8456829478652619,92.0,84.0,93.5,DDD2014B
group3,M,Wales,A Level or Equivalent,90-100%,0-35,60,0.0,1.0,2.217391304347826,1.6951044510364903,2.7672413793103448,0.7612154473020153,2.784090909090909,2.854513923379422,6.719101123595506,0.8982532959473469,7.212121212121212,11.202001985575992,4.470588235294118,1.2806491818096812,86.0,78.0,88.5,DDD2014B
group3,M,South Region,HE Qualification,70-80%,35-55,60,0.0,1.0,1.4,1.1896290982084914,4.693548387096774,0.7399602450747503,1.7785714285714285,1.8115054240426864,8.957446808510639,1.1381779062000006,2.1682242990654204,2.4705280976525605,7.694444444444445,0.9290471859080156,89.66666666666667,83.0,89.5,DDD2014B
group3,M,Wales,HE Qualification,80-90%,0-35,90,0.1666666666666666,1.0,2.931034482758621,3.503463746027258,2.8295454545454546,0.9092195636012484,4.574074074074074,6.886140995196822,12.50909090909091,0.8554319325571775,7.185185185185185,13.132569720522614,3.892857142857143,0.7405096323567736,81.33333333333333,20.0,46.5,DDD2014B
group1,M,South West Region,A Level or Equivalent,70-80%,0-35,60,0.3333333333333333,1.0,3.081081081081081,3.6742598052701,3.4133333333333336,0.9569435546555892,11.36842105263158,12.841817655680773,8.65,1.0865053315149775,5.044444444444444,6.3923091415869555,6.739130434782608,1.06214790334228,53.666666666666664,19.0,31.5,DDD2014B
group1,M,East Anglian Region,Lower Than A Level,80-90%,0-35,60,0.0,1.0,5.7555555555555555,5.977820960378743,2.4347826086956523,0.6669589070351106,6.5,8.837114607981194,5.846153846153846,0.6848006901473037,11.181818181818182,20.44187197568094,3.5652173913043477,0.6450746905091802,81.0,32.0,42.5,DDD2014B
group1,M,South West Region,Lower Than A Level,50-60%,0-35,60,0.0,1.0,4.959183673469388,5.6308642900589625,2.52,0.8408204849618429,5.944444444444445,8.461490731356113,8.18918918918919,1.023570636982524,27.142857142857142,60.41917071986499,5.375,0.906380245111864,80.66666666666667,27.0,53.0,DDD2014B
group3,M,London Region,A Level or Equivalent,0-10%,0-35,60,0.0,1.0,1.7985611510791366,1.3031725842254842,2.557142857142857,0.7627079499206316,2.066115702479338,1.9439458891220995,8.549180327868852,1.8225312080309937,1.851851851851852,1.7082701319053666,3.6176470588235294,0.8553216474690998,88.66666666666667,92.0,83.0,DDD2014B
group1,F,East Midlands Region,A Level or Equivalent,60-70%,0-35,90,0.0,1.0,6.571428571428571,9.0854949500506,2.2222222222222223,0.6547900426854396,7.9655172413793105,12.161070085143148,9.5,0.8563488385776753,38.333333333333336,40.42111659351664,8.0,0.7039429765866795,62.333333333333336,59.0,51.5,DDD2014B
group3,F,South East Region,HE Qualification,20-30%,35-55,60,0.0,1.0,1.56875,1.1416741265881236,5.248447204968944,0.7762104827238705,1.9365079365079363,1.5427042840209229,12.11023622047244,1.1943869086950798,1.8455882352941175,2.0579697887520414,8.678832116788321,0.96782953834713,94.66666666666669,96.0,96.0,DDD2014B
group3,M,Scotland,Lower Than A Level,0-10%,0-35,60,0.0,1.0,3.602941176470588,3.5329565897623008,3.2753623188405796,0.7863916190589253,4.60377358490566,5.024323998316396,8.88888888888889,0.9017344398435716,7.090909090909091,8.8648309218353,6.411764705882353,0.6893566016208881,89.66666666666667,81.0,71.5,DDD2014B
group3,F,Scotland,Lower Than A Level,20-30%,0-35,60,0.0,1.0,1.8134328358208955,1.4044393120278784,4.62962962962963,0.7899205023291902,2.150442477876106,2.168035808456804,11.850877192982455,1.0169061718464396,3.3013698630136985,3.900444887398707,8.216216216216216,1.2614091513428196,93.66666666666669,93.0,96.0,DDD2014B
group3,M,London Region,Lower Than A Level,60-70%,35-55,60,0.0,1.0,2.1779661016949152,2.7723647098300703,4.352941176470588,1.0297920511344885,2.6595744680851063,3.2579206756462744,12.694736842105264,1.0504675325888404,3.151898734177215,4.051237884877926,4.45,0.907194657277953,90.33333333333331,66.0,57.5,DDD2014B
group1,F,South East Region,Lower Than A Level,80-90%,0-35,60,0.0,1.0,5.0,6.224949798994367,3.4,0.8277204282041347,7.678571428571429,8.679706307663963,6.068965517241379,0.8846136570922075,7.65625,12.3748167141852,5.606060606060606,0.7011625533523028,74.66666666666667,25.0,50.5,DDD2014B
group1,M,North Western Region,A Level or Equivalent,0-10%,0-35,60,0.0,1.0,8.241379310344827,8.394960956319457,2.966666666666667,0.75113010846554,10.391304347826088,11.719211618049084,7.291666666666667,0.8384047047694757,15.8,14.868310820892422,3.636363636363636,1.2031209415515969,52.333333333333336,42.0,43.5,DDD2014B
group3,M,North Western Region,HE Qualification,80-90%,0-35,60,0.0,1.0,1.823943661971831,1.5125915752109889,2.4825174825174825,0.8923132698960679,3.619718309859155,4.583717135323685,7.027777777777778,1.0216837012204714,2.2962962962962963,2.047379265137082,4.238532110091743,0.8970601585699541,87.0,74.0,89.5,DDD2014B
group3,M,East Midlands Region,HE Qualification,70-80%,0-35,60,0.0,1.0,3.151898734177215,2.5724806325798406,3.05,0.8437448677021488,3.890625,4.090706414331634,7.753846153846154,0.7741503116084542,5.1875,5.02612853845844,6.061224489795919,0.8739044104426259,90.0,89.0,87.0,DDD2014B
group3,M,West Midlands Region,A Level or Equivalent,70-80%,0-35,60,0.0,1.0,2.1875,2.3805944068088816,1.7079646017699115,0.6686146560389031,3.242424242424242,5.150237055218112,4.164179104477612,0.875829022359407,4.185185185185185,5.756289666076263,3.090909090909091,0.6239177481057773,82.33333333333333,82.0,84.5,DDD2014B
group3,M,West Midlands Region,A Level or Equivalent,0-10%,0-35,60,0.1666666666666666,1.0,2.0403225806451615,2.3526466450700023,4.144,0.9347019073057128,1.7328767123287672,2.370191599676718,31.53061224489796,0.8217801589434494,7.4411764705882355,9.099421148657846,6.485714285714286,1.1041022165864698,96.33333333333331,99.0,95.0,DDD2014B
group1,M,Wales,A Level or Equivalent,70-80%,35-55,60,0.3333333333333333,1.0,3.4788732394366195,3.7487489529539912,4.944444444444445,1.2181039778466585,3.920634920634921,4.611701761688507,15.03125,1.077105676490063,5.488888888888889,6.926963857479573,5.913043478260869,0.7860084325599589,81.0,32.0,46.5,DDD2014B
group3,F,East Anglian Region,A Level or Equivalent,90-100%,0-35,60,0.0,1.0,2.925,2.6566134338117133,2.3209876543209877,0.6627411969009583,3.342857142857143,3.0402408099021723,8.577464788732394,0.8365170887257857,4.283018867924528,6.726461403952894,3.092592592592593,0.7210784310798036,92.33333333333331,85.0,91.0,DDD2014B
group3,M,East Anglian Region,A Level or Equivalent,70-80%,0-35,60,0.0,1.0,1.2561576354679802,0.6080312449455415,4.0931372549019605,0.765586132974911,1.5178571428571428,1.105095515885442,6.597633136094674,1.159057420685489,1.8828125,1.6052134243754863,5.434108527131783,0.7992993486546643,85.66666666666667,17.0,71.0,DDD2014B
group3,M,South West Region,HE Qualification,80-90%,0-35,60,0.0,1.0,3.0,2.6551836094703507,2.7439024390243905,0.9452467180713676,4.101694915254237,4.216940038064197,15.066666666666666,0.9942370554457772,16.071428571428573,25.580835030919552,7.4,0.9804517376874085,81.66666666666667,62.0,77.5,DDD2014B
group3,F,South Region,HE Qualification,80-90%,0-35,60,0.0,1.0,2.1478260869565218,1.7332834587672925,3.5775862068965516,0.9372812562341412,2.6559139784946235,2.684474783283517,11.46808510638298,0.9551019687383298,2.008130081300813,2.109680789152825,5.879032258064516,1.1777849991327047,90.66666666666669,87.0,88.5,DDD2014B
group3,M,Wales,Post Graduate Qualification,80-90%,35-55,60,0.0,1.0,2.056,1.8548280504602557,3.2777777777777777,0.931763048100776,2.7444444444444445,2.885691594752455,9.186813186813186,0.92573686138211,3.514705882352941,6.294969911036938,5.217391304347826,1.2373620386995938,95.33333333333331,92.0,95.5,DDD2014B
group3,F,East Anglian Region,Lower Than A Level,50-60%,0-35,60,0.0,1.0,2.8152173913043477,2.576006568767165,2.086021505376344,0.6506290031129757,3.9344262295081966,4.5857345920401755,7.935483870967742,0.9041586194769328,6.909090909090909,10.67521556094898,3.5294117647058822,1.188720133402121,90.66666666666669,75.0,80.5,DDD2014B
group1,F,North Region,Lower Than A Level,20-30%,0-35,60,0.0,1.0,4.836734693877551,5.669167115398252,2.2,0.77138921583987,5.266666666666667,6.012864995536275,8.521739130434783,0.8841705723442641,4.68,5.534456078209732,3.372549019607843,0.8467639542156981,66.0,42.0,58.5,DDD2014B
group3,M,East Anglian Region,Lower Than A Level,60-70%,0-35,60,0.0,1.0,1.984251968503937,1.628049041656837,2.6953125,0.7945994989861999,2.8372093023255816,2.7647378989327,6.977011494252873,0.989902857357285,4.2,5.771936783895692,3.6885245901639343,0.65040917795295,89.33333333333333,75.0,82.0,DDD2014B
group3,M,North Region,Lower Than A Level,80-90%,0-35,60,0.0,1.0,2.1538461538461537,1.69489794533265,2.4152542372881354,0.6652709304453791,3.4444444444444446,3.6031632772473574,7.863013698630137,0.9222266582847478,2.3551401869158877,1.8339170185986136,4.601851851851852,1.0273378615382855,87.66666666666667,73.0,78.0,DDD2014B
group3,M,South Region,A Level or Equivalent,70-80%,35-55,120,0.0,1.0,2.9761904761904763,2.7241719886091373,2.976470588235294,0.79834069979888,5.558139534883721,7.172375330727496,10.795454545454543,1.0148394794129116,4.471698113207547,5.013841508897397,6.592592592592593,0.7879200965360882,97.0,93.0,94.5,DDD2014B
group3,M,South Region,A Level or Equivalent,90-100%,0-35,60,0.5,1.0,3.9193548387096775,4.118325248888429,2.6984126984126986,0.6457205411794161,3.573529411764706,3.883820923944781,8.231884057971014,0.9567815665438788,15.928571428571429,18.824960049867855,6.333333333333333,0.7398435111918139,81.33333333333333,85.0,67.5,DDD2014B
group3,M,Scotland,A Level or Equivalent,80-90%,0-35,60,0.1666666666666666,1.0,1.727891156462585,1.6657624981973598,2.27027027027027,0.7013208303119753,2.2280701754385963,2.664200847219268,5.139130434782609,1.1380625629546106,2.38,2.7880698221768645,4.455445544554456,0.7205827545624718,95.33333333333331,42.0,83.5,DDD2014B
group3,M,East Midlands Region,HE Qualification,90-100%,0-35,60,0.0,1.0,2.2051282051282053,2.8933290143269033,3.2796610169491527,0.6735269879145986,3.727272727272727,4.262702120794904,7.507462686567164,0.9810846164986716,2.872093023255814,4.513500041712527,4.908045977011494,0.8741043290060091,91.66666666666669,30.0,63.5,DDD2014B
group3,M,London Region,HE Qualification,20-30%,55<=,60,0.0,1.0,10.416666666666666,9.131487171924103,2.32,0.6061515803878258,9.363636363636363,5.924488762717599,6.869565217391305,0.9668433647558636,28.0,11.747340124470732,7.0,0.2020305089104421,47.666666666666664,31.0,49.5,DDD2014B
group3,M,East Midlands Region,A Level or Equivalent,80-90%,35-55,60,0.0,1.0,3.3421052631578947,3.193963604797639,2.8051948051948052,0.8266708980377568,4.379310344827586,4.283086222130824,9.983050847457626,0.8402067980822182,6.545454545454546,9.464046799238782,8.205882352941176,0.9974015906688196,95.66666666666669,88.0,90.0,DDD2014B
group3,M,East Midlands Region,HE Qualification,70-80%,35-55,60,0.0,0.8333333333333334,4.62962962962963,5.631100620647818,2.8,0.6824054366451768,7.057142857142857,8.547248807942468,6.527777777777778,0.8316400481939723,8.321428571428571,13.449641524697125,4.0344827586206895,0.5541731650409344,84.0,67.0,76.0,DDD2014B
group3,M,South Region,A Level or Equivalent,20-30%,35-55,60,0.3333333333333333,1.0,2.9195402298850577,3.2357680904215997,4.295454545454546,0.9940192362537535,4.88,6.523552306364805,9.058823529411764,0.82966246072087,3.6666666666666665,5.35814122801507,8.296875,1.0752207226552537,86.66666666666667,13.0,69.0,DDD2014B
group3,M,Wales,HE Qualification,30-40%,55<=,120,0.0,1.0,1.822695035460993,1.7083144907157646,3.436619718309859,1.0135801891241778,2.089430894308943,2.0000333197277795,10.975806451612904,1.0011659647054498,4.566037735849057,6.19400899741735,4.981481481481482,1.110653511381262,94.33333333333331,91.0,95.0,DDD2014B
group1,M,West Midlands Region,A Level or Equivalent,70-80%,35-55,90,0.3333333333333333,1.0,2.7888888888888888,2.9811936544768662,3.659340659340659,0.7678415015890673,4.206896551724138,5.784912683959934,10.05084745762712,1.2214951131839364,3.183098591549296,4.894048453128495,7.069444444444445,1.0716745684708542,88.0,78.0,58.5,DDD2014B
group3,M,North Region,Lower Than A Level,20-30%,35-55,120,0.0,1.0,2.102564102564102,2.233694231631626,2.4491525423728815,0.8176420068755215,4.410714285714286,4.920372438653902,9.31578947368421,1.2432802130788854,2.375,2.551175247926153,8.59047619047619,0.9192258591108672,85.33333333333333,72.0,75.5,DDD2014B
group3,M,Wales,Lower Than A Level,10-20,35-55,60,0.0,1.0,2.6979166666666665,3.2835147781372345,2.9278350515463916,0.7972378421456285,4.049180327868853,5.502806040279803,14.17741935483871,1.0076380391415427,5.880952380952381,6.492781661583438,5.604651162790698,1.2398240263557243,91.66666666666669,84.0,75.5,DDD2014B
group3,M,East Anglian Region,A Level or Equivalent,90-100%,0-35,60,0.0,1.0,1.7551020408163265,1.3678892686033437,2.635135135135135,0.945274415837025,4.142857142857143,5.734833187487819,8.350877192982455,1.106522796085003,3.53125,4.882650691763417,4.3076923076923075,0.8967059900842981,92.33333333333331,94.0,95.0,DDD2014B
group3,F,Scotland,Lower Than A Level,30-40%,35-55,60,0.0,1.0,1.5870967741935484,1.0918059433098308,5.211538461538462,0.7469598457912108,1.6758620689655173,1.0985012429865115,8.157534246575343,0.8765779263945672,1.9285714285714288,2.075296880655186,7.118110236220472,0.9269700295395208,89.33333333333333,93.0,88.0,DDD2014B
group3,M,London Region,HE Qualification,30-40%,35-55,90,0.0,1.0,1.9328358208955223,1.4827213407603983,2.0148148148148146,0.8014031272202145,3.4444444444444446,4.369835426974561,8.438356164383562,1.5207876772863689,4.071428571428571,4.516060805038524,5.894736842105263,0.8459399332980441,92.0,81.0,86.5,DDD2014B
group3,M,London Region,A Level or Equivalent,70-80%,0-35,60,0.0,1.0,2.962962962962963,3.3743312094563436,2.6219512195121952,0.800554161770163,4.471698113207547,5.036802150880233,7.87037037037037,0.8150589593805077,7.590909090909091,7.938208331553884,4.739130434782608,0.8559195441974752,84.0,74.0,85.5,DDD2014B
group3,M,Yorkshire Region,HE Qualification,0-10%,35-55,60,0.0,1.0,5.829268292682927,6.03697953874448,2.261904761904762,0.7414143853869615,7.15625,8.788222966176143,8.818181818181818,1.0028831502020676,12.1875,17.417304613515835,9.352941176470589,1.0940142652320168,71.33333333333333,43.0,68.5,DDD2014B
group3,M,East Anglian Region,A Level or Equivalent,90-100%,35-55,120,0.5,1.0,6.2368421052631575,6.581851421640998,3.41025641025641,0.9407814929092964,5.7560975609756095,7.568951340195277,7.547619047619048,1.0907210924282258,15.333333333333334,19.930832778338573,6.6875,1.0013093009579106,70.66666666666667,56.0,54.0,DDD2014B
group3,F,West Midlands Region,A Level or Equivalent,30-40%,0-35,90,0.0,1.0,2.6559139784946235,2.37969044230873,3.7872340425531914,0.8636898205068857,3.306666666666666,3.66492997364366,6.092105263157895,0.9244136169731066,4.9787234042553195,6.9140353840139435,3.6666666666666665,0.8375238987585583,82.66666666666667,100.0,79.5,DDD2014B
group3,M,Wales,HE Qualification,30-40%,35-55,90,0.0,1.0,1.8467153284671536,1.4240089998316532,3.0072463768115942,0.8477853621773926,2.6923076923076925,2.652848815444792,8.565217391304348,1.302740230641369,4.333333333333333,7.294350359683261,4.218181818181818,0.9479427314540304,96.33333333333331,95.0,92.0,DDD2014B
group3,F,London Region,A Level or Equivalent,20-30%,0-35,120,0.0,1.0,1.2820512820512822,0.7015710627723195,5.086734693877551,0.7535174992209528,1.4529411764705882,0.9424992879370896,16.116959064327485,0.87582128140131,1.8818897637795275,1.461756788383913,6.078125,0.9033895986226016,79.0,48.0,76.5,DDD2014B
group3,M,North Western Region,Lower Than A Level,20-30%,35-55,90,0.0,1.0,1.2266009852216748,0.7884574320641807,5.303921568627451,0.9184645539610212,2.102564102564102,2.159121051152031,9.47457627118644,0.9440998848295798,2.024390243902439,1.9437306306415512,6.516129032258065,1.0251290741486343,86.66666666666667,91.0,88.0,DDD2014B
group3,F,East Anglian Region,Lower Than A Level,90-100%,0-35,60,0.0,1.0,1.4388888888888889,1.2289064443796625,6.419889502762431,0.9192725807228914,1.9185185185185183,1.8163924055454432,17.83823529411765,1.3065845525329067,2.324074074074074,2.383073895355206,6.486238532110092,1.652540083748644,97.0,93.0,95.0,DDD2014B
group1,M,London Region,Lower Than A Level,0-10%,0-35,60,0.1666666666666666,1.0,1.7086092715231789,2.7094634252892456,6.243421052631579,0.7155877525465899,1.9398496240601504,4.072746446021334,20.01492537313433,0.8487953750656251,2.450980392156863,3.434327152399831,7.466019417475728,1.0848995060522033,42.333333333333336,16.0,36.5,DDD2014B
group3,F,South West Region,HE Qualification,70-80%,0-35,70,0.1666666666666666,1.0,4.788461538461538,6.130401702801163,2.452830188679245,0.858717910436333,5.790697674418604,7.974835838092108,9.636363636363637,0.8699473965511415,8.586206896551724,13.162493362850883,5.466666666666667,1.0441616956386135,92.66666666666669,87.0,79.5,DDD2014B
group3,F,South West Region,A Level or Equivalent,60-70%,0-35,60,0.0,1.0,1.6496815286624205,1.5765356454947657,4.1455696202531644,0.8822750045275048,2.0991735537190084,2.0469691362177644,11.557377049180328,1.2712179873133682,2.0,2.016064515096741,6.912698412698413,0.9259292144515716,84.33333333333333,68.0,81.5,DDD2014B
group1,M,Wales,Lower Than A Level,10-20,35-55,60,0.0,1.0,1.0669456066945606,0.2820160783670117,6.570833333333334,0.905633805890382,1.0865800865800863,0.3248303789364419,23.53448275862069,0.9600150499520256,1.8592592592592592,2.1271625097135365,7.852941176470588,1.2142169603508155,69.66666666666667,47.0,64.5,DDD2014B
group3,F,South West Region,Lower Than A Level,10-20,35-55,60,0.3333333333333333,1.0,4.310344827586207,4.453293268092665,2.711864406779661,0.8535312677342289,5.434782608695652,5.080035756274177,8.808510638297872,1.0817427290224977,14.9375,11.030072529226636,4.647058823529412,0.6557890555437275,92.0,87.0,86.5,DDD2014B
group3,M,London Region,Lower Than A Level,50-60%,35-55,60,0.0,1.0,1.7181208053691277,1.3410390128389642,4.746666666666667,1.002769646412974,2.5098039215686274,2.980946417722232,8.650485436893204,0.937581303265701,2.265486725663717,1.9685822450753203,4.12280701754386,0.816644416630717,82.66666666666667,84.0,84.0,DDD2014B
group1,F,North Western Region,A Level or Equivalent,30-40%,35-55,60,0.0,1.0,3.1625,3.8629815663912352,2.925925925925926,0.912622236338022,3.6142857142857143,5.005193989617785,12.211267605633802,1.244144474218629,6.621621621621622,7.750811252706072,3.8947368421052633,0.9512400119123278,68.0,59.0,60.5,DDD2014B
group1,M,West Midlands Region,Lower Than A Level,20-30%,0-35,150,0.5,0.6666666666666666,3.3205128205128207,3.480907441561268,3.8227848101265822,0.9552736232496544,5.744186046511628,9.165393045519012,10.772727272727272,0.8845979234017178,6.571428571428571,7.09301941134718,6.416666666666667,0.7838606448479261,83.5,46.0,44.0,DDD2014B
group3,M,South Region,Post Graduate Qualification,90-100%,35-55,60,0.0,1.0,2.8705882352941177,2.581012330435471,1.755813953488372,0.5886594002294806,3.8524590163934422,4.17866033386208,4.838709677419355,0.9793875637356236,7.071428571428571,9.124361251833918,4.827586206896552,0.851589150725074,93.0,87.0,91.0,DDD2014B
group3,F,East Anglian Region,A Level or Equivalent,50-60%,0-35,120,0.1666666666666666,1.0,1.0576131687242798,0.3473239826398073,6.602459016393443,0.617397309614514,1.0753138075313808,0.4703134636093766,7.166666666666667,1.0247082714822455,1.6423841059602649,1.741050911991288,7.052631578947368,1.3207163214305435,91.33333333333331,77.0,91.5,DDD2014B
group3,F,Scotland,HE Qualification,30-40%,0-35,60,0.0,1.0,3.462686567164179,4.616598374537959,4.220588235294118,0.8910259968308288,5.658536585365853,6.393785092171775,6.0476190476190474,1.0679383320138678,4.403846153846154,6.657620181842097,8.358490566037736,0.8077921550427531,96.66666666666669,28.0,40.5,DDD2014B
group3,F,East Midlands Region,Lower Than A Level,50-60%,0-35,120,0.0,1.0,2.2327586206896552,2.094953599655049,2.7435897435897436,0.7730503074732791,3.0246913580246915,2.7521596458144253,6.341463414634147,0.9417266654534292,3.645161290322581,4.081532877399944,4.444444444444445,0.9677846572751309,85.66666666666667,20.0,48.0,DDD2014B
group1,F,East Anglian Region,Lower Than A Level,30-40%,0-35,60,0.3333333333333333,1.0,3.4,3.9318519121985576,2.3026315789473686,0.8967424038013981,5.3478260869565215,6.186786605534046,5.276595744680851,1.015472778354794,13.117647058823527,16.605279103876786,4.111111111111111,0.8460797752701907,69.0,34.0,22.5,DDD2014B
group1,M,West Midlands Region,A Level or Equivalent,80-90%,0-35,60,0.1666666666666666,1.0,4.017241379310345,4.470140228226861,1.694915254237288,0.5007993610219567,5.133333333333334,5.964287658449018,4.760869565217392,1.1810606220639726,10.8,9.518403227432636,3.3125,0.8519865588585386,70.33333333333333,69.0,84.5,DDD2014B
group3,M,South Region,Lower Than A Level,80-90%,0-35,70,0.1666666666666666,1.0,7.205882352941177,14.684106872820234,3.257142857142857,0.7166188865087755,3.3733333333333335,3.608448544859813,9.31578947368421,1.0615456887284107,9.423076923076923,9.679558159019766,6.037037037037037,0.9418726516822228,80.33333333333333,43.0,70.0,DDD2014B
group1,F,South West Region,A Level or Equivalent,50-60%,0-35,60,0.0,1.0,3.2666666666666666,3.112022603498356,4.421052631578948,0.8337158985808566,3.536231884057971,3.684545267436945,13.342857142857143,0.9814337810324896,8.1,12.60911000715014,7.774193548387097,0.8467780753739876,66.0,36.0,64.5,DDD2014B
group3,M,South Region,HE Qualification,70-80%,55<=,60,0.0,1.0,2.392857142857143,1.8665241717996808,4.1415929203539825,0.9967622359787796,4.553571428571429,4.4227496295533495,7.157894736842105,1.1334028745880995,3.0987654320987654,3.1408794081897073,6.634146341463414,1.1818637870946358,98.33333333333331,85.0,93.5,DDD2014J
group1,F,East Anglian Region,A Level or Equivalent,80-90%,0-35,90,0.1666666666666666,1.0,3.0,3.6525209227202367,2.7222222222222223,1.030359637662395,3.473684210526316,3.070173433583305,6.467532467532467,1.0056252165173398,5.688888888888889,8.657162621001447,7.608695652173913,1.4135322668364367,65.0,43.0,68.0,DDD2014J
group3,M,East Midlands Region,A Level or Equivalent,90-100%,0-35,120,0.0,1.0,1.3932038834951457,1.2937947314041882,3.463768115942029,0.7495965080019645,1.6821192052980132,1.3631867611209272,5.901315789473684,0.7217531129945469,2.1068702290076335,2.376979040705455,5.7727272727272725,0.7821742497208964,81.0,97.0,91.5,DDD2014J
group1,F,South West Region,Lower Than A Level,40-50%,35-55,60,0.1666666666666666,1.0,4.09375,3.2057426151027335,2.2153846153846155,0.935156536048153,7.0,6.472162612982533,6.2631578947368425,1.4782513426306318,13.11111111111111,21.23783773443019,3.1052631578947367,0.7741143896046941,50.0,45.0,31.0,DDD2014J
group3,M,Scotland,Lower Than A Level,80-90%,35-55,60,0.0,1.0,4.5964912280701755,4.531081742187617,2.931034482758621,1.0897445813561797,7.75,10.1409422480073,8.93939393939394,1.1277390926426218,12.842105263157896,15.392145030988072,7.2,0.967847299454686,78.33333333333333,71.0,82.0,DDD2014J
group1,M,Scotland,Lower Than A Level,60-70%,35-55,60,0.1666666666666666,1.0,3.278481012658228,3.7721540770553257,2.4875,0.944924067262335,3.692307692307693,4.054022219209727,8.409090909090908,0.9493170305256656,8.518518518518519,11.719052109116264,3.642857142857143,0.9228193431960856,59.333333333333336,58.0,62.5,DDD2014J
group1,M,West Midlands Region,Lower Than A Level,30-40%,35-55,60,0.0,1.0,1.160493827160494,0.5482532018227034,7.635245901639344,0.8409934960056512,1.61875,1.3024982043469555,8.440993788819876,1.706949508807769,1.4748603351955307,1.2239117420362748,6.622222222222222,0.9901091868944982,86.66666666666667,68.0,68.0,DDD2014J
group3,M,South West Region,Lower Than A Level,80-90%,0-35,90,0.0,1.0,1.6627218934911243,1.495579096173345,5.394117647058824,0.7896854533764882,2.353448275862069,2.425424428460082,10.145299145299145,0.9066247315439108,1.65625,1.2691148552133766,13.012422360248449,0.7616394606046689,96.66666666666669,88.0,88.5,DDD2014J
group3,M,London Region,A Level or Equivalent,40-50%,35-55,120,0.8333333333333334,1.0,5.690476190476191,5.9119065276864955,2.255813953488372,1.0650038408366973,9.875,14.573091641789672,5.16,0.6750865444054959,10.818181818181818,15.385943998574568,4.478260869565218,1.0240762708422722,64.33333333333333,64.0,61.5,DDD2014J
group3,F,South Region,HE Qualification,60-70%,35-55,60,0.0,1.0,1.237068965517241,0.8163937353715446,3.9914163090128754,0.6403241605931954,1.8636363636363635,1.5299544263287386,7.658064516129032,0.904138949625702,1.5917159763313609,1.3066414653034633,6.705882352941177,0.857964694166273,90.0,76.0,83.0,DDD2014J
group3,M,Scotland,A Level or Equivalent,70-80%,0-35,60,0.1666666666666666,1.0,5.521739130434782,5.807042201537267,1.9787234042553192,0.621055014115856,6.0476190476190474,7.039790673690833,6.186046511627907,0.8178052777571413,10.681818181818182,13.861170031134984,6.478260869565218,1.1701742130310533,86.0,81.0,75.0,DDD2014J
group1,M,West Midlands Region,A Level or Equivalent,60-70%,0-35,120,0.0,1.0,3.4390243902439024,4.169547333027979,3.4698795180722892,1.0165490217300133,4.190476190476191,4.627606999711493,7.890625,0.8928014350960453,15.4,22.85919633632944,6.375,0.6901849375214919,76.66666666666667,66.0,72.0,DDD2014J
group1,F,Wales,A Level or Equivalent,70-80%,0-35,120,0.1666666666666666,1.0,4.333333333333333,4.634676470769084,2.737704918032787,0.7795018134673554,7.027027027027027,9.28405588596351,10.605263157894736,0.9181711470467284,14.25,22.110329411084464,8.705882352941176,0.7586246253140903,81.0,45.0,49.0,DDD2014J
group1,F,East Midlands Region,Lower Than A Level,60-70%,0-35,60,0.3333333333333333,1.0,2.588785046728972,3.0155360956097397,2.712962962962963,0.9357948524991788,5.038461538461538,6.522845338670632,5.169811320754717,0.8705278534734414,3.225,3.482233387797062,6.185185185185185,1.0561013862538289,66.0,39.0,54.0,DDD2014J
group1,M,West Midlands Region,A Level or Equivalent,0-10%,0-35,120,0.1666666666666666,1.0,5.9772727272727275,8.827780242898738,2.933333333333333,0.7448168003715427,9.25,12.237238250520416,7.0,0.8141949651272504,10.333333333333334,20.71116561066472,5.375,0.6800089077773696,80.0,12.0,67.5,DDD2014J
group1,F,West Midlands Region,HE Qualification,20-30%,35-55,60,0.1666666666666666,1.0,3.4814814814814814,4.216370213557839,3.3292682926829267,0.9940517316929248,4.345454545454546,4.092532412678187,7.839285714285714,1.1200782413905357,5.553191489361702,7.073553041891163,8.229166666666666,1.2071224827461486,86.0,64.0,70.0,DDD2014J
group3,M,East Anglian Region,HE Qualification,90-100%,35-55,60,0.0,1.0,3.4358974358974357,3.0433651213864006,2.430379746835443,0.6199885891647076,4.535714285714286,4.476054617077962,4.526315789473684,0.7754456955074861,4.622641509433962,4.165916720124522,4.055555555555555,0.7433952630802814,86.0,97.0,93.0,DDD2014J
group3,M,London Region,HE Qualification,80-90%,0-35,60,0.0,1.0,3.186046511627907,2.541475383949839,2.0344827586206895,0.746917441916295,6.285714285714286,8.69338328224323,4.046511627906977,0.9710432993330154,6.225,6.244946675061283,4.512195121951219,0.7027442815141768,96.66666666666669,92.0,100.0,DDD2014J
group1,M,Wales,HE Qualification,0-10%,0-35,120,0.0,1.0,5.787234042553192,6.707997077508263,2.0,0.5951190357119042,5.5777777777777775,6.857275130999355,6.3478260869565215,0.6701486910793576,31.125,41.71138076969265,4.333333333333333,1.2211159897221189,75.0,57.0,74.0,DDD2014J
group3,M,London Region,A Level or Equivalent,70-80%,0-35,60,0.0,1.0,1.725609756097561,1.647925706795958,3.2848484848484847,0.9654860087393524,3.329113924050633,3.914868170775004,4.65,0.97316283388766,2.098360655737705,2.410067850166501,5.869918699186992,1.3318771574770885,96.66666666666669,76.0,89.5,DDD2014J
group1,M,East Midlands Region,A Level or Equivalent,40-50%,0-35,90,0.0,1.0,3.486842105263158,3.4156245736424515,2.844155844155844,0.641255882935792,5.28,5.27620766715439,9.84313725490196,0.8656518843450185,5.266666666666667,7.331129145326423,6.630434782608695,0.7510487158695134,84.33333333333333,52.0,71.0,DDD2014J
group1,M,North Western Region,Lower Than A Level,0-10%,0-35,120,0.0,0.8333333333333334,5.760869565217392,6.457329281465779,1.8085106382978724,0.6904188588762921,7.571428571428571,7.773581634521595,10.52777777777778,1.0219328108161918,19.0,37.30951621235526,6.181818181818182,1.2696551584793752,68.33333333333333,23.0,80.0,DDD2014J
group1,M,Yorkshire Region,Lower Than A Level,60-70%,0-35,180,0.0,1.0,4.076923076923077,4.6647202900726406,1.4242424242424243,0.6239522680261778,5.065217391304348,5.896900028972072,3.595744680851064,0.8306815645176524,6.282051282051282,7.806706691411045,5.15,0.8956803996201649,56.0,60.0,58.0,DDD2014J
group1,M,West Midlands Region,A Level or Equivalent,60-70%,0-35,60,0.3333333333333333,1.0,5.708333333333333,6.903463001888234,3.63265306122449,0.9433184862195964,8.466666666666667,9.905530789911516,5.129032258064516,0.888285464261325,10.565217391304348,21.582455178721027,6.333333333333333,0.9348589299121902,89.33333333333333,94.0,53.5,DDD2014J
group3,M,Ireland,Lower Than A Level,60-70%,0-35,120,0.2,0.8333333333333334,3.513157894736842,6.394775828341196,5.532467532467533,1.0948584299330038,4.171875,8.224150822184122,9.184615384615384,1.283705146310942,4.865384615384615,23.115251603906792,27.547169811320753,0.688609985235336,77.66666666666667,95.0,84.0,DDD2014J
group1,F,South Region,A Level or Equivalent,10-20,0-35,120,0.2,0.8333333333333334,7.606060606060606,9.70804883183084,2.264705882352941,0.8385427770056066,8.193548387096774,11.199462352686728,6.625,0.8823655057426356,39.666666666666664,83.66042473396048,5.0,1.8015866023353653,65.0,46.0,86.0,DDD2014J
group3,F,Wales,Lower Than A Level,40-50%,35-55,60,0.1666666666666666,1.0,2.5225225225225225,2.568504505975296,3.5267857142857144,0.8387009740225116,4.015625,5.702943232045758,8.953846153846154,1.2469610915031295,3.2051282051282053,3.335596966992135,7.582278481012659,0.8835029907262657,81.0,88.0,85.5,DDD2014J
group3,M,East Midlands Region,Lower Than A Level,30-40%,0-35,60,0.0,1.0,4.339285714285714,4.282211772243132,2.8771929824561404,0.7309955888119858,6.75,7.5,4.108108108108108,0.7672305124796448,7.709677419354839,10.857235831116183,4.59375,0.6550070218810627,91.0,81.0,92.0,DDD2014J
group1,F,West Midlands Region,Lower Than A Level,90-100%,0-35,120,0.0,1.0,6.023809523809524,6.497609673951571,2.883720930232558,0.7671046419738139,6.702702702702703,6.931669932133818,6.7105263157894735,0.7331655464966838,16.4,14.216690392432607,9.25,1.0726018828640231,63.333333333333336,52.0,52.5,DDD2014J
group1,M,London Region,Lower Than A Level,0-10%,0-35,150,0.6666666666666666,1.0,3.0930232558139537,2.7337881796542884,2.160919540229885,0.8118282994992311,5.511111111111111,7.56373591620576,8.065217391304348,0.8837230488986351,20.363636363636363,35.040755492063035,3.75,0.9622504486493764,66.66666666666667,41.0,57.5,DDD2014J
group1,F,South East Region,Lower Than A Level,70-80%,0-35,60,0.1666666666666666,1.0,3.0898876404494384,3.17533265772767,2.3666666666666667,0.9202476745870216,4.158730158730159,4.649683822779537,5.28125,1.582251176127321,6.368421052631579,12.538418911126564,4.846153846153846,0.876136797680938,61.666666666666664,6.0,45.5,DDD2014J
group1,F,South Region,A Level or Equivalent,80-90%,0-35,60,0.0,1.0,1.414141414141414,1.0520475661410804,3.4824120603015074,0.8858242554392142,3.2142857142857144,3.540034131519579,6.129411764705883,1.3806829265897234,1.4095744680851063,0.8819726491128499,9.328042328042327,0.7222092366110916,77.66666666666667,78.0,85.5,DDD2014J
group3,F,London Region,HE Qualification,40-50%,0-35,60,0.1666666666666666,1.0,4.979591836734694,6.166069101402068,2.46,0.7326552125792405,4.88,6.222539674441618,11.352941176470589,1.0016943595382903,18.692307692307693,28.105114052382632,9.285714285714286,0.898651191785245,96.0,93.0,94.5,DDD2014J
group1,M,South West Region,A Level or Equivalent,30-40%,0-35,60,0.5,1.0,8.482758620689655,10.30125058169143,2.8,0.6675164651845804,8.2,10.848168445442283,8.483870967741936,1.0905722485144471,10.0,3.605551275463989,7.5,0.7571877794400365,89.33333333333333,35.0,33.0,DDD2014J
group3,M,South East Region,A Level or Equivalent,90-100%,0-35,120,0.0,1.0,1.9652777777777777,2.4874881155690227,3.1379310344827585,0.932396698529943,3.3164556962025316,4.510797029457292,7.7,1.1270303168648128,2.963855421686747,3.6171872347222114,7.071428571428571,0.905698871895661,66.0,84.0,87.0,DDD2014J
group3,F,South West Region,A Level or Equivalent,50-60%,0-35,120,0.0,1.0,3.217948717948718,3.1443515049921484,2.1265822784810124,0.707307179881569,5.72093023255814,7.281174621993968,4.681818181818182,0.8231841829604454,4.9,7.445721960307414,5.2745098039215685,0.8114144030182506,96.66666666666669,88.0,88.5,DDD2014J
group3,F,East Anglian Region,Lower Than A Level,60-70%,35-55,120,0.0,1.0,1.3427230046948355,0.8741066076806245,6.41588785046729,0.9899008852173942,2.3017241379310347,2.2811889637765153,11.58119658119658,1.0357464919586428,1.720496894409938,1.509185128323492,13.067901234567902,1.1243742046066925,93.33333333333331,85.0,96.0,DDD2014J
group1,F,North Western Region,A Level or Equivalent,30-40%,0-35,90,0.5,1.0,3.642857142857143,3.893642958277305,2.507042253521127,0.8438194766525204,6.071428571428571,8.146203236950347,6.046511627906977,0.9121143912481008,9.375,9.876685326741876,4.36,0.8578840167017218,52.666666666666664,31.0,60.0,DDD2014J
group1,F,South Region,A Level or Equivalent,50-60%,0-35,180,0.1666666666666666,1.0,3.712121212121212,3.6784827621229144,2.611940298507463,0.8100188962270557,6.447368421052632,7.224946903091353,6.282051282051282,0.7714177733830172,8.214285714285714,14.027373088614835,5.862068965517241,0.9372713100540948,51.0,56.0,34.5,DDD2014J
group1,F,North Western Region,A Level or Equivalent,0-10%,0-35,60,0.3333333333333333,1.0,4.982456140350878,5.674162078071136,2.431034482758621,0.9874469893430928,6.116279069767442,9.019052062758146,7.75,0.9888700457886972,33.285714285714285,79.31522402354267,7.75,1.289919291814981,81.0,83.0,57.5,DDD2014J
group3,F,Scotland,A Level or Equivalent,70-80%,0-35,60,0.0,1.0,2.324324324324324,2.296883905571998,3.7142857142857144,0.9875332366513666,3.8181818181818183,5.6484418298230805,5.223880597014926,0.9394483835241416,3.0875,2.869277463849908,8.91358024691358,1.268923337001476,82.66666666666667,83.0,91.0,DDD2014J
group3,F,East Anglian Region,A Level or Equivalent,90-100%,0-35,60,0.0,1.0,3.1058823529411765,3.0784331567016547,2.755813953488372,0.7319063770428594,4.47457627118644,4.728329632170511,6.366666666666666,0.7972740762671897,4.979591836734694,6.26993419661897,7.04,0.7643893406174544,76.0,62.0,66.0,DDD2014J
group3,M,Scotland,HE Qualification,60-70%,0-35,120,0.0,1.0,2.8085106382978724,2.5284471657082492,1.9684210526315788,0.8156789511407284,5.076923076923077,4.942199850928312,6.981132075471698,1.3206346837258789,5.72093023255814,8.045482557948574,8.659090909090908,1.121552130944002,92.66666666666669,96.0,92.5,DDD2014J
group1,F,Ireland,HE Qualification,60-70%,0-35,120,0.0,1.0,2.8415841584158414,3.4343345010855497,3.862745098039216,0.9666419505527498,5.866666666666666,7.344138045840617,4.760869565217392,1.1253368841985956,4.377049180327869,7.884930636824968,12.338709677419354,0.9623587650948702,79.33333333333333,60.0,65.5,DDD2014J
group1,M,South Region,Lower Than A Level,40-50%,35-55,150,0.1666666666666666,1.0,3.1904761904761907,3.888432615366447,2.7058823529411766,0.8424018232162331,5.6976744186046515,9.664699841915942,6.954545454545454,0.8064151772377374,13.866666666666667,19.974507562915093,5.8125,1.4777417437929177,78.33333333333333,75.0,50.5,DDD2014J
group3,M,Wales,A Level or Equivalent,90-100%,0-35,120,0.0,0.8333333333333334,4.962264150943396,5.9966730011506035,2.2777777777777777,0.6988560381411903,11.954545454545457,13.611890015113618,10.695652173913045,0.7338271010874671,11.454545454545457,19.507574286554817,5.739130434782608,0.6878520886555253,87.5,78.0,83.5,DDD2014J
group3,M,East Anglian Region,HE Qualification,80-90%,0-35,60,0.0,1.0,3.880597014925373,3.707169090893454,1.6029411764705883,0.6693476379399497,4.406779661016949,4.66874657943944,4.916666666666667,0.9447537294489342,11.9,16.075152450779104,4.857142857142857,0.81437488852138,87.66666666666667,76.0,85.0,DDD2014J
group3,M,South West Region,HE Qualification,80-90%,35-55,120,0.6666666666666666,1.0,4.030769230769231,3.884943817037572,3.121212121212121,0.884508114480029,5.346938775510204,6.128998764100065,7.28,0.7852722955708037,19.25,25.08213779492562,6.923076923076923,1.2210094993614358,83.33333333333333,75.0,93.0,DDD2014J
group1,F,Ireland,Lower Than A Level,10-20,0-35,60,0.0,1.0,2.922222222222222,3.1021115598633298,2.1868131868131866,0.8810752112851739,2.9885057471264367,4.6742596799064495,7.011363636363637,1.018208798552012,17.923076923076923,26.027106185864312,5.785714285714286,1.041510047667993,57.666666666666664,70.0,79.5,DDD2014J
group3,M,London Region,A Level or Equivalent,60-70%,0-35,90,0.0,1.0,1.55,1.4808837765930638,4.05524861878453,0.7937718345954496,2.6435643564356437,2.998613541008049,8.303921568627452,1.2126963809118991,1.4574468085106382,1.377162032781624,12.60846560846561,0.9347167054597136,81.0,83.0,92.5,DDD2014J
group3,M,West Midlands Region,A Level or Equivalent,30-40%,0-35,60,0.0,1.0,2.309090909090909,3.3006684186704276,13.594594594594597,1.7850513686262357,3.36,7.344128009247675,16.973684210526315,1.146109808983914,3.090909090909091,7.5623405910677555,27.705128205128204,1.358077957988806,88.33333333333333,78.0,87.0,DDD2014J
group1,F,London Region,Lower Than A Level,50-60%,0-35,120,0.0,1.0,4.47457627118644,4.797110956008296,2.15,0.8048214185608459,5.520833333333333,5.418603036322944,5.816326530612245,1.1889715857938647,8.214285714285714,8.456236545174011,5.137931034482759,0.7864099508419881,65.0,79.0,58.0,DDD2014J
group1,F,South Region,Lower Than A Level,90-100%,0-35,60,0.0,1.0,5.431818181818182,6.29284468994387,2.7555555555555555,0.928085314891342,7.67741935483871,8.802980922294422,9.4375,0.8797484200470757,9.285714285714286,11.475762357818398,8.448275862068966,0.9081793165286406,83.33333333333333,65.0,74.5,DDD2014J
group3,M,East Anglian Region,A Level or Equivalent,80-90%,0-35,60,0.0,1.0,4.9818181818181815,4.648739012977004,2.232142857142857,0.6877674025424584,8.884615384615385,12.090746620707666,3.6666666666666665,0.8813963377120599,11.608695652173912,9.456787511598518,22.166666666666668,1.3295308244790212,90.0,79.0,82.0,DDD2014J
group1,M,Wales,Lower Than A Level,60-70%,0-35,60,0.4,0.8333333333333334,2.336283185840708,2.8271976896270656,3.1315789473684212,1.140826586297126,6.0,9.193020608427718,5.044444444444444,0.814632621195687,4.169491525423729,9.89976060729872,10.033333333333331,1.1200941372311723,72.66666666666667,21.0,70.0,DDD2014J
group3,M,East Midlands Region,A Level or Equivalent,50-60%,0-35,60,0.0,1.0,3.701492537313433,3.676357409064832,2.5588235294117645,1.0194955218333146,5.25531914893617,6.041408146775857,4.916666666666667,1.077704903863019,13.0,23.338094752285727,2.0,0.7745966692414834,85.0,89.0,89.5,DDD2014J
group1,M,South West Region,A Level or Equivalent,70-80%,0-35,60,0.0,1.0,12.0,10.711528467275954,1.4761904761904765,0.5378494193720343,14.75,15.312304420519684,8.352941176470589,0.8263177545843734,48.0,80.86717504649214,5.0,0.4163331998932265,75.0,39.0,71.5,DDD2014J
group1,F,West Midlands Region,A Level or Equivalent,0-10%,0-35,120,0.5,1.0,3.2873563218390807,3.576109507379173,2.6818181818181817,0.7880900296652658,4.620689655172414,4.491034289527933,9.23728813559322,1.0471905412231033,35.57142857142857,45.79613208870062,6.5,0.7806839665455553,76.66666666666667,62.0,72.5,DDD2014J
group3,F,South Region,A Level or Equivalent,40-50%,35-55,90,0.0,1.0,2.0866141732283463,1.6667791488102546,3.7578125,0.9336154615567313,3.0238095238095237,2.912276427020293,7.8,1.0544227081933764,3.4078947368421053,2.9807275692530615,7.961038961038961,1.0133092901882486,96.0,88.0,89.5,DDD2014J
group3,M,Yorkshire Region,A Level or Equivalent,90-100%,0-35,60,0.0,1.0,3.3815789473684212,3.216487132522717,3.987012987012987,0.7832911152945821,7.903225806451613,7.913510972632722,7.09375,0.94785343222247,5.163265306122449,5.658131827936932,6.06,1.2346101924181665,88.33333333333333,92.0,92.0,DDD2014J
group1,F,East Anglian Region,Lower Than A Level,50-60%,0-35,60,0.3333333333333333,1.0,2.5742574257425743,3.2873896472838915,3.1372549019607843,0.8597555975392078,3.507042253521127,5.070568408364433,6.611111111111111,0.6906622438977125,2.8764044943820224,2.6535577520785063,5.911111111111111,1.3565856019614644,71.66666666666667,53.0,61.0,DDD2014J
group1,M,East Anglian Region,A Level or Equivalent,90-100%,0-35,60,0.0,1.0,7.3,10.894952959971878,2.3870967741935485,1.1976053535732176,8.76,12.14248738932843,6.038461538461538,0.8780804027649326,7.25,8.539125638299666,5.8,0.7741360110566776,75.0,59.0,66.5,DDD2014J
group3,F,North Western Region,HE Qualification,70-80%,35-55,60,0.1666666666666666,1.0,1.751552795031056,1.8809274836520848,5.444444444444445,0.800614091670736,3.1294117647058823,3.180252443162475,13.27906976744186,1.4068247921181691,1.7402597402597402,1.6521136978598476,21.006451612903227,0.8470721980272659,81.66666666666667,88.0,88.5,DDD2014J
group1,F,East Anglian Region,Lower Than A Level,50-60%,35-55,60,0.0,1.0,2.924731182795699,3.4773695678967536,3.904255319148936,0.9090736638124988,3.7777777777777777,4.715041027773112,7.205479452054795,1.146269596460225,11.26086956521739,23.510572846554,4.416666666666667,0.8316881826616674,76.0,61.0,74.5,DDD2014J
group1,M,Yorkshire Region,HE Qualification,50-60%,0-35,60,0.0,1.0,4.403225806451613,6.641794339373677,2.5714285714285716,0.90267093384844,4.55,7.009497189346583,11.655737704918034,1.1640744497319166,23.0,39.718453589679896,4.454545454545454,1.404757786885961,69.33333333333333,34.0,43.0,DDD2014J
group1,F,Scotland,Lower Than A Level,70-80%,0-35,60,0.0,1.0,2.6448598130841123,2.9913470697134064,3.3055555555555554,0.8072039880787084,3.0697674418604652,3.648660342950768,6.977011494252873,0.9891869981615418,3.8,5.046450898073484,9.732394366197184,0.9994668523750152,81.66666666666667,83.0,88.0,DDD2014J
group1,M,South East Region,A Level or Equivalent,90-100%,0-35,60,0.3333333333333333,1.0,4.581818181818182,5.054117899703937,1.5178571428571428,0.681845653216099,6.75,9.047098982546837,3.6216216216216215,0.9376888686265714,6.277777777777778,15.93130092636346,3.216216216216216,0.7890214853314623,77.66666666666667,63.0,68.0,DDD2014J
group1,M,Scotland,A Level or Equivalent,90-100%,35-55,90,0.1666666666666666,1.0,4.161290322580645,4.855936196096542,3.888888888888889,0.9902145127905913,5.590909090909091,5.788192398958183,9.511111111111113,0.9660755845751596,7.5,9.299542003855969,7.586206896551724,1.7462001248519765,87.66666666666667,70.0,74.5,DDD2014J
group3,M,South East Region,A Level or Equivalent,50-60%,0-35,90,0.5,1.0,2.8222222222222224,3.1286202500724736,2.89010989010989,0.874210556896605,9.909090909090908,11.583687589961071,7.739130434782608,1.7416092783470238,3.4166666666666665,5.226557318967305,6.465753424657534,0.9626574047618562,80.0,11.0,46.5,DDD2014J
group1,M,North Western Region,Lower Than A Level,30-40%,0-35,60,0.0,1.0,3.533333333333333,3.621756081946591,3.6973684210526314,0.766265804495919,6.921052631578948,6.894500663758069,4.794871794871795,0.8114257428188518,3.621212121212121,3.34095864416258,8.402985074626866,0.8407558432481573,61.666666666666664,42.0,69.5,DDD2014J
group3,M,East Anglian Region,HE Qualification,90-100%,35-55,60,0.0,1.0,2.7,2.414183677412062,3.4653465346534653,0.9484853661474794,2.9634146341463414,2.9035743062442827,6.879518072289157,0.9082987784535208,6.325,5.085865279480537,4.7560975609756095,0.8484041561056291,97.66666666666669,99.0,96.0,DDD2014J
group3,M,South Region,A Level or Equivalent,70-80%,0-35,60,0.0,1.0,3.6666666666666665,3.3716413462830483,2.8987341772151898,0.8775445720230897,4.568965517241379,3.947515625406081,7.728813559322034,0.7033835256232478,7.9411764705882355,6.527058720715789,5.257142857142857,0.8151086884048309,83.33333333333333,96.0,84.0,DDD2014J
group3,M,South East Region,HE Qualification,70-80%,55<=,60,0.0,1.0,1.9230769230769231,2.017797303702704,3.986111111111111,0.8938284000882291,2.730337078651685,3.1179977729882293,6.8,1.2333473611222572,2.2072072072072073,1.8931316869007244,5.303571428571429,1.4944299458156256,91.0,96.0,92.5,DDD2014J
group3,F,South West Region,A Level or Equivalent,70-80%,0-35,60,0.1666666666666666,1.0,2.392857142857143,2.91116874723941,3.1150442477876106,0.975536909807463,8.548387096774194,10.769830421683896,5.25,0.6529194857524804,3.074074074074074,3.80058475033046,5.865853658536586,1.1698797966804575,91.66666666666669,90.0,93.0,DDD2014J
group3,M,South Region,HE Qualification,90-100%,0-35,90,0.0,1.0,1.9477611940298507,2.038417358148614,2.8962962962962964,0.7073079492205032,3.2531645569620253,4.1245616843439805,6.9375,0.8712508231937774,2.4545454545454546,3.2333489534143163,7.87,0.7037268199778963,90.0,72.0,88.5,DDD2014J
group3,M,West Midlands Region,A Level or Equivalent,20-30%,35-55,60,0.1666666666666666,1.0,3.1325301204819276,2.579331943841412,4.714285714285714,0.6744268275807515,4.448275862068965,4.239217131437987,5.9491525423728815,0.9818029237229832,3.835820895522388,2.852946456312677,17.279411764705884,1.0435843793016923,91.66666666666669,89.0,92.0,DDD2014J
group1,M,South Region,HE Qualification,70-80%,35-55,60,0.1666666666666666,1.0,2.4909090909090907,3.04626543671522,2.810810810810811,0.7998320213191119,3.341463414634146,5.159719372680826,7.192771084337349,0.9664657771856894,4.338983050847458,7.099320437346209,8.45,1.125697202868936,57.666666666666664,25.0,63.5,DDD2014J
group3,M,East Anglian Region,A Level or Equivalent,90-100%,0-35,120,0.1666666666666666,1.0,4.8,6.717583339708256,2.4285714285714284,0.6866245605840442,7.135135135135135,10.105450020663117,12.026315789473683,0.9778244018655396,78.33333333333333,132.2132116444243,2.5,0.6,86.0,99.0,84.0,DDD2014J
group3,F,Yorkshire Region,A Level or Equivalent,20-30%,0-35,120,0.0,1.0,4.254237288135593,4.041138540231484,2.683333333333333,0.7831753839062581,5.837209302325581,5.191248278906022,5.931818181818182,1.0357236774646184,6.121951219512195,5.840355819430951,9.952380952380953,0.732791950969441,81.66666666666667,91.0,97.5,DDD2014J
group1,F,Scotland,Lower Than A Level,60-70%,0-35,60,0.5,1.0,6.973684210526316,9.086630636821011,3.2051282051282053,0.7106954340644098,10.192307692307692,19.44226166014485,8.777777777777779,1.642840970421025,9.296296296296296,10.640325381139627,11.071428571428571,0.8107241659510491,55.0,50.0,44.5,DDD2014J
group1,M,South Region,A Level or Equivalent,80-90%,0-35,120,0.3333333333333333,1.0,4.732142857142857,5.168052460430934,3.6140350877192984,0.7991889563983176,5.408163265306122,6.234709186438112,6.56,0.759238166647482,12.5,16.91309053895672,7.095238095238095,0.7582407646979115,58.333333333333336,43.0,64.5,DDD2014J
group3,F,North Western Region,A Level or Equivalent,90-100%,0-35,120,0.0,1.0,3.5641025641025643,2.961176247467342,2.037974683544304,0.7824607964359516,8.516129032258064,7.544847989376307,5.34375,0.974188970547735,13.38888888888889,15.401065237752755,6.157894736842105,1.0448346523033247,75.0,44.0,78.5,DDD2014J
group1,F,London Region,HE Qualification,30-40%,0-35,90,0.0,1.0,8.24,8.884818512496471,1.7307692307692308,0.6714642190994722,10.705882352941176,10.202724549613896,5.166666666666667,0.7015665539010175,21.75,24.563329229913908,7.888888888888889,0.8831783327656835,52.666666666666664,64.0,52.5,DDD2014J
group1,M,East Midlands Region,A Level or Equivalent,70-80%,0-35,60,0.3333333333333333,1.0,9.0,8.442317648177381,2.0416666666666665,0.607807045381038,14.583333333333334,12.802402710097631,5.923076923076923,0.7678828830698431,17.833333333333332,26.61140106545814,8.0,0.7933878532686808,73.33333333333333,53.0,61.0,DDD2014J
group3,F,Scotland,A Level or Equivalent,90-100%,0-35,120,0.0,1.0,2.3545454545454545,2.0209288609987444,2.297297297297298,0.7335115647938173,4.245901639344262,4.089236838763105,3.4838709677419355,0.8560684689871273,7.6875,12.7492884051899,4.7272727272727275,1.0625181283985428,93.33333333333331,98.0,96.5,DDD2014J
group1,M,East Anglian Region,Lower Than A Level,30-40%,0-35,60,0.3333333333333333,1.0,3.72,4.476847346309917,2.8421052631578947,1.0066650314760657,5.191489361702128,4.744050268596584,6.5,1.2462962881553576,10.192307692307692,12.573048097479722,6.148148148148148,1.244001429184716,52.666666666666664,50.0,36.0,DDD2014J
group3,M,Scotland,HE Qualification,60-70%,0-35,120,0.1666666666666666,1.0,2.9565217391304346,2.741272037601815,2.5913978494623655,0.8697871429699681,2.909090909090909,3.409373029078903,5.606741573033708,1.0484160951305934,5.590909090909091,5.958453763129936,5.511111111111111,0.8652553110971893,95.0,60.0,89.5,DDD2014J
group1,M,East Midlands Region,A Level or Equivalent,20-30%,0-35,120,0.0,1.0,5.3061224489795915,4.801059265206712,3.06,1.0526934629077205,9.62962962962963,10.834943995979462,6.964285714285714,0.7641369808115472,14.666666666666666,17.426034163476974,5.3125,0.8170332016479842,76.66666666666667,36.0,61.5,DDD2014J
group3,F,East Midlands Region,A Level or Equivalent,70-80%,0-35,120,0.0,1.0,2.3252032520325203,2.594116719947398,2.814516129032258,0.854209466232885,4.084745762711864,5.187146367151113,5.083333333333333,0.8622078120770336,8.129032258064516,10.02577323862145,2.75,0.9403709484353274,74.33333333333333,79.0,85.5,DDD2014J
group1,M,West Midlands Region,A Level or Equivalent,40-50%,0-35,120,0.1666666666666666,1.0,5.51063829787234,6.616423375160552,2.9791666666666665,0.9604380225545364,9.576923076923077,13.170187779748858,9.22222222222222,2.001668631831019,8.88888888888889,14.505525030492912,10.428571428571429,0.9319600025887488,85.0,81.0,73.5,DDD2014J
group1,F,East Anglian Region,A Level or Equivalent,60-70%,35-55,60,0.0,1.0,4.063492063492063,3.627284667684612,5.34375,1.0073258556360936,4.129032258064516,3.7041574824351167,6.888888888888889,1.173071322737677,6.15,5.989520763329816,5.146341463414634,0.8115205608721892,60.0,61.0,53.0,DDD2014J
group1,M,East Anglian Region,A Level or Equivalent,10-20,35-55,60,0.6666666666666666,1.0,3.796875,3.7254154450336454,1.7538461538461538,0.6858953614850741,5.5227272727272725,6.503983167272894,4.933333333333334,1.0856323118051316,12.421052631578949,18.613960679117778,3.75,0.7296879089339802,79.33333333333333,44.0,67.5,DDD2014J
group3,M,Yorkshire Region,Lower Than A Level,20-30%,0-35,90,0.1666666666666666,1.0,1.7861635220125789,2.063439367590971,2.9375,0.8524987902719394,2.64,2.4184476196289406,8.514851485148515,1.2623601990077713,5.809523809523809,11.307752780214276,5.72093023255814,1.0973351167791707,80.0,57.0,88.0,DDD2014J
group1,F,East Anglian Region,A Level or Equivalent,40-50%,0-35,180,0.3333333333333333,1.0,7.647058823529412,7.018945586621262,2.2285714285714286,0.6169850982315879,10.25,10.649556022588964,10.0,0.856971411425142,47.0,46.93257575146144,3.6,0.5719794522770555,34.333333333333336,29.0,34.0,DDD2014J
group1,M,West Midlands Region,A Level or Equivalent,70-80%,0-35,120,0.0,1.0,2.26271186440678,1.8920796052247923,2.680672268907563,0.8513958844706916,2.592233009708738,2.215970965000039,5.201923076923077,1.0284691926256848,4.385964912280702,5.140019406456251,5.310344827586207,0.888234788195688,90.0,79.0,88.0,DDD2014J
group1,F,South West Region,A Level or Equivalent,20-30%,0-35,120,0.0,1.0,3.5064935064935066,3.5526986652231476,2.9358974358974357,0.8473078701390904,4.823529411764706,7.804372831568059,7.269230769230769,0.763611404284385,12.15,21.404069952378585,5.619047619047619,1.0134119273814743,65.0,43.0,60.0,DDD2014J
group3,M,South Region,HE Qualification,80-90%,0-35,120,0.0,1.0,2.007751937984496,1.974430788350024,3.0692307692307694,0.8164773480193862,4.509433962264151,6.54164952589128,10.11111111111111,0.9920587958938346,3.784615384615385,5.128024435919219,6.348484848484849,1.2516096573203166,76.66666666666667,86.0,89.0,DDD2014J
group3,M,South Region,A Level or Equivalent,40-50%,0-35,60,0.1666666666666666,1.0,18.615384615384617,19.88105656790932,1.8571428571428572,0.670599837467796,6.648648648648648,6.7750203616595055,7.631578947368421,0.925295209504762,5.297872340425532,4.520075478482061,3.75,1.0631887745693944,76.66666666666667,70.0,83.5,DDD2014J
group1,M,Scotland,Lower Than A Level,80-90%,0-35,120,0.1666666666666666,1.0,4.714285714285714,5.767351009114814,2.3333333333333335,0.8583950752789521,6.769230769230769,8.017945459574575,6.05,0.9834016226605504,10.714285714285714,13.572556344119027,9.090909090909092,0.8616263691415207,68.33333333333333,62.0,71.5,DDD2014J
group1,F,Yorkshire Region,Lower Than A Level,0-10%,35-55,60,0.5,1.0,1.919463087248322,1.5090572433910336,4.093333333333334,0.841728098050148,2.7,3.255143559961618,12.613861386138614,2.0330146130700695,2.485981308411215,2.4003320760092817,12.11111111111111,0.9453993784902548,56.666666666666664,53.0,55.5,DDD2014J
group3,M,Scotland,HE Qualification,90-100%,0-35,60,0.0,0.8333333333333334,10.666666666666666,10.585743762933843,2.28,0.7598739588669374,10.72222222222222,11.27102247856947,10.157894736842104,0.7122420840389465,27.25,42.874817783869354,7.8,0.8324452861922013,81.66666666666667,38.0,81.0,DDD2014J
group3,M,North Region,A Level or Equivalent,40-50%,0-35,120,0.1666666666666666,1.0,2.0454545454545454,1.6292349928847738,2.3834586466165413,0.8620245402273096,4.126984126984127,4.650674815731525,5.515625,0.9082092888665784,3.6027397260273974,7.210601234808903,10.85135135135135,1.4148664454945354,86.66666666666667,80.0,83.5,DDD2014J
group3,F,East Anglian Region,A Level or Equivalent,40-50%,0-35,60,0.1666666666666666,1.0,6.717948717948718,10.269906774416002,2.125,0.6152614995290768,8.448275862068966,12.42861389495038,12.4,0.6001069392502031,35.0,46.921920960960946,5.0,0.7416198487095663,87.66666666666667,87.0,89.5,DDD2014J
group3,M,East Anglian Region,HE Qualification,80-90%,35-55,60,0.1666666666666666,1.0,2.683673469387755,3.363224210211808,2.484848484848485,0.8681693527101312,4.078125,5.538622507962994,5.676923076923077,0.98495225667133,4.875,6.702254304781149,3.4489795918367347,0.7683654668867589,88.33333333333333,94.0,96.0,DDD2014J
group3,M,Scotland,HE Qualification,40-50%,0-35,60,0.0,1.0,2.361344537815126,2.342427729605185,2.875,0.8805823816161975,3.358974358974359,4.035473737375611,5.569620253164557,0.7376251819799192,6.615384615384615,8.785800100207704,7.875,0.9188543262480192,76.66666666666667,86.0,85.5,DDD2014J
group3,M,South West Region,HE Qualification,70-80%,55<=,120,0.0,1.0,1.6395348837209305,1.6359470007977903,3.6705202312138727,0.8065483128990862,2.8181818181818183,3.528359504663375,3.808988764044944,1.358707316469446,1.7533333333333334,1.6585619495491175,19.841059602649008,0.840506827139144,95.0,80.0,97.5,DDD2014J
group1,F,London Region,A Level or Equivalent,30-40%,0-35,120,0.1666666666666666,1.0,4.5,4.5379753568064976,3.4098360655737703,0.8683176790299597,7.105263157894737,10.464326720466063,11.307692307692308,1.42304296855626,4.063492063492063,4.446357755087451,13.921875,0.9834256735597082,59.333333333333336,30.0,42.5,DDD2014J
group1,F,Yorkshire Region,HE Qualification,0-10%,0-35,60,0.3333333333333333,1.0,8.193548387096774,9.346726182069348,2.03125,0.6452374454003313,9.76923076923077,11.9643058881247,5.925925925925926,0.8046253009941956,15.0,24.146773421446326,7.176470588235294,1.0484756855079267,81.0,42.0,48.0,DDD2014J
group3,M,Scotland,Lower Than A Level,60-70%,0-35,60,0.0,1.0,7.057142857142857,8.224578863321305,2.5,1.2310790208412925,5.0212765957446805,5.884723633945659,7.6875,1.004506557304416,3.8181818181818183,4.970401905771314,15.28358208955224,0.9538641393115942,75.0,62.0,84.0,DDD2014J
group1,F,East Anglian Region,Lower Than A Level,40-50%,0-35,120,0.1666666666666666,1.0,3.116279069767442,3.1489255110505567,2.057471264367816,0.9096028928478594,8.133333333333333,9.33932484207221,8.774193548387096,1.0583894126402282,18.7,30.36829487036329,4.090909090909091,0.5461424767753115,51.0,36.0,32.5,DDD2014J
group3,M,East Anglian Region,Lower Than A Level,70-80%,35-55,60,0.0,1.0,3.097826086956522,2.6974134236733325,2.5698924731182795,1.01662447513141,4.344262295081967,4.110495695580762,8.129032258064516,1.2041869196956667,3.6,3.311814599585699,5.47887323943662,0.8405265550461269,90.0,80.0,84.5,DDD2014J
group3,F,East Anglian Region,Lower Than A Level,80-90%,0-35,60,0.0,1.0,1.2532751091703056,0.7530931644450568,5.043478260869565,0.8514693182963201,2.136,2.6589592919277707,8.452380952380953,1.019442029337775,1.091633466135458,0.4770426826978252,21.174603174603178,0.7547802507020459,87.66666666666667,84.0,93.0,DDD2014J
group1,F,South East Region,A Level or Equivalent,60-70%,0-35,120,0.0,1.0,3.1666666666666665,3.1803645411679793,2.4050632911392404,0.9868666663610214,6.852941176470588,9.075883304340724,10.17142857142857,1.0272376279614968,15.933333333333334,12.509805677756871,4.75,1.0875778063037802,86.66666666666667,8.0,49.5,DDD2014J
group1,M,South East Region,A Level or Equivalent,50-60%,35-55,60,0.5,1.0,3.5142857142857142,5.177271558142327,4.605633802816901,0.8385341175974204,4.6875,5.481715254157185,8.26530612244898,1.112306627066916,4.5576923076923075,6.957612452610736,8.830188679245284,0.8787950064186212,87.66666666666667,18.0,39.5,DDD2014J
group3,M,North Western Region,HE Qualification,40-50%,0-35,120,0.0,1.0,4.508771929824562,4.305821669626666,4.086206896551724,0.8444407432001202,10.28,8.458329228242027,7.884615384615385,1.093477498560088,4.9,4.887510112730286,14.529411764705882,0.6873614849954858,91.66666666666669,94.0,90.0,DDD2014J
group3,F,East Anglian Region,A Level or Equivalent,80-90%,0-35,120,0.0,1.0,3.7794117647058822,3.1426084243055556,2.028985507246377,0.8177245681693531,7.6875,9.120828697494115,14.515151515151516,1.0115463481872538,32.57142857142857,16.164334637890736,5.0,0.7071067811865476,88.33333333333333,87.0,91.0,DDD2014J
group3,M,London Region,HE Qualification,20-30%,0-35,60,0.0,1.0,3.8840579710144927,4.775969971959678,2.6142857142857143,0.7793545229762269,4.574074074074074,7.984895769340993,5.818181818181818,0.7075899898599469,6.209302325581396,10.0084681752977,6.2727272727272725,0.713243756484886,82.66666666666667,78.0,79.5,DDD2014J
group3,M,Scotland,A Level or Equivalent,90-100%,0-35,120,0.0,1.0,2.4056603773584904,2.114702734425461,2.953271028037383,1.4376216918318632,3.276315789473684,3.9517040517074022,7.766233766233766,0.92779982694309,8.172413793103448,9.475792335952104,3.6666666666666665,0.729541914463232,89.33333333333333,84.0,91.5,DDD2014J
group3,M,London Region,A Level or Equivalent,30-40%,0-35,60,0.8333333333333334,1.0,1.4031413612565444,0.8943039492230995,4.104166666666667,0.8425631425167965,3.0470588235294116,3.5687328762092423,5.465116279069767,0.8313787247546385,2.3904761904761904,2.5172300026908325,6.320754716981132,0.9234163229564112,79.33333333333333,99.0,98.5,DDD2014J
group1,F,London Region,A Level or Equivalent,60-70%,0-35,120,0.0,1.0,3.7285714285714286,3.829411081870742,2.591549295774648,0.8846183481751702,5.229166666666667,6.412220989188099,5.979591836734694,0.8865315000712201,57.75,95.87622228686318,7.6,0.890858467358461,74.33333333333333,78.0,37.0,DDD2014J
group3,M,South Region,Lower Than A Level,80-90%,0-35,90,0.0,1.0,2.9404761904761907,3.011428794603725,2.7294117647058824,0.8380933218748523,3.283783783783784,3.936204521465053,7.8,1.2452847731016314,8.535714285714286,12.254952567589251,4.413793103448276,0.8795223535035936,91.66666666666669,96.0,82.0,DDD2014J
group3,M,North Region,HE Qualification,40-50%,0-35,60,0.0,1.0,4.543859649122807,5.467665261198907,2.1379310344827585,0.7341810759187769,5.22,6.158750204516551,5.745098039215686,1.1316450965673943,6.914285714285715,10.68636136988316,6.305555555555555,0.764986567189744,71.66666666666667,71.0,50.5,DDD2014J
group3,M,London Region,HE Qualification,40-50%,0-35,120,0.1666666666666666,1.0,3.7,3.0614479855316734,2.6901408450704225,0.7476102475268624,5.23404255319149,4.419387946790462,8.375,1.2095078891546671,12.421052631578949,10.838797542335712,2.9,1.1739341055551171,65.0,96.0,86.0,DDD2014J
group1,M,South Region,A Level or Equivalent,90-100%,0-35,60,0.0,1.0,4.803571428571429,5.813525429726606,2.5964912280701755,0.9940472936001614,7.6,9.870191976611824,9.935483870967742,1.6343460557217566,12.238095238095235,15.332660440721831,9.636363636363637,0.8623178217060676,60.0,49.0,56.5,DDD2014J
group1,F,South West Region,A Level or Equivalent,30-40%,0-35,60,0.0,1.0,7.852941176470588,10.06985405973263,1.9428571428571428,0.7776061215530755,7.785714285714286,8.925025751004007,5.137931034482759,0.5230595374066769,23.6,33.72173713727624,9.727272727272728,0.6154047713328721,76.66666666666667,66.0,74.5,DDD2014J
group1,F,East Midlands Region,A Level or Equivalent,80-90%,0-35,60,0.0,1.0,3.9178082191780823,4.091839523360063,2.77027027027027,0.7377474277169083,4.931034482758621,6.103959224086969,3.8983050847457625,1.2194857759137476,4.722222222222222,7.69321354124497,5.1454545454545455,1.060223781640126,61.0,57.0,58.0,DDD2014J
group1,M,London Region,A Level or Equivalent,50-60%,0-35,120,0.0,1.0,5.638297872340425,8.009303101407312,3.5,1.0514001031342677,9.464285714285714,13.908383144460815,6.310344827586207,1.2471712445974097,19.0,24.11776661854631,6.0,0.7715167498104596,71.0,80.0,68.5,DDD2014J
group3,M,East Midlands Region,A Level or Equivalent,30-40%,35-55,120,0.0,1.0,1.276190476190476,0.9382385827636672,4.957345971563981,0.792488240985083,2.509433962264151,2.954400375932783,6.401869158878505,1.119269225679172,1.224390243902439,0.5674074545793306,21.106796116504853,0.6396568046062892,91.66666666666669,80.0,92.5,DDD2014J
group3,M,London Region,HE Qualification,80-90%,35-55,60,0.3333333333333333,1.0,2.094488188976378,1.7925466094586258,4.09375,0.7721252352699147,3.784615384615385,5.017134103787202,7.848484848484849,1.3495520287982734,2.280701754385965,1.9710684938904368,7.226086956521739,0.8525038026236016,91.66666666666669,89.0,94.5,DDD2014J
group3,M,London Region,A Level or Equivalent,20-30%,0-35,120,0.0,1.0,3.397435897435898,3.5432018082913443,2.6202531645569622,0.768829614070638,7.128205128205129,8.41733639323124,5.55,0.7935602346098639,29.5,41.01567644554597,3.0,0.7027283689263065,92.66666666666669,48.0,64.0,DDD2014J
group3,M,South West Region,A Level or Equivalent,10-20,0-35,120,0.3333333333333333,1.0,3.3466666666666667,3.7289710678986534,2.1973684210526314,0.8353025128222348,8.615384615384615,12.503045782774446,13.925925925925926,0.8433157950045284,50.5,27.258026340878025,4.4,0.6833316535624049,83.33333333333333,31.0,87.5,DDD2014J
group3,M,East Midlands Region,A Level or Equivalent,80-90%,0-35,60,0.0,1.0,3.8676470588235294,3.5235006836388103,2.231884057971014,0.8965743165762705,5.595744680851064,6.26466826377376,5.458333333333333,0.7976642669282025,9.833333333333334,13.541134326214316,3.56,0.6791946633576366,75.0,61.0,69.0,DDD2014J
group1,M,Wales,A Level or Equivalent,80-90%,0-35,120,0.0,0.8333333333333334,5.0212765957446805,5.9617963506127465,2.375,0.8226929184346214,11.05,9.784386057710304,7.190476190476191,0.9574061122384742,13.25,21.763337454141936,3.7777777777777777,0.3480046931235068,81.66666666666667,79.0,83.0,DDD2014J
group1,M,East Anglian Region,Lower Than A Level,80-90%,0-35,60,0.3333333333333333,1.0,2.4473684210526314,2.380198940384628,3.6,0.7638504601664589,3.090909090909091,3.3584217819094375,6.46067415730337,0.8712852553666232,4.980392156862745,8.312617388232015,3.730769230769231,0.983604568231984,71.66666666666667,49.0,67.5,DDD2014J
group3,M,South Region,A Level or Equivalent,40-50%,35-55,60,0.1666666666666666,1.0,3.180722891566265,3.6597500191628214,2.6785714285714284,0.6572219874142533,3.493333333333333,4.202230210107335,6.0,1.2082198978817666,10.782608695652174,36.70268323326973,4.0,0.770551750371122,95.0,90.0,94.5,DDD2014J
group1,F,South Region,A Level or Equivalent,90-100%,0-35,60,0.0,1.0,9.04,8.927859019197529,2.230769230769231,0.8460582169920895,8.884615384615385,7.931339977970548,7.074074074074074,1.4507814669837065,66.66666666666667,67.03978918025723,2.75,0.6982859770789643,51.0,58.0,52.0,DDD2014J
group1,F,Scotland,A Level or Equivalent,60-70%,0-35,60,0.1666666666666666,1.0,3.5384615384615383,3.945238122870893,3.5454545454545454,0.8070476331017351,4.509803921568627,6.932164305668492,9.057692307692308,0.881477423249755,10.454545454545457,19.8271753690959,7.173913043478261,0.8726010009661072,61.0,30.0,50.5,DDD2014J
group3,M,Scotland,Lower Than A Level,80-90%,0-35,60,0.0,1.0,3.4927536231884058,3.4369240197911792,4.285714285714286,0.9038190576043909,5.355555555555555,7.966279944969053,10.108695652173912,0.8560247402261763,5.825,5.329586023274901,9.926829268292684,0.7313122426451356,82.66666666666667,75.0,84.5,DDD2014J
group3,M,South Region,Lower Than A Level,70-80%,55<=,60,0.0,1.0,1.4191919191919191,0.7614008953147782,3.7035175879396984,0.8516038776354369,2.965909090909091,2.389867805877885,8.955056179775282,0.7435416985063025,1.8661971830985915,1.1375528870220282,7.083916083916084,0.8297852161958568,82.66666666666667,66.0,74.0,DDD2014J
group1,M,North Western Region,Lower Than A Level,80-90%,55<=,60,0.0,1.0,2.316666666666667,2.7131281624299115,2.71900826446281,0.8027424101060339,3.6301369863013697,6.083919719033182,6.594594594594595,1.1832698989902894,4.509090909090909,5.419008817639677,6.071428571428571,0.8758979574322057,91.0,70.0,71.0,DDD2014J
group1,F,South West Region,A Level or Equivalent,70-80%,35-55,60,0.3333333333333333,1.0,2.8958333333333335,3.213390295775236,3.77319587628866,0.9683701516952378,3.219178082191781,2.662739688441554,8.378378378378379,0.945051188126326,6.256410256410256,6.808346072895612,5.175,0.8321387503080772,86.0,40.0,34.0,DDD2014J
group1,M,South Region,A Level or Equivalent,50-60%,35-55,60,0.0,1.0,2.4869565217391303,2.432835387856903,3.2155172413793105,0.769184739734709,3.3846153846153846,4.612886436790015,7.518987341772152,1.190660656874024,5.571428571428571,8.522030274529655,7.76,0.9652259711954992,73.33333333333333,60.0,63.5,DDD2014J
group1,F,East Anglian Region,HE Qualification,30-40%,35-55,90,0.0,1.0,8.633333333333333,17.26963317169932,3.3870967741935485,0.6214604990885886,20.5,32.859203775004545,6.384615384615385,0.7880291771454377,10.869565217391305,20.289505455297657,22.166666666666668,0.5980162052676141,78.33333333333333,83.0,76.5,DDD2014J
group3,M,Scotland,Post Graduate Qualification,70-80%,35-55,60,0.3333333333333333,1.0,2.563106796116505,2.5308678776208313,3.1826923076923075,0.8389821113142415,3.3417721518987342,3.94801500253484,11.6125,2.221822820083606,3.646153846153846,3.6930287757424174,8.030303030303031,0.8600214424376139,89.33333333333333,90.0,87.0,DDD2014J
group3,F,East Anglian Region,A Level or Equivalent,70-80%,35-55,60,0.0,1.0,4.015151515151516,5.51778223074459,4.134328358208955,0.6890863671368971,4.788461538461538,6.678430420453944,9.924528301886792,1.205134264498802,4.788461538461538,8.341572096296199,12.037735849056604,0.9431674106420366,86.33333333333333,87.0,83.5,DDD2014J
group3,M,East Anglian Region,A Level or Equivalent,50-60%,35-55,60,0.0,1.0,1.6436781609195403,1.281049168051478,2.7657142857142856,0.7630487256356219,2.305084745762712,2.181932314540349,7.789915966386555,1.3418211005570089,2.365217391304348,2.3295599869993096,7.974137931034483,0.9271787756973976,87.66666666666667,74.0,89.0,DDD2014J
group1,M,Scotland,Lower Than A Level,40-50%,35-55,180,0.1666666666666666,1.0,3.7183098591549295,4.796376902238812,3.486111111111111,0.8776432162094645,4.888888888888889,7.42170876593048,11.236363636363636,1.4248544483166472,10.666666666666666,23.062611690158043,7.36,0.8686136097394369,92.66666666666669,0.0,58.0,DDD2014J
group3,M,London Region,HE Qualification,70-80%,35-55,120,0.0,1.0,8.375,11.347161077385348,2.4242424242424243,1.03576662429333,8.933333333333334,11.59944509176114,5.32258064516129,0.8983609194515287,48.0,74.40094085426608,2.1666666666666665,0.6201736729460423,92.66666666666669,90.0,97.0,DDD2014J
group3,M,South West Region,A Level or Equivalent,30-40%,35-55,60,0.1666666666666666,1.0,1.6589595375722543,1.6046419087541053,6.919540229885057,1.0884937299939768,3.3417721518987342,4.59343476856488,11.3,1.14766512948343,2.0852713178294575,2.328596035409326,16.853846153846153,1.3734977851080536,91.66666666666669,66.0,77.0,DDD2014J
group1,M,Scotland,Lower Than A Level,80-90%,35-55,60,0.0,1.0,3.492957746478873,2.9173042323184974,5.013888888888889,0.7086595922959672,4.8431372549019605,4.504986344128504,6.173076923076923,0.8439723235431384,4.392857142857143,3.5351665586507512,12.105263157894736,0.7399569121807418,64.33333333333333,71.0,49.5,DDD2014J
group3,F,East Midlands Region,A Level or Equivalent,60-70%,35-55,60,0.1666666666666666,1.0,2.110294117647059,2.2166801808030723,4.401459854014599,1.0522933649556934,3.104651162790698,3.687910518779983,7.919540229885057,1.0599517922371662,2.310344827586207,3.127476529932297,13.47008547008547,0.8546231207092836,91.0,78.0,88.0,DDD2014J
group3,F,East Anglian Region,Lower Than A Level,80-90%,35-55,60,0.0,1.0,2.520408163265306,2.2394291975086693,3.4444444444444446,0.8120043440601108,3.8253968253968256,5.204029711984316,7.203125,0.963453364443956,2.3173076923076925,2.4781155660653127,13.457142857142856,0.8585496537357952,82.66666666666667,83.0,72.0,DDD2014J
group3,M,Scotland,HE Qualification,20-30%,35-55,60,0.0,1.0,3.1149425287356323,2.9231445610105613,3.238636363636364,0.8313864608078048,5.361702127659575,5.577226722067448,6.145833333333333,1.421592424552668,5.822222222222222,11.031543386804474,5.3478260869565215,1.0863017797155297,87.66666666666667,91.0,84.5,DDD2014J
group3,M,South East Region,HE Qualification,90-100%,35-55,60,0.1666666666666666,1.0,7.878787878787879,8.834441039751665,2.5,1.2242644850732889,8.5,11.672986793861082,4.387096774193548,1.328707192261774,5.622222222222222,7.364808486335815,3.4565217391304346,0.910299960864142,86.0,82.0,84.5,DDD2014J
group3,F,East Midlands Region,Lower Than A Level,80-90%,0-35,120,0.0,1.0,2.5098039215686274,2.6354216903419956,2.7766990291262137,0.7708343108249499,4.413793103448276,5.788780687776976,8.305084745762711,0.7922889514505345,5.142857142857143,7.219764539096826,6.92,1.1425656420748576,93.33333333333331,83.0,90.0,DDD2014J
group3,F,London Region,Lower Than A Level,40-50%,35-55,60,0.1666666666666666,1.0,3.0121951219512195,3.101150333917426,3.156626506024097,0.8352414880360263,4.2631578947368425,5.971737949319138,6.862068965517241,1.1523874208608795,6.486486486486487,10.191558657431544,7.552631578947368,0.9728245459874426,77.66666666666667,20.0,63.0,DDD2014J
group3,M,Scotland,HE Qualification,70-80%,35-55,70,0.0,1.0,1.6342857142857143,1.92472461937466,4.767045454545454,1.168124709197616,3.2650602409638556,3.676173571864244,6.607142857142857,1.2643604137683817,1.82,2.3717294683713277,16.47019867549669,1.2011714953050283,92.66666666666669,87.0,90.5,DDD2014J
group3,M,Scotland,HE Qualification,80-90%,35-55,60,0.1666666666666666,1.0,3.7183098591549295,5.093926631900691,2.375,0.6673588281266749,5.795454545454546,7.753707426666996,4.4,1.6579662716542418,5.976190476190476,8.38258384764709,7.604651162790698,1.2221478290496766,81.33333333333333,78.0,86.0,DDD2014J
group3,M,East Anglian Region,HE Qualification,90-100%,35-55,60,0.0,1.0,1.900709219858156,1.5734628078540978,3.704225352112676,0.8541687786997705,2.623762376237624,2.162644146171602,8.156862745098039,0.8678617058371572,3.5072463768115942,2.593108448117802,8.471428571428572,0.9897842757278312,86.0,89.0,95.0,DDD2014J
group3,F,South East Region,HE Qualification,60-70%,35-55,60,0.0,1.0,2.0652173913043477,2.072434732101213,3.5035971223021583,0.693558995237991,2.878787878787879,3.6401186549194247,7.95,0.8033344929129204,2.2666666666666666,2.2999208365380186,9.785123966942148,0.7779912862441825,93.33333333333331,96.0,99.5,DDD2014J
group1,M,South Region,Lower Than A Level,80-90%,35-55,120,0.6666666666666666,1.0,3.4473684210526314,6.757503951099311,3.311688311688312,0.8857364321835213,4.811320754716981,8.24167786262553,4.907407407407407,1.0583072521451604,9.818181818181818,15.419951095087551,2.739130434782609,0.8354093566311597,66.66666666666667,8.0,45.0,DDD2014J
group3,M,London Region,A Level or Equivalent,40-50%,0-35,60,0.0,1.0,7.848484848484849,6.647937707107052,2.6470588235294117,1.0115383712658703,9.875,8.15775171499343,10.68,0.924919239350698,21.727272727272727,23.499323007656663,8.5,0.8311967997735938,88.33333333333333,93.0,100.0,DDD2014J
group3,M,South Region,A Level or Equivalent,90-100%,35-55,60,0.0,1.0,7.333333333333333,5.492419017761361,1.7647058823529411,0.6454972243679028,8.814814814814815,7.661276440330077,5.785714285714286,1.3254798431171948,7.0,6.244997998398398,19.0,0.8111071056538127,92.66666666666669,82.0,87.0,DDD2014J
group3,M,South Region,A Level or Equivalent,60-70%,35-55,60,0.1666666666666666,1.0,5.638297872340425,5.382845263123817,2.1666666666666665,0.8391317011258242,9.333333333333334,9.384930637832284,10.5,1.6965255372693515,22.5,31.30038794830323,5.444444444444445,0.7893501879923965,96.66666666666669,83.0,91.5,DDD2014J
group3,F,Scotland,A Level or Equivalent,20-30%,0-35,60,0.1666666666666666,1.0,2.435185185185185,2.4996192164144104,3.9908256880733943,0.8762692509941291,3.329113924050633,4.106659753742544,9.425,0.9266030702486372,4.537037037037037,3.864267671902635,6.709090909090909,0.8177099811824494,89.33333333333333,89.0,82.5,DDD2014J
group1,M,London Region,Lower Than A Level,20-30%,0-35,180,0.1666666666666666,1.0,1.96031746031746,2.013557225015643,4.3858267716535435,1.2964660089047169,5.021739130434782,5.867004272235941,7.0638297872340425,0.926428859180282,2.5652173913043477,3.2692518478283965,6.870967741935484,1.0939672346246174,62.666666666666664,43.0,42.0,DDD2014J
group3,M,South East Region,HE Qualification,90-100%,35-55,60,0.0,1.0,8.419354838709678,5.9260677999743185,1.96875,0.5747259361978309,12.428571428571429,12.060561465252883,6.7727272727272725,0.7501482519421724,13.5,15.591287159632383,8.263157894736842,0.7054841017070262,76.0,77.0,74.5,DDD2014J
group3,M,Scotland,A Level or Equivalent,30-40%,35-55,60,0.0,1.0,2.7604166666666665,3.0426608565069,2.7731958762886597,0.8195150212330898,4.366666666666666,5.810471746846718,7.377049180327869,0.8414273587185052,3.9344262295081966,4.969469631188076,6.290322580645161,0.8203044607242019,91.66666666666669,85.0,90.0,DDD2014J
group3,M,South West Region,A Level or Equivalent,90-100%,35-55,60,0.0,1.0,2.251968503937008,1.613280715085503,2.109375,0.6942048969558455,5.204081632653061,4.991574533805,6.48,1.2435016269777437,4.111111111111111,3.7892509733545094,5.609375,0.8719997761963331,86.66666666666667,54.0,73.5,DDD2014J
group3,M,Yorkshire Region,Lower Than A Level,20-30%,35-55,60,0.0,1.0,1.653179190751445,1.2921740096412575,2.867816091954023,0.7354163347334827,1.9589041095890412,1.757257708138047,6.26530612244898,1.1056988743517435,2.7244897959183674,2.662378644424297,5.484848484848484,1.322209224478368,91.66666666666669,83.0,87.5,DDD2014J
group1,M,West Midlands Region,A Level or Equivalent,30-40%,35-55,60,1.0,1.0,2.1721311475409837,1.883783001271993,3.5528455284552845,0.9088327629602476,2.865168539325843,2.3893276499883767,7.7555555555555555,1.0036182192303098,3.272727272727273,3.342849255997847,9.987179487179487,1.0736965194590131,59.333333333333336,55.0,42.5,DDD2014J
group3,F,North Region,A Level or Equivalent,80-90%,35-55,60,0.0,1.0,2.8210526315789473,2.645666659212482,3.5,0.7964632706513205,3.638888888888889,3.682105779767323,11.726027397260276,3.024988639861325,5.104166666666667,7.638757789547714,7.448979591836735,0.7191454656661198,82.66666666666667,89.0,88.0,DDD2014J
group1,F,Scotland,HE Qualification,20-30%,0-35,90,0.0,1.0,2.2,1.7801663540416708,4.312977099236641,0.9664721656727248,6.487804878048781,8.346022858881685,10.785714285714286,1.3874185356698188,3.7916666666666665,3.996257051609069,10.246575342465754,1.4656211692147187,77.66666666666667,89.0,87.0,DDD2014J
group1,F,West Midlands Region,Lower Than A Level,20-30%,0-35,60,0.1666666666666666,1.0,3.581081081081081,4.316285683654969,2.1866666666666665,0.8602532726121169,4.526315789473684,4.986070823367744,4.879310344827586,0.7380423524454213,10.347826086956522,16.92660277264534,7.375,0.6321374982702209,85.0,48.0,79.5,DDD2014J
group1,M,East Midlands Region,HE Qualification,90-100%,35-55,60,0.0,1.0,7.1,7.333799518981643,3.268292682926829,1.1206957709010823,11.869565217391305,12.414450333184265,6.333333333333333,1.2784166106832755,15.75,23.61778990506944,7.764705882352941,0.9833321660356332,84.33333333333333,36.0,72.0,DDD2014J
group1,M,South Region,A Level or Equivalent,50-60%,0-35,60,0.5,1.0,2.2580645161290325,2.2155069442892916,2.312,0.7429703123267998,3.808219178082192,4.701233686333405,6.216216216216216,0.9910564144563924,2.696078431372549,2.795998610767068,4.533980582524272,0.8718964406383231,91.66666666666669,64.0,63.0,DDD2014J
group1,M,East Midlands Region,Lower Than A Level,10-20,0-35,60,0.1666666666666666,1.0,6.5,7.645339725100195,2.488372093023256,0.9146472620306052,10.11111111111111,11.56697332040114,5.464285714285714,0.8379023788179168,20.916666666666668,36.322941243875896,10.461538461538462,0.690941762401971,51.666666666666664,51.0,39.0,DDD2014J
group1,M,Scotland,HE Qualification,40-50%,35-55,60,0.6666666666666666,1.0,5.777777777777778,7.725073959307293,1.565217391304348,0.687745466841108,7.258064516129032,9.821635104657078,4.53125,0.9682473716213256,9.076923076923077,13.78079302544873,2.7857142857142856,0.9018207894907166,71.66666666666667,47.0,54.0,DDD2014J
group1,M,Ireland,Lower Than A Level,90-100%,35-55,60,0.0,1.0,2.5754716981132075,2.3419491808871604,3.5981308411214954,0.7559914169037327,3.1927710843373496,3.634045757679694,6.690476190476191,0.8318652823782472,3.8225806451612905,4.5178124459375715,3.888888888888889,0.829907438022537,76.0,35.0,83.5,DDD2014J
group1,F,South Region,HE Qualification,90-100%,35-55,60,0.0,1.0,1.630057803468208,1.6252436300765647,3.1149425287356323,0.6899579645835344,3.034090909090909,3.4722176941802583,6.910112359550562,1.465837199876938,1.956204379562044,2.2454811260248033,7.710144927536232,0.6972645485335116,75.0,74.0,75.5,DDD2014J
group3,F,South West Region,A Level or Equivalent,30-40%,0-35,60,0.0,1.0,1.5757575757575757,1.3396009378092613,3.1506024096385543,0.7279774174770294,2.7471264367816093,4.188073850453345,8.102272727272727,0.992804120933571,2.0,1.7827772080782869,7.526717557251908,0.812616925509829,86.0,90.0,91.0,DDD2014J
group1,M,South West Region,HE Qualification,30-40%,35-55,60,0.0,1.0,1.9923076923076923,1.5921130897766165,3.1755725190839694,1.0239086681920495,3.78125,4.199277148680302,4.2,1.019776535718157,2.8461538461538463,2.7524658719171025,3.9782608695652177,0.922817999612001,76.0,68.0,65.0,DDD2014J
group3,M,London Region,Lower Than A Level,10-20,0-35,60,0.3333333333333333,1.0,4.807017543859649,4.737534758603089,3.9655172413793105,0.8672142131523122,5.404255319148936,6.476242786450117,6.1875,0.7613821323224779,15.8125,14.72964697472414,11.235294117647058,0.7253529438675151,83.33333333333333,90.0,86.0,DDD2014J
group3,M,Scotland,Post Graduate Qualification,90-100%,35-55,60,0.0,1.0,3.022988505747126,2.569847572596082,3.1931818181818183,0.810693028297309,5.1568627450980395,5.689894723172329,8.115384615384615,0.9677418751040026,8.392857142857142,11.441766522876664,6.724137931034483,1.089281953503078,74.33333333333333,82.0,79.5,DDD2014J
group3,M,South Region,A Level or Equivalent,40-50%,0-35,60,0.0,1.0,2.2661290322580645,2.2127085670570152,3.24,0.7064059012799982,2.4857142857142858,2.0005493750962016,5.952830188679245,0.7890722810427471,2.727272727272727,2.088431588412111,6.786516853932584,0.7953432842936805,77.66666666666667,84.0,84.5,DDD2014J
group1,M,Scotland,HE Qualification,0-10%,35-55,60,0.0,1.0,2.319327731092437,2.1429141140411283,4.2,0.7438333024673004,3.466666666666667,3.281122638025858,5.2631578947368425,0.8774109641439408,2.723404255319149,2.5543732489664586,3.905263157894737,1.0639698680111884,93.33333333333331,75.0,84.5,DDD2014J
group3,M,North Western Region,HE Qualification,50-60%,0-35,60,0.1666666666666666,1.0,2.594059405940594,2.818432961139158,2.9313725490196076,0.7248580404164596,3.306666666666666,3.9693873628100382,7.131578947368421,1.001727786662038,4.344262295081967,5.615114263906061,4.935483870967742,0.8815779700076365,85.0,84.0,90.5,DDD2014J
group1,M,South East Region,Lower Than A Level,60-70%,35-55,60,0.1666666666666666,1.0,12.428571428571429,13.691498926601968,2.0454545454545454,0.7440297352348092,15.571428571428571,16.509737386507048,6.8,0.7425135775984898,60.0,109.43491216243564,7.2,0.6994265728896764,89.33333333333333,69.0,77.5,DDD2014J
group3,M,North Western Region,A Level or Equivalent,60-70%,35-55,60,0.0,1.0,2.3275862068965516,3.567427186591786,4.051282051282051,0.9550882465639308,3.9130434782608696,5.246116576138467,8.114285714285714,1.2921335861755594,1.8357142857142856,2.990658632219783,15.0,0.6775006215484836,85.0,90.0,90.5,DDD2014J
group1,M,North Western Region,Lower Than A Level,40-50%,35-55,60,0.1666666666666666,1.0,3.356164383561644,2.9644648337230306,4.175675675675675,2.0360205571290444,4.298245614035087,5.024813117636109,5.189655172413793,1.1192660953011109,14.411764705882351,29.968856383605573,1.5,0.7777777777777778,71.0,42.0,71.0,DDD2014J
group3,F,Ireland,Lower Than A Level,40-50%,0-35,120,0.0,1.0,2.2195121951219514,2.7714486516889356,3.2661290322580645,0.8231189267450482,4.0,4.930283187372942,5.552238805970149,0.9310859419694308,4.078125,8.351988048667177,5.2153846153846155,0.7884112024975274,81.33333333333333,79.0,74.0,DDD2014J
group1,M,North Western Region,A Level or Equivalent,10-20,35-55,60,0.0,1.0,4.066666666666666,7.368891705796158,2.9836065573770494,0.9719530183951256,4.0,6.340668863192042,7.84313725490196,0.9370565617933638,9.2,6.906518659932803,4.833333333333333,0.9661328086980622,76.66666666666667,54.0,58.0,DDD2014J
group1,F,South Region,Lower Than A Level,80-90%,0-35,150,0.3333333333333333,1.0,6.6,7.986527116626813,2.7560975609756095,0.7202474318363117,7.935483870967742,8.914166567402578,6.71875,1.0096237833387147,11.521739130434783,15.005664279674804,5.916666666666667,0.672378493649578,77.0,11.0,39.0,DDD2014J
group1,M,Scotland,A Level or Equivalent,50-60%,35-55,60,0.3333333333333333,1.0,5.34,5.396937907323949,4.137254901960785,0.6563253847856603,7.135135135135135,8.390345517194026,4.2368421052631575,1.140238019628613,7.055555555555555,7.94245174253767,9.972972972972974,0.4898331815086851,74.33333333333333,23.0,36.5,DDD2014J
group1,F,East Anglian Region,Lower Than A Level,60-70%,35-55,90,0.3333333333333333,1.0,2.4051724137931036,2.2726290015553885,3.3333333333333335,0.8067026904437785,3.0697674418604652,4.421313878912994,7.712643678160919,0.90619607014091,6.3023255813953485,7.294926102700002,7.5,1.2641122568742849,71.66666666666667,65.0,62.5,DDD2014J
group1,M,East Anglian Region,Lower Than A Level,80-90%,35-55,60,0.1666666666666666,1.0,5.681818181818182,6.967608535958331,1.8888888888888888,0.6236403896799328,11.142857142857142,12.721185928543433,8.818181818181818,1.140515608357374,18.11111111111111,12.946470990625636,7.2,0.760218454633556,69.33333333333333,52.0,71.0,DDD2014J
group1,F,South Region,A Level or Equivalent,80-90%,0-35,60,0.0,1.0,4.649122807017544,4.715064111328163,3.1206896551724137,0.6786590649441127,6.162790697674419,7.194343785417024,9.454545454545457,0.9026946429126492,8.0,9.892758294159757,9.875,0.8092360611860562,97.66666666666669,81.0,85.5,DDD2014J
group1,F,East Midlands Region,HE Qualification,30-40%,35-55,60,0.0,1.0,2.8461538461538463,3.4766621186390094,2.8260869565217392,0.8676977632125277,5.630434782608695,7.10667509584295,5.787234042553192,1.2510916513466166,4.588235294117647,8.59575818782319,12.442307692307692,1.2597225499099922,70.0,23.0,73.0,DDD2014J
group1,M,Scotland,A Level or Equivalent,80-90%,0-35,60,0.1666666666666666,1.0,4.257575757575758,6.988585431997404,1.9104477611940296,0.7659438111735092,4.346153846153846,5.186273796998757,5.0754716981132075,0.523173945172588,33.5,4.949747468305833,2.6666666666666665,0.8838834764831844,50.0,42.0,67.0,DDD2014J
group1,M,South Region,HE Qualification,40-50%,0-35,60,0.5,1.0,5.659574468085107,6.190022110463708,2.4583333333333335,0.9823200088706509,9.11111111111111,16.69715160723145,11.142857142857142,1.0709541543824157,22.25,41.16936563352254,2.2,0.5300865358950272,84.66666666666667,47.0,60.5,DDD2014J
group1,F,East Anglian Region,Lower Than A Level,70-80%,35-55,60,0.0,1.0,4.292307692307692,6.855023424748172,2.4696969696969697,0.691403149638397,5.022222222222222,4.644101287404999,6.391304347826087,0.8907669086769926,9.75,18.59833724148877,8.172413793103448,0.8186741412831203,81.66666666666667,67.0,86.0,DDD2014J
group1,F,East Midlands Region,Lower Than A Level,80-90%,0-35,60,0.0,1.0,3.0549450549450547,3.2433269522466768,3.260869565217391,0.8904929970402787,3.955223880597015,4.1136610392797,8.661764705882353,0.8186583983987719,8.096774193548388,9.249702116679856,5.875,1.0040659756593122,66.66666666666667,50.0,61.5,DDD2014J
group1,M,Scotland,HE Qualification,50-60%,0-35,60,0.0,1.0,6.527777777777778,7.462232952335422,3.4864864864864864,0.8912369084421565,9.0,11.811011811017718,13.818181818181818,0.5684225755340223,12.0,9.591663046625438,11.88888888888889,0.5038068026894786,62.666666666666664,16.0,34.5,DDD2014J
group1,M,East Midlands Region,Lower Than A Level,20-30%,0-35,60,0.0,1.0,2.766990291262136,2.776667079167444,3.173076923076923,0.9688443221062412,3.0864197530864197,3.0667471809076368,8.097560975609756,0.9901349666288404,16.2,15.381807436059,4.9375,0.8666033937601388,76.0,72.0,59.0,DDD2014J
group1,F,East Anglian Region,A Level or Equivalent,50-60%,0-35,60,0.0,1.0,2.206611570247934,1.712295512715318,3.204918032786886,0.6895749667641954,2.649484536082474,2.7043223007861337,6.969387755102041,1.0486893746933594,3.638888888888889,2.903642954981836,6.123287671232877,0.7866771969916979,73.33333333333333,73.0,72.5,DDD2014J
group1,M,East Anglian Region,Lower Than A Level,70-80%,0-35,60,0.0,1.0,2.8404255319148937,2.553947783205662,2.336842105263158,0.7518070646855878,2.975609756097561,3.1932630076385866,4.265060240963855,0.8885965796624764,4.823529411764706,4.563796149491961,7.1923076923076925,1.0475961761534565,75.0,59.0,77.5,DDD2014J
group1,F,Scotland,HE Qualification,50-60%,35-55,60,0.3333333333333333,1.0,4.581818181818182,3.842698266365701,4.571428571428571,0.7743444808352419,9.692307692307692,9.841825971918954,7.814814814814815,0.9582371151545108,5.590909090909091,5.499759748740751,12.4,0.821613740530636,83.33333333333333,69.0,80.0,DDD2014J
group1,F,Yorkshire Region,Lower Than A Level,40-50%,0-35,60,0.3333333333333333,1.0,4.467741935483871,5.629890200529301,2.761904761904762,0.8050081055123276,5.0,6.566230624596171,6.851851851851852,0.8484076090811672,38.666666666666664,43.003875794320365,1.0,0.0,84.33333333333333,68.0,78.5,DDD2014J
group1,M,Ireland,Lower Than A Level,50-60%,35-55,60,0.1666666666666666,1.0,3.4358974358974357,3.176986007718652,2.151898734177215,0.5919295759103191,4.421052631578948,3.6299713124656106,8.310344827586206,0.9008164009305476,8.785714285714286,8.795441339682073,7.724137931034483,0.9639756445924073,83.33333333333333,84.0,82.0,DDD2014J
group3,M,South West Region,A Level or Equivalent,20-30%,0-35,60,0.0,1.0,2.392156862745098,2.40526181751468,3.0194174757281553,0.822950136233898,3.950819672131148,5.165353261582395,5.935483870967742,0.8439501705427688,4.298245614035087,5.088379310745717,12.672413793103448,1.044455865942948,95.0,93.0,97.0,DDD2014J
group1,M,Yorkshire Region,A Level or Equivalent,90-100%,0-35,120,0.0,1.0,7.5,7.810249675906655,3.054054054054054,0.7534087311077086,9.96,12.89211645412291,4.730769230769231,0.740551785889488,17.714285714285715,45.17390085747874,9.4,0.664702100077162,86.66666666666667,26.0,69.0,DDD2014J
group3,M,Yorkshire Region,A Level or Equivalent,30-40%,0-35,60,0.0,1.0,1.962962962962963,1.8463655602832576,3.897058823529412,0.932121303586342,3.223684210526316,3.5650102728623425,6.961038961038961,0.8011664127077277,2.869565217391304,2.813692545917678,6.333333333333333,1.2145426838268305,89.33333333333333,85.0,86.5,DDD2014J
group1,M,London Region,A Level or Equivalent,80-90%,35-55,60,0.0,1.0,2.2698412698412698,1.8821804309372616,1.5354330708661417,0.8040986394462047,4.68,7.67832889982433,6.313725490196078,0.9495287654173932,6.357142857142857,12.43288603069556,4.209302325581396,0.7054104182999322,73.33333333333333,57.0,54.5,DDD2014J
group1,F,East Anglian Region,A Level or Equivalent,80-90%,0-35,90,0.0,1.0,1.7727272727272727,1.7169768509892716,4.341935483870968,0.8527421409565171,2.9411764705882355,3.901626465415448,8.430232558139535,0.9314839272782142,1.6363636363636365,1.3806230563651627,5.658064516129032,0.937460969648929,76.66666666666667,35.0,63.5,DDD2014J
group1,F,South Region,A Level or Equivalent,50-60%,0-35,60,0.0,1.0,11.434782608695652,13.92782070976361,2.5,0.5773502691896258,14.61111111111111,17.526916741330073,7.526315789473684,0.85714984313536,35.57142857142857,64.18166182240621,4.125,0.6232413273091859,71.0,40.0,20.5,DDD2014J
group1,M,East Anglian Region,A Level or Equivalent,60-70%,0-35,90,0.0,1.0,3.684931506849315,3.3244745296093496,2.4864864864864864,1.0727330253456806,5.5,8.071210841283014,11.127659574468083,2.021541656272798,12.136363636363637,16.61122814342457,7.434782608695652,0.6947506250232619,77.66666666666667,50.0,65.5,DDD2014J
group1,F,South Region,A Level or Equivalent,80-90%,0-35,60,0.1666666666666666,1.0,2.0,1.92097393138752,3.611111111111111,0.7994820808705696,2.438775510204082,2.270684199220566,7.96969696969697,1.007037648106916,2.5277777777777777,2.3340564077677604,10.53211009174312,0.7961129221548661,73.33333333333333,73.0,73.0,DDD2014J
group1,F,West Midlands Region,A Level or Equivalent,50-60%,0-35,60,0.1666666666666666,1.0,4.016949152542373,4.0193133974629465,4.0,0.7826237921249264,4.3090909090909095,4.430001786107521,7.589285714285714,0.9359590681021418,7.866666666666666,14.185308897085996,6.32258064516129,0.9900851670777984,82.66666666666667,66.0,72.5,DDD2014J
group1,M,Scotland,A Level or Equivalent,70-80%,0-35,90,0.3333333333333333,1.0,3.646153846153846,4.075194662646379,3.1666666666666665,0.8071388855451416,5.780487804878049,6.162435375409429,6.928571428571429,0.9740131404457584,14.8125,18.46155916131318,5.352941176470588,0.7498339388673398,73.33333333333333,60.0,69.5,DDD2014J
group1,M,South East Region,A Level or Equivalent,80-90%,0-35,90,0.0,1.0,6.846153846153846,7.909150135788632,2.625,1.1418646484077903,14.833333333333334,17.256712249065835,9.736842105263158,1.1225037234699038,21.444444444444443,42.520909888874414,5.3,0.9321976850592926,66.66666666666667,62.0,47.5,DDD2014J
group1,M,South East Region,Lower Than A Level,10-20,0-35,90,0.0,1.0,3.1058823529411765,4.320558631792456,3.011627906976744,0.8674894676456887,7.305555555555555,7.967144835221513,5.945945945945946,0.9937823231397932,3.918032786885246,12.327875029064842,4.774193548387097,0.9024255117385972,57.666666666666664,43.0,42.0,DDD2014J
group1,M,South West Region,HE Qualification,20-30%,0-35,60,0.1666666666666666,1.0,6.534883720930233,6.127023814176878,2.840909090909091,0.6834734815631109,8.423076923076923,7.91541825514269,6.555555555555555,0.757989144915183,14.555555555555555,18.608101405261547,14.421052631578949,0.6012932942078532,96.0,95.0,84.5,DDD2014J
group3,M,Scotland,Post Graduate Qualification,60-70%,35-55,60,0.0,1.0,4.4,4.283195385674625,2.0655737704918034,1.002830461364414,5.568181818181818,6.259495957390816,9.333333333333334,1.344869313125909,4.84,9.401172310745428,8.96078431372549,1.4335727189059448,90.0,56.0,86.5,DDD2014J
group3,F,South East Region,HE Qualification,90-100%,35-55,120,0.0,1.0,3.486842105263158,2.9416250431924253,2.5194805194805197,0.8923631781187736,5.739130434782608,5.603311650200742,8.680851063829786,0.8378338678745517,8.166666666666666,14.474908929100282,7.483870967741935,1.3668347440704374,81.66666666666667,75.0,79.5,DDD2014J
group3,F,Scotland,Post Graduate Qualification,60-70%,35-55,60,0.3333333333333333,1.0,1.06640625,0.3306030956641891,17.085603112840467,0.7508680761103488,1.4245810055865922,1.1986224386451731,7.444444444444445,1.16952465815879,1.0963855421686748,0.4565241531077774,31.96,0.7094107573947254,86.0,62.0,80.5,DDD2014J
group1,F,South Region,HE Qualification,60-70%,0-35,120,0.1666666666666666,1.0,2.3421052631578947,2.1111962274846707,3.8086956521739137,0.9354491739837156,6.093023255813954,9.38035930240966,6.295454545454546,0.8402405897833782,3.647058823529412,4.325435724345395,11.782608695652174,0.7337763093065893,83.33333333333333,36.0,65.0,DDD2014J
group3,F,South West Region,Lower Than A Level,90-100%,0-35,120,0.0,1.0,1.3557692307692308,1.0301565870445568,4.923444976076555,0.8848640653176627,2.4444444444444446,2.3614241439307215,6.238532110091743,0.8287700897062439,1.431578947368421,1.178759383509004,8.680628272251308,0.8196615779534333,88.33333333333333,88.0,84.5,DDD2014J
group3,M,Scotland,HE Qualification,90-100%,35-55,100,0.0,1.0,1.7530864197530864,1.3923559211346714,3.5521472392638036,0.6353814367213959,3.7916666666666665,5.291336261911514,6.876712328767123,1.0783021432486943,2.3508771929824563,2.394619544634603,10.165217391304347,0.7531125325785654,92.66666666666669,89.0,95.5,DDD2014J
group1,F,West Midlands Region,A Level or Equivalent,0-10%,0-35,60,0.5,1.0,2.8969072164948453,2.612009667232917,2.9489795918367347,0.7009547117554292,3.3472222222222223,3.263799402762224,10.205479452054794,0.7189470251749308,15.384615384615383,17.34713454502146,2.2857142857142856,0.8970437559004577,61.0,50.0,34.0,DDD2014J
group1,M,Wales,A Level or Equivalent,90-100%,0-35,60,0.0,1.0,4.3538461538461535,5.715742431081158,2.984848484848485,0.9230347200324172,5.0,6.969714705561705,6.925925925925926,0.735094771227362,6.090909090909091,9.402667067994235,6.533333333333333,0.7298593772345987,71.0,81.0,83.0,DDD2014J
group1,M,East Midlands Region,A Level or Equivalent,30-40%,0-35,120,0.0,1.0,3.3125,3.220164906540728,2.1604938271604937,0.8015495197759532,5.760869565217392,8.14912342282202,6.0638297872340425,1.0824205971019172,78.33333333333333,78.90711839456142,6.25,1.1832159566199232,80.0,42.0,74.5,DDD2014J
group3,F,South Region,Lower Than A Level,90-100%,35-55,60,0.0,1.0,1.7763975155279503,1.4873430811328596,4.302469135802469,0.841628213970237,2.4607843137254903,2.327925897171515,10.359223300970871,2.0573624040523284,2.7916666666666665,3.4516713470026796,7.278350515463917,0.922138743948952,92.66666666666669,79.0,79.5,DDD2014J
group3,M,East Anglian Region,A Level or Equivalent,30-40%,0-35,60,0.0,1.0,3.76056338028169,3.9909354031798263,2.236111111111111,0.7582474783705557,4.389830508474576,4.49527318471971,5.3,0.52729013632008,10.681818181818182,11.10292266814877,3.1739130434782608,0.6413534197654589,87.66666666666667,73.0,81.0,DDD2014J
group1,M,North Western Region,A Level or Equivalent,40-50%,0-35,120,0.0,1.0,4.58,6.128188466223198,2.235294117647059,0.6424502955649317,7.857142857142857,12.8976434416992,8.172413793103448,0.8287031545991347,7.666666666666667,17.97485015501487,10.6875,0.722287328078558,80.0,77.0,70.0,DDD2014J
group3,F,East Anglian Region,Lower Than A Level,50-60%,35-55,60,0.0,1.0,1.2690582959641257,0.8485719382728318,3.892857142857143,0.7597526830371887,1.7468354430379749,1.534888152778025,9.075471698113208,0.967681115337354,1.1176470588235294,0.6048533746824356,22.251046025104603,0.6660918896270128,86.0,71.0,79.0,DDD2014J
group3,M,London Region,HE Qualification,30-40%,55<=,60,0.0,1.0,1.5052631578947369,0.9745294261022506,3.4083769633507854,0.7536092674380745,2.251968503937008,1.71347833339092,7.09375,1.0942770293687138,1.9357142857142855,1.6586842071578984,14.397163120567376,0.918747077589524,72.66666666666667,70.0,81.0,DDD2014J
group3,M,London Region,Lower Than A Level,60-70%,0-35,60,0.0,1.0,1.7151898734177216,1.0411395774675989,2.6540880503144653,0.9219319099455086,4.125,4.46325384900242,4.938461538461539,1.055399116705406,3.563380281690141,3.879368116316284,6.472222222222222,0.993328145655442,76.0,76.0,70.5,DDD2014J
group3,M,East Anglian Region,A Level or Equivalent,30-40%,35-55,120,0.0,1.0,1.1578947368421053,0.4634709332286076,8.487903225806452,0.786988454428967,3.043956043956044,3.165480788169251,6.532608695652174,1.5585584912300705,1.1929824561403508,0.6208874277425356,26.131004366812228,0.6973537188463635,80.0,49.0,59.5,DDD2014J
group3,F,Yorkshire Region,A Level or Equivalent,10-20,35-55,60,0.0,1.0,3.1951219512195124,3.0849656315601406,3.5783132530120483,0.8093984767610656,3.2278481012658227,4.025398107684371,5.55,0.904452458931194,7.352941176470588,11.2408409933981,7.257142857142857,1.3185391450734234,81.66666666666667,78.0,83.5,DDD2014J
group3,M,East Midlands Region,HE Qualification,80-90%,0-35,90,0.0,1.0,3.5,3.805983085403404,3.0,1.0481371805712143,4.452830188679245,6.087711575018117,6.314814814814815,0.8810791754499009,15.333333333333334,17.70660355697302,6.1875,1.4759577156718204,95.0,79.0,83.5,DDD2014J
group1,M,Wales,A Level or Equivalent,30-40%,0-35,60,0.0,1.0,3.6103896103896105,3.1041391897536292,2.7564102564102564,0.7421046474277805,5.760869565217392,5.534476920415216,5.0638297872340425,0.6821490360570376,6.421052631578948,5.763968128967201,4.666666666666667,0.6641764059895198,84.33333333333333,84.0,91.0,DDD2014J
group3,F,North Western Region,A Level or Equivalent,40-50%,0-35,60,0.1666666666666666,1.0,5.32,5.797395615133347,2.372549019607843,0.7693500246437704,6.444444444444445,7.34630886692453,7.756756756756757,0.891877171053723,12.736842105263158,13.698508050405254,4.3,1.3622032228472063,71.66666666666667,67.0,84.5,DDD2014J
group3,F,Yorkshire Region,Lower Than A Level,50-60%,0-35,60,0.1666666666666666,1.0,5.9772727272727275,7.235213104537841,2.533333333333333,0.6205171643448208,11.434782608695652,12.500276676779894,5.041666666666667,1.753137829093104,9.64,10.73110742964894,11.807692307692308,0.7596842644457562,91.0,79.0,84.5,DDD2014J
group1,F,South West Region,Lower Than A Level,40-50%,0-35,120,0.1666666666666666,1.0,3.371794871794872,4.306771998641796,3.0126582278481013,0.8342214508121494,4.046153846153846,4.938467529351745,7.545454545454546,1.1473228561719564,7.029411764705882,11.36311228738038,5.057142857142857,0.811791865412071,66.66666666666667,55.0,53.0,DDD2014J
group1,F,Scotland,A Level or Equivalent,50-60%,0-35,60,0.0,1.0,4.732142857142857,7.002573738350704,4.2105263157894735,0.7650571874049678,5.176470588235294,8.184634096532212,13.788461538461538,0.7384209561635192,6.611111111111111,10.629548512862696,9.486486486486486,0.6938945152533742,87.66666666666667,81.0,75.5,DDD2014J
group1,F,North Western Region,Lower Than A Level,0-10%,0-35,60,0.6666666666666666,1.0,8.678571428571429,8.232967024818333,3.586206896551724,1.057430037413194,11.045454545454543,10.535551029625148,9.521739130434783,0.976336435360158,20.333333333333332,27.227437142216186,6.384615384615385,1.2613255256195084,43.333333333333336,39.0,37.5,DDD2014J
group1,M,North Region,A Level or Equivalent,10-20,0-35,60,0.0,1.0,4.735849056603773,6.478220741590852,3.3703703703703702,0.8997577798003833,8.5,10.82268149686614,10.64,0.9536135013372694,8.517241379310345,13.154631692881766,11.166666666666666,0.7889016307659484,73.33333333333333,70.0,63.0,DDD2014J
group1,F,Scotland,A Level or Equivalent,80-90%,0-35,90,0.5,1.0,3.259259259259259,2.8494638871978086,2.8292682926829267,0.7150497018388868,7.8125,8.566391569157288,8.696969696969697,1.152083097306345,4.98,6.79582705092783,4.176470588235294,0.8866902871974532,70.0,54.0,46.5,DDD2014J
group1,M,North Western Region,A Level or Equivalent,0-10%,0-35,60,0.0,1.0,7.4375,7.361352873557432,2.787878787878788,0.8081578389322218,10.727272727272728,10.42059233387165,6.913043478260869,0.786440202885061,21.454545454545453,23.92222245680211,8.083333333333334,0.9733946153880484,65.0,45.0,40.0,DDD2014J
group3,M,Scotland,HE Qualification,40-50%,35-55,60,0.0,1.0,4.47457627118644,7.474914212870409,1.9,0.8022360256262229,4.47457627118644,7.876976341393663,8.583333333333334,0.7708395482846843,13.941176470588236,38.39021781039294,3.2777777777777777,0.7319600976843793,76.0,73.0,82.5,DDD2014J
group1,M,West Midlands Region,A Level or Equivalent,40-50%,0-35,60,0.0,1.0,1.8026315789473684,2.0588670249146577,2.7320261437908497,0.638805259465009,2.0,2.351860965278348,6.338461538461538,0.7796931065306292,5.183673469387755,6.888013348648248,4.74,0.8277035706555385,87.66666666666667,87.0,77.5,DDD2014J
group1,M,Wales,A Level or Equivalent,20-30%,35-55,60,0.0,1.0,2.1185185185185187,2.372264652158015,5.117647058823529,1.0227947640379151,2.86,3.542013352015854,8.336633663366337,1.1166472639312657,4.566666666666666,6.899684754937295,9.459016393442624,1.5932894548609478,71.66666666666667,44.0,60.5,DDD2014J
group3,M,Yorkshire Region,Lower Than A Level,60-70%,0-35,60,0.0,1.0,2.319327731092437,1.9307185503059885,2.1083333333333334,0.8890293745229708,3.840579710144928,4.361000925333396,4.857142857142857,1.5849639512126448,8.533333333333333,12.361601651982594,4.258064516129032,0.9278988775213698,76.66666666666667,74.0,80.5,DDD2014J
group3,F,West Midlands Region,Lower Than A Level,80-90%,0-35,120,0.0,1.0,1.6280487804878048,1.783205522719177,3.16969696969697,0.787953159746893,2.31858407079646,3.10605827009797,9.81578947368421,0.8921869084207307,1.8897058823529411,3.2218531454167505,8.386861313868613,1.1435852496902794,83.33333333333333,94.0,85.5,DDD2014J
group1,F,South West Region,Lower Than A Level,50-60%,0-35,90,0.1666666666666666,1.0,6.333333333333333,6.08511063404532,2.72972972972973,1.2680227049375858,7.125,8.918086009033335,7.787878787878788,0.8338113765589962,105.5,139.30003589374985,4.333333333333333,0.6617173282340483,72.66666666666667,44.0,56.5,DDD2014J
group1,M,South West Region,Lower Than A Level,90-100%,0-35,60,0.1666666666666666,1.0,1.712418300653595,1.4033475139558416,3.331168831168831,0.6327120247836562,2.597938144329897,2.6087185304539893,10.459183673469388,0.8576830568781915,11.77777777777778,13.103908512373458,3.1578947368421053,0.948683298050514,81.66666666666667,68.0,62.0,DDD2014J
group3,F,London Region,HE Qualification,20-30%,35-55,60,0.0,1.0,4.453125,4.542321927391703,3.3230769230769233,0.7485697382002866,5.816326530612245,6.326773365981257,11.06,1.1670883834463854,6.232558139534884,10.232621060915976,13.545454545454543,1.1513050663072313,92.66666666666669,59.0,80.0,DDD2014J
group3,M,South East Region,Lower Than A Level,50-60%,0-35,60,0.1666666666666666,1.0,3.7916666666666665,4.5561829217999374,3.0547945205479454,1.219912278791499,9.035714285714286,13.661197124641268,6.9655172413793105,1.5059435233435683,5.739130434782608,6.958399505022515,7.276595744680851,0.8667112551764437,57.333333333333336,68.0,74.5,DDD2014J
group1,M,East Midlands Region,Lower Than A Level,50-60%,0-35,120,0.1666666666666666,1.0,5.954545454545454,6.974886997349334,2.0,0.7071067811865476,6.0,5.839971160707452,6.1,0.7783001619979816,16.53846153846154,19.998397371687,2.0714285714285716,1.0711879011730392,66.0,68.0,59.0,DDD2014J
group1,M,Scotland,A Level or Equivalent,0-10%,0-35,60,0.0,1.0,3.238636363636364,3.187599241391546,2.741573033707865,0.8893159321619003,3.636363636363636,4.116427586701243,11.64102564102564,0.9168818041681956,6.484848484848484,14.701448083694874,8.176470588235293,1.2174226475633112,76.66666666666667,91.0,74.5,DDD2014J
group1,F,South East Region,Lower Than A Level,40-50%,0-35,120,0.1666666666666666,1.0,4.491525423728813,4.527208477470462,2.033333333333333,0.7347847485578678,7.162162162162162,8.34503682673957,5.026315789473684,0.9303622199797612,16.866666666666667,28.281409003762437,7.6875,0.8625169494771504,71.66666666666667,77.0,11.5,DDD2014J
group3,M,East Midlands Region,A Level or Equivalent,20-30%,0-35,90,0.3333333333333333,1.0,3.160919540229885,3.470384883213531,1.9090909090909092,0.6299407883487119,5.7727272727272725,7.808354608451894,7.533333333333333,0.6863971479527545,14.11111111111111,13.127828048883249,4.368421052631579,1.1244262742477202,70.0,70.0,68.0,DDD2014J
group3,F,East Midlands Region,A Level or Equivalent,60-70%,0-35,90,0.0,1.0,1.1124031007751938,0.4125478869858572,6.926640926640927,0.7084943952705536,1.5932203389830508,1.244788829313622,8.426966292134832,0.8035355208908522,1.1188524590163935,0.5032948177910512,17.681632653061225,0.6676854859345892,93.33333333333331,90.0,90.5,DDD2014J
group1,F,London Region,A Level or Equivalent,30-40%,0-35,120,0.3333333333333333,1.0,2.844444444444445,2.600393708787023,3.043956043956044,0.7464635526056415,4.979591836734694,5.535829491888754,8.52,0.9973736146838444,4.473684210526316,6.003288572458476,5.982758620689655,1.0098181738462042,59.333333333333336,37.0,56.5,DDD2014J
group1,F,South East Region,A Level or Equivalent,30-40%,0-35,60,0.6666666666666666,1.0,3.493333333333333,3.0106717097923754,3.3947368421052633,1.1696181985437648,4.777777777777778,5.615566863190978,6.418181818181818,1.119879869237108,8.777777777777779,14.53201593652743,6.571428571428571,1.065550081143693,66.0,48.0,60.5,DDD2014J
group1,F,East Anglian Region,A Level or Equivalent,60-70%,0-35,60,0.0,1.0,1.5903614457831323,1.4273191193861203,3.2095808383233533,0.8454477908366188,2.0677966101694913,1.8889187137081775,5.319327731092437,0.8934567636753388,3.696969696969697,4.132310573515824,4.298507462686567,1.1670179695951666,74.33333333333333,75.0,69.0,DDD2014J
group1,M,Yorkshire Region,A Level or Equivalent,90-100%,0-35,120,0.0,1.0,1.3666666666666667,0.9402398825207404,4.540284360189573,0.904997796647986,4.568965517241379,4.503846578069693,6.084745762711864,1.365419718956483,1.3850267379679144,1.1365815442844915,7.792553191489362,1.1066467510676532,76.66666666666667,92.0,68.0,DDD2014J
group3,F,London Region,A Level or Equivalent,20-30%,0-35,90,0.0,1.0,2.509433962264151,2.6267680051234716,3.383177570093458,0.7436533867158028,3.3417721518987342,3.8460305075972014,7.0,0.7110641636997038,4.862745098039215,5.681618106994299,4.980769230769231,0.6802711895562826,86.66666666666667,89.0,92.0,DDD2014J
group3,M,West Midlands Region,HE Qualification,20-30%,35-55,60,0.1666666666666666,1.0,2.216666666666667,1.735362957377371,2.909090909090909,0.8626358588651412,3.473684210526316,3.5757467628847404,5.597402597402597,1.116349297731144,5.733333333333333,9.939361603790712,3.630434782608696,1.0247921756098757,86.0,93.0,90.5,DDD2014J
group1,F,Ireland,A Level or Equivalent,50-60%,0-35,60,0.0,1.0,4.030769230769231,4.326405952004325,3.696969696969697,1.1714717851957892,6.222222222222222,9.42674344954248,9.62162162162162,0.9039184431963492,18.76923076923077,20.363995376455662,3.7857142857142856,1.2516987389148668,71.0,82.0,65.0,DDD2014J
group3,M,South West Region,HE Qualification,60-70%,0-35,90,0.1666666666666666,1.0,8.233333333333333,11.518151591811684,2.4193548387096775,0.6366579406033771,11.823529411764708,12.923985908561876,4.166666666666667,0.6053098380168622,7.1875,12.324602765741918,5.470588235294118,0.8391231404355556,80.0,80.0,82.0,DDD2014J
group1,F,London Region,Lower Than A Level,70-80%,35-55,60,0.0,1.0,3.76056338028169,5.015589379218115,2.9305555555555554,1.0336426613954244,5.739130434782608,6.916758337091141,8.574468085106384,1.0674648408202745,15.470588235294118,16.302291430420233,5.222222222222222,0.8926032750384268,71.0,71.0,75.5,DDD2014J
group1,F,North Region,A Level or Equivalent,80-90%,35-55,60,0.0,1.0,4.533333333333333,5.4879426130649165,4.442622950819672,0.9735265684021224,5.408163265306122,6.470826735391373,10.34,0.8818525256114093,10.083333333333334,11.545436390595004,9.88,1.3110534510970044,82.66666666666667,68.0,69.0,DDD2014J
group1,M,Yorkshire Region,A Level or Equivalent,0-10%,0-35,60,0.0,1.0,4.925925925925926,7.642611061899337,2.4,1.0588730430094635,7.135135135135135,9.919571457371427,6.394736842105263,0.8791668457491825,7.264705882352941,14.940911544804129,8.771428571428572,0.9527116550738232,60.0,12.0,59.5,DDD2014J
group3,F,Scotland,A Level or Equivalent,20-30%,0-35,85,0.5,1.0,3.2875,2.9604727214040016,3.135802469135802,0.8351283702993149,4.962264150943396,5.591759954649421,6.962962962962963,0.941744766415066,8.133333333333333,9.27634490047905,4.516129032258065,0.6384771422881871,89.33333333333333,72.0,85.0,DDD2014J
group1,M,London Region,Lower Than A Level,70-80%,35-55,60,0.3333333333333333,1.0,5.930232558139535,5.448439483170559,2.5454545454545454,0.8436437007869797,5.2,5.058837488464507,8.92156862745098,1.178485229563767,7.375,10.244589445323118,10.090909090909092,1.046312785987917,65.0,82.0,60.5,DDD2014J
group1,F,South West Region,A Level or Equivalent,50-60%,0-35,120,0.3333333333333333,1.0,1.854304635761589,1.5117202165893773,3.4407894736842106,1.1855902608115307,3.859375,5.485528399835045,9.523076923076925,0.8262408020337301,4.190476190476191,6.681358618978008,8.0625,1.7358630013204972,71.66666666666667,47.0,60.5,DDD2014J
group3,F,South East Region,A Level or Equivalent,30-40%,35-55,60,0.0,1.0,2.0142857142857142,2.510369041303581,4.3546099290780145,0.7818132445863294,3.569620253164557,3.6922772637499826,10.175,1.3189115039502728,2.0074074074074075,2.517094677671587,17.419117647058822,0.6116676729270959,92.66666666666669,93.0,97.0,DDD2014J
group1,F,East Midlands Region,A Level or Equivalent,20-30%,0-35,120,0.1666666666666666,1.0,3.119565217391304,3.0592766196047703,2.161290322580645,0.943333961750554,7.361111111111111,9.648546234767414,4.54054054054054,1.0747962945739682,8.129032258064516,16.54638316064646,5.96875,0.8547831966084345,84.33333333333333,17.0,48.0,DDD2014J
group3,F,South West Region,A Level or Equivalent,80-90%,0-35,90,0.1666666666666666,1.0,3.6805555555555554,5.973713283313514,3.164383561643836,0.872162773526276,5.760869565217392,7.70911374819497,8.319148936170214,0.9881593061708028,9.73076923076923,26.5654778873751,8.333333333333334,0.933523790091429,84.33333333333333,75.0,74.0,DDD2014J
group1,F,North Region,HE Qualification,30-40%,0-35,60,0.1666666666666666,1.0,3.526315789473684,5.244612942084544,2.987012987012987,0.7658840969138099,5.6521739130434785,8.404277723753006,6.340425531914893,0.9685728766662992,5.54054054054054,8.35528639908955,4.631578947368421,0.8894178149704314,81.0,56.0,59.5,DDD2014J
group3,M,South West Region,Lower Than A Level,30-40%,0-35,60,0.0,1.0,3.364864864864865,2.9028768174183304,1.9333333333333331,0.747568392713062,4.303571428571429,3.837232159949493,9.947368421052632,1.3337252020657715,13.27777777777778,13.033014890046854,2.6315789473684212,0.7315736463268753,81.66666666666667,77.0,77.0,DDD2014J
group1,M,Ireland,Lower Than A Level,60-70%,0-35,90,0.1666666666666666,1.0,2.813725490196078,2.2370878885122005,2.737864077669903,1.005067388141461,4.545454545454546,3.910186989078948,6.946428571428571,1.2234748529345338,5.787234042553192,4.947270526403889,7.875,1.340024781380566,73.33333333333333,55.0,63.5,DDD2014J
group3,F,East Midlands Region,Lower Than A Level,60-70%,0-35,60,0.1666666666666666,1.0,4.301587301587301,4.441864330453907,3.140625,0.7755930093965815,6.6,6.792907311570632,7.804878048780488,1.0093411372028784,7.575757575757576,8.685585411438536,10.382352941176473,0.9044461151671522,87.66666666666667,89.0,88.5,DDD2014J
group1,M,South West Region,A Level or Equivalent,60-70%,0-35,60,0.0,1.0,3.3214285714285716,2.8291116332500392,2.2823529411764705,0.6906831809567858,3.968253968253968,3.826765896260494,6.578125,1.0654232719092098,11.61904761904762,21.19782109198063,3.5,0.8251609164480558,66.66666666666667,50.0,32.0,DDD2014J
group3,M,West Midlands Region,A Level or Equivalent,70-80%,0-35,60,0.0,1.0,18.53846153846154,24.544569611950777,2.0714285714285716,0.6939521309482105,8.166666666666666,9.720519829058857,8.935483870967742,0.5649098580319264,3.629032258064516,3.3741246392078605,5.365079365079365,1.1742916250657482,90.0,62.0,85.5,DDD2014J
group1,F,East Anglian Region,Lower Than A Level,40-50%,0-35,150,0.1666666666666666,1.0,4.576271186440678,4.694837185787385,2.35,0.7565418133296605,10.375,12.118302722310794,12.36,0.8564992564008234,15.882352941176473,21.20106823057855,4.277777777777778,0.6694298165641492,61.0,41.0,30.0,DDD2014J
group3,M,East Anglian Region,Lower Than A Level,90-100%,0-35,150,0.0,1.0,3.076923076923077,2.8799335224996243,2.619565217391304,1.054260415165599,5.906976744186046,8.532330540469424,7.477272727272728,1.219913273317478,15.933333333333334,21.54552212896044,3.0625,0.7784584131739042,76.66666666666667,79.0,62.0,DDD2014J
group1,F,West Midlands Region,Lower Than A Level,40-50%,0-35,60,0.0,1.0,4.907407407407407,6.417160126959467,2.8,0.91219322237869,6.794871794871795,8.098666190310494,8.575,1.0725970899342698,8.571428571428571,10.042238836363175,6.068965517241379,0.769125966318987,72.66666666666667,55.0,58.5,DDD2014J
group1,F,South East Region,A Level or Equivalent,50-60%,0-35,60,0.8,0.8333333333333334,6.285714285714286,5.906943885184433,1.744186046511628,0.6193903812979697,10.56,9.456391136862589,7.576923076923077,0.8079362335666448,50.6,101.4238630697924,3.0,0.6085806194501846,71.66666666666667,36.0,63.0,DDD2014J
group1,M,Yorkshire Region,HE Qualification,40-50%,0-35,60,0.0,1.0,2.393162393162393,2.100727562623635,3.0847457627118646,1.2023178315635346,3.732394366197183,3.7108248851121775,6.291666666666667,0.860595962787519,5.326530612244898,8.952159318431786,10.22,1.4272693312608458,77.66666666666667,64.0,74.0,DDD2014J
group1,M,East Midlands Region,Lower Than A Level,50-60%,0-35,120,0.2,0.8333333333333334,4.2727272727272725,5.379578063367065,2.611940298507463,0.8648793710862874,5.673913043478261,6.867166156027737,4.212765957446808,1.1993646925553516,13.1,14.418190265297367,4.761904761904762,0.7271863585079137,62.5,41.0,44.0,DDD2014J
group1,M,East Midlands Region,HE Qualification,90-100%,0-35,60,0.1666666666666666,1.0,3.514705882352941,3.3390169572138886,3.2028985507246377,0.8629850208011894,4.816326530612245,5.868963101873828,5.68,0.9703499635571906,6.2894736842105265,11.850209017969222,8.35897435897436,1.0073033019094664,71.33333333333333,61.0,66.5,DDD2014J
group3,M,Yorkshire Region,Lower Than A Level,90-100%,0-35,60,0.1666666666666666,1.0,2.021897810218978,1.633595606974848,2.949275362318841,0.8964557897599649,3.5205479452054793,3.947958646359378,6.95945945945946,0.8971651292327025,3.13953488372093,2.5119141550415733,4.057471264367816,0.9711054769749272,87.66666666666667,71.0,84.0,DDD2014J
group1,F,West Midlands Region,Lower Than A Level,60-70%,0-35,60,0.0,1.0,3.423076923076923,5.658046174562957,3.4936708860759493,0.9659721991004672,6.333333333333333,8.612715122922499,4.906976744186046,0.986510849763616,4.508771929824562,8.062529749707116,6.775862068965517,1.1989810002715766,71.33333333333333,10.0,52.0,DDD2014J
group3,M,South Region,Lower Than A Level,40-50%,35-55,60,0.0,1.0,2.2758620689655173,1.9541981871659384,2.581196581196582,0.5998406290979736,2.5047619047619047,2.6352777168049375,8.264150943396226,0.8163561193809198,6.025,8.395626150653593,5.146341463414634,0.922017177577795,83.33333333333333,62.0,95.0,DDD2014J
group1,M,West Midlands Region,Lower Than A Level,30-40%,0-35,60,0.2,0.8333333333333334,4.134328358208955,4.56898477679093,2.3529411764705883,0.7280109889280518,4.703703703703703,4.9740065079109765,4.8545454545454545,0.8082948890017203,31.75,47.179747471013144,3.6666666666666665,0.574959574576069,75.0,55.0,73.5,DDD2014J
group1,F,East Anglian Region,A Level or Equivalent,30-40%,35-55,60,0.0,1.0,4.0,5.422752990870965,3.1818181818181817,0.7598782573454742,4.7272727272727275,6.990614198243733,14.178571428571429,0.686798810705647,14.352941176470589,22.618966533836677,4.055555555555555,0.5228858817532143,62.666666666666664,37.0,45.5,DDD2014J
group1,F,South Region,A Level or Equivalent,80-90%,0-35,60,0.3333333333333333,1.0,7.655172413793103,8.763870076582139,2.066666666666667,0.8828343344131618,9.652173913043478,12.974130538926556,9.125,0.7891885326484426,17.076923076923077,13.81702777048148,10.928571428571429,0.9864085547582896,71.0,81.0,68.5,DDD2014J
group3,F,North Region,A Level or Equivalent,50-60%,0-35,60,0.0,1.0,1.326829268292683,0.8491704112688232,5.257281553398058,0.931032307167308,2.3217391304347825,2.857884833373066,10.405172413793103,0.9769179294153386,1.7207792207792207,1.4302829065496154,12.038709677419355,0.995930496510994,80.0,75.0,73.5,DDD2014J
group1,F,North Region,Lower Than A Level,60-70%,0-35,60,0.0,1.0,4.40625,4.3887256348982095,3.5692307692307694,0.9350170250314656,6.6,8.365987305138802,8.463414634146341,0.9485165146005884,6.419354838709677,11.712597757822948,6.3125,1.0061569113326845,82.66666666666667,63.0,58.5,DDD2014J
group1,F,East Anglian Region,A Level or Equivalent,30-40%,0-35,60,0.1666666666666666,1.0,6.90625,7.646881611944622,2.3333333333333335,0.7051362057401676,8.75,13.082514051704417,8.64,0.507023712727018,18.454545454545453,25.86257387176936,3.6666666666666665,0.6030226891555274,82.66666666666667,62.0,72.0,DDD2014J
group3,F,Scotland,A Level or Equivalent,50-60%,35-55,60,0.0,1.0,1.392156862745098,0.9891715471328038,3.9365853658536585,0.6461062081220617,2.935483870967742,2.721917688804775,6.638297872340425,0.8580410160783963,1.3465346534653466,1.132387462163373,15.241379310344827,0.6251108820670139,88.33333333333333,76.0,88.0,DDD2014J
group3,M,East Midlands Region,A Level or Equivalent,20-30%,0-35,60,0.0,1.0,3.681159420289855,3.1177516107869088,2.3142857142857145,0.7884820914486798,3.953125,3.6052417196552655,5.430769230769231,0.8042332763303843,6.666666666666667,7.468027086950648,6.324324324324325,0.9264145105854792,82.66666666666667,89.0,77.5,DDD2014J
group1,M,Scotland,HE Qualification,20-30%,35-55,60,0.1666666666666666,1.0,4.907407407407407,7.33631062108201,3.0727272727272728,0.7747638960157592,6.973684210526316,9.80481636225696,8.333333333333334,0.738397433114965,10.181818181818182,16.433520805372357,5.434782608695652,1.3756743800769131,67.66666666666667,44.0,39.0,DDD2014J
group3,F,Scotland,HE Qualification,70-80%,0-35,60,0.0,1.0,6.463414634146342,6.201199726567472,2.5238095238095237,0.7745047453499545,7.794117647058823,7.449951847575547,4.171428571428572,0.9528674958395368,81.0,125.58264211267416,11.0,1.0041237288352056,92.66666666666669,79.0,88.5,DDD2014J
group1,M,North Region,A Level or Equivalent,70-80%,0-35,60,0.0,1.0,5.840909090909091,4.945955274053607,2.4,0.8305509104292252,11.285714285714286,11.23896283979468,7.863636363636363,1.3525146951270433,45.6,74.94864908722505,6.0,0.6382847385042254,74.33333333333333,60.0,50.5,DDD2014J
group1,M,Ireland,A Level or Equivalent,0-10%,0-35,90,0.3333333333333333,1.0,5.173913043478261,5.284376754278543,2.382978723404255,0.7912749657537331,7.21875,7.707283421669107,6.545454545454546,0.6405975541144756,22.77777777777778,28.873767409959587,5.9,0.6840825786647649,79.33333333333333,16.0,56.5,DDD2014J
group1,M,West Midlands Region,HE Qualification,40-50%,0-35,60,0.0,1.0,2.3252032520325203,2.2342194696756765,3.4516129032258065,0.823862388837549,2.4766355140186915,2.5637008714648237,12.5,1.4294469274927692,4.161290322580645,3.644864109037185,5.746031746031746,1.254575582152868,66.66666666666667,80.0,77.0,DDD2014J
group1,M,South Region,Lower Than A Level,70-80%,0-35,60,0.0,1.0,3.043010752688172,4.659991552741512,2.617021276595745,0.6209274745733341,5.549019607843137,6.815610685742536,6.673076923076923,0.8731703136833737,3.8142857142857145,6.1744984121645015,8.098591549295774,0.6524497967200814,69.33333333333333,57.0,37.0,DDD2014J
group1,M,Yorkshire Region,A Level or Equivalent,10-20,0-35,120,0.0,1.0,3.08,3.431806710363696,2.276315789473684,0.8832211056888858,5.90625,8.61116819844645,7.242424242424242,0.8354172341697556,32.666666666666664,21.385353243127252,1.25,0.3464101615137754,83.33333333333333,72.0,51.5,DDD2014J
group3,M,South Region,Lower Than A Level,60-70%,0-35,60,0.0,1.0,4.365079365079365,4.886787939389977,2.359375,1.009037709093609,8.451612903225806,11.185820517296053,5.28125,1.1712838023285146,8.137931034482758,12.120596808535208,5.166666666666667,0.6243414845114794,90.0,69.0,87.5,DDD2014J
group1,F,Wales,A Level or Equivalent,10-20,0-35,90,0.2,0.8333333333333334,4.380952380952381,6.474337857359951,2.71875,0.883114750960327,4.980769230769231,7.487218873220235,6.849056603773585,0.8074116521519745,9.36,14.138835407015195,14.192307692307692,0.8502620952037767,85.0,75.0,95.5,DDD2014J
group1,M,South Region,Lower Than A Level,80-90%,0-35,60,0.3333333333333333,1.0,3.9705882352941178,3.958631560011518,2.463768115942029,0.7299333998154147,5.038461538461538,5.77337206818575,6.735849056603773,0.8203505789489601,24.4,32.918080138428486,5.181818181818182,0.8096828602957422,75.0,27.0,43.5,DDD2014J
group1,M,East Anglian Region,Lower Than A Level,90-100%,0-35,60,0.1666666666666666,1.0,3.8260869565217392,3.7375539411379206,2.3857142857142857,0.9824922263999624,7.588235294117647,10.210267105575712,8.571428571428571,1.0021643245163607,14.705882352941176,18.17197260165484,6.0,1.4656562175858798,70.0,44.0,23.0,DDD2014J
group1,F,West Midlands Region,A Level or Equivalent,10-20,35-55,60,0.3333333333333333,1.0,3.1704545454545454,4.495774749207447,3.561797752808989,0.9123866081938358,3.768115942028986,3.9075527452547583,5.5285714285714285,0.9397339910633744,7.176470588235294,12.98126992955455,10.0,1.079947088650974,79.33333333333333,61.0,71.0,DDD2014J
group1,M,Yorkshire Region,A Level or Equivalent,60-70%,35-55,60,0.1666666666666666,1.0,3.3,2.7207593876654395,4.283950617283951,0.9517244707961274,4.389830508474576,4.0769196838677555,12.933333333333334,1.0320419237942384,5.125,5.5911213810712725,13.040816326530612,1.0496968537898346,79.33333333333333,0.0,79.0,DDD2014J
group1,F,Scotland,A Level or Equivalent,60-70%,0-35,120,0.6666666666666666,1.0,4.551724137931035,7.322573638721216,2.6271186440677967,0.7313409063712667,6.769230769230769,8.845044816944975,6.625,0.796351595274692,4.454545454545454,3.8823610435825353,6.416666666666667,0.894031105428349,75.0,45.0,38.0,DDD2014J
group1,F,South East Region,A Level or Equivalent,20-30%,0-35,60,0.0,1.0,6.7105263157894735,6.785946904535922,2.6153846153846154,0.5847938545884995,6.375,6.624304511147586,7.2926829268292686,1.2963652483921084,47.8,67.05743806618324,3.6666666666666665,1.02851895445316,73.33333333333333,66.0,71.5,DDD2014J
group1,M,West Midlands Region,Lower Than A Level,60-70%,0-35,60,0.6666666666666666,1.0,5.829787234042553,4.810853440223652,2.25,0.8037975708966928,9.03448275862069,8.662244672059355,3.8333333333333335,0.7472697627354372,24.5,17.257848456088997,4.454545454545454,0.8254591190268035,48.333333333333336,65.0,26.5,DDD2014J
group1,F,London Region,Lower Than A Level,50-60%,0-35,60,0.1666666666666666,1.0,11.761904761904765,12.80197157435042,2.6818181818181817,0.8663985029920039,11.761904761904765,13.28873493566924,8.545454545454545,0.7973757319763196,15.666666666666666,18.58314648635514,7.0,0.4629100498862757,61.0,23.0,41.5,DDD2014J
group3,M,East Midlands Region,Lower Than A Level,60-70%,35-55,120,0.0,1.0,1.3222748815165877,1.2072899759316749,4.061320754716981,0.7471834573374837,4.483333333333333,7.036205802163228,8.180327868852459,1.144297351236327,1.3131313131313131,0.8626068935036946,17.316582914572866,0.8295593659121521,89.33333333333333,90.0,96.0,DDD2014J
group1,M,South Region,A Level or Equivalent,50-60%,0-35,60,0.0,1.0,2.264,2.940660448091167,2.984126984126984,0.8021516447680979,4.078125,5.449056092718013,5.0,0.8061303578492461,2.977777777777778,5.390332123301923,6.395604395604396,0.8573073944830004,76.66666666666667,55.0,73.5,DDD2014J
group1,M,South East Region,A Level or Equivalent,10-20,0-35,60,0.0,1.0,3.5396825396825395,2.810265725154926,2.34375,0.5997036305079738,4.235294117647059,3.658350640898806,5.153846153846154,0.7382403986278344,19.875,11.141139977578597,5.555555555555555,0.3509985754956849,73.33333333333333,67.0,64.0,DDD2014J
group3,M,East Anglian Region,A Level or Equivalent,70-80%,0-35,90,0.0,1.0,5.574468085106383,6.749378975783024,2.5208333333333335,0.8177643145478657,8.733333333333333,9.569828065090944,8.096774193548388,0.7660806572026901,21.636363636363637,30.44757043598956,6.25,1.3131133487504676,94.33333333333331,88.0,93.0,DDD2014J
group1,M,Wales,Lower Than A Level,80-90%,35-55,60,0.0,1.0,12.130434782608695,13.994493552907572,2.375,0.5676733223636293,11.625,8.733147035453895,10.77777777777778,0.9817118232674156,25.6,16.228917948457863,7.818181818181818,0.7434589471230595,51.0,21.0,51.5,DDD2014J
group3,F,London Region,Lower Than A Level,50-60%,0-35,60,0.1666666666666666,1.0,2.1615384615384614,1.8163932494076656,3.877862595419847,0.7824450296605181,2.387387387387387,1.9733274675079384,7.080357142857143,0.6998807129622733,3.6666666666666665,3.2073633232266476,4.388059701492537,1.0327261049874863,92.66666666666669,95.0,93.5,DDD2014J
group1,F,South West Region,Lower Than A Level,50-60%,0-35,60,0.0,1.0,1.830065359477124,1.7236392408338062,2.5974025974025974,0.953729521405309,2.096774193548387,2.2064921019009742,9.56,0.7850514231210469,2.7653061224489797,2.7983832608124137,3.8181818181818183,0.87488976377909,73.33333333333333,77.0,74.0,DDD2014J
group1,M,South East Region,A Level or Equivalent,70-80%,0-35,60,0.3333333333333333,1.0,8.15625,8.474285106397833,2.242424242424242,0.6309522989150678,7.5625,8.358644356824316,6.545454545454546,1.1953592534698372,44.4,55.36515149441931,1.8333333333333333,0.7977240352174658,61.0,42.0,33.0,DDD2014J
group1,M,South West Region,A Level or Equivalent,30-40%,0-35,60,0.1666666666666666,1.0,4.303571428571429,4.883812381390523,1.9824561403508771,0.8736445258891636,4.78,6.185202882192108,4.784313725490196,0.7338240359022258,23.6,15.392638933377649,3.272727272727273,0.6655082528172743,68.33333333333333,74.0,74.0,DDD2014J
group1,F,North Western Region,Lower Than A Level,70-80%,0-35,60,0.0,1.0,1.8402777777777777,1.5674271575827357,3.931034482758621,0.7840162246045762,2.387387387387387,2.0983594075163103,6.660714285714286,1.2689520944834751,2.49,2.3071912172880933,6.544554455445544,0.8092567101502077,87.66666666666667,70.0,74.0,DDD2014J
group1,F,West Midlands Region,A Level or Equivalent,50-60%,0-35,60,0.5,1.0,4.96078431372549,7.932113928364179,2.4038461538461537,0.9239567089425784,4.813953488372093,5.807449296474184,8.431818181818182,0.7068113231754094,7.2105263157894735,13.786381957764702,13.5,1.1769389046102543,51.0,31.0,37.0,DDD2014J
group3,M,East Anglian Region,HE Qualification,90-100%,35-55,60,0.0,1.0,1.9259259259259256,1.5531846418843824,4.205882352941177,0.8216708822755023,4.431034482758621,3.675963026776613,4.661016949152542,0.93777299055698,1.916030534351145,1.5592807411847656,9.393939393939394,0.7597373443935614,86.66666666666667,84.0,98.0,DDD2014J
group1,F,North Western Region,A Level or Equivalent,50-60%,0-35,60,0.6666666666666666,1.0,4.222222222222222,5.7176705284933504,2.78125,0.7176072967117197,4.454545454545454,5.8557290143552825,7.535714285714286,0.9200540227482704,9.185185185185183,14.860989295770416,6.142857142857143,1.116642382737116,50.0,36.0,41.0,DDD2014J
group3,M,Wales,HE Qualification,80-90%,0-35,90,0.3333333333333333,1.0,5.8936170212765955,5.603702357460496,2.2083333333333335,0.7037002339234534,9.464285714285714,11.120492071637116,11.03448275862069,0.784468370936649,31.5,73.93626599018528,3.111111111111111,0.975464305981976,52.666666666666664,36.0,48.5,DDD2014J
group1,M,Wales,Lower Than A Level,60-70%,0-35,60,0.3333333333333333,1.0,1.771604938271605,1.5929763983467389,2.9079754601226995,0.9028697859295638,2.226890756302521,2.605200063204476,9.808333333333334,1.0666512535499262,2.873684210526316,3.1224721018570687,2.9375,0.8773425174141123,89.33333333333333,80.0,92.5,DDD2014J
group1,M,Scotland,A Level or Equivalent,40-50%,0-35,60,0.0,1.0,5.7555555555555555,7.648991483004194,3.217391304347826,0.8118236916689505,8.777777777777779,12.744028264652288,9.464285714285714,1.1945706057007563,8.88888888888889,13.036438085179478,9.357142857142858,0.79883225769482,91.66666666666669,24.0,77.0,DDD2014J
group3,M,North Western Region,HE Qualification,60-70%,35-55,60,0.0,1.0,1.8289473684210529,1.3847624693604752,4.03921568627451,0.7904725347314514,3.4155844155844157,2.9618213162221005,7.987179487179487,2.840582247075863,2.105691056910569,1.3778874786323538,7.870967741935484,0.8902173322751864,86.66666666666667,83.0,87.5,DDD2014J
group3,F,North Western Region,A Level or Equivalent,50-60%,0-35,90,0.1666666666666666,1.0,3.743243243243243,3.1495196885857593,2.3733333333333335,0.8669906392746258,5.173913043478261,5.091624267476875,5.0212765957446805,0.8671028079284371,13.31578947368421,15.45622000497228,3.75,1.018495622638278,90.0,88.0,79.5,DDD2014J
group1,F,West Midlands Region,HE Qualification,10-20,0-35,60,0.1666666666666666,1.0,2.2222222222222223,2.013365303849079,3.847457627118644,0.8604529062902924,3.0588235294117645,3.2818147606544312,9.813953488372093,1.1652673435101757,3.22972972972973,3.3374064957290073,5.373333333333333,0.8153394567705057,84.33333333333333,82.0,66.0,DDD2014J
group1,F,East Anglian Region,A Level or Equivalent,30-40%,0-35,60,0.0,1.0,3.732394366197183,2.9226101175826336,3.0972222222222223,0.7966301767070757,4.274193548387097,3.846093844872256,5.7936507936507935,0.7805286639891507,5.4772727272727275,5.760687282816321,4.688888888888889,0.8312639490111341,86.66666666666667,91.0,81.5,DDD2014J
group3,M,North Western Region,A Level or Equivalent,20-30%,35-55,60,0.5,1.0,1.8289473684210529,1.9387177977205263,4.496732026143791,0.9632012030716643,2.5533980582524274,3.1583321341188855,10.096153846153848,1.627374664703776,3.058139534883721,3.968566643491118,6.379310344827586,0.8147890392462169,83.33333333333333,62.0,77.0,DDD2014J
group1,M,East Midlands Region,A Level or Equivalent,40-50%,35-55,60,0.0,1.0,2.592233009708738,2.8055857911403628,4.375,0.6814427395029975,5.297872340425532,7.456875711358819,6.333333333333333,0.946454237281813,2.74468085106383,3.3694904698011814,8.357894736842105,0.6849972998589409,88.33333333333333,71.0,68.5,DDD2014J
group1,F,North Western Region,A Level or Equivalent,70-80%,0-35,150,0.0,1.0,7.515151515151516,7.529613254183494,1.7058823529411764,0.522956927175969,13.833333333333334,15.049916943292413,8.736842105263158,0.8918918324492409,37.666666666666664,59.915496047906224,6.142857142857143,0.6651325416779111,54.333333333333336,46.0,42.0,DDD2014J
group1,M,North Region,A Level or Equivalent,0-10%,0-35,60,0.5,1.0,5.690476190476191,6.947496812725712,1.9069767441860463,0.8524381520634777,4.976190476190476,8.391308207082407,10.232558139534884,0.6078770128981005,8.25,8.180260794538684,4.0,0.6708203932499369,70.0,40.0,46.0,DDD2014J
group1,F,South Region,A Level or Equivalent,90-100%,0-35,60,0.0,1.0,2.6907216494845363,2.137759851370257,3.0510204081632653,0.6111622631220948,4.714285714285714,5.196152422706632,5.52,0.7212238425952892,3.875,3.2926083643928625,3.246153846153846,0.7812577350754746,53.333333333333336,52.0,50.0,DDD2014J
group1,F,London Region,Lower Than A Level,60-70%,0-35,60,0.0,1.0,7.764705882352941,9.260731116923994,2.371428571428571,0.9567509251128588,6.285714285714286,8.411043014947857,4.837209302325581,1.0615750411757698,49.6,85.3481106996517,7.166666666666667,0.9477992498751082,76.0,61.0,64.0,DDD2014J
group1,M,East Anglian Region,Lower Than A Level,10-20,0-35,60,0.0,1.0,8.862068965517242,8.567897466419279,2.1,0.6190476190476191,8.777777777777779,8.683907899687583,6.714285714285714,0.5263539096533183,34.42857142857143,46.88232482452615,7.375,0.733136567928209,61.666666666666664,78.0,69.5,DDD2014J
group1,F,Wales,Lower Than A Level,60-70%,35-55,120,0.1666666666666666,1.0,1.5942857142857143,1.5278906760296018,8.880681818181818,1.0834057719264274,3.48,4.353811626112879,8.131578947368421,0.8877760600389317,1.7567567567567568,1.8354840382623707,18.006711409395972,1.0748693541399266,71.0,27.0,52.5,DDD2014J
group1,M,East Anglian Region,A Level or Equivalent,40-50%,0-35,60,0.0,1.0,4.4655172413793105,4.74698618050897,1.8305084745762712,0.6130720502684018,3.9193548387096775,6.978417282856101,3.2063492063492065,0.7458672858078893,18.53846153846154,24.8851206701762,4.357142857142857,0.7442334073977814,66.66666666666667,40.0,47.5,DDD2014J
group3,M,London Region,HE Qualification,80-90%,0-35,60,0.0,1.0,2.5495495495495497,2.399767938548675,3.3660714285714284,1.012911878419411,3.5945945945945947,3.4280028089330052,5.68,1.3331266784240896,3.6666666666666665,3.5405100293044836,10.821917808219178,0.8658024277716405,61.666666666666664,48.0,47.5,DDD2014J
group3,F,East Anglian Region,Lower Than A Level,60-70%,0-35,60,0.0,1.0,2.3660714285714284,2.4273053895856314,3.1327433628318584,0.923110939020382,4.174603174603175,4.383030629744685,6.65625,1.2907895533730525,2.8452380952380953,4.640040630324415,7.152941176470589,1.1585136840041772,76.66666666666667,74.0,89.5,DDD2014J
group1,M,East Anglian Region,HE Qualification,60-70%,0-35,60,0.0,1.0,1.668639053254438,1.2664249150149118,4.4411764705882355,1.0199062519533657,2.3162393162393164,1.946037409045988,13.97457627118644,1.2121515539042422,1.7843137254901962,1.3762132277729398,8.279220779220779,1.0591177514234376,74.33333333333333,80.0,87.0,DDD2014J
group1,F,East Anglian Region,Lower Than A Level,60-70%,35-55,120,0.3333333333333333,1.0,1.6405228758169934,1.4850765489971047,4.714285714285714,1.043026285241884,2.18018018018018,2.3323737350534626,15.446428571428571,1.1214891795669408,3.492957746478873,3.883566988649995,10.65277777777778,1.1932772925658848,81.66666666666667,50.0,74.5,DDD2014J
group3,M,South Region,Lower Than A Level,80-90%,0-35,60,0.1666666666666666,1.0,3.1666666666666665,3.0028076749242985,1.7582417582417582,0.909455537670754,4.138461538461539,4.582156025950431,6.878787878787879,0.900253435393642,9.20689655172414,11.536833281602354,4.533333333333333,0.8910114388059476,67.66666666666667,54.0,61.0,DDD2014J
group1,M,North Region,HE Qualification,10-20,0-35,90,0.3333333333333333,1.0,3.4444444444444446,3.2210246816812815,1.8170731707317072,0.7788994694993219,6.8108108108108105,7.486424149522023,7.921052631578948,1.25992489259513,35.0,56.17235381692077,6.5,1.090572836827525,64.33333333333333,47.0,44.5,DDD2014J
group1,F,West Midlands Region,A Level or Equivalent,10-20,0-35,90,0.0,1.0,8.206896551724139,7.374566865464166,1.4666666666666666,0.6030226891555273,19.0,30.00370347510824,2.1818181818181817,0.3280836614171588,47.6,64.2207131695063,1.5,0.5091750772173156,76.33333333333333,63.0,39.5,DDD2014J
group3,F,Scotland,A Level or Equivalent,40-50%,0-35,60,0.0,1.0,4.046153846153846,4.184908784963125,2.606060606060606,0.9837099345143894,5.382978723404255,6.83200012565345,8.6875,1.39326473401507,9.52,18.07650408679731,6.461538461538462,1.1974202239580574,75.0,94.0,84.0,DDD2014J
group3,M,West Midlands Region,A Level or Equivalent,90-100%,0-35,60,0.1666666666666666,1.0,3.8823529411764706,4.36925968579707,2.289855072463768,0.8079975981218892,4.0,4.447990038727086,8.656716417910447,0.8532166178107659,10.434782608695652,12.474796726186916,4.791666666666667,0.7427023665594487,87.66666666666667,86.0,87.5,DDD2014J
group1,M,South West Region,A Level or Equivalent,70-80%,0-35,60,0.1666666666666666,1.0,5.617021276595745,6.621943729782596,2.3125,0.7652356405615106,7.542857142857143,7.964416662449878,4.472222222222222,0.87476263955009,10.642857142857142,19.18976948134742,5.066666666666666,0.9326339550878604,75.0,75.0,56.0,DDD2014J
group1,M,East Anglian Region,Lower Than A Level,40-50%,0-35,60,0.1666666666666666,1.0,5.595744680851064,7.267137390089613,2.25,0.8089010988089465,6.6,7.886372537160022,7.2439024390243905,1.012958919976778,20.166666666666668,28.344739237189017,2.6923076923076925,0.42185208743524,76.0,65.0,73.5,DDD2014J
group1,F,East Midlands Region,A Level or Equivalent,40-50%,35-55,60,0.0,1.0,3.3461538461538463,2.864139784175469,3.189873417721519,0.712564062707227,4.209677419354839,3.680418261931712,7.714285714285714,0.954657120622153,6.605263157894737,6.843973374473184,4.666666666666667,0.90567719270943,89.33333333333333,87.0,78.0,DDD2014J
group3,M,South Region,Lower Than A Level,90-100%,0-35,120,0.1666666666666666,1.0,4.061538461538461,4.4926221570652745,2.196969696969697,0.9247810423115232,6.583333333333333,10.5,11.675675675675675,0.985040063455186,33.714285714285715,38.58632869171103,17.625,0.6646642630428308,77.66666666666667,57.0,64.0,DDD2014J
group3,M,Scotland,A Level or Equivalent,20-30%,0-35,90,0.1666666666666666,1.0,2.3577981651376145,2.3274645869121047,2.6818181818181817,0.8230030980480725,3.364864864864865,3.92593876505579,8.866666666666667,0.927528256390526,7.114285714285714,10.159815389045992,7.861111111111111,0.994051405238514,94.33333333333331,52.0,93.5,DDD2014J
group1,M,Scotland,A Level or Equivalent,60-70%,0-35,60,0.1666666666666666,1.0,4.348484848484849,4.619332033771596,2.014925373134328,0.7928348539413127,5.155555555555556,6.98034759344064,6.369565217391305,0.7797495827984375,10.56,13.276169126169892,6.615384615384615,0.5187141400743132,76.0,58.0,59.0,DDD2014J
group1,F,West Midlands Region,A Level or Equivalent,90-100%,0-35,120,0.0,1.0,2.9555555555555557,3.5312763428027623,2.1648351648351647,0.6857114635844989,7.388888888888889,8.8810481291915,5.1891891891891895,0.667317390751957,5.040816326530612,9.453745253587485,4.68,0.7308067166873744,71.0,70.0,69.5,DDD2014J
group1,M,East Anglian Region,A Level or Equivalent,50-60%,0-35,60,0.0,1.0,1.8402777777777777,1.3414489319333915,2.358620689655172,0.9095682422626984,2.387387387387387,1.977928995743556,5.955357142857143,0.9336743459465806,3.642857142857143,4.057684476721841,4.450704225352113,0.7726316210559026,80.0,78.0,76.0,DDD2014J
group1,M,North Region,A Level or Equivalent,60-70%,0-35,60,0.0,1.0,2.1755725190839694,1.907398211945083,3.212121212121212,0.7702701647704481,3.0869565217391304,3.340238110592044,7.172043010752688,0.9286255644632372,2.3451327433628317,3.011199071515084,9.456140350877194,0.9112314355294356,70.0,76.0,69.5,DDD2014J
group1,F,East Midlands Region,Lower Than A Level,40-50%,0-35,60,0.1666666666666666,1.0,3.259259259259259,3.7375719985632982,3.231707317073171,0.7156392606906039,4.8,5.674504383644444,7.446428571428571,1.285315776012277,5.934782608695652,6.056776458051093,9.191489361702128,0.740154571314388,56.666666666666664,42.0,51.5,DDD2014J
group3,F,South Region,A Level or Equivalent,10-20,0-35,60,0.0,1.0,4.5964912280701755,4.6669799393597104,2.3448275862068964,0.683783996327216,7.9375,7.40504405249252,5.878787878787879,1.2300269545230404,4.980392156862745,4.961814974697994,6.6923076923076925,0.9583753372724516,86.66666666666667,87.0,86.5,DDD2014J
group3,F,North Region,Lower Than A Level,0-10%,0-35,70,0.0,1.0,1.7735849056603774,1.582837255049694,4.20625,0.9483980470151872,3.3176470588235296,3.885907887745773,7.767441860465116,0.8979141250126914,2.2222222222222223,2.262348828589928,15.83464566929134,1.11270117480319,92.66666666666669,91.0,89.5,DDD2014J
group1,M,South West Region,A Level or Equivalent,60-70%,0-35,60,0.0,1.0,5.673913043478261,6.579612780994493,2.5319148936170213,0.7001568518972504,6.214285714285714,8.521238070717173,5.232558139534884,0.7731034140972918,14.470588235294118,23.701576021065623,4.111111111111111,0.8460797752701907,81.66666666666667,51.0,50.5,DDD2014J
group3,F,South Region,A Level or Equivalent,80-90%,0-35,60,0.0,1.0,1.6352941176470588,1.40031322635968,4.280701754385965,1.0058950135503242,2.8191489361702127,2.4668240256002103,64.03157894736842,7.886245519896416,1.8344827586206895,1.7321061084359777,12.6986301369863,0.802572322384235,92.66666666666669,54.0,88.0,DDD2014J
group1,M,East Anglian Region,A Level or Equivalent,90-100%,0-35,90,0.1666666666666666,1.0,4.683333333333334,4.9522864661626596,2.2131147540983607,0.7368788216560527,6.769230769230769,9.66671320199139,4.6,0.6905382684464605,18.23076923076923,19.494246356954687,5.357142857142857,0.9715051323704996,71.0,69.0,67.5,DDD2014J
group1,M,Scotland,A Level or Equivalent,40-50%,0-35,60,0.1666666666666666,1.0,3.5256410256410255,5.224130721138378,3.911392405063291,0.9260075441522362,6.146341463414634,8.082576865114726,7.761904761904762,1.1543201968542005,5.288461538461538,6.754334957934934,8.79245283018868,0.9575385271337626,68.33333333333333,56.0,70.5,DDD2014J
group1,M,South Region,Lower Than A Level,40-50%,35-55,60,0.3333333333333333,1.0,5.808510638297872,5.716635898362741,1.8958333333333333,0.5300987734150479,6.102564102564102,6.946391989616934,6.825,0.8222688561112279,57.0,55.75541827182957,2.8,0.6144518047887592,85.0,11.0,68.5,DDD2014J
group3,M,North Region,Lower Than A Level,20-30%,0-35,60,0.0,1.0,1.9705882352941175,1.548912050539026,2.8905109489051095,0.8724957605386648,3.1176470588235294,3.0449480592406477,5.186046511627907,0.885840361039866,4.618181818181818,7.316877772431375,3.4464285714285716,0.7395907991513055,77.66666666666667,81.0,84.0,DDD2014J
group1,M,South Region,A Level or Equivalent,70-80%,0-35,210,0.0,1.0,2.6785714285714284,2.1961670569026484,1.776470588235294,0.5943316595015782,6.222222222222222,7.235275139841356,6.162162162162162,0.6089703402845335,6.617647058823529,4.397070001595436,4.6571428571428575,1.460792752375229,67.66666666666667,51.0,63.5,DDD2014J
group1,F,Yorkshire Region,Lower Than A Level,50-60%,35-55,60,0.0,1.0,2.6435643564356437,2.5517999859543914,2.8529411764705883,0.6878434159380009,4.172413793103448,4.615526546284349,4.372881355932203,1.0338161900981042,8.32,12.075181158061357,5.6923076923076925,0.6254289981300613,91.66666666666669,88.0,81.5,DDD2014J
group3,M,West Midlands Region,Lower Than A Level,0-10%,0-35,60,0.0,1.0,3.64935064935065,3.0164733406580746,3.576923076923077,0.8027153593909266,4.377049180327869,3.715570545807779,7.516129032258065,1.1882677844267648,5.25531914893617,5.518617049140131,11.645833333333334,1.003140858767211,92.66666666666669,84.0,90.0,DDD2014J
group1,M,Wales,Lower Than A Level,90-100%,0-35,60,0.0,1.0,7.277777777777778,8.378922914453218,1.648648648648649,0.550097106084017,8.551724137931034,13.896521165119378,6.366666666666666,1.15526618125988,23.0,34.72339680552992,2.111111111111111,0.5210260492953508,59.333333333333336,54.0,44.5,DDD2014J
group3,M,North Western Region,HE Qualification,80-90%,35-55,60,0.0,1.0,2.536363636363636,2.738369141410423,3.8828828828828823,0.8046261877324207,4.377049180327869,5.013860569881022,4.951612903225806,0.6981102749942765,2.8191489361702127,3.718488437140743,8.042105263157895,0.8318719311220069,88.33333333333333,100.0,96.5,DDD2014J
group3,M,Wales,A Level or Equivalent,80-90%,0-35,60,0.0,1.0,3.2048192771084336,2.98679629387196,4.380952380952381,0.7618782134293502,3.4473684210526314,3.3202198193979275,13.441558441558442,1.0503761985419515,5.222222222222222,5.489199680400882,12.847826086956522,0.9089948755798888,87.66666666666667,63.0,73.0,DDD2014J
group3,M,Scotland,HE Qualification,20-30%,0-35,180,0.0,1.0,2.418803418803418,2.570520262110231,5.4491525423728815,0.8867602044984669,4.09375,4.565984481545494,7.3076923076923075,2.3002155746257116,2.712871287128713,2.815445377425626,12.803921568627452,1.173761972573078,84.33333333333333,93.0,87.5,DDD2014J
group1,M,South Region,Lower Than A Level,80-90%,0-35,60,0.0,1.0,7.571428571428571,11.104545212197928,2.5555555555555554,0.7795835250887438,8.814814814814815,12.266392601917952,7.5,0.8732351816891499,14.0,38.02795024715373,5.722222222222222,0.8577272917885355,77.66666666666667,42.0,58.5,DDD2014J
group3,M,South East Region,A Level or Equivalent,70-80%,35-55,60,0.0,1.0,2.066666666666667,2.354089355712283,3.2975206611570247,0.7424640184976652,2.317757009345794,2.067712850219913,5.611111111111111,1.0377163438404071,4.114754098360656,4.615547496075042,6.919354838709677,0.8582679677443827,78.33333333333333,85.0,88.0,DDD2014J
group1,F,East Midlands Region,A Level or Equivalent,0-10%,0-35,60,0.1666666666666666,1.0,6.815789473684211,7.852888135112388,3.3076923076923075,0.82768048465359,13.36842105263158,14.952556549581114,6.85,0.8713689951002597,12.095238095238097,17.840697189024766,3.8181818181818183,0.6957923426763074,69.33333333333333,34.0,40.0,DDD2014J
group3,F,West Midlands Region,A Level or Equivalent,90-100%,0-35,60,0.0,1.0,1.832214765100671,1.5613693079238062,4.933333333333334,0.7517935700378985,1.887323943661972,1.41470790684584,12.223776223776223,0.7235695588488206,3.656716417910448,4.2267267900535845,3.6323529411764706,1.1755331061103478,95.0,77.0,81.5,DDD2014J
group3,M,South Region,Lower Than A Level,80-90%,35-55,60,0.0,1.0,1.4973821989528795,1.1601921145348402,5.619791666666667,1.0568845652970826,2.09375,2.228793324882182,7.054263565891473,1.1334215308623656,1.5168539325842696,1.2269327844832476,11.30167597765363,0.8162693084868105,86.66666666666667,98.0,97.5,DDD2014J
group1,M,East Midlands Region,Lower Than A Level,60-70%,35-55,60,0.0,1.0,4.482758620689655,3.9347367967898568,3.0338983050847457,0.7794447362952025,5.25,4.991482106250736,6.530612244897959,0.6512008138815553,7.787878787878788,7.14474271649081,7.0,0.7847587772910948,76.0,72.0,64.5,DDD2014J
group1,F,East Midlands Region,Lower Than A Level,70-80%,35-55,60,0.0,1.0,2.3504273504273505,2.0397609702602977,5.584745762711864,0.7640797410311964,3.6857142857142855,3.2506091163548403,6.23943661971831,0.8314723073815568,2.4166666666666665,2.149222854546423,27.587155963302752,0.6115890001166522,76.0,76.0,66.0,DDD2014J
group3,M,Scotland,HE Qualification,50-60%,0-35,90,0.0,1.0,3.021505376344086,2.956122955257648,2.5531914893617023,0.7440504761849905,4.125,4.199395270145529,6.953846153846154,0.9493599741724597,6.512195121951219,9.57633006746194,9.261904761904765,0.9039673140428724,76.66666666666667,92.0,75.0,DDD2014J
group1,M,South Region,Lower Than A Level,70-80%,0-35,60,0.1666666666666666,1.0,5.096153846153846,4.326206577177779,2.792452830188679,0.8182652819135725,6.071428571428571,5.247033341328929,9.790697674418604,1.025066530855448,9.954545454545457,9.40859421070146,6.782608695652174,1.3748169443625018,66.0,16.0,46.0,DDD2014J
group1,M,North Western Region,Lower Than A Level,20-30%,0-35,60,0.1666666666666666,1.0,5.555555555555555,7.1431962401471605,2.4347826086956523,0.8375742428256124,7.147058823529412,11.176632422132585,6.6,1.2116882343570423,11.38095238095238,19.77492399600107,4.636363636363637,0.5264988855724531,73.33333333333333,38.0,58.0,DDD2014J
group1,M,North Western Region,Lower Than A Level,20-30%,0-35,60,0.1666666666666666,1.0,4.95,9.136991593769547,2.902439024390244,1.17099566407365,6.931034482758621,12.06805415278216,6.733333333333333,0.8642265675406727,8.25,26.23514072185724,7.36,0.8241180770465685,78.33333333333333,42.0,67.0,DDD2014J
group1,F,Scotland,A Level or Equivalent,80-90%,0-35,120,0.1666666666666666,1.0,4.161764705882353,3.445136282284324,2.231884057971014,0.7821913076053526,3.152941176470588,4.016353126528442,8.36046511627907,0.91273547912167,10.956521739130435,11.170082855025845,2.3333333333333335,0.9063269671749656,83.33333333333333,76.0,82.5,DDD2014J
group1,M,Scotland,HE Qualification,90-100%,35-55,60,0.0,1.0,2.81,2.588611421381952,2.7524752475247523,0.8122330833245546,4.811320754716981,4.540656525613826,7.185185185185185,1.108906540991741,4.15625,5.096586937617999,9.430769230769233,0.7644024503003927,74.33333333333333,72.0,75.5,DDD2014J
group1,M,South East Region,Lower Than A Level,50-60%,35-55,60,0.0,1.0,2.288,2.131998910609175,2.992063492063492,0.6448024353323831,4.327272727272727,5.000202016120969,5.089285714285714,0.9374070180626348,4.0,5.755782506146711,5.125,0.8041386108211969,74.33333333333333,55.0,73.0,DDD2014J
group3,M,West Midlands Region,A Level or Equivalent,90-100%,0-35,120,0.1666666666666666,1.0,4.362068965517241,6.051528082683843,2.7966101694915255,0.9069469668809852,5.382978723404255,6.148712100882384,7.833333333333333,1.6307507845535028,10.5,21.73645979018953,7.0,1.0617476470817235,96.66666666666669,51.0,79.0,DDD2014J
group1,M,South West Region,A Level or Equivalent,90-100%,0-35,60,0.0,1.0,9.37037037037037,10.00825869795751,3.7142857142857144,0.8417718703168956,10.818181818181818,10.8436347957876,9.08695652173913,0.940480494162524,20.333333333333332,47.09822103054875,13.846153846153848,0.5628959511773484,62.666666666666664,67.0,52.0,DDD2014J
group1,F,West Midlands Region,Lower Than A Level,10-20,0-35,120,0.0,1.0,3.971830985915493,3.3931520574993206,1.9027777777777777,0.6564069253755352,5.591836734693878,5.380978718856739,7.02,0.8568302060293334,19.153846153846153,28.204154994864833,6.071428571428571,0.7636191373002716,89.33333333333333,69.0,68.5,DDD2014J
group1,M,North Western Region,Lower Than A Level,0-10%,0-35,60,0.3333333333333333,1.0,4.716981132075472,7.077530421342021,5.037037037037037,0.7388516878298353,5.434782608695652,8.44235926454749,9.872340425531917,0.779201386569828,7.862068965517241,11.252695353085835,7.933333333333334,0.673266067191741,91.0,71.0,81.5,DDD2014J
group1,M,East Anglian Region,A Level or Equivalent,80-90%,0-35,90,0.0,1.0,2.5309734513274336,3.0386521814195873,3.219298245614035,0.8070410473907295,3.1866666666666665,4.566900105824144,8.960526315789474,0.8213795228946662,4.315789473684211,5.415447134740854,6.258620689655173,0.9878751004373,68.33333333333333,33.0,54.5,DDD2014J
group3,M,South East Region,A Level or Equivalent,40-50%,0-35,60,0.0,1.0,2.2357723577235773,2.1580246766733877,2.7903225806451615,0.8208703062855836,4.96078431372549,5.313984510002736,4.115384615384615,0.6833942405432506,2.611650485436894,2.462395652049068,4.798076923076923,0.8686929788227009,94.33333333333331,82.0,93.0,DDD2014J
group1,F,East Anglian Region,A Level or Equivalent,20-30%,0-35,60,0.0,1.0,4.015151515151516,3.5798256263610817,2.388059701492537,0.840479773700712,5.196078431372549,5.272644906849454,6.365384615384615,1.1151392579685322,10.0,14.969534278718864,8.88,0.688555912311785,79.33333333333333,70.0,60.0,DDD2014J
group1,F,South Region,HE Qualification,90-100%,35-55,60,0.0,1.0,2.131782945736434,3.2772412296807483,5.076923076923077,0.744493097652215,3.4324324324324325,4.760226428023882,9.693333333333332,1.0531421973777055,2.217741935483871,3.4110306095138068,13.328,0.8666548288098005,91.66666666666669,77.0,80.0,DDD2014J
group3,M,Yorkshire Region,Lower Than A Level,20-30%,0-35,60,0.0,1.0,4.4,4.330420576904898,2.098360655737705,0.7703933147263156,6.069767441860465,6.902019541710442,4.340909090909091,0.7948982083548737,5.785714285714286,6.0143556485791425,5.674418604651163,0.8113512075838899,82.66666666666667,80.0,87.0,DDD2014J
group1,F,South East Region,A Level or Equivalent,20-30%,0-35,60,0.3333333333333333,1.0,7.970588235294118,6.877655053681681,1.8571428571428572,0.8155297403506813,7.257142857142857,7.570619902906611,6.722222222222222,0.9438508620712605,32.0,54.49158956511852,3.125,1.2642784503423286,78.33333333333333,50.0,83.0,DDD2014J
group3,M,South West Region,A Level or Equivalent,0-10%,0-35,150,0.0,1.0,5.909090909090909,8.810190140804268,2.3777777777777778,0.6710774979819156,10.36,13.471822445385776,10.192307692307692,0.7075144646529351,10.826086956521738,13.309778271198152,3.75,0.8406346808612327,90.0,81.0,90.5,DDD2014J
group1,F,London Region,Lower Than A Level,40-50%,0-35,60,0.1666666666666666,1.0,4.029411764705882,3.996157065307343,3.318840579710145,1.1613093572997495,4.923076923076923,4.668820877493982,8.283018867924529,1.086782401634068,8.266666666666667,7.665117284719507,5.258064516129032,0.8039385153806708,76.66666666666667,57.0,65.0,DDD2014J
group1,F,London Region,A Level or Equivalent,30-40%,0-35,60,0.0,1.0,3.371794871794872,3.527660548350555,2.4936708860759493,1.0146445021242405,4.916666666666667,6.101389215138624,6.387755102040816,1.0015655966116543,19.9,23.273494700099416,5.363636363636363,1.3980739408339853,75.0,88.0,65.5,DDD2014J
group3,M,Yorkshire Region,Lower Than A Level,60-70%,0-35,60,0.3333333333333333,1.0,1.685897435897436,1.2841690531836816,3.719745222929936,0.7829519133574787,2.247787610619469,3.214173336987642,7.7894736842105265,0.9179827637361602,4.576923076923077,6.681393989357733,6.188679245283019,0.7631213883915082,86.0,89.0,79.0,DDD2014J
group1,M,North Western Region,Lower Than A Level,30-40%,35-55,60,0.0,1.0,2.2016129032258065,2.230534001139336,3.072,0.943607133685972,3.278481012658228,3.6582772632608465,5.875,1.5227563105595807,3.1547619047619047,4.022509100138859,6.482352941176471,0.8922023571089746,81.66666666666667,70.0,84.5,DDD2014J
group3,M,South Region,A Level or Equivalent,90-100%,0-35,120,0.0,1.0,5.25531914893617,5.260468176826845,2.0208333333333335,0.6960862607997852,8.233333333333333,10.833165339104164,6.774193548387097,0.8280512872040977,24.0,40.1801498808111,6.7272727272727275,0.688791618236468,84.33333333333333,66.0,79.5,DDD2014J
group1,F,North Western Region,A Level or Equivalent,0-10%,0-35,120,0.0,1.0,5.659574468085107,6.294499309247444,2.2916666666666665,0.8306126385818488,11.090909090909092,13.287692446876193,4.0,0.7147514009901564,12.842105263157896,14.403946827537457,7.85,0.8791424203099552,65.0,70.0,65.5,DDD2014J
group1,F,Yorkshire Region,A Level or Equivalent,50-60%,35-55,60,0.0,1.0,3.0,2.51261875581,3.4235294117647057,0.8727033993842601,3.5211267605633805,3.934677895437576,13.291666666666666,1.0312240876146093,7.142857142857143,9.979811554105728,7.472222222222222,1.5995803473928742,83.33333333333333,74.0,88.0,DDD2014J
group1,M,London Region,Lower Than A Level,40-50%,0-35,60,0.8333333333333334,1.0,6.390243902439025,8.974625476253836,1.9285714285714288,0.7191291792202814,6.414634146341464,8.837351440777088,11.023809523809524,0.7660204100946477,57.25,110.50904940320498,4.4,0.8576346483687821,69.33333333333333,6.0,44.0,DDD2014J
group1,F,South West Region,A Level or Equivalent,0-10%,0-35,120,0.0,0.8333333333333334,3.1325301204819276,2.970468815496603,2.6666666666666665,0.7372426911908221,5.395833333333333,5.745449941950673,3.979591836734694,1.1011678696665923,5.478260869565218,7.241053116884719,6.48936170212766,0.8751089309090223,60.0,30.0,45.5,DDD2014J
group1,F,East Anglian Region,HE Qualification,70-80%,0-35,60,0.0,1.0,2.4434782608695653,2.306327316386973,2.8879310344827585,0.8079522338651084,2.8369565217391304,2.657261144354777,8.10752688172043,0.8782284673550091,4.719298245614035,5.367742229429799,8.741379310344827,0.8809063607011451,73.33333333333333,76.0,73.5,DDD2014J
group3,M,West Midlands Region,A Level or Equivalent,20-30%,0-35,60,0.0,1.0,6.410256410256411,7.94626012237981,2.35,0.6897687266998863,9.25925925925926,10.693609135987549,8.75,0.9135839143248526,13.88888888888889,13.082943044010031,10.736842105263158,1.2407094186761445,86.0,56.0,92.5,DDD2014J
group1,F,London Region,A Level or Equivalent,10-20,0-35,60,0.1666666666666666,1.0,2.112,1.6858806447631745,3.1507936507936507,0.7774892869554182,4.241935483870968,3.9325688591345753,12.603174603174605,2.678981343277907,3.324324324324324,2.735400139060113,7.946666666666666,1.16768639171289,76.0,67.0,80.5,DDD2014J
group3,M,West Midlands Region,A Level or Equivalent,20-30%,0-35,60,0.0,0.8333333333333334,1.311926605504587,0.9127589988491644,3.3698630136986303,0.7446536109994745,2.628571428571429,2.975079646177376,6.283018867924528,1.6905786744344824,1.3217821782178218,0.9569961254667732,18.20197044334975,0.7713357544652782,81.0,62.0,90.0,DDD2014J
group1,F,South Region,A Level or Equivalent,60-70%,0-35,60,0.0,1.0,3.7936507936507935,3.6946287523949626,4.671875,0.8307721928652109,6.102564102564102,6.512315748660872,7.275,0.8512284837960653,5.311111111111111,6.659996663329162,8.804347826086957,0.8664978204206756,72.66666666666667,62.0,78.5,DDD2014J
group1,M,South Region,Lower Than A Level,80-90%,35-55,60,0.0,1.0,3.4177215189873418,2.9595893466731575,3.8,1.1306605820495177,3.782608695652174,3.381913682141028,13.414285714285716,0.9482887626208616,14.5,35.994444015708865,6.411764705882353,0.8543447138952525,65.0,52.0,67.0,DDD2014J
group1,M,South West Region,A Level or Equivalent,60-70%,0-35,60,0.0,1.0,3.8125,4.253383340503162,2.5846153846153848,0.6714855598915417,5.148936170212766,5.897599819102002,5.666666666666667,0.7576027571994858,5.761904761904762,10.719959782891264,5.395348837209302,0.7772975226793002,66.66666666666667,45.0,49.5,DDD2014J
group3,M,Yorkshire Region,A Level or Equivalent,10-20,0-35,60,0.0,1.0,3.0652173913043477,2.566925504495268,3.236559139784946,0.9134098215009114,3.840579710144928,3.3721314101365207,7.814285714285714,0.9642899206937384,4.174603174603175,3.1136519505272293,7.640625,1.2801292977757526,90.0,80.0,82.5,DDD2014J
group3,M,South Region,A Level or Equivalent,80-90%,0-35,60,0.1666666666666666,1.0,3.4155844155844157,3.760426380326997,2.41025641025641,0.977392712403692,4.4576271186440675,4.207227090328822,4.85,1.0148750189410374,7.133333333333334,9.350394914519454,6.451612903225806,0.7901898506055365,83.33333333333333,89.0,93.0,DDD2014J
group1,M,West Midlands Region,A Level or Equivalent,20-30%,0-35,60,0.1666666666666666,1.0,3.5492957746478875,3.320020363080263,2.013888888888889,0.704630514320979,3.7868852459016393,4.211550601612826,5.5,0.7869571269102115,18.153846153846153,24.048028865328902,4.5,0.8997354108424374,61.666666666666664,50.0,45.0,DDD2014J
group3,F,South West Region,Lower Than A Level,90-100%,0-35,90,0.0,1.0,3.7916666666666665,3.778879407637241,2.232876712328767,0.7505753247694292,5.9772727272727275,5.896347455776237,7.466666666666667,1.3090637720079468,9.037037037037036,11.362832398392582,5.214285714285714,0.9783737718174844,85.0,81.0,86.5,DDD2014J
group1,F,Scotland,A Level or Equivalent,90-100%,0-35,60,0.0,1.0,2.1194029850746268,2.0114139571601592,3.911111111111111,0.7751882602587421,3.182926829268293,3.258902522153882,5.301204819277109,1.020988420782479,2.136,2.0054120323152644,11.571428571428571,1.0140004542410406,46.0,61.0,53.0,DDD2014J
group1,F,East Anglian Region,A Level or Equivalent,30-40%,0-35,120,0.1666666666666666,1.0,4.338461538461538,4.2948985839195135,3.196969696969697,0.9864766965165236,9.22222222222222,12.870160280316076,5.821428571428571,0.8478474336838681,17.0625,20.5603785633112,12.352941176470589,1.2376922421053629,63.333333333333336,44.0,52.0,DDD2014J
group1,M,Scotland,HE Qualification,50-60%,0-35,60,0.1666666666666666,1.0,10.148148148148149,13.941370928349311,2.25,0.7382232351894277,13.047619047619047,14.918029998884538,7.727272727272728,0.7931366489733259,20.545454545454547,26.02062119306008,7.916666666666667,0.5419775015518316,79.33333333333333,41.0,51.5,DDD2014J
group3,M,London Region,HE Qualification,30-40%,35-55,60,0.0,1.0,1.032490974729242,0.2145739056105704,8.233812949640289,0.6911774762004047,2.116279069767442,1.8227207812804536,5.746153846153846,0.9807395565015816,1.0150375939849623,0.1936720591770722,26.01498127340824,0.5601995912251704,87.66666666666667,76.0,85.0,DDD2014J
group1,M,South Region,HE Qualification,90-100%,35-55,60,0.25,0.6666666666666666,14.3125,22.70600140931908,1.5294117647058822,0.5073425368566508,19.083333333333332,22.170653548956984,4.384615384615385,0.52573066890427,75.0,65.3834841531101,5.25,0.3657688451366003,65.0,29.0,42.0,DDD2014J
group1,M,Scotland,Lower Than A Level,60-70%,0-35,120,0.0,1.0,3.7916666666666665,3.439364091240222,2.4246575342465753,0.9506310787029696,5.8,5.610866081258595,4.065217391304348,1.016056853265901,4.0,4.355421560503296,4.382352941176471,0.7618853904804562,56.0,31.0,36.5,DDD2014J
group3,F,Scotland,A Level or Equivalent,10-20,0-35,120,0.0,1.0,3.0444444444444443,2.7392737129405287,5.0989010989010985,0.8295538301249118,4.9818181818181815,6.1085577769616055,8.982142857142858,1.0319125656348345,3.3037974683544302,2.866045387565112,8.875,0.940587803233778,81.0,41.0,94.0,DDD2014J
group1,F,Wales,Lower Than A Level,20-30%,35-55,120,0.0,1.0,2.324786324786325,2.648451271023084,4.203389830508475,0.941763199555738,2.8333333333333335,3.2335955762706616,8.195876288659793,1.0254265186316038,3.5,4.320229572794001,5.08,0.7578169184613768,88.33333333333333,82.0,86.0,DDD2014J
group1,F,South Region,A Level or Equivalent,20-30%,0-35,60,0.3333333333333333,1.0,3.525,3.768540663728761,2.4691358024691357,0.8052018380505598,3.5757575757575757,4.765454554348107,6.7611940298507465,1.0817678027079476,11.652173913043478,10.666893113538364,3.375,0.8839885501206441,66.0,58.0,54.0,DDD2014J
group1,F,North Region,A Level or Equivalent,10-20,35-55,120,0.0,1.0,3.533333333333333,3.6329324516426382,2.026315789473684,0.7379777997493701,5.18,6.879991694347146,6.686274509803922,0.8687977153300964,12.5,9.192388155425116,1.0,0.0,63.333333333333336,35.0,34.0,DDD2014J
group3,M,East Midlands Region,A Level or Equivalent,70-80%,0-35,60,0.1666666666666666,1.0,1.920289855072464,2.422707643140192,5.892086330935252,1.770421455679163,5.926829268292683,8.804516579297351,6.761904761904762,0.8622088415753898,3.7285714285714286,6.928038868777208,8.169014084507042,1.0894887476574944,87.66666666666667,76.0,94.0,DDD2014J
group1,M,East Anglian Region,A Level or Equivalent,40-50%,35-55,60,0.0,1.0,2.52212389380531,2.0314374974243843,4.526315789473684,0.9006187404991287,2.638888888888889,2.4320997171719574,13.963302752293576,2.0597971903702392,5.818181818181818,5.649748820400357,9.066666666666666,1.087738360307491,75.0,57.0,68.0,DDD2014J
group3,F,Yorkshire Region,A Level or Equivalent,80-90%,0-35,120,0.0,1.0,1.3448275862068966,0.9170067238098428,2.9705882352941178,0.6136217993008384,3.3417721518987342,3.615798936254569,4.775,0.9551064250731018,1.7310344827586206,1.3655237721891895,6.301369863013699,0.8736399097290918,89.33333333333333,95.0,97.5,DDD2014J
group3,M,West Midlands Region,Lower Than A Level,20-30%,0-35,90,0.0,1.0,1.8451612903225807,1.5337837750549133,3.551282051282051,0.8704254862133499,2.676767676767677,2.7546927782636708,6.62,0.9617458333015404,2.707070707070707,2.335408565630195,7.05,1.1429447141426132,88.33333333333333,78.0,83.5,DDD2014J
group3,M,North Western Region,A Level or Equivalent,50-60%,0-35,60,0.0,1.0,5.217391304347826,7.474142220507122,2.4680851063829787,0.8558395617924729,7.67741935483871,10.712569242947568,10.4375,0.7486466927930675,7.741935483870968,16.157491022093506,7.90625,0.8707770930080986,81.0,63.0,83.5,DDD2014J
group1,F,East Midlands Region,A Level or Equivalent,10-20,0-35,120,0.1666666666666666,1.0,4.60655737704918,5.099930354179981,2.8870967741935485,0.8644788843322081,5.760869565217392,6.607015741227722,9.127659574468083,1.2104390335633772,13.944444444444445,20.64681209468432,6.7894736842105265,0.8896172125857225,71.0,38.0,38.5,DDD2014J
group3,M,South Region,A Level or Equivalent,70-80%,0-35,70,0.0,1.0,2.976470588235294,2.890775438018875,2.6511627906976742,0.8738092632268655,4.517857142857143,6.990879958732133,9.68421052631579,2.6035766502373225,18.76923076923077,30.819782191945716,6.357142857142857,0.9374450284771304,95.0,92.0,90.5,DDD2014J
group3,M,Scotland,HE Qualification,80-90%,35-55,60,0.0,1.0,3.021978021978022,4.683251534227575,3.630434782608696,0.8941425158675309,5.8,7.24443359979358,6.108695652173913,1.062675402537109,3.5762711864406778,5.8404162281718754,8.983333333333333,0.5999754459082244,82.66666666666667,69.0,93.5,DDD2014J
group1,F,East Anglian Region,A Level or Equivalent,40-50%,35-55,120,0.4,0.8333333333333334,11.625,11.776219589753197,3.04,1.0084476977031431,11.772727272727272,13.47637021280412,8.130434782608695,0.9577419180705434,26.25,62.61845916797561,5.222222222222222,1.0557137217068322,73.33333333333333,76.0,67.0,DDD2014J
group1,F,South West Region,Lower Than A Level,70-80%,0-35,60,0.1666666666666666,1.0,6.945945945945946,7.306564574811194,2.8157894736842106,0.9284377636292228,8.964285714285714,9.46135274509918,4.9655172413793105,0.7976745716281937,17.833333333333332,31.726434824396303,5.0,0.5451081150953975,57.666666666666664,39.0,55.0,DDD2014J
group1,M,East Midlands Region,A Level or Equivalent,90-100%,0-35,90,0.1666666666666666,1.0,6.046511627906977,8.459858966436995,2.409090909090909,0.6929950064983756,8.387096774193548,10.14454671027687,4.78125,0.9067552783288456,36.833333333333336,36.86416507486189,6.0,1.1952286093343936,52.666666666666664,44.0,57.0,DDD2014J
group1,M,South East Region,Lower Than A Level,40-50%,0-35,60,0.0,1.0,3.231707317073171,3.4076847811380855,2.433734939759036,0.8097956793233462,3.66,4.1236500574028305,3.0980392156862746,0.8340513917515389,9.037037037037036,10.124158014302992,2.607142857142857,0.6902532979366641,57.666666666666664,0.0,55.5,DDD2014J
group3,F,Wales,Lower Than A Level,70-80%,0-35,60,0.6666666666666666,1.0,2.100840336134454,1.984665612372895,2.475,0.713224781886938,2.7472527472527473,3.2131445539063326,6.489130434782608,0.8712971475544337,5.714285714285714,7.255899918252276,12.186046511627907,4.059935882006551,84.33333333333333,85.0,92.0,DDD2014J
group1,F,East Midlands Region,A Level or Equivalent,0-10%,0-35,60,0.0,1.0,2.584158415841584,2.9875318466341847,3.0686274509803924,0.7959632867916192,3.3013698630136985,3.490801131811569,4.4324324324324325,0.9354342201618728,7.53125,10.503407665164918,3.636363636363636,1.2895412621031817,62.666666666666664,65.0,68.5,DDD2014J
group1,M,South West Region,Lower Than A Level,10-20,0-35,150,0.0,1.0,2.2704918032786887,2.377709451440492,3.073170731707317,0.7188858339080465,2.9680851063829787,4.5848092505192355,6.957894736842105,0.8506306211284965,3.3037974683544302,4.004338769896483,5.8125,0.7319888030673232,55.0,35.0,72.0,DDD2014J
group3,F,South Region,Lower Than A Level,90-100%,0-35,120,0.0,1.0,5.5,8.39199213029264,2.183673469387755,0.738258604042299,6.261904761904762,8.762613274893663,3.976744186046512,0.7018518450843274,14.176470588235292,17.589895160708203,7.777777777777778,1.1048132171991605,93.33333333333331,81.0,88.0,DDD2014J
group3,M,East Midlands Region,A Level or Equivalent,90-100%,35-55,60,0.0,1.0,1.8993288590604027,1.7153715476614364,3.7733333333333334,0.7540341296593154,2.3482142857142856,2.556425648794054,8.247787610619469,0.8655639983273918,2.4017857142857144,2.271879887656526,11.353982300884956,0.8763663681228275,94.33333333333331,96.0,90.0,DDD2014J
group1,F,East Anglian Region,Lower Than A Level,0-10%,0-35,120,0.0,1.0,2.3504273504273505,2.0857324824173937,3.593220338983051,0.7873544438764023,3.144578313253012,3.411360254125382,5.142857142857143,1.2169499078389794,3.3205128205128207,3.872961851068701,6.949367088607595,1.0777825646905654,65.0,62.0,56.5,DDD2014J
group1,F,London Region,A Level or Equivalent,20-30%,0-35,90,0.0,1.0,1.2016806722689075,0.8326646964749161,6.506276150627615,0.90726080933553,1.7666666666666666,1.3581307063975674,9.271523178807946,1.2911828147959878,1.2105263157894737,0.8600141809150087,14.991266375545852,0.8720535518227839,77.66666666666667,62.0,77.0,DDD2014J
group3,F,South East Region,Lower Than A Level,90-100%,0-35,60,0.6666666666666666,1.0,1.948148148148148,1.955926770134082,2.8161764705882355,0.6852032599312855,3.371794871794872,3.2993859104305137,5.544303797468355,1.0149576697226284,3.272727272727273,4.287792842957184,5.128205128205129,0.7136525765384722,92.66666666666669,89.0,92.5,DDD2014J
group3,M,South East Region,A Level or Equivalent,30-40%,0-35,60,0.0,1.0,2.2093023255813953,2.5850363228971607,3.692307692307693,0.8179305695880713,3.3625,4.08220513132023,8.691358024691358,1.1150251515480316,2.3839285714285716,2.990210862775568,12.04424778761062,0.8178638887580191,91.66666666666669,86.0,94.0,DDD2014J
group3,F,South Region,A Level or Equivalent,90-100%,35-55,60,0.0,1.0,1.3028846153846154,1.011810137692846,6.44976076555024,0.8766524844007909,2.0384615384615383,2.055070666484653,8.282442748091603,0.8816071690343064,1.094017094017094,0.38161405537557,33.42978723404255,0.7190450521185454,93.33333333333331,90.0,97.0,DDD2014J
group3,M,South East Region,A Level or Equivalent,30-40%,0-35,90,0.0,1.0,1.6494252873563218,1.4011039052637364,2.6514285714285712,0.8951207080864482,2.9895833333333335,3.8456942201750417,8.092783505154639,1.251752959663872,3.828125,5.478832825245184,4.046153846153846,0.7760380823914172,91.66666666666669,88.0,99.5,DDD2014J
group1,F,Yorkshire Region,A Level or Equivalent,10-20,0-35,90,0.0,1.0,3.0,4.813773342514524,3.269662921348315,1.0422290082346315,7.542857142857143,13.463114876761392,4.416666666666667,1.022878201390928,5.744186046511628,18.13060162799718,11.522727272727272,0.8849380099883831,83.33333333333333,26.0,87.0,DDD2014J
group3,F,East Anglian Region,A Level or Equivalent,80-90%,0-35,60,0.0,1.0,1.5769230769230769,1.185602108083075,4.836065573770492,0.743998941513808,2.35,2.5656096626682072,9.165289256198347,1.373919273982222,1.7581699346405228,1.5262016137028145,11.603896103896105,1.0467620698072566,80.0,63.0,77.0,DDD2014J
group1,M,East Midlands Region,HE Qualification,70-80%,35-55,120,0.1666666666666666,1.0,3.356164383561644,3.849133607470426,2.310810810810811,0.9246610833593976,6.612903225806452,12.062828356442331,8.875,1.4701284040180755,5.571428571428571,4.613644360558612,2.0,0.5,71.66666666666667,46.0,54.0,DDD2014J
group3,M,Scotland,A Level or Equivalent,70-80%,0-35,60,0.0,1.0,2.136363636363636,2.006754728041003,3.7669172932330826,0.9590356217095763,3.231707317073171,3.2405561955456053,8.614457831325302,1.06007896941209,2.2796610169491527,2.2067712161317665,7.663865546218488,0.8687034362791133,88.33333333333333,87.0,98.0,DDD2014J
group3,M,London Region,A Level or Equivalent,0-10%,0-35,60,0.0,1.0,3.5375,3.9456553577994673,3.3333333333333335,0.6944222218666553,4.0625,3.9515920038738015,4.676923076923077,1.0029604723723036,7.121212121212121,7.801272235017087,4.382352941176471,0.7194993980619719,91.0,93.0,98.5,DDD2014J
group1,M,South East Region,A Level or Equivalent,50-60%,0-35,120,0.0,1.0,3.1058823529411765,4.705679267326532,2.197674418604651,0.86061417402328,6.6,8.848583835701389,6.7073170731707314,0.8480293149462844,3.8,7.049379405309378,6.166666666666667,0.7769762829280471,83.33333333333333,70.0,88.5,DDD2014J
group1,M,London Region,Lower Than A Level,30-40%,0-35,120,0.0,1.0,5.134615384615385,7.615847373846161,2.792452830188679,0.7568170825376137,7.111111111111111,6.549930327994894,7.486486486486487,1.0354153128707972,8.0,9.90993928093024,6.32258064516129,1.1222634354993897,59.333333333333336,32.0,40.5,DDD2014J
group3,F,South West Region,A Level or Equivalent,70-80%,0-35,120,0.0,1.0,2.078125,2.979217714262652,2.9147286821705425,0.959070726861046,4.285714285714286,5.083714768174533,6.2631578947368425,1.1096256027054834,2.9058823529411764,4.6023377326139405,6.755813953488372,0.9706195528228798,95.0,90.0,86.0,DDD2014J
group1,F,Scotland,Lower Than A Level,20-30%,0-35,120,0.1666666666666666,1.0,4.491525423728813,4.94930465807879,3.5833333333333335,0.9870442516859976,8.833333333333334,10.882074261366032,10.225806451612904,0.932282069546712,13.36842105263158,20.467346694228695,8.45,0.8985319617495497,46.666666666666664,33.0,39.5,DDD2014J
group3,M,East Anglian Region,Lower Than A Level,70-80%,0-35,60,0.0,1.0,1.8857142857142857,1.444840556714416,3.3049645390070923,0.7976484623557079,2.5142857142857142,2.398373991311155,6.235849056603773,1.4882145460442944,3.289473684210526,3.4556843585554673,6.337662337662338,0.7938821858564127,81.66666666666667,60.0,81.0,DDD2014J
group1,M,Scotland,HE Qualification,30-40%,0-35,60,0.0,1.0,3.4556962025316458,3.455940513029814,2.325,0.6860686942343772,5.590909090909091,7.068825045679591,4.777777777777778,0.6848432490904545,4.821428571428571,5.243548912216343,5.894736842105263,0.8241737255773037,66.0,62.0,51.0,DDD2014J
group3,M,South East Region,Lower Than A Level,90-100%,35-55,60,0.0,1.0,2.5980392156862746,2.153789218667162,3.1262135922330097,0.9752146201828532,3.8676470588235294,3.5614201920050195,7.956521739130435,1.4734048307292666,7.264705882352941,12.976222599091631,4.542857142857143,1.018091170642026,79.33333333333333,82.0,86.0,DDD2014J
group3,M,South West Region,Lower Than A Level,70-80%,0-35,110,0.5,1.0,2.2457627118644066,2.0420219604115037,2.865546218487395,0.9292903015550568,3.5675675675675675,4.404484268725939,6.093333333333334,1.2875486240650726,2.556701030927835,2.8135426665984222,5.928571428571429,1.064953928074576,98.33333333333331,90.0,98.0,DDD2014J
group3,M,West Midlands Region,A Level or Equivalent,30-40%,0-35,60,0.0,1.0,2.2283464566929134,1.7005553545638432,2.2890625,0.8654081482350405,4.4576271186440675,5.825988250927181,7.416666666666667,1.0606051205870295,10.52,13.19760079206318,4.1923076923076925,0.8183671368293095,90.0,85.0,93.5,DDD2014J
group3,F,South East Region,HE Qualification,80-90%,35-55,60,0.0,1.0,2.051851851851852,2.3478110431434316,2.9338235294117645,0.7280043883848527,2.826530612244898,2.988036317573082,4.959595959595959,0.8374511634227332,3.0240963855421685,4.383939378960595,6.226190476190476,0.8833134664065849,80.0,77.0,86.5,DDD2014J
group3,F,East Anglian Region,A Level or Equivalent,70-80%,0-35,120,0.0,1.0,3.7714285714285714,2.983876617545883,2.7464788732394365,0.8123633754548563,6.35,4.964231032455051,7.048780487804878,0.9268319656802142,10.608695652173912,9.40859921191432,7.916666666666667,1.1356231281532954,87.66666666666667,94.0,91.5,DDD2014J
group1,M,South East Region,A Level or Equivalent,30-40%,0-35,150,0.5,1.0,4.245901639344262,4.319165574139362,2.403225806451613,0.7674812839951376,5.51063829787234,5.253869548808068,7.854166666666667,0.987589119306666,7.272727272727272,10.013343370450524,3.823529411764706,0.8521466107154603,66.66666666666667,31.0,31.5,DDD2014J
group1,M,South West Region,A Level or Equivalent,10-20,0-35,120,0.1666666666666666,1.0,5.090909090909091,5.611736138806107,1.7321428571428572,0.6856251428728992,11.38095238095238,10.3753370570608,9.045454545454543,0.7457022303629469,22.1,27.261898523600863,7.727272727272728,1.2377007369258737,31.0,52.0,41.5,DDD2014J
group1,M,West Midlands Region,A Level or Equivalent,40-50%,0-35,90,0.0,1.0,6.2368421052631575,5.654150403482937,2.4615384615384617,1.270918712978922,9.48,9.00980946894365,5.269230769230769,0.9305638997437022,78.33333333333333,121.0385613485774,10.0,0.744983221287567,57.666666666666664,53.0,49.0,DDD2014J
group3,M,London Region,HE Qualification,80-90%,55<=,60,0.0,1.0,1.2222222222222223,0.963818506512232,7.0,1.00403009021552,2.216666666666667,2.567355940770707,8.0,0.9678456522667084,1.1452991452991452,0.7088037103652831,22.31063829787234,0.666535716815794,91.0,89.0,98.5,DDD2014J
group1,F,South East Region,A Level or Equivalent,50-60%,0-35,90,0.0,1.0,1.103846153846154,0.4313763276833072,6.394636015325671,0.8026809990133088,4.057971014492754,4.952373340634755,9.17142857142857,1.098408086784372,1.139917695473251,0.4947776792415549,7.885245901639344,0.9444597770062254,84.33333333333333,63.0,82.5,DDD2014J
group1,F,East Midlands Region,A Level or Equivalent,90-100%,0-35,60,0.0,1.0,2.517543859649123,2.8509661648782414,2.8434782608695652,0.7385558527533866,3.4473684210526314,3.234788965160294,5.337662337662338,1.0531598621885634,4.469387755102041,3.379484926338175,5.02,1.1391148221554828,87.66666666666667,93.0,90.0,DDD2014J
group1,F,East Midlands Region,A Level or Equivalent,40-50%,0-35,60,0.0,1.0,2.623853211009174,3.5297387135113687,2.418181818181818,0.7971697915972462,3.6164383561643834,5.125183294788103,4.878378378378378,0.9098573988181416,7.0,9.396969208368745,4.942857142857143,0.8850917184460676,84.33333333333333,43.0,70.0,DDD2014J
group3,M,South Region,A Level or Equivalent,90-100%,0-35,60,0.0,1.0,2.234782608695652,1.793411112165515,3.6379310344827585,0.8429226724065328,2.941860465116279,3.512514270141548,7.494252873563219,1.1789700820160085,4.980392156862745,6.249768623168162,5.826923076923077,0.8173299143904558,94.33333333333331,84.0,94.5,DDD2014J
group1,F,North Region,Lower Than A Level,0-10%,0-35,120,0.1666666666666666,1.0,3.207317073170732,3.51974257222977,2.7951807228915664,0.8670545490124246,3.952380952380953,5.228422853017334,7.28125,1.5355872915156097,16.928571428571427,20.59299464797261,2.8666666666666667,1.102139126611422,61.0,50.0,56.0,DDD2014J
group1,F,North Western Region,A Level or Equivalent,70-80%,0-35,120,0.0,1.0,4.135593220338983,4.599316392677639,2.466666666666667,0.861479862189688,7.393939393939394,7.189138482545188,5.676470588235294,1.3139491829473195,11.9,25.32920095566837,10.80952380952381,1.3134699401158303,71.0,18.0,71.0,DDD2014J
group3,M,West Midlands Region,A Level or Equivalent,0-10%,0-35,120,0.0,1.0,2.2764227642276422,2.077596392619386,2.2903225806451615,0.8586352619089513,3.5256410256410255,5.61936438374093,7.2784810126582276,0.883375550345922,15.125,27.227131076679136,2.7058823529411766,1.0279643841336426,90.0,85.0,88.5,DDD2014J
group3,F,Scotland,HE Qualification,50-60%,0-35,60,0.1666666666666666,1.0,1.9496402877697845,1.6520682733514402,3.5,0.8106434833777776,3.3037974683544302,3.465413100693054,6.3,1.01865937320544,2.0901639344262297,1.9069429403792024,14.552845528455284,0.8575890293310588,90.0,87.0,93.5,DDD2014J
group1,F,South West Region,A Level or Equivalent,30-40%,0-35,60,0.0,1.0,5.48936170212766,5.759198088900662,2.125,0.6122547057253331,7.0,7.992853951231331,5.972972972972973,0.7681920055775796,21.272727272727273,30.584606942352252,1.8333333333333333,0.7660136157433053,75.0,76.0,83.0,DDD2014J
group3,F,East Midlands Region,A Level or Equivalent,20-30%,0-35,90,0.3333333333333333,1.0,2.702970297029703,2.5633749411876736,3.1666666666666665,0.7570213405752585,3.537313432835821,4.342629974708999,8.705882352941176,0.7832885201320364,4.278688524590164,5.301355636504633,7.064516129032258,0.8158834803487406,79.33333333333333,84.0,85.0,DDD2014J
group3,M,East Midlands Region,A Level or Equivalent,60-70%,0-35,60,0.0,1.0,1.1370967741935485,0.7827562370426876,4.389558232931727,0.8163291156898839,2.9555555555555557,2.9940431913568584,6.318681318681318,0.9822992971914212,1.123404255319149,0.582586615825561,10.38135593220339,0.982255222832729,81.0,76.0,91.5,DDD2014J
group1,M,South West Region,Lower Than A Level,80-90%,0-35,120,0.1666666666666666,1.0,4.781818181818182,3.71030052237416,1.7321428571428572,0.5924920843505572,9.166666666666666,8.590523933339302,2.96,0.7307300451132851,2.0381679389312977,1.6048224447806907,3.7954545454545454,1.130331056028245,47.666666666666664,52.0,41.0,DDD2014J
group3,M,Scotland,A Level or Equivalent,10-20,35-55,60,0.0,1.0,2.5225225225225225,3.0326911147057816,2.9910714285714284,0.9844004929833572,5.134615384615385,7.040579427341179,7.943396226415095,1.05282741359695,4.229508196721311,4.961160625710315,8.64516129032258,0.9351389478896184,82.66666666666667,84.0,93.5,DDD2014J
group1,M,Yorkshire Region,A Level or Equivalent,0-10%,0-35,120,0.1666666666666666,1.0,2.5,2.260425581505352,4.644859813084112,1.0176074986729888,3.6527777777777777,3.9295189191346624,8.26027397260274,0.989211875760279,3.4166666666666665,3.09360995201581,8.301369863013699,1.384676267760813,71.0,61.0,90.5,DDD2014J
group1,F,Scotland,A Level or Equivalent,80-90%,0-35,60,0.0,1.0,2.5238095238095237,2.6497287165033088,3.150943396226415,0.8617763026350189,3.011363636363636,2.984613100638267,6.887640449438202,0.7818404439526583,14.25,15.03551351523009,2.7058823529411766,0.5342698142367177,84.33333333333333,99.0,93.0,DDD2014J
group1,F,Scotland,A Level or Equivalent,70-80%,0-35,90,0.0,1.0,5.408163265306122,7.913380986623592,2.74,0.7683673642306997,11.526315789473683,14.092426733109887,4.9,0.7411844815238725,5.611111111111111,6.243981228935716,10.216216216216216,0.6166121312641851,50.0,44.0,43.5,DDD2014J
group3,M,South West Region,A Level or Equivalent,50-60%,0-35,120,0.0,1.0,3.4473684210526314,4.733975740937998,2.363636363636364,0.8122581569978028,5.28,8.66152647149026,9.15686274509804,2.0643109088848752,9.52,18.741931597356768,4.423076923076923,0.611731559546489,100.0,91.0,84.5,DDD2014J
group3,M,East Anglian Region,HE Qualification,20-30%,0-35,60,0.0,1.0,3.207792207792208,2.691788988062451,2.4743589743589745,0.7649640982946694,7.057142857142857,7.992433396446832,9.194444444444445,0.9474033151208594,8.379310344827585,8.347000287115332,9.733333333333333,0.7944614999314534,91.66666666666669,83.0,93.0,DDD2014J
group3,M,South West Region,A Level or Equivalent,60-70%,0-35,90,0.0,0.6666666666666666,4.4363636363636365,6.419771648078147,2.232142857142857,0.7032268481791633,5.545454545454546,7.292731473647104,5.733333333333333,0.9499366635116326,21.666666666666668,47.496092343252705,3.692307692307693,0.7833998198734652,50.0,66.0,68.5,DDD2014J
group3,M,East Midlands Region,A Level or Equivalent,0-10%,0-35,60,0.0,0.8333333333333334,8.964285714285714,9.27155004363565,2.0344827586206895,0.6516061961607147,14.117647058823527,13.355159831228043,6.611111111111111,0.7446819671897588,29.125,41.40199270566575,2.7777777777777777,0.7919595949289332,74.0,28.0,82.0,DDD2014J
group3,M,Yorkshire Region,A Level or Equivalent,0-10%,0-35,60,0.0,1.0,4.327868852459017,5.596788696730206,3.161290322580645,0.935609123238375,7.764705882352941,10.331061793913602,8.542857142857143,1.5201542704408426,7.935483870967742,13.952145555125128,6.84375,0.7827155334241312,84.33333333333333,73.0,87.5,DDD2014J
group1,M,Yorkshire Region,A Level or Equivalent,80-90%,0-35,60,0.0,0.8333333333333334,5.531914893617022,6.124970501543118,1.9375,1.1512408663835274,8.96551724137931,10.520329838055355,5.0,0.982513782770162,29.5,27.577164466275352,6.333333333333333,0.7443229275647869,77.5,49.0,54.0,DDD2014J
group1,F,West Midlands Region,A Level or Equivalent,70-80%,0-35,120,0.0,1.0,5.169811320754717,5.604722764901743,4.166666666666667,0.8272041263597919,7.96969696969697,11.256900240754687,7.676470588235294,0.9317594894063884,8.517241379310345,13.603100197211276,14.133333333333333,1.048146748100464,91.66666666666669,36.0,66.5,DDD2014J
group1,M,Scotland,Lower Than A Level,70-80%,0-35,120,0.0,1.0,5.176470588235294,5.850490175542357,3.0384615384615383,0.7386376942225398,7.333333333333333,10.00856775824736,5.918918918918919,0.9728278085459818,9.791666666666666,13.60300211963031,7.28,0.9512955212232592,71.0,47.0,68.5,DDD2014J
group3,M,Wales,A Level or Equivalent,70-80%,0-35,60,0.0,1.0,1.6149425287356325,1.4648110403602232,5.154285714285714,0.7022614363746958,3.2048192771084336,2.98679629387196,8.428571428571429,0.9492029849388764,1.7215189873417722,1.5387703657435978,18.9811320754717,0.7439014754118827,89.33333333333333,90.0,90.5,DDD2014J
group3,M,Wales,HE Qualification,90-100%,0-35,60,0.1666666666666666,1.0,4.225806451612903,3.9147445317428007,2.142857142857143,0.7749153677405642,4.69811320754717,5.358619604325415,6.018518518518518,1.0403322182170245,6.722222222222222,6.5185936744104165,11.405405405405403,1.2413669447294575,82.66666666666667,85.0,88.5,DDD2014J
group1,M,South East Region,A Level or Equivalent,80-90%,0-35,60,0.3333333333333333,1.0,9.464285714285714,10.27576127794286,2.4827586206896552,0.8436856971381912,9.814814814814817,10.887667819203088,7.785714285714286,1.2364236214866056,39.8,84.52632725961776,8.0,0.7772815877574012,86.0,78.0,86.0,DDD2014J
group3,M,West Midlands Region,A Level or Equivalent,30-40%,0-35,70,0.6666666666666666,1.0,7.263157894736843,7.183630831295647,2.6153846153846154,0.8898375368480768,7.588235294117647,10.042689628444265,6.514285714285714,0.8402986835053173,15.9375,15.968588958744393,8.058823529411764,0.8192109691444204,86.66666666666667,85.0,82.0,DDD2014J
group3,M,South Region,A Level or Equivalent,10-20,0-35,90,0.0,1.0,2.462264150943396,2.2389390697674596,2.467289719626168,0.9538537657460474,4.327586206896552,4.7954215409696666,4.372881355932203,0.856580378081319,6.605263157894737,9.741356456087209,7.0,1.0705124288314332,88.33333333333333,93.0,95.5,DDD2014J
group1,M,South West Region,Lower Than A Level,70-80%,35-55,120,0.1666666666666666,1.0,2.6666666666666665,2.2684945262729506,2.5274725274725274,0.9243400547752996,3.037974683544304,2.695880228140536,6.6125,0.947292534278868,11.9,23.52356041794783,2.5714285714285716,0.9493337494797256,77.66666666666667,63.0,63.5,DDD2014J
group1,F,West Midlands Region,Lower Than A Level,60-70%,0-35,120,0.3333333333333333,1.0,3.91044776119403,4.06288203157965,3.926470588235294,0.815164043726865,4.763636363636364,6.0306735584861135,6.839285714285714,0.8763166050900886,6.230769230769231,6.200430963211722,6.4,0.9598889095879792,78.33333333333333,71.0,66.0,DDD2014J
group1,M,South Region,Lower Than A Level,80-90%,0-35,90,0.0,1.0,9.037037037037036,6.880750638173813,2.357142857142857,0.7100226978096958,12.36842105263158,9.534793165127097,4.25,1.229116204269806,70.0,28.35489375751565,1.25,0.3464101615137754,58.333333333333336,47.0,29.5,DDD2014J
group3,F,London Region,A Level or Equivalent,10-20,0-35,120,0.0,1.0,2.193548387096774,2.0189243669007686,2.256,0.7746908208531251,3.011363636363636,3.544444635523972,6.348314606741573,0.8982784763983959,3.141025641025641,2.7573955289784062,5.784810126582278,0.8966268390378834,79.33333333333333,42.0,90.0,DDD2014J
group1,M,East Midlands Region,A Level or Equivalent,10-20,0-35,60,0.3333333333333333,1.0,11.80952380952381,11.338514221973917,2.409090909090909,0.7680427334734949,12.8,13.310575816674069,3.625,0.5419390912241969,16.785714285714285,26.080286016094963,4.266666666666667,0.8318019783878855,72.66666666666667,21.0,38.5,DDD2014J
group1,M,West Midlands Region,Lower Than A Level,40-50%,0-35,60,0.0,1.0,6.82051282051282,5.83037326092193,1.875,0.756012933457858,7.612903225806452,7.3197332344598385,6.28125,0.8740233033130689,46.6,94.18227009368589,1.6666666666666667,0.8944271909999157,40.0,28.0,51.5,DDD2014J
group3,M,South Region,HE Qualification,90-100%,0-35,60,0.0,1.0,4.190476190476191,4.67614792826367,2.96875,0.8335752188191314,6.285714285714286,7.065152249358835,9.767441860465116,1.2647138545089351,6.275,12.67945541983526,7.146341463414634,0.7231952252702079,88.33333333333333,91.0,91.5,DDD2014J
group1,M,Wales,Lower Than A Level,30-40%,35-55,180,0.0,1.0,6.725,7.629186534584613,2.292682926829268,0.6760133985241387,9.275862068965518,10.145007750909306,4.766666666666667,0.9790459537274032,27.444444444444443,48.93391234898123,4.3,0.4034732923929645,82.66666666666667,57.0,60.0,DDD2014J
group3,M,London Region,HE Qualification,50-60%,55<=,120,0.0,1.0,1.3694581280788178,1.1631525963290343,9.745098039215684,0.9506078752023864,3.984848484848485,4.480701951334185,10.761194029850746,0.963059497614599,1.39572192513369,1.2019620553385593,19.22872340425532,0.9401722141458004,93.33333333333331,95.0,97.0,DDD2014J
group1,F,South East Region,A Level or Equivalent,60-70%,0-35,120,0.0,1.0,3.6805555555555554,3.606826035894736,2.767123287671233,0.8822165541558518,6.463414634146342,7.506988613870444,5.357142857142857,1.4244219100314972,6.175,5.387009541004341,4.2682926829268295,0.7114228341707846,76.66666666666667,55.0,73.0,DDD2014J
group1,F,East Midlands Region,Lower Than A Level,90-100%,0-35,60,0.6,0.8333333333333334,3.1951219512195124,3.683258837491148,2.5180722891566263,0.9004627062367094,3.589041095890411,3.673613179140441,4.824324324324325,0.962856378485227,7.085714285714285,13.565465297567048,4.833333333333333,0.9011816789911712,66.66666666666667,33.0,69.0,DDD2014J
group3,M,Scotland,A Level or Equivalent,20-30%,35-55,60,0.0,1.0,2.519607843137255,2.132865836468276,4.805825242718447,0.6650362677514307,4.145161290322581,4.78332751384499,8.063492063492063,0.8785572227951844,2.6236559139784945,2.4357570847623697,12.03191489361702,0.942763020732239,92.66666666666669,83.0,92.5,DDD2014J
group1,F,North Western Region,A Level or Equivalent,50-60%,35-55,60,0.1666666666666666,1.0,3.56,4.26246978272558,5.2894736842105265,0.670387625797608,4.258064516129032,5.149997561263047,10.968253968253968,0.9076563837242638,4.754716981132075,5.80750727797603,18.11111111111111,0.8649436496276081,66.66666666666667,40.0,64.0,DDD2014J
group1,F,London Region,Lower Than A Level,70-80%,0-35,60,0.1666666666666666,1.0,5.428571428571429,6.541533968930121,2.06,0.8759950511422935,8.030303030303031,8.921479867729515,8.705882352941176,0.9804284554073228,7.0,9.673456340716982,6.428571428571429,0.8275503043155985,64.33333333333333,63.0,58.0,DDD2014J
group3,M,North Western Region,HE Qualification,40-50%,35-55,60,0.0,1.0,1.3571428571428572,1.0631142428590576,11.677725118483412,1.0024674333593226,2.256,1.8704148237498612,7.753968253968254,1.2351516249130488,1.5864197530864197,1.3264863301985692,22.736196319018404,0.8613562020511194,85.0,71.0,94.5,DDD2014J
group3,M,London Region,HE Qualification,0-10%,0-35,60,0.0,1.0,2.617021276595745,2.0950858169028783,4.231578947368421,0.72287547116239,5.634146341463414,4.913024005441942,6.690476190476191,0.720875582258261,2.9878048780487805,2.301335642455305,9.49397590361446,0.8352105082302972,84.33333333333333,72.0,94.0,DDD2014J
group1,F,South Region,Lower Than A Level,70-80%,0-35,180,0.3333333333333333,1.0,6.138888888888889,5.367376468884045,2.4324324324324325,0.9865765724632496,10.833333333333334,11.173761281523362,4.7894736842105265,1.280962384254752,29.0,16.512621435334445,4.375,0.6458659745975608,61.666666666666664,39.0,44.5,DDD2014J
